Timestamp,Status,Eye_Aspect_Ratio,Mouth_Aspect_Ratio,Blink_Count,Yawn_Count
2024-11-27 15:49:57,Active,0.162,0.199,0,0
2024-11-27 15:49:57,Active,0.128,0.286,0,0
2024-11-27 15:49:57,SLEEPING !!!,0.084,0.322,0,0
2024-11-27 15:49:57,SLEEPING !!!,0.130,0.301,0,0
2024-11-27 15:49:57,SLEEPING !!!,0.175,0.352,0,0
2024-11-27 15:49:57,SLEEPING !!!,0.194,0.325,0,0
2024-11-27 15:49:57,SLEEPING !!!,0.220,0.299,0,0
2024-11-27 15:49:57,SLEEPING !!!,0.230,0.278,0,0
2024-11-27 15:49:57,SLEEPING !!!,0.235,0.277,0,0
2024-11-27 15:49:57,SLEEPING !!!,0.176,0.301,0,0
2024-11-27 15:49:57,SLEEPING !!!,0.156,0.294,0,0
2024-11-27 15:49:57,SLEEPING !!!,0.156,0.295,0,0
2024-11-27 15:49:57,SLEEPING !!!,0.162,0.338,0,0
2024-11-27 15:49:57,Active,0.271,0.260,1,0
2024-11-27 15:49:57,Active,0.249,0.249,1,0
2024-11-27 15:49:57,Active,0.296,0.275,1,0
2024-11-27 15:49:57,Active,0.298,0.431,1,0
2024-11-27 15:49:57,Active,0.204,0.338,1,0
2024-11-27 15:49:57,Active,0.278,0.373,1,0
2024-11-27 15:49:57,Active,0.221,0.344,1,0
2024-11-27 15:49:57,Active,0.268,0.336,1,0
2024-11-27 15:49:58,Active,0.216,0.373,1,0
2024-11-27 15:49:58,Active,0.241,0.364,1,0
2024-11-27 15:49:58,Active,0.256,0.407,1,0
2024-11-27 15:49:58,Active,0.278,0.373,1,0
2024-11-27 15:49:58,Active,0.276,0.408,1,0
2024-11-27 15:49:58,Active,0.311,0.426,1,0
2024-11-27 15:49:58,Active,0.282,0.415,1,0
2024-11-27 15:49:58,Active,0.281,0.435,1,0
2024-11-27 15:49:58,Active,0.287,0.445,1,0
2024-11-27 15:49:58,Active,0.275,0.426,1,0
2024-11-27 15:49:58,Active,0.314,0.444,1,0
2024-11-27 15:49:58,Active,0.285,0.427,1,0
2024-11-27 15:49:58,Active,0.286,0.393,1,0
2024-11-27 15:49:58,Active,0.271,0.420,1,0
2024-11-27 15:49:58,Active,0.304,0.411,1,0
2024-11-27 15:49:58,Active,0.280,0.402,1,0
2024-11-27 15:49:58,Active,0.292,0.371,1,0
2024-11-27 15:49:58,Active,0.299,0.395,1,0
2024-11-27 15:49:58,Active,0.303,0.412,1,0
2024-11-27 15:49:58,Active,0.294,0.415,1,0
2024-11-27 15:49:58,Active,0.302,0.413,1,0
2024-11-27 15:49:58,Active,0.293,0.424,1,0
2024-11-27 15:49:58,Active,0.274,0.417,1,0
2024-11-27 15:49:58,Active,0.303,0.414,1,0
2024-11-27 15:49:58,Active,0.303,0.426,1,0
2024-11-27 15:49:58,Active,0.301,0.425,1,0
2024-11-27 15:49:58,Active,0.316,0.420,1,0
2024-11-27 15:49:58,Active,0.287,0.418,1,0
2024-11-27 15:49:58,Active,0.303,0.435,1,0
2024-11-27 15:49:59,Active,0.284,0.435,1,0
2024-11-27 15:49:59,Active,0.297,0.451,1,0
2024-11-27 15:49:59,Active,0.292,0.451,1,0
2024-11-27 15:49:59,Active,0.296,0.444,1,0
2024-11-27 15:49:59,Active,0.293,0.444,1,0
2024-11-27 15:49:59,Active,0.293,0.443,1,0
2024-11-27 15:49:59,Active,0.284,0.436,1,0
2024-11-27 15:49:59,Active,0.297,0.444,1,0
2024-11-27 15:49:59,Active,0.305,0.427,1,0
2024-11-27 15:49:59,Active,0.273,0.436,1,0
2024-11-27 15:49:59,Active,0.283,0.444,1,0
2024-11-27 15:49:59,Active,0.279,0.460,1,0
2024-11-27 15:49:59,Active,0.283,0.444,1,0
2024-11-27 15:49:59,Active,0.293,0.436,1,0
2024-11-27 15:49:59,Active,0.274,0.443,1,0
2024-11-27 15:49:59,Active,0.269,0.420,1,0
2024-11-27 15:49:59,Active,0.265,0.434,1,0
2024-11-27 15:49:59,Active,0.255,0.443,1,0
2024-11-27 15:49:59,Active,0.280,0.443,1,0
2024-11-27 15:49:59,Active,0.287,0.420,1,0
2024-11-27 15:49:59,Active,0.264,0.432,1,0
2024-11-27 15:49:59,Active,0.293,0.323,1,0
2024-11-27 15:49:59,Active,0.311,0.351,1,0
2024-11-27 15:49:59,Active,0.305,0.371,1,0
2024-11-27 15:49:59,Active,0.287,0.376,1,0
2024-11-27 15:49:59,Active,0.306,0.384,1,0
2024-11-27 15:49:59,Active,0.292,0.396,1,0
2024-11-27 15:49:59,Active,0.312,0.385,1,0
2024-11-27 15:49:59,Active,0.283,0.412,1,0
2024-11-27 15:49:59,Active,0.312,0.396,1,0
2024-11-27 15:49:59,Active,0.299,0.362,1,0
2024-11-27 15:50:00,Active,0.303,0.378,1,0
2024-11-27 15:50:00,Active,0.302,0.357,1,0
2024-11-27 15:50:00,Active,0.322,0.362,1,0
2024-11-27 15:50:00,Active,0.312,0.370,1,0
2024-11-27 15:50:00,Active,0.297,0.363,1,0
2024-11-27 15:50:00,Active,0.293,0.395,1,0
2024-11-27 15:50:00,Active,0.292,0.405,1,0
2024-11-27 15:50:00,Active,0.305,0.392,1,0
2024-11-27 15:50:00,Active,0.303,0.412,1,0
2024-11-27 15:50:00,Active,0.296,0.414,1,0
2024-11-27 15:50:00,Active,0.295,0.431,1,0
2024-11-27 15:50:00,Active,0.311,0.421,1,0
2024-11-27 15:50:00,Active,0.308,0.395,1,0
2024-11-27 15:50:00,Active,0.293,0.378,1,0
2024-11-27 15:50:00,Active,0.319,0.393,1,0
2024-11-27 15:50:00,Active,0.283,0.388,1,0
2024-11-27 15:50:00,Active,0.315,0.384,1,0
2024-11-27 15:50:00,Active,0.319,0.389,1,0
2024-11-27 15:50:00,Active,0.306,0.373,1,0
2024-11-27 15:50:00,Active,0.318,0.376,1,0
2024-11-27 15:50:00,Active,0.278,0.439,1,0
2024-11-27 15:50:00,Active,0.287,0.422,1,0
2024-11-27 15:50:00,Active,0.270,0.474,1,0
2024-11-27 15:50:00,Active,0.292,0.474,1,0
2024-11-27 15:50:00,Active,0.269,0.449,1,0
2024-11-27 15:50:00,Active,0.256,0.450,1,0
2024-11-27 15:50:00,Active,0.251,0.439,1,0
2024-11-27 15:50:00,Active,0.234,0.449,1,0
2024-11-27 15:50:00,Active,0.246,0.457,1,0
2024-11-27 15:50:00,Active,0.279,0.424,1,0
2024-11-27 15:50:01,Active,0.252,0.475,1,0
2024-11-27 15:50:01,Active,0.219,0.475,1,0
2024-11-27 15:50:01,Active,0.242,0.459,1,0
2024-11-27 15:50:01,Active,0.264,0.450,1,0
2024-11-27 15:50:01,Active,0.246,0.467,1,0
2024-11-27 15:50:01,Active,0.247,0.449,1,0
2024-11-27 15:50:01,Active,0.251,0.467,1,0
2024-11-27 15:50:01,Active,0.260,0.450,1,0
2024-11-27 15:50:01,Active,0.269,0.451,1,0
2024-11-27 15:50:01,Active,0.223,0.459,1,0
2024-11-27 15:50:01,Active,0.269,0.449,1,0
2024-11-27 15:50:01,Active,0.273,0.459,1,0
2024-11-27 15:50:01,Active,0.207,0.474,1,0
2024-11-27 15:50:01,Active,0.154,0.450,1,0
2024-11-27 15:50:01,SLEEPING !!!,0.135,0.483,1,0
2024-11-27 15:50:01,SLEEPING !!!,0.113,0.442,1,0
2024-11-27 15:50:01,SLEEPING !!!,0.127,0.424,1,0
2024-11-27 15:50:01,SLEEPING !!!,0.121,0.373,1,0
2024-11-27 15:50:01,SLEEPING !!!,0.164,0.355,1,0
2024-11-27 15:50:01,SLEEPING !!!,0.137,0.424,1,0
2024-11-27 15:50:01,SLEEPING !!!,0.096,0.457,1,0
2024-11-27 15:50:01,SLEEPING !!!,0.161,0.450,1,0
2024-11-27 15:50:01,Active,0.252,0.426,2,0
2024-11-27 15:50:01,Active,0.285,0.450,2,0
2024-11-27 15:50:01,Active,0.299,0.409,2,0
2024-11-27 15:50:01,Active,0.289,0.441,2,0
2024-11-27 15:50:01,Active,0.284,0.426,2,0
2024-11-27 15:50:01,Active,0.270,0.425,2,0
2024-11-27 15:50:01,Active,0.310,0.416,2,0
2024-11-27 15:50:01,Active,0.296,0.441,2,0
2024-11-27 15:50:02,Active,0.302,0.441,2,0
2024-11-27 15:50:02,Active,0.300,0.450,2,0
2024-11-27 15:50:02,Active,0.318,0.458,2,0
2024-11-27 15:50:02,Active,0.310,0.467,2,0
2024-11-27 15:50:02,Active,0.313,0.466,2,0
2024-11-27 15:50:02,Active,0.301,0.458,2,0
2024-11-27 15:50:02,Active,0.308,0.449,2,0
2024-11-27 15:50:02,Active,0.300,0.431,2,0
2024-11-27 15:50:02,Active,0.340,0.338,2,0
2024-11-27 15:50:02,Active,0.314,0.356,2,0
2024-11-27 15:50:02,Active,0.302,0.382,2,0
2024-11-27 15:50:02,Active,0.306,0.371,2,0
2024-11-27 15:50:02,Active,0.305,0.341,2,0
2024-11-27 15:50:02,Active,0.324,0.348,2,0
2024-11-27 15:50:02,Active,0.297,0.374,2,0
2024-11-27 15:50:02,Active,0.296,0.364,2,0
2024-11-27 15:50:02,Active,0.306,0.390,2,0
2024-11-27 15:50:02,Active,0.311,0.374,2,0
2024-11-27 15:50:02,Active,0.315,0.340,2,0
2024-11-27 15:50:02,Active,0.313,0.357,2,0
2024-11-27 15:50:02,Active,0.296,0.359,2,0
2024-11-27 15:50:02,Active,0.316,0.356,2,0
2024-11-27 15:50:02,Active,0.315,0.349,2,0
2024-11-27 15:50:02,Active,0.278,0.372,2,0
2024-11-27 15:50:02,Active,0.301,0.353,2,0
2024-11-27 15:50:02,Active,0.286,0.456,2,0
2024-11-27 15:50:02,Active,0.286,0.380,2,0
2024-11-27 15:50:02,Active,0.288,0.348,2,0
2024-11-27 15:50:02,Active,0.321,0.365,2,0
2024-11-27 15:50:02,Active,0.308,0.380,2,0
2024-11-27 15:50:03,Active,0.291,0.354,2,0
2024-11-27 15:50:03,Active,0.283,0.389,2,0
2024-11-27 15:50:03,Active,0.300,0.364,2,0
2024-11-27 15:50:03,Active,0.306,0.389,2,0
2024-11-27 15:50:03,Active,0.307,0.362,2,0
2024-11-27 15:50:03,Active,0.277,0.356,2,0
2024-11-27 15:50:03,Active,0.284,0.363,2,0
2024-11-27 15:50:03,Active,0.206,0.362,2,0
2024-11-27 15:50:03,Active,0.162,0.352,2,0
2024-11-27 15:50:03,SLEEPING !!!,0.188,0.362,2,0
2024-11-27 15:50:03,SLEEPING !!!,0.236,0.346,2,0
2024-11-27 15:50:03,SLEEPING !!!,0.184,0.363,2,0
2024-11-27 15:50:03,SLEEPING !!!,0.131,0.422,2,0
2024-11-27 15:50:03,SLEEPING !!!,0.217,0.360,2,0
2024-11-27 15:50:03,SLEEPING !!!,0.126,0.448,2,0
2024-11-27 15:50:03,SLEEPING !!!,0.136,0.411,2,0
2024-11-27 15:50:03,SLEEPING !!!,0.206,0.370,2,0
2024-11-27 15:50:03,SLEEPING !!!,0.130,0.393,2,0
2024-11-27 15:50:03,SLEEPING !!!,0.125,0.360,2,0
2024-11-27 15:50:03,SLEEPING !!!,0.148,0.413,2,0
2024-11-27 15:50:03,SLEEPING !!!,0.126,0.403,2,0
2024-11-27 15:50:03,SLEEPING !!!,0.122,0.429,2,0
2024-11-27 15:50:03,SLEEPING !!!,0.142,0.421,2,0
2024-11-27 15:50:03,SLEEPING !!!,0.145,0.429,2,0
2024-11-27 15:50:03,SLEEPING !!!,0.165,0.358,2,0
2024-11-27 15:50:03,SLEEPING !!!,0.133,0.369,2,0
2024-11-27 15:50:03,SLEEPING !!!,0.158,0.369,2,0
2024-11-27 15:50:03,SLEEPING !!!,0.173,0.403,2,0
2024-11-27 15:50:03,SLEEPING !!!,0.226,0.379,2,0
2024-11-27 15:50:03,Active,0.280,0.377,3,0
2024-11-27 15:50:04,Active,0.305,0.386,3,0
2024-11-27 15:50:04,Active,0.311,0.386,3,0
2024-11-27 15:50:04,Active,0.306,0.403,3,0
2024-11-27 15:50:04,Active,0.316,0.412,3,0
2024-11-27 15:50:04,Active,0.297,0.397,3,0
2024-11-27 15:50:04,Active,0.315,0.374,3,0
2024-11-27 15:50:04,Active,0.297,0.391,3,0
2024-11-27 15:50:04,Active,0.288,0.372,3,0
2024-11-27 15:50:04,Active,0.292,0.358,3,0
2024-11-27 15:50:04,Active,0.306,0.382,3,0
2024-11-27 15:50:04,Active,0.318,0.421,3,0
2024-11-27 15:50:04,Active,0.315,0.373,3,0
2024-11-27 15:50:04,Active,0.287,0.373,3,0
2024-11-27 15:50:04,Active,0.293,0.382,3,0
2024-11-27 15:50:04,Active,0.312,0.372,3,0
2024-11-27 15:50:04,Active,0.304,0.397,3,0
2024-11-27 15:50:04,Active,0.293,0.373,3,0
2024-11-27 15:50:04,Active,0.315,0.388,3,0
2024-11-27 15:50:04,Active,0.318,0.374,3,0
2024-11-27 15:50:04,Active,0.311,0.397,3,0
2024-11-27 15:50:04,Active,0.316,0.414,3,0
2024-11-27 15:50:04,Active,0.290,0.448,3,0
2024-11-27 15:50:04,Active,0.326,0.403,3,0
2024-11-27 15:50:04,Active,0.306,0.414,3,0
2024-11-27 15:50:04,Active,0.315,0.438,3,0
2024-11-27 15:50:04,Active,0.315,0.379,3,0
2024-11-27 15:50:04,Active,0.307,0.382,3,0
2024-11-27 15:50:04,Active,0.287,0.430,3,0
2024-11-27 15:50:04,Active,0.293,0.368,3,0
2024-11-27 15:50:04,Active,0.283,0.429,3,0
2024-11-27 15:50:05,Active,0.297,0.438,3,0
2024-11-27 15:50:05,Active,0.299,0.411,3,0
2024-11-27 15:50:05,Active,0.284,0.437,3,0
2024-11-27 15:50:05,Active,0.299,0.510,3,0
2024-11-27 15:50:05,Active,0.275,0.519,3,0
2024-11-27 15:50:05,Active,0.270,0.595,3,0
2024-11-27 15:50:05,Active,0.289,0.618,3,0
2024-11-27 15:50:05,Active,0.285,0.626,3,0
2024-11-27 15:50:05,Active,0.294,0.667,3,0
2024-11-27 15:50:05,Active,0.305,0.696,3,0
2024-11-27 15:50:05,Active,0.314,0.687,3,0
2024-11-27 15:50:05,Active,0.308,0.686,3,0
2024-11-27 15:50:05,Active,0.280,0.686,3,0
2024-11-27 15:50:05,Active,0.280,0.693,3,0
2024-11-27 15:50:05,Active,0.314,0.702,3,0
2024-11-27 15:50:05,Active,0.298,0.711,3,0
2024-11-27 15:50:05,Active,0.283,0.696,3,0
2024-11-27 15:50:05,Active,0.269,0.696,3,0
2024-11-27 15:50:05,Active,0.274,0.686,3,0
2024-11-27 15:50:05,Active,0.280,0.670,3,0
2024-11-27 15:50:05,Yawning !,0.320,0.690,3,1
2024-11-27 15:50:05,Active,0.259,0.703,3,1
2024-11-27 15:50:05,Active,0.298,0.686,3,1
2024-11-27 15:50:05,Active,0.251,0.720,3,1
2024-11-27 15:50:05,Active,0.169,0.700,3,1
2024-11-27 15:50:05,Active,0.140,0.664,3,1
2024-11-27 15:50:05,SLEEPING !!!,0.161,0.705,3,1
2024-11-27 15:50:05,SLEEPING !!!,0.147,0.677,3,1
2024-11-27 15:50:05,SLEEPING !!!,0.164,0.700,3,1
2024-11-27 15:50:05,SLEEPING !!!,0.194,0.725,3,1
2024-11-27 15:50:06,SLEEPING !!!,0.192,0.638,3,1
2024-11-27 15:50:06,SLEEPING !!!,0.235,0.657,3,1
2024-11-27 15:50:06,SLEEPING !!!,0.206,0.627,3,1
2024-11-27 15:50:06,SLEEPING !!!,0.240,0.670,3,1
2024-11-27 15:50:06,SLEEPING !!!,0.192,0.647,3,1
2024-11-27 15:50:06,SLEEPING !!!,0.214,0.628,3,1
2024-11-27 15:50:06,SLEEPING !!!,0.221,0.647,3,1
2024-11-27 15:50:06,SLEEPING !!!,0.245,0.635,3,1
2024-11-27 15:50:06,SLEEPING !!!,0.229,0.666,3,1
2024-11-27 15:50:06,SLEEPING !!!,0.236,0.645,3,1
2024-11-27 15:50:06,SLEEPING !!!,0.230,0.657,3,1
2024-11-27 15:50:06,SLEEPING !!!,0.249,0.653,3,1
2024-11-27 15:50:06,SLEEPING !!!,0.238,0.509,3,1
2024-11-27 15:50:06,Active,0.255,0.393,4,1
2024-11-27 15:50:06,Active,0.240,0.376,4,1
2024-11-27 15:50:06,Active,0.241,0.392,4,1
2024-11-27 15:50:06,Active,0.261,0.382,4,1
2024-11-27 15:50:06,Active,0.266,0.389,4,1
2024-11-27 15:50:06,Active,0.277,0.388,4,1
2024-11-27 15:50:06,Active,0.276,0.400,4,1
2024-11-27 15:50:06,Active,0.246,0.358,4,1
2024-11-27 15:50:06,Active,0.251,0.404,4,1
2024-11-27 15:50:06,Active,0.248,0.386,4,1
2024-11-27 15:50:06,Active,0.270,0.369,4,1
2024-11-27 15:50:06,Active,0.266,0.421,4,1
2024-11-27 15:50:06,Active,0.248,0.371,4,1
2024-11-27 15:50:06,Active,0.247,0.375,4,1
2024-11-27 15:50:06,Active,0.256,0.375,4,1
2024-11-27 15:50:06,Active,0.240,0.395,4,1
2024-11-27 15:50:06,Active,0.241,0.404,4,1
2024-11-27 15:50:07,Active,0.261,0.403,4,1
2024-11-27 15:50:07,Active,0.265,0.386,4,1
2024-11-27 15:50:07,Active,0.271,0.403,4,1
2024-11-27 15:50:07,Active,0.242,0.386,4,1
2024-11-27 15:50:07,Active,0.252,0.357,4,1
2024-11-27 15:50:07,Active,0.186,0.368,4,1
2024-11-27 15:50:07,Active,0.145,0.375,4,1
2024-11-27 15:50:07,SLEEPING !!!,0.168,0.376,4,1
2024-11-27 15:50:07,SLEEPING !!!,0.180,0.357,4,1
2024-11-27 15:50:07,SLEEPING !!!,0.168,0.393,4,1
2024-11-27 15:50:07,SLEEPING !!!,0.164,0.375,4,1
2024-11-27 15:50:07,SLEEPING !!!,0.177,0.393,4,1
2024-11-27 15:50:07,SLEEPING !!!,0.207,0.393,4,1
2024-11-27 15:50:07,SLEEPING !!!,0.212,0.402,4,1
2024-11-27 15:50:07,SLEEPING !!!,0.236,0.393,4,1
2024-11-27 15:50:07,SLEEPING !!!,0.246,0.406,4,1
2024-11-27 15:50:07,SLEEPING !!!,0.215,0.413,4,1
2024-11-27 15:50:07,SLEEPING !!!,0.187,0.390,4,1
2024-11-27 15:50:07,SLEEPING !!!,0.193,0.397,4,1
2024-11-27 15:50:07,SLEEPING !!!,0.246,0.397,4,1
2024-11-27 15:50:07,SLEEPING !!!,0.216,0.386,4,1
2024-11-27 15:50:07,SLEEPING !!!,0.245,0.380,4,1
2024-11-27 15:50:07,SLEEPING !!!,0.241,0.373,4,1
2024-11-27 15:50:07,SLEEPING !!!,0.231,0.380,4,1
2024-11-27 15:50:07,Active,0.280,0.385,5,1
2024-11-27 15:50:07,Active,0.255,0.373,5,1
2024-11-27 15:50:07,Active,0.270,0.384,5,1
2024-11-27 15:50:07,Active,0.255,0.375,5,1
2024-11-27 15:50:07,Active,0.260,0.375,5,1
2024-11-27 15:50:07,Active,0.226,0.369,5,1
2024-11-27 15:50:08,Active,0.206,0.357,5,1
2024-11-27 15:50:08,Active,0.261,0.384,5,1
2024-11-27 15:50:08,Active,0.272,0.376,5,1
2024-11-27 15:50:08,Active,0.256,0.357,5,1
2024-11-27 15:50:08,Active,0.251,0.376,5,1
2024-11-27 15:50:08,Active,0.145,0.365,5,1
2024-11-27 15:50:08,Active,0.261,0.393,5,1
2024-11-27 15:50:08,Active,0.146,0.364,5,1
2024-11-27 15:50:08,Active,0.177,0.381,5,1
2024-11-27 15:50:08,SLEEPING !!!,0.206,0.339,5,1
2024-11-27 15:50:08,SLEEPING !!!,0.197,0.334,5,1
2024-11-27 15:50:08,SLEEPING !!!,0.231,0.396,5,1
2024-11-27 15:50:08,SLEEPING !!!,0.198,0.405,5,1
2024-11-27 15:50:08,SLEEPING !!!,0.227,0.389,5,1
2024-11-27 15:50:08,Active,0.255,0.393,6,1
2024-11-27 15:50:08,Active,0.270,0.357,6,1
2024-11-27 15:50:08,Active,0.252,0.399,6,1
2024-11-27 15:50:08,Active,0.232,0.408,6,1
2024-11-27 15:50:08,Active,0.250,0.416,6,1
2024-11-27 15:50:08,Active,0.254,0.411,6,1
2024-11-27 15:50:08,Active,0.236,0.364,6,1
2024-11-27 15:50:08,Active,0.242,0.350,6,1
2024-11-27 15:50:08,SLEEPING !!!,0.232,0.382,6,1
2024-11-27 15:50:08,SLEEPING !!!,0.247,0.352,6,1
2024-11-27 15:50:08,SLEEPING !!!,0.227,0.332,6,1
2024-11-27 15:50:08,Active,0.265,0.343,7,1
2024-11-27 15:50:08,Active,0.231,0.325,7,1
2024-11-27 15:50:08,Active,0.243,0.326,7,1
2024-11-27 15:50:08,SLEEPING !!!,0.234,0.334,7,1
2024-11-27 15:50:08,Active,0.251,0.345,8,1
2024-11-27 15:50:09,Active,0.247,0.339,8,1
2024-11-27 15:50:09,Active,0.256,0.368,8,1
2024-11-27 15:50:09,Active,0.260,0.378,8,1
2024-11-27 15:50:09,Active,0.246,0.368,8,1
2024-11-27 15:50:09,Active,0.217,0.351,8,1
2024-11-27 15:50:09,Active,0.251,0.369,8,1
2024-11-27 15:50:09,Active,0.271,0.334,8,1
2024-11-27 15:50:09,Active,0.246,0.334,8,1
2024-11-27 15:50:09,Active,0.241,0.351,8,1
2024-11-27 15:50:09,SLEEPING !!!,0.230,0.342,8,1
2024-11-27 15:50:09,Active,0.251,0.366,9,1
2024-11-27 15:50:09,Active,0.251,0.356,9,1
2024-11-27 15:50:09,Active,0.231,0.332,9,1
2024-11-27 15:50:09,Active,0.237,0.345,9,1
2024-11-27 15:50:09,SLEEPING !!!,0.247,0.386,9,1
2024-11-27 15:50:09,SLEEPING !!!,0.235,0.411,9,1
2024-11-27 15:50:09,SLEEPING !!!,0.221,0.376,9,1
2024-11-27 15:50:09,SLEEPING !!!,0.222,0.345,9,1
2024-11-27 15:50:09,SLEEPING !!!,0.231,0.370,9,1
2024-11-27 15:50:09,Active,0.256,0.365,10,1
2024-11-27 15:50:09,Active,0.217,0.357,10,1
2024-11-27 15:50:09,Active,0.246,0.383,10,1
2024-11-27 15:50:09,SLEEPING !!!,0.220,0.390,10,1
2024-11-27 15:50:09,Active,0.251,0.375,11,1
2024-11-27 15:50:09,Active,0.228,0.375,11,1
2024-11-27 15:50:09,Active,0.236,0.374,11,1
2024-11-27 15:50:09,SLEEPING !!!,0.246,0.382,11,1
2024-11-27 15:50:09,SLEEPING !!!,0.250,0.294,11,1
2024-11-27 15:50:09,SLEEPING !!!,0.207,0.373,11,1
2024-11-27 15:50:09,Active,0.264,0.377,12,1
2024-11-27 15:50:10,Active,0.221,0.391,12,1
2024-11-27 15:50:10,Active,0.246,0.369,12,1
2024-11-27 15:50:10,SLEEPING !!!,0.246,0.346,12,1
2024-11-27 15:50:10,Active,0.264,0.339,13,1
2024-11-27 15:50:10,Active,0.246,0.345,13,1
2024-11-27 15:50:10,Active,0.246,0.348,13,1
2024-11-27 15:50:10,Active,0.257,0.344,13,1
2024-11-27 15:50:10,Active,0.267,0.346,13,1
2024-11-27 15:50:10,Active,0.213,0.306,13,1
2024-11-27 15:50:10,Active,0.132,0.358,13,1
2024-11-27 15:50:10,SLEEPING !!!,0.209,0.330,13,1
2024-11-27 15:50:10,SLEEPING !!!,0.216,0.326,13,1
2024-11-27 15:50:10,SLEEPING !!!,0.174,0.311,13,1
2024-11-27 15:50:10,SLEEPING !!!,0.231,0.345,13,1
2024-11-27 15:50:10,SLEEPING !!!,0.215,0.337,13,1
2024-11-27 15:50:10,Active,0.262,0.348,14,1
2024-11-27 15:50:10,Active,0.271,0.355,14,1
2024-11-27 15:50:10,Active,0.227,0.355,14,1
2024-11-27 15:50:10,Active,0.240,0.358,14,1
2024-11-27 15:50:10,Active,0.255,0.340,14,1
2024-11-27 15:50:10,Active,0.252,0.355,14,1
2024-11-27 15:50:10,Active,0.246,0.375,14,1
2024-11-27 15:50:10,Active,0.270,0.343,14,1
2024-11-27 15:50:10,Active,0.232,0.339,14,1
2024-11-27 15:50:10,Active,0.256,0.351,14,1
2024-11-27 15:50:10,Active,0.247,0.342,14,1
2024-11-27 15:50:10,Active,0.261,0.368,14,1
2024-11-27 15:50:10,Active,0.275,0.366,14,1
2024-11-27 15:50:10,Active,0.257,0.345,14,1
2024-11-27 15:50:10,Active,0.246,0.359,14,1
2024-11-27 15:50:10,Active,0.265,0.382,14,1
2024-11-27 15:50:11,Active,0.233,0.350,14,1
2024-11-27 15:50:11,Active,0.260,0.375,14,1
2024-11-27 15:50:11,Active,0.257,0.375,14,1
2024-11-27 15:50:11,Active,0.251,0.367,14,1
2024-11-27 15:50:11,Active,0.260,0.359,14,1
2024-11-27 15:50:11,Active,0.271,0.379,14,1
2024-11-27 15:50:11,Active,0.236,0.354,14,1
2024-11-27 15:50:11,Active,0.251,0.351,14,1
2024-11-27 15:50:11,Active,0.243,0.369,14,1
2024-11-27 15:50:11,Active,0.252,0.362,14,1
2024-11-27 15:50:11,Active,0.236,0.406,14,1
2024-11-27 15:50:11,Active,0.222,0.386,14,1
2024-11-27 15:50:11,SLEEPING !!!,0.232,0.367,14,1
2024-11-27 15:50:11,SLEEPING !!!,0.246,0.369,14,1
2024-11-27 15:50:11,Active,0.256,0.365,15,1
2024-11-27 15:50:11,Active,0.275,0.412,15,1
2024-11-27 15:50:11,Active,0.283,0.415,15,1
2024-11-27 15:50:11,Active,0.276,0.414,15,1
2024-11-27 15:50:11,Active,0.320,0.432,15,1
2024-11-27 15:50:11,Active,0.303,0.401,15,1
2024-11-27 15:50:11,Active,0.284,0.403,15,1
2024-11-27 15:50:11,Active,0.287,0.412,15,1
2024-11-27 15:50:11,Active,0.272,0.361,15,1
2024-11-27 15:50:11,Active,0.316,0.415,15,1
2024-11-27 15:50:11,Active,0.276,0.356,15,1
2024-11-27 15:50:11,Active,0.259,0.392,15,1
2024-11-27 15:50:11,Active,0.277,0.379,15,1
2024-11-27 15:50:11,Active,0.264,0.340,15,1
2024-11-27 15:50:11,Active,0.277,0.364,15,1
2024-11-27 15:50:11,Active,0.245,0.348,15,1
2024-11-27 15:50:12,Active,0.270,0.363,15,1
2024-11-27 15:50:12,Active,0.236,0.363,15,1
2024-11-27 15:50:12,Active,0.275,0.369,15,1
2024-11-27 15:50:12,Active,0.274,0.361,15,1
2024-11-27 15:50:12,Active,0.261,0.334,15,1
2024-11-27 15:50:12,Active,0.280,0.368,15,1
2024-11-27 15:50:12,Active,0.292,0.423,15,1
2024-11-27 15:50:12,Active,0.283,0.401,15,1
2024-11-27 15:50:12,Active,0.310,0.423,15,1
2024-11-27 15:50:12,Active,0.295,0.423,15,1
2024-11-27 15:50:12,Active,0.246,0.373,15,1
2024-11-27 15:50:12,Active,0.328,0.408,15,1
2024-11-27 15:50:12,Active,0.261,0.356,15,1
2024-11-27 15:50:12,Active,0.315,0.391,15,1
2024-11-27 15:50:12,Active,0.250,0.417,15,1
2024-11-27 15:50:12,Active,0.129,0.363,15,1
2024-11-27 15:50:12,Active,0.148,0.362,15,1
2024-11-27 15:50:12,SLEEPING !!!,0.135,0.424,15,1
2024-11-27 15:50:12,SLEEPING !!!,0.127,0.431,15,1
2024-11-27 15:50:12,SLEEPING !!!,0.155,0.414,15,1
2024-11-27 15:50:12,SLEEPING !!!,0.145,0.397,15,1
2024-11-27 15:50:12,SLEEPING !!!,0.177,0.395,15,1
2024-11-27 15:50:12,SLEEPING !!!,0.128,0.386,15,1
2024-11-27 15:50:12,SLEEPING !!!,0.143,0.403,15,1
2024-11-27 15:50:12,SLEEPING !!!,0.154,0.414,15,1
2024-11-27 15:50:12,SLEEPING !!!,0.143,0.414,15,1
2024-11-27 15:50:12,SLEEPING !!!,0.154,0.396,15,1
2024-11-27 15:50:12,SLEEPING !!!,0.247,0.373,15,1
2024-11-27 15:50:12,Active,0.256,0.398,16,1
2024-11-27 15:50:12,Active,0.238,0.390,16,1
2024-11-27 15:50:13,Active,0.293,0.373,16,1
2024-11-27 15:50:13,Active,0.286,0.373,16,1
2024-11-27 15:50:13,Active,0.280,0.373,16,1
2024-11-27 15:50:13,Active,0.289,0.414,16,1
2024-11-27 15:50:13,Active,0.270,0.397,16,1
2024-11-27 15:50:13,Active,0.294,0.363,16,1
2024-11-27 15:50:13,Active,0.280,0.393,16,1
2024-11-27 15:50:13,Active,0.299,0.380,16,1
2024-11-27 15:50:13,Active,0.290,0.388,16,1
2024-11-27 15:50:13,Active,0.280,0.396,16,1
2024-11-27 15:50:13,Active,0.295,0.406,16,1
2024-11-27 15:50:13,Active,0.292,0.406,16,1
2024-11-27 15:50:13,Active,0.290,0.385,16,1
2024-11-27 15:50:13,Active,0.293,0.396,16,1
2024-11-27 15:50:13,Active,0.322,0.414,16,1
2024-11-27 15:50:13,Active,0.295,0.379,16,1
2024-11-27 15:50:13,Active,0.311,0.363,16,1
2024-11-27 15:50:13,Active,0.283,0.388,16,1
2024-11-27 15:50:13,Active,0.309,0.397,16,1
2024-11-27 15:50:13,Active,0.304,0.379,16,1
2024-11-27 15:50:13,Active,0.290,0.339,16,1
2024-11-27 15:50:13,Active,0.302,0.406,16,1
2024-11-27 15:50:13,Active,0.313,0.397,16,1
2024-11-27 15:50:13,Active,0.303,0.369,16,1
2024-11-27 15:50:13,Active,0.315,0.405,16,1
2024-11-27 15:50:13,Active,0.289,0.389,16,1
2024-11-27 15:50:13,Active,0.326,0.399,16,1
2024-11-27 15:50:13,Active,0.303,0.403,16,1
2024-11-27 15:50:13,Active,0.289,0.362,16,1
2024-11-27 15:50:13,Active,0.303,0.421,16,1
2024-11-27 15:50:14,Active,0.306,0.387,16,1
2024-11-27 15:50:14,Active,0.309,0.403,16,1
2024-11-27 15:50:14,Active,0.309,0.377,16,1
2024-11-27 15:50:14,Active,0.302,0.362,16,1
2024-11-27 15:50:14,Active,0.320,0.383,16,1
2024-11-27 15:50:14,Active,0.321,0.420,16,1
2024-11-27 15:50:14,Active,0.290,0.394,16,1
2024-11-27 15:50:14,Active,0.299,0.369,16,1
2024-11-27 15:50:14,Active,0.317,0.385,16,1
2024-11-27 15:50:14,Active,0.322,0.395,16,1
2024-11-27 15:50:14,Active,0.309,0.412,16,1
2024-11-27 15:50:14,Active,0.302,0.386,16,1
2024-11-27 15:50:14,Active,0.321,0.403,16,1
2024-11-27 15:50:14,Active,0.315,0.411,16,1
2024-11-27 15:50:14,Active,0.324,0.387,16,1
2024-11-27 15:50:14,Active,0.334,0.428,16,1
2024-11-27 15:50:14,Active,0.298,0.428,16,1
2024-11-27 15:50:14,Active,0.320,0.412,16,1
2024-11-27 15:50:14,Active,0.284,0.393,16,1
2024-11-27 15:50:14,Active,0.243,0.384,16,1
2024-11-27 15:50:14,Active,0.184,0.379,16,1
2024-11-27 15:50:14,SLEEPING !!!,0.145,0.394,16,1
2024-11-27 15:50:14,SLEEPING !!!,0.135,0.403,16,1
2024-11-27 15:50:14,SLEEPING !!!,0.132,0.412,16,1
2024-11-27 15:50:14,SLEEPING !!!,0.135,0.411,16,1
2024-11-27 15:50:14,SLEEPING !!!,0.140,0.402,16,1
2024-11-27 15:50:14,SLEEPING !!!,0.143,0.410,16,1
2024-11-27 15:50:14,SLEEPING !!!,0.134,0.419,16,1
2024-11-27 15:50:14,SLEEPING !!!,0.165,0.369,16,1
2024-11-27 15:50:14,SLEEPING !!!,0.132,0.393,16,1
2024-11-27 15:50:15,SLEEPING !!!,0.152,0.393,16,1
2024-11-27 15:50:15,SLEEPING !!!,0.161,0.418,16,1
2024-11-27 15:50:15,SLEEPING !!!,0.127,0.400,16,1
2024-11-27 15:50:15,SLEEPING !!!,0.148,0.393,16,1
2024-11-27 15:50:15,SLEEPING !!!,0.140,0.379,16,1
2024-11-27 15:50:15,SLEEPING !!!,0.151,0.386,16,1
2024-11-27 15:50:15,SLEEPING !!!,0.186,0.395,16,1
2024-11-27 15:50:15,SLEEPING !!!,0.237,0.386,16,1
2024-11-27 15:50:15,Active,0.255,0.369,17,1
2024-11-27 15:50:15,Active,0.285,0.369,17,1
2024-11-27 15:50:15,Active,0.294,0.379,17,1
2024-11-27 15:50:15,Active,0.299,0.412,17,1
2024-11-27 15:50:15,Active,0.280,0.397,17,1
2024-11-27 15:50:15,Active,0.275,0.386,17,1
2024-11-27 15:50:15,Active,0.299,0.386,17,1
2024-11-27 15:50:15,Active,0.303,0.419,17,1
2024-11-27 15:50:15,Active,0.291,0.403,17,1
2024-11-27 15:50:15,Active,0.293,0.379,17,1
2024-11-27 15:50:15,Active,0.276,0.360,17,1
2024-11-27 15:50:15,Active,0.312,0.395,17,1
2024-11-27 15:50:15,Active,0.280,0.377,17,1
2024-11-27 15:50:15,Active,0.287,0.397,17,1
2024-11-27 15:50:15,Active,0.281,0.385,17,1
2024-11-27 15:50:15,Active,0.308,0.395,17,1
2024-11-27 15:50:15,Active,0.294,0.362,17,1
2024-11-27 15:50:15,Active,0.290,0.385,17,1
2024-11-27 15:50:15,Active,0.300,0.414,17,1
2024-11-27 15:50:15,Active,0.312,0.421,17,1
2024-11-27 15:50:15,Active,0.290,0.379,17,1
2024-11-27 15:50:15,Active,0.293,0.431,17,1
2024-11-27 15:50:16,Active,0.283,0.422,17,1
2024-11-27 15:50:16,Active,0.303,0.370,17,1
2024-11-27 15:50:16,Active,0.295,0.403,17,1
2024-11-27 15:50:16,Active,0.318,0.379,17,1
2024-11-27 15:50:16,Active,0.293,0.363,17,1
2024-11-27 15:50:16,Active,0.304,0.394,17,1
2024-11-27 15:50:16,Active,0.307,0.378,17,1
2024-11-27 15:50:16,Active,0.312,0.369,17,1
2024-11-27 15:50:16,Active,0.289,0.385,17,1
2024-11-27 15:50:16,Active,0.306,0.411,17,1
2024-11-27 15:50:16,Active,0.311,0.393,17,1
2024-11-27 15:50:16,Active,0.302,0.419,17,1
2024-11-27 15:50:16,Active,0.318,0.411,17,1
2024-11-27 15:50:16,Active,0.306,0.428,17,1
2024-11-27 15:50:16,Active,0.322,0.403,17,1
2024-11-27 15:50:16,Active,0.305,0.395,17,1
2024-11-27 15:50:16,Active,0.311,0.401,17,1
2024-11-27 15:50:16,Active,0.302,0.411,17,1
2024-11-27 15:50:16,Active,0.312,0.421,17,1
2024-11-27 15:50:16,Active,0.306,0.410,17,1
2024-11-27 15:50:16,Active,0.296,0.410,17,1
2024-11-27 15:50:16,Active,0.316,0.401,17,1
2024-11-27 15:50:16,Active,0.303,0.418,17,1
2024-11-27 15:50:16,Active,0.290,0.402,17,1
2024-11-27 15:50:16,Active,0.285,0.384,17,1
2024-11-27 15:50:16,Active,0.308,0.399,17,1
2024-11-27 15:50:16,Active,0.274,0.411,17,1
2024-11-27 15:50:16,Active,0.227,0.417,17,1
2024-11-27 15:50:16,Active,0.198,0.409,17,1
2024-11-27 15:50:16,Active,0.270,0.425,17,1
2024-11-27 15:50:17,Active,0.241,0.408,17,1
2024-11-27 15:50:17,Active,0.241,0.417,17,1
2024-11-27 15:50:17,Active,0.280,0.442,17,1
2024-11-27 15:50:17,Active,0.275,0.398,17,1
2024-11-27 15:50:17,Active,0.276,0.414,17,1
2024-11-27 15:50:17,Active,0.266,0.437,17,1
2024-11-27 15:50:17,Active,0.286,0.426,17,1
2024-11-27 15:50:17,Active,0.266,0.425,17,1
2024-11-27 15:50:17,Active,0.262,0.427,17,1
2024-11-27 15:50:17,Active,0.232,0.389,17,1
2024-11-27 15:50:17,Active,0.217,0.409,17,1
2024-11-27 15:50:17,SLEEPING !!!,0.157,0.371,17,1
2024-11-27 15:50:17,SLEEPING !!!,0.165,0.400,17,1
2024-11-27 15:50:17,SLEEPING !!!,0.131,0.408,17,1
2024-11-27 15:50:17,SLEEPING !!!,0.157,0.398,17,1
2024-11-27 15:50:17,SLEEPING !!!,0.140,0.462,17,1
2024-11-27 15:50:17,SLEEPING !!!,0.140,0.481,17,1
2024-11-27 15:50:17,SLEEPING !!!,0.150,0.462,17,1
2024-11-27 15:50:17,SLEEPING !!!,0.145,0.499,17,1
2024-11-27 15:50:17,SLEEPING !!!,0.151,0.489,17,1
2024-11-27 15:50:17,SLEEPING !!!,0.153,0.471,17,1
2024-11-27 15:50:17,SLEEPING !!!,0.171,0.471,17,1
2024-11-27 15:50:17,SLEEPING !!!,0.157,0.453,17,1
2024-11-27 15:50:17,SLEEPING !!!,0.162,0.462,17,1
2024-11-27 15:50:17,SLEEPING !!!,0.168,0.463,17,1
2024-11-27 15:50:17,SLEEPING !!!,0.147,0.490,17,1
2024-11-27 15:50:17,SLEEPING !!!,0.136,0.472,17,1
2024-11-27 15:50:17,SLEEPING !!!,0.147,0.528,17,1
2024-11-27 15:50:17,SLEEPING !!!,0.141,0.454,17,1
2024-11-27 15:50:17,SLEEPING !!!,0.140,0.420,17,1
2024-11-27 15:50:18,SLEEPING !!!,0.116,0.429,17,1
2024-11-27 15:50:18,SLEEPING !!!,0.152,0.390,17,1
2024-11-27 15:50:18,SLEEPING !!!,0.134,0.396,17,1
2024-11-27 15:50:18,SLEEPING !!!,0.141,0.398,17,1
2024-11-27 15:50:18,SLEEPING !!!,0.147,0.407,17,1
2024-11-27 15:50:18,SLEEPING !!!,0.145,0.415,17,1
2024-11-27 15:50:18,SLEEPING !!!,0.125,0.423,17,1
2024-11-27 15:50:18,SLEEPING !!!,0.139,0.453,17,1
2024-11-27 15:50:18,SLEEPING !!!,0.144,0.423,17,1
2024-11-27 15:50:18,SLEEPING !!!,0.156,0.441,17,1
2024-11-27 15:50:18,SLEEPING !!!,0.159,0.411,17,1
2024-11-27 15:50:18,SLEEPING !!!,0.137,0.405,17,1
2024-11-27 15:50:18,SLEEPING !!!,0.136,0.440,17,1
2024-11-27 15:50:18,SLEEPING !!!,0.135,0.431,17,1
2024-11-27 15:50:18,SLEEPING !!!,0.133,0.452,17,1
2024-11-27 15:50:18,SLEEPING !!!,0.140,0.443,17,1
2024-11-27 15:50:18,SLEEPING !!!,0.143,0.472,17,1
2024-11-27 15:50:18,SLEEPING !!!,0.131,0.415,17,1
2024-11-27 15:50:18,SLEEPING !!!,0.155,0.426,17,1
2024-11-27 15:50:18,SLEEPING !!!,0.106,0.423,17,1
2024-11-27 15:50:18,SLEEPING !!!,0.134,0.416,17,1
2024-11-27 15:50:18,SLEEPING !!!,0.131,0.409,17,1
2024-11-27 15:50:18,SLEEPING !!!,0.150,0.390,17,1
2024-11-27 15:50:18,SLEEPING !!!,0.187,0.426,17,1
2024-11-27 15:50:18,SLEEPING !!!,0.195,0.416,17,1
2024-11-27 15:50:18,SLEEPING !!!,0.220,0.408,17,1
2024-11-27 15:50:18,SLEEPING !!!,0.236,0.415,17,1
2024-11-27 15:50:18,Active,0.275,0.426,18,1
2024-11-27 15:50:18,Active,0.246,0.437,18,1
2024-11-27 15:50:18,Active,0.266,0.428,18,1
2024-11-27 15:50:19,Active,0.266,0.409,18,1
2024-11-27 15:50:19,Active,0.290,0.425,18,1
2024-11-27 15:50:19,Active,0.286,0.408,18,1
2024-11-27 15:50:19,Active,0.256,0.391,18,1
2024-11-27 15:50:19,Active,0.246,0.399,18,1
2024-11-27 15:50:19,Active,0.282,0.426,18,1
2024-11-27 15:50:19,Active,0.255,0.420,18,1
2024-11-27 15:50:19,Active,0.261,0.436,18,1
2024-11-27 15:50:19,Active,0.292,0.456,18,1
2024-11-27 15:50:19,Active,0.259,0.421,18,1
2024-11-27 15:50:19,Active,0.252,0.386,18,1
2024-11-27 15:50:19,Active,0.251,0.411,18,1
2024-11-27 15:50:19,Active,0.215,0.393,18,1
2024-11-27 15:50:19,Active,0.256,0.419,18,1
2024-11-27 15:50:19,Active,0.281,0.400,18,1
2024-11-27 15:50:19,Active,0.276,0.419,18,1
2024-11-27 15:50:19,Active,0.280,0.400,18,1
2024-11-27 15:50:19,Active,0.275,0.437,18,1
2024-11-27 15:50:19,Active,0.280,0.404,18,1
2024-11-27 15:50:19,Active,0.295,0.396,18,1
2024-11-27 15:50:19,Active,0.296,0.410,18,1
2024-11-27 15:50:19,Active,0.276,0.405,18,1
2024-11-27 15:50:19,Active,0.274,0.379,18,1
2024-11-27 15:50:19,Active,0.266,0.398,18,1
2024-11-27 15:50:19,Active,0.266,0.415,18,1
2024-11-27 15:50:19,Active,0.227,0.369,18,1
2024-11-27 15:50:19,Active,0.250,0.404,18,1
2024-11-27 15:50:19,Active,0.276,0.404,18,1
2024-11-27 15:50:19,Active,0.246,0.404,18,1
2024-11-27 15:50:19,Active,0.276,0.386,18,1
2024-11-27 15:50:20,Active,0.256,0.404,18,1
2024-11-27 15:50:20,Active,0.240,0.393,18,1
2024-11-27 15:50:20,Active,0.230,0.393,18,1
2024-11-27 15:50:20,SLEEPING !!!,0.194,0.360,18,1
2024-11-27 15:50:20,SLEEPING !!!,0.169,0.386,18,1
2024-11-27 15:50:20,SLEEPING !!!,0.139,0.411,18,1
2024-11-27 15:50:20,SLEEPING !!!,0.157,0.393,18,1
2024-11-27 15:50:20,SLEEPING !!!,0.167,0.393,18,1
2024-11-27 15:50:20,SLEEPING !!!,0.153,0.390,18,1
2024-11-27 15:50:20,SLEEPING !!!,0.150,0.375,18,1
2024-11-27 15:50:20,SLEEPING !!!,0.120,0.398,18,1
2024-11-27 15:50:20,SLEEPING !!!,0.144,0.383,18,1
2024-11-27 15:50:20,SLEEPING !!!,0.129,0.361,18,1
2024-11-27 15:50:20,SLEEPING !!!,0.158,0.389,18,1
2024-11-27 15:50:20,SLEEPING !!!,0.134,0.397,18,1
2024-11-27 15:50:20,SLEEPING !!!,0.146,0.444,18,1
2024-11-27 15:50:20,SLEEPING !!!,0.173,0.490,18,1
2024-11-27 15:50:20,SLEEPING !!!,0.180,0.519,18,1
2024-11-27 15:50:20,SLEEPING !!!,0.171,0.528,18,1
2024-11-27 15:50:20,SLEEPING !!!,0.166,0.588,18,1
2024-11-27 15:50:20,SLEEPING !!!,0.144,0.608,18,1
2024-11-27 15:50:20,SLEEPING !!!,0.141,0.608,18,1
2024-11-27 15:50:20,SLEEPING !!!,0.200,0.657,18,1
2024-11-27 15:50:20,SLEEPING !!!,0.225,0.650,18,1
2024-11-27 15:50:20,Active,0.251,0.666,19,1
2024-11-27 15:50:20,Active,0.245,0.673,19,1
2024-11-27 15:50:20,Active,0.235,0.608,19,1
2024-11-27 15:50:20,SLEEPING !!!,0.241,0.650,19,1
2024-11-27 15:50:20,Active,0.250,0.580,20,1
2024-11-27 15:50:20,Active,0.236,0.674,20,1
2024-11-27 15:50:21,Active,0.251,0.592,20,1
2024-11-27 15:50:21,Active,0.243,0.660,20,1
2024-11-27 15:50:21,Active,0.247,0.627,20,1
2024-11-27 15:50:21,Active,0.266,0.640,20,1
2024-11-27 15:50:21,Active,0.271,0.667,20,1
2024-11-27 15:50:21,Active,0.265,0.666,20,1
2024-11-27 15:50:21,Active,0.250,0.597,20,1
2024-11-27 15:50:21,Active,0.256,0.529,20,1
2024-11-27 15:50:21,Active,0.220,0.445,20,1
2024-11-27 15:50:21,Active,0.148,0.410,20,1
2024-11-27 15:50:21,SLEEPING !!!,0.153,0.406,20,1
2024-11-27 15:50:21,SLEEPING !!!,0.131,0.371,20,1
2024-11-27 15:50:21,SLEEPING !!!,0.174,0.407,20,1
2024-11-27 15:50:21,SLEEPING !!!,0.216,0.382,20,1
2024-11-27 15:50:21,SLEEPING !!!,0.216,0.408,20,1
2024-11-27 15:50:21,Active,0.251,0.453,21,1
2024-11-27 15:50:21,Active,0.266,0.400,21,1
2024-11-27 15:50:21,Active,0.258,0.427,21,1
2024-11-27 15:50:21,Active,0.282,0.421,21,1
2024-11-27 15:50:21,Active,0.256,0.448,21,1
2024-11-27 15:50:21,Active,0.248,0.447,21,1
2024-11-27 15:50:21,Active,0.231,0.407,21,1
2024-11-27 15:50:21,Active,0.292,0.441,21,1
2024-11-27 15:50:21,Active,0.241,0.391,21,1
2024-11-27 15:50:21,Active,0.261,0.391,21,1
2024-11-27 15:50:21,Active,0.245,0.389,21,1
2024-11-27 15:50:21,Active,0.246,0.382,21,1
2024-11-27 15:50:21,SLEEPING !!!,0.245,0.389,21,1
2024-11-27 15:50:21,Active,0.256,0.400,22,1
2024-11-27 15:50:21,Active,0.261,0.417,22,1
2024-11-27 15:50:22,Active,0.262,0.385,22,1
2024-11-27 15:50:22,Active,0.256,0.392,22,1
2024-11-27 15:50:22,Active,0.242,0.382,22,1
2024-11-27 15:50:22,Active,0.251,0.382,22,1
2024-11-27 15:50:22,Active,0.246,0.393,22,1
2024-11-27 15:50:22,Active,0.242,0.394,22,1
2024-11-27 15:50:22,SLEEPING !!!,0.246,0.364,22,1
2024-11-27 15:50:22,Active,0.267,0.397,23,1
2024-11-27 15:50:22,Active,0.261,0.361,23,1
2024-11-27 15:50:22,Active,0.240,0.384,23,1
2024-11-27 15:50:22,Active,0.252,0.383,23,1
2024-11-27 15:50:22,Active,0.260,0.391,23,1
2024-11-27 15:50:22,Active,0.203,0.409,23,1
2024-11-27 15:50:22,Active,0.250,0.382,23,1
2024-11-27 15:50:22,Active,0.256,0.363,23,1
2024-11-27 15:50:22,Active,0.248,0.364,23,1
2024-11-27 15:50:22,Active,0.246,0.389,23,1
2024-11-27 15:50:22,SLEEPING !!!,0.246,0.399,23,1
2024-11-27 15:50:22,Active,0.255,0.389,24,1
2024-11-27 15:50:22,Active,0.251,0.407,24,1
2024-11-27 15:50:22,Active,0.262,0.399,24,1
2024-11-27 15:50:22,Active,0.225,0.364,24,1
2024-11-27 15:50:22,Active,0.281,0.371,24,1
2024-11-27 15:50:22,Active,0.240,0.380,24,1
2024-11-27 15:50:22,Active,0.254,0.389,24,1
2024-11-27 15:50:22,Active,0.241,0.383,24,1
2024-11-27 15:50:22,Active,0.216,0.364,24,1
2024-11-27 15:50:22,SLEEPING !!!,0.193,0.379,24,1
2024-11-27 15:50:22,SLEEPING !!!,0.180,0.371,24,1
2024-11-27 15:50:22,SLEEPING !!!,0.170,0.353,24,1
2024-11-27 15:50:23,SLEEPING !!!,0.228,0.374,24,1
2024-11-27 15:50:23,SLEEPING !!!,0.237,0.372,24,1
2024-11-27 15:50:23,SLEEPING !!!,0.205,0.389,24,1
2024-11-27 15:50:23,SLEEPING !!!,0.206,0.364,24,1
2024-11-27 15:50:23,SLEEPING !!!,0.226,0.382,24,1
2024-11-27 15:50:23,SLEEPING !!!,0.226,0.376,24,1
2024-11-27 15:50:23,Active,0.258,0.388,25,1
2024-11-27 15:50:23,Active,0.245,0.369,25,1
2024-11-27 15:50:23,Active,0.236,0.392,25,1
2024-11-27 15:50:23,SLEEPING !!!,0.226,0.364,25,1
2024-11-27 15:50:23,SLEEPING !!!,0.246,0.382,25,1
2024-11-27 15:50:23,SLEEPING !!!,0.245,0.370,25,1
2024-11-27 15:50:23,SLEEPING !!!,0.246,0.377,25,1
2024-11-27 15:50:23,SLEEPING !!!,0.236,0.373,25,1
2024-11-27 15:50:23,SLEEPING !!!,0.236,0.388,25,1
2024-11-27 15:50:23,SLEEPING !!!,0.246,0.396,25,1
2024-11-27 15:50:23,SLEEPING !!!,0.237,0.407,25,1
2024-11-27 15:50:23,SLEEPING !!!,0.235,0.387,25,1
2024-11-27 15:50:23,SLEEPING !!!,0.233,0.380,25,1
2024-11-27 15:50:23,SLEEPING !!!,0.231,0.375,25,1
2024-11-27 15:50:23,Active,0.262,0.400,26,1
2024-11-27 15:50:23,Active,0.272,0.370,26,1
2024-11-27 15:50:23,Active,0.257,0.377,26,1
2024-11-27 15:50:23,Active,0.200,0.407,26,1
2024-11-27 15:50:23,Active,0.181,0.406,26,1
2024-11-27 15:50:23,SLEEPING !!!,0.169,0.370,26,1
2024-11-27 15:50:23,SLEEPING !!!,0.147,0.389,26,1
2024-11-27 15:50:23,SLEEPING !!!,0.163,0.398,26,1
2024-11-27 15:50:23,SLEEPING !!!,0.174,0.391,26,1
2024-11-27 15:50:23,SLEEPING !!!,0.210,0.373,26,1
2024-11-27 15:50:24,SLEEPING !!!,0.194,0.383,26,1
2024-11-27 15:50:24,SLEEPING !!!,0.226,0.381,26,1
2024-11-27 15:50:24,SLEEPING !!!,0.230,0.426,26,1
2024-11-27 15:50:24,SLEEPING !!!,0.224,0.397,26,1
2024-11-27 15:50:24,SLEEPING !!!,0.237,0.378,26,1
2024-11-27 15:50:24,Active,0.265,0.398,27,1
2024-11-27 15:50:24,Active,0.270,0.397,27,1
2024-11-27 15:50:24,Active,0.267,0.407,27,1
2024-11-27 15:50:24,Active,0.245,0.397,27,1
2024-11-27 15:50:24,Active,0.235,0.453,27,1
2024-11-27 15:50:24,SLEEPING !!!,0.230,0.452,27,1
2024-11-27 15:50:24,SLEEPING !!!,0.206,0.462,27,1
2024-11-27 15:50:24,SLEEPING !!!,0.230,0.460,27,1
2024-11-27 15:50:24,SLEEPING !!!,0.204,0.520,27,1
2024-11-27 15:50:24,SLEEPING !!!,0.235,0.510,27,1
2024-11-27 15:50:24,SLEEPING !!!,0.204,0.520,27,1
2024-11-27 15:50:24,SLEEPING !!!,0.241,0.572,27,1
2024-11-27 15:50:24,SLEEPING !!!,0.215,0.592,27,1
2024-11-27 15:50:24,SLEEPING !!!,0.235,0.620,27,1
2024-11-27 15:50:24,SLEEPING !!!,0.205,0.628,27,1
2024-11-27 15:50:24,SLEEPING !!!,0.202,0.666,27,1
2024-11-27 15:50:24,SLEEPING !!!,0.226,0.694,27,1
2024-11-27 15:50:24,SLEEPING !!!,0.225,0.686,27,1
2024-11-27 15:50:24,SLEEPING !!!,0.234,0.724,27,1
2024-11-27 15:50:24,SLEEPING !!!,0.214,0.653,27,1
2024-11-27 15:50:24,SLEEPING !!!,0.235,0.710,27,1
2024-11-27 15:50:24,SLEEPING !!!,0.224,0.676,27,1
2024-11-27 15:50:24,SLEEPING !!!,0.235,0.660,27,1
2024-11-27 15:50:24,SLEEPING !!!,0.244,0.650,27,1
2024-11-27 15:50:24,Active,0.251,0.690,28,1
2024-11-27 15:50:24,Active,0.261,0.667,28,1
2024-11-27 15:50:25,Active,0.234,0.683,28,1
2024-11-27 15:50:25,Yawning !,0.225,0.653,28,2
2024-11-27 15:50:25,SLEEPING !!!,0.215,0.667,28,2
2024-11-27 15:50:25,Active,0.266,0.622,29,2
2024-11-27 15:50:25,Active,0.241,0.647,29,2
2024-11-27 15:50:25,Active,0.277,0.620,29,2
2024-11-27 15:50:25,Active,0.235,0.589,29,2
2024-11-27 15:50:25,Active,0.237,0.620,29,2
2024-11-27 15:50:25,SLEEPING !!!,0.247,0.620,29,2
2024-11-27 15:50:25,SLEEPING !!!,0.211,0.620,29,2
2024-11-27 15:50:25,SLEEPING !!!,0.215,0.653,29,2
2024-11-27 15:50:25,SLEEPING !!!,0.247,0.610,29,2
2024-11-27 15:50:25,SLEEPING !!!,0.240,0.620,29,2
2024-11-27 15:50:25,Active,0.270,0.640,30,2
2024-11-27 15:50:25,Active,0.281,0.548,30,2
2024-11-27 15:50:25,Active,0.275,0.660,30,2
2024-11-27 15:50:25,Active,0.275,0.640,30,2
2024-11-27 15:50:25,Active,0.276,0.674,30,2
2024-11-27 15:50:25,Active,0.270,0.670,30,2
2024-11-27 15:50:25,Active,0.279,0.640,30,2
2024-11-27 15:50:25,Active,0.275,0.633,30,2
2024-11-27 15:50:25,Active,0.277,0.633,30,2
2024-11-27 15:50:25,Active,0.270,0.596,30,2
2024-11-27 15:50:25,Active,0.251,0.598,30,2
2024-11-27 15:50:25,Active,0.235,0.674,30,2
2024-11-27 15:50:25,Active,0.276,0.640,30,2
2024-11-27 15:50:25,Active,0.267,0.653,30,2
2024-11-27 15:50:25,Active,0.276,0.610,30,2
2024-11-27 15:50:25,Active,0.276,0.640,30,2
2024-11-27 15:50:25,Active,0.297,0.660,30,2
2024-11-27 15:50:26,Active,0.295,0.654,30,2
2024-11-27 15:50:26,Active,0.271,0.548,30,2
2024-11-27 15:50:26,Active,0.320,0.454,30,2
2024-11-27 15:50:26,Active,0.277,0.373,30,2
2024-11-27 15:50:26,Active,0.275,0.375,30,2
2024-11-27 15:50:26,Active,0.267,0.400,30,2
2024-11-27 15:50:26,Active,0.236,0.380,30,2
2024-11-27 15:50:26,Active,0.216,0.382,30,2
2024-11-27 15:50:26,SLEEPING !!!,0.219,0.380,30,2
2024-11-27 15:50:26,SLEEPING !!!,0.224,0.384,30,2
2024-11-27 15:50:26,SLEEPING !!!,0.212,0.370,30,2
2024-11-27 15:50:26,SLEEPING !!!,0.196,0.390,30,2
2024-11-27 15:50:26,SLEEPING !!!,0.178,0.440,30,2
2024-11-27 15:50:26,SLEEPING !!!,0.156,0.440,30,2
2024-11-27 15:50:26,SLEEPING !!!,0.195,0.346,30,2
2024-11-27 15:50:26,SLEEPING !!!,0.202,0.321,30,2
2024-11-27 15:50:26,SLEEPING !!!,0.214,0.321,30,2
2024-11-27 15:50:26,SLEEPING !!!,0.244,0.352,30,2
2024-11-27 15:50:26,SLEEPING !!!,0.250,0.328,30,2
2024-11-27 15:50:26,SLEEPING !!!,0.245,0.352,30,2
2024-11-27 15:50:26,SLEEPING !!!,0.245,0.373,30,2
2024-11-27 15:50:26,Active,0.261,0.378,31,2
2024-11-27 15:50:26,Active,0.244,0.364,31,2
2024-11-27 15:50:26,Active,0.240,0.373,31,2
2024-11-27 15:50:26,Active,0.258,0.361,31,2
2024-11-27 15:50:26,Active,0.250,0.370,31,2
2024-11-27 15:50:26,Active,0.232,0.389,31,2
2024-11-27 15:50:26,Active,0.233,0.371,31,2
2024-11-27 15:50:26,SLEEPING !!!,0.230,0.346,31,2
2024-11-27 15:50:27,SLEEPING !!!,0.173,0.396,31,2
2024-11-27 15:50:27,SLEEPING !!!,0.182,0.410,31,2
2024-11-27 15:50:27,SLEEPING !!!,0.161,0.380,31,2
2024-11-27 15:50:27,SLEEPING !!!,0.187,0.412,31,2
2024-11-27 15:50:27,SLEEPING !!!,0.239,0.404,31,2
2024-11-27 15:50:27,SLEEPING !!!,0.235,0.404,31,2
2024-11-27 15:50:27,SLEEPING !!!,0.234,0.402,31,2
2024-11-27 15:50:27,SLEEPING !!!,0.244,0.404,31,2
2024-11-27 15:50:27,SLEEPING !!!,0.219,0.387,31,2
2024-11-27 15:50:27,SLEEPING !!!,0.224,0.394,31,2
2024-11-27 15:50:27,SLEEPING !!!,0.241,0.402,31,2
2024-11-27 15:50:27,Active,0.257,0.364,32,2
2024-11-27 15:50:27,Active,0.252,0.364,32,2
2024-11-27 15:50:27,Active,0.277,0.380,32,2
2024-11-27 15:50:27,Active,0.211,0.391,32,2
2024-11-27 15:50:27,Active,0.215,0.378,32,2
2024-11-27 15:50:27,Active,0.256,0.364,32,2
2024-11-27 15:50:27,Active,0.241,0.364,32,2
2024-11-27 15:50:27,Active,0.276,0.373,32,2
2024-11-27 15:50:27,Active,0.275,0.378,32,2
2024-11-27 15:50:27,Active,0.281,0.364,32,2
2024-11-27 15:50:27,Active,0.280,0.382,32,2
2024-11-27 15:50:27,Active,0.280,0.361,32,2
2024-11-27 15:50:27,Active,0.245,0.364,32,2
2024-11-27 15:50:27,Active,0.246,0.371,32,2
2024-11-27 15:50:27,SLEEPING !!!,0.245,0.371,32,2
2024-11-27 15:50:27,SLEEPING !!!,0.246,0.364,32,2
2024-11-27 15:50:27,Active,0.255,0.358,33,2
2024-11-27 15:50:27,Active,0.270,0.364,33,2
2024-11-27 15:50:27,Active,0.266,0.358,33,2
2024-11-27 15:50:28,Active,0.270,0.393,33,2
2024-11-27 15:50:28,Active,0.271,0.382,33,2
2024-11-27 15:50:28,Active,0.275,0.376,33,2
2024-11-27 15:50:28,Active,0.284,0.426,33,2
2024-11-27 15:50:28,Active,0.275,0.446,33,2
2024-11-27 15:50:28,Active,0.275,0.419,33,2
2024-11-27 15:50:28,Active,0.308,0.434,33,2
2024-11-27 15:50:28,Active,0.281,0.481,33,2
2024-11-27 15:50:28,Active,0.266,0.500,33,2
2024-11-27 15:50:28,Active,0.261,0.509,33,2
2024-11-27 15:50:28,Active,0.187,0.499,33,2
2024-11-27 15:50:28,Active,0.166,0.549,33,2
2024-11-27 15:50:28,Active,0.266,0.579,33,2
2024-11-27 15:50:28,Active,0.265,0.528,33,2
2024-11-27 15:50:28,Active,0.206,0.550,33,2
2024-11-27 15:50:28,Active,0.231,0.600,33,2
2024-11-27 15:50:28,SLEEPING !!!,0.242,0.608,33,2
2024-11-27 15:50:28,Active,0.252,0.633,34,2
2024-11-27 15:50:28,Active,0.251,0.598,34,2
2024-11-27 15:50:28,Active,0.280,0.673,34,2
2024-11-27 15:50:28,Active,0.241,0.618,34,2
2024-11-27 15:50:28,Active,0.256,0.663,34,2
2024-11-27 15:50:28,Active,0.242,0.628,34,2
2024-11-27 15:50:28,Active,0.247,0.576,34,2
2024-11-27 15:50:28,SLEEPING !!!,0.231,0.641,34,2
2024-11-27 15:50:28,Active,0.263,0.640,35,2
2024-11-27 15:50:28,Active,0.211,0.617,35,2
2024-11-27 15:50:28,Active,0.251,0.640,35,2
2024-11-27 15:50:28,Active,0.246,0.660,35,2
2024-11-27 15:50:28,Active,0.240,0.618,35,2
2024-11-27 15:50:28,Active,0.257,0.674,35,2
2024-11-27 15:50:29,Active,0.231,0.688,35,2
2024-11-27 15:50:29,Active,0.247,0.647,35,2
2024-11-27 15:50:29,SLEEPING !!!,0.241,0.637,35,2
2024-11-27 15:50:29,Active,0.252,0.684,36,2
2024-11-27 15:50:29,Active,0.247,0.684,36,2
2024-11-27 15:50:29,Active,0.241,0.680,36,2
2024-11-27 15:50:29,SLEEPING !!!,0.241,0.684,36,2
2024-11-27 15:50:29,SLEEPING !!!,0.241,0.660,36,3
2024-11-27 15:50:29,SLEEPING !!!,0.226,0.647,36,3
2024-11-27 15:50:29,SLEEPING !!!,0.240,0.647,36,3
2024-11-27 15:50:29,SLEEPING !!!,0.209,0.650,36,3
2024-11-27 15:50:29,SLEEPING !!!,0.225,0.664,36,3
2024-11-27 15:50:29,Active,0.255,0.663,37,3
2024-11-27 15:50:29,Active,0.215,0.606,37,3
2024-11-27 15:50:29,Active,0.231,0.648,37,3
2024-11-27 15:50:29,SLEEPING !!!,0.215,0.638,37,3
2024-11-27 15:50:29,SLEEPING !!!,0.245,0.673,37,3
2024-11-27 15:50:29,SLEEPING !!!,0.240,0.640,37,3
2024-11-27 15:50:29,SLEEPING !!!,0.225,0.653,37,3
2024-11-27 15:50:29,SLEEPING !!!,0.231,0.640,37,3
2024-11-27 15:50:29,Active,0.262,0.684,38,3
2024-11-27 15:50:29,Active,0.242,0.650,38,3
2024-11-27 15:50:29,Active,0.247,0.664,38,3
2024-11-27 15:50:29,SLEEPING !!!,0.210,0.640,38,3
2024-11-27 15:50:29,SLEEPING !!!,0.210,0.650,38,3
2024-11-27 15:50:29,SLEEPING !!!,0.189,0.640,38,3
2024-11-27 15:50:29,SLEEPING !!!,0.166,0.630,38,3
2024-11-27 15:50:29,SLEEPING !!!,0.170,0.649,38,3
2024-11-27 15:50:29,SLEEPING !!!,0.195,0.650,38,3
2024-11-27 15:50:29,SLEEPING !!!,0.177,0.637,38,3
2024-11-27 15:50:30,SLEEPING !!!,0.156,0.617,38,3
2024-11-27 15:50:30,SLEEPING !!!,0.203,0.650,38,3
2024-11-27 15:50:30,SLEEPING !!!,0.187,0.650,38,3
2024-11-27 15:50:30,SLEEPING !!!,0.200,0.647,38,3
2024-11-27 15:50:30,SLEEPING !!!,0.202,0.674,38,3
2024-11-27 15:50:30,SLEEPING !!!,0.198,0.653,38,3
2024-11-27 15:50:30,SLEEPING !!!,0.209,0.684,38,3
2024-11-27 15:50:30,SLEEPING !!!,0.191,0.660,38,3
2024-11-27 15:50:30,SLEEPING !!!,0.166,0.660,38,3
2024-11-27 15:50:30,SLEEPING !!!,0.151,0.674,38,3
2024-11-27 15:50:30,SLEEPING !!!,0.166,0.661,38,3
2024-11-27 15:50:30,SLEEPING !!!,0.156,0.648,38,3
2024-11-27 15:50:30,SLEEPING !!!,0.179,0.684,38,3
2024-11-27 15:50:30,SLEEPING !!!,0.162,0.628,38,3
2024-11-27 15:50:30,SLEEPING !!!,0.193,0.638,38,3
2024-11-27 15:50:30,SLEEPING !!!,0.222,0.659,38,3
2024-11-27 15:50:30,SLEEPING !!!,0.241,0.677,38,3
2024-11-27 15:50:30,SLEEPING !!!,0.211,0.653,38,3
2024-11-27 15:50:30,SLEEPING !!!,0.241,0.660,38,3
2024-11-27 15:50:30,SLEEPING !!!,0.231,0.653,38,3
2024-11-27 15:50:30,SLEEPING !!!,0.241,0.688,38,3
2024-11-27 15:50:30,Active,0.260,0.627,39,3
2024-11-27 15:50:30,Active,0.276,0.683,39,3
2024-11-27 15:50:30,Active,0.296,0.660,39,3
2024-11-27 15:50:30,Active,0.290,0.640,39,3
2024-11-27 15:50:30,Active,0.294,0.664,39,3
2024-11-27 15:50:30,Active,0.268,0.700,39,3
2024-11-27 15:50:30,Active,0.294,0.667,39,3
2024-11-27 15:50:30,Active,0.298,0.698,39,3
2024-11-27 15:50:30,Active,0.298,0.699,39,3
2024-11-27 15:50:31,Active,0.311,0.686,39,3
2024-11-27 15:50:31,Active,0.296,0.699,39,3
2024-11-27 15:50:31,Active,0.274,0.660,39,3
2024-11-27 15:50:31,Active,0.284,0.719,39,3
2024-11-27 15:50:31,Active,0.269,0.680,39,3
2024-11-27 15:50:31,Active,0.302,0.680,39,3
2024-11-27 15:50:31,Active,0.252,0.684,39,3
2024-11-27 15:50:31,Active,0.288,0.699,39,3
2024-11-27 15:50:31,Active,0.298,0.700,39,3
2024-11-27 15:50:31,Active,0.334,0.650,39,3
2024-11-27 15:50:31,Active,0.306,0.725,39,3
2024-11-27 15:50:31,Active,0.246,0.680,39,3
2024-11-27 15:50:31,Active,0.306,0.691,39,3
2024-11-27 15:50:31,Active,0.282,0.710,39,3
2024-11-27 15:50:31,Active,0.260,0.680,39,3
2024-11-27 15:50:31,Active,0.315,0.686,39,3
2024-11-27 15:50:31,Active,0.306,0.721,39,3
2024-11-27 15:50:31,Active,0.296,0.719,39,3
2024-11-27 15:50:31,Active,0.284,0.719,39,3
2024-11-27 15:50:31,Active,0.296,0.734,39,3
2024-11-27 15:50:31,Active,0.322,0.719,39,3
2024-11-27 15:50:31,Active,0.298,0.719,39,3
2024-11-27 15:50:31,Active,0.289,0.714,39,3
2024-11-27 15:50:31,Active,0.298,0.714,39,3
2024-11-27 15:50:31,Active,0.331,0.701,39,3
2024-11-27 15:50:31,Active,0.278,0.699,39,3
2024-11-27 15:50:31,Active,0.284,0.725,39,3
2024-11-27 15:50:31,Active,0.309,0.704,39,3
2024-11-27 15:50:31,Active,0.280,0.690,39,3
2024-11-27 15:50:31,Active,0.289,0.700,39,3
2024-11-27 15:50:32,Active,0.271,0.699,39,3
2024-11-27 15:50:32,Active,0.280,0.714,39,3
2024-11-27 15:50:32,Active,0.251,0.710,39,3
2024-11-27 15:50:32,Active,0.241,0.701,39,3
2024-11-27 15:50:32,Active,0.280,0.667,39,3
2024-11-27 15:50:32,Active,0.260,0.706,39,3
2024-11-27 15:50:32,Active,0.259,0.710,39,3
2024-11-27 15:50:32,Active,0.277,0.710,39,3
2024-11-27 15:50:32,Active,0.242,0.714,39,3
2024-11-27 15:50:32,Active,0.246,0.704,39,3
2024-11-27 15:50:32,Active,0.250,0.725,39,3
2024-11-27 15:50:32,Active,0.241,0.708,39,3
2024-11-27 15:50:32,Active,0.241,0.670,39,3
2024-11-27 15:50:32,Active,0.279,0.687,39,3
2024-11-27 15:50:32,Active,0.275,0.630,39,3
2024-11-27 15:50:32,Active,0.262,0.520,39,3
2024-11-27 15:50:32,Active,0.257,0.550,39,3
2024-11-27 15:50:32,Active,0.242,0.532,39,3
2024-11-27 15:50:32,Active,0.267,0.501,39,3
2024-11-27 15:50:32,Active,0.235,0.511,39,3
2024-11-27 15:50:32,Active,0.245,0.702,39,3
2024-11-27 15:50:32,SLEEPING !!!,0.236,0.670,39,3
2024-11-27 15:50:32,Active,0.271,0.532,40,3
2024-11-27 15:50:32,Active,0.231,0.640,40,3
2024-11-27 15:50:32,Active,0.251,0.667,40,3
2024-11-27 15:50:32,Active,0.250,0.663,40,3
2024-11-27 15:50:32,Active,0.246,0.667,40,3
2024-11-27 15:50:32,Active,0.252,0.646,40,3
2024-11-27 15:50:32,Active,0.261,0.613,40,3
2024-11-27 15:50:32,Active,0.282,0.602,40,3
2024-11-27 15:50:33,Active,0.250,0.617,40,3
2024-11-27 15:50:33,Active,0.256,0.581,40,3
2024-11-27 15:50:33,Active,0.241,0.562,40,3
2024-11-27 15:50:33,Active,0.240,0.572,40,3
2024-11-27 15:50:33,Active,0.294,0.448,40,3
2024-11-27 15:50:33,Active,0.299,0.500,40,3
2024-11-27 15:50:33,Active,0.267,0.552,40,3
2024-11-27 15:50:33,Active,0.261,0.584,40,3
2024-11-27 15:50:33,Active,0.306,0.572,40,3
2024-11-27 15:50:33,Active,0.288,0.491,40,3
2024-11-27 15:50:33,Active,0.293,0.575,40,3
2024-11-27 15:50:33,Active,0.262,0.613,40,3
2024-11-27 15:50:33,Active,0.256,0.594,40,3
2024-11-27 15:50:33,Active,0.220,0.617,40,3
2024-11-27 15:50:33,Active,0.177,0.623,40,3
2024-11-27 15:50:33,SLEEPING !!!,0.215,0.563,40,3
2024-11-27 15:50:33,Active,0.251,0.730,41,3
2024-11-27 15:50:33,Active,0.177,0.553,41,3
2024-11-27 15:50:33,Active,0.171,0.674,41,3
2024-11-27 15:50:33,SLEEPING !!!,0.196,0.554,41,3
2024-11-27 15:50:33,SLEEPING !!!,0.202,0.623,41,3
2024-11-27 15:50:33,SLEEPING !!!,0.213,0.713,41,3
2024-11-27 15:50:33,SLEEPING !!!,0.223,0.767,41,3
2024-11-27 15:50:33,SLEEPING !!!,0.245,0.709,41,3
2024-11-27 15:50:33,SLEEPING !!!,0.229,0.777,41,3
2024-11-27 15:50:33,SLEEPING !!!,0.225,0.751,41,3
2024-11-27 15:50:33,Active,0.251,0.703,42,3
2024-11-27 15:50:33,Active,0.209,0.700,42,3
2024-11-27 15:50:33,Active,0.210,0.653,42,3
2024-11-27 15:50:34,SLEEPING !!!,0.231,0.666,42,3
2024-11-27 15:50:34,SLEEPING !!!,0.244,0.689,42,3
2024-11-27 15:50:34,SLEEPING !!!,0.227,0.617,42,3
2024-11-27 15:50:34,SLEEPING !!!,0.195,0.537,42,3
2024-11-27 15:50:34,SLEEPING !!!,0.241,0.491,42,3
2024-11-27 15:50:34,SLEEPING !!!,0.210,0.426,42,3
2024-11-27 15:50:34,SLEEPING !!!,0.196,0.376,42,3
2024-11-27 15:50:34,SLEEPING !!!,0.246,0.375,42,3
2024-11-27 15:50:34,SLEEPING !!!,0.240,0.351,42,3
2024-11-27 15:50:34,SLEEPING !!!,0.245,0.360,42,3
2024-11-27 15:50:34,SLEEPING !!!,0.201,0.351,42,3
2024-11-27 15:50:34,SLEEPING !!!,0.236,0.350,42,3
2024-11-27 15:50:34,SLEEPING !!!,0.236,0.351,42,3
2024-11-27 15:50:34,Active,0.250,0.358,43,3
2024-11-27 15:50:34,Active,0.246,0.408,43,3
2024-11-27 15:50:34,Active,0.208,0.377,43,3
2024-11-27 15:50:34,SLEEPING !!!,0.215,0.387,43,3
2024-11-27 15:50:34,SLEEPING !!!,0.247,0.317,43,3
2024-11-27 15:50:34,SLEEPING !!!,0.207,0.355,43,3
2024-11-27 15:50:34,SLEEPING !!!,0.240,0.320,43,3
2024-11-27 15:50:34,Active,0.252,0.320,44,3
2024-11-27 15:50:34,Active,0.246,0.320,44,3
2024-11-27 15:50:34,Active,0.227,0.300,44,3
2024-11-27 15:50:34,SLEEPING !!!,0.218,0.354,44,3
2024-11-27 15:50:34,Active,0.266,0.324,45,3
2024-11-27 15:50:34,Active,0.231,0.288,45,3
2024-11-27 15:50:34,Active,0.201,0.306,45,3
2024-11-27 15:50:34,SLEEPING !!!,0.154,0.317,45,3
2024-11-27 15:50:34,SLEEPING !!!,0.153,0.339,45,3
2024-11-27 15:50:34,SLEEPING !!!,0.160,0.362,45,3
2024-11-27 15:50:35,SLEEPING !!!,0.202,0.357,45,3
2024-11-27 15:50:35,SLEEPING !!!,0.241,0.343,45,3
2024-11-27 15:50:35,Active,0.258,0.376,46,3
2024-11-27 15:50:35,Active,0.260,0.358,46,3
2024-11-27 15:50:35,Active,0.251,0.366,46,3
2024-11-27 15:50:35,Active,0.242,0.328,46,3
2024-11-27 15:50:35,Active,0.286,0.349,46,3
2024-11-27 15:50:35,Active,0.260,0.333,46,3
2024-11-27 15:50:35,Active,0.276,0.351,46,3
2024-11-27 15:50:35,Active,0.275,0.366,46,3
2024-11-27 15:50:35,Active,0.279,0.348,46,3
2024-11-27 15:50:35,Active,0.289,0.357,46,3
2024-11-27 15:50:35,Active,0.289,0.358,46,3
2024-11-27 15:50:35,Active,0.274,0.351,46,3
2024-11-27 15:50:35,Active,0.260,0.363,46,3
2024-11-27 15:50:35,Active,0.245,0.375,46,3
2024-11-27 15:50:35,Active,0.216,0.376,46,3
2024-11-27 15:50:35,SLEEPING !!!,0.169,0.400,46,3
2024-11-27 15:50:35,SLEEPING !!!,0.150,0.384,46,3
2024-11-27 15:50:35,SLEEPING !!!,0.180,0.357,46,3
2024-11-27 15:50:35,SLEEPING !!!,0.211,0.375,46,3
2024-11-27 15:50:35,SLEEPING !!!,0.237,0.409,46,3
2024-11-27 15:50:35,Active,0.260,0.419,47,3
2024-11-27 15:50:35,Active,0.270,0.371,47,3
2024-11-27 15:50:35,Active,0.270,0.379,47,3
2024-11-27 15:50:35,Active,0.226,0.375,47,3
2024-11-27 15:50:35,Active,0.171,0.405,47,3
2024-11-27 15:50:35,SLEEPING !!!,0.132,0.398,47,3
2024-11-27 15:50:35,SLEEPING !!!,0.122,0.406,47,3
2024-11-27 15:50:35,SLEEPING !!!,0.134,0.407,47,3
2024-11-27 15:50:35,SLEEPING !!!,0.151,0.394,47,3
2024-11-27 15:50:36,SLEEPING !!!,0.146,0.402,47,3
2024-11-27 15:50:36,SLEEPING !!!,0.143,0.376,47,3
2024-11-27 15:50:36,SLEEPING !!!,0.138,0.419,47,3
2024-11-27 15:50:36,SLEEPING !!!,0.189,0.411,47,3
2024-11-27 15:50:36,SLEEPING !!!,0.217,0.411,47,3
2024-11-27 15:50:36,SLEEPING !!!,0.240,0.411,47,3
2024-11-27 15:50:36,SLEEPING !!!,0.242,0.379,47,3
2024-11-27 15:50:36,Active,0.261,0.393,48,3
2024-11-27 15:50:36,Active,0.251,0.423,48,3
2024-11-27 15:50:36,Active,0.246,0.413,48,3
2024-11-27 15:50:36,Active,0.251,0.393,48,3
2024-11-27 15:50:36,Active,0.251,0.393,48,3
2024-11-27 15:50:36,Active,0.270,0.373,48,3
2024-11-27 15:50:36,Active,0.235,0.382,48,3
2024-11-27 15:50:36,Active,0.276,0.373,48,3
2024-11-27 15:50:36,Active,0.270,0.375,48,3
2024-11-27 15:50:36,Active,0.242,0.364,48,3
2024-11-27 15:50:36,Active,0.284,0.384,48,3
2024-11-27 15:50:36,Active,0.251,0.400,48,3
2024-11-27 15:50:36,Active,0.270,0.382,48,3
2024-11-27 15:50:36,Active,0.275,0.407,48,3
2024-11-27 15:50:36,Active,0.280,0.411,48,3
2024-11-27 15:50:36,Active,0.241,0.418,48,3
2024-11-27 15:50:36,Active,0.270,0.429,48,3
2024-11-27 15:50:36,Active,0.266,0.446,48,3
2024-11-27 15:50:36,Active,0.261,0.382,48,3
2024-11-27 15:50:36,Active,0.261,0.398,48,3
2024-11-27 15:50:36,Active,0.266,0.416,48,3
2024-11-27 15:50:36,Active,0.265,0.403,48,3
2024-11-27 15:50:36,Active,0.266,0.375,48,3
2024-11-27 15:50:37,Active,0.232,0.410,48,3
2024-11-27 15:50:37,Active,0.152,0.375,48,3
2024-11-27 15:50:37,SLEEPING !!!,0.137,0.380,48,3
2024-11-27 15:50:37,SLEEPING !!!,0.135,0.390,48,3
2024-11-27 15:50:37,SLEEPING !!!,0.139,0.361,48,3
2024-11-27 15:50:37,SLEEPING !!!,0.211,0.389,48,3
2024-11-27 15:50:37,SLEEPING !!!,0.240,0.380,48,3
2024-11-27 15:50:37,SLEEPING !!!,0.225,0.365,48,3
2024-11-27 15:50:37,Active,0.266,0.396,49,3
2024-11-27 15:50:37,Active,0.250,0.382,49,3
2024-11-27 15:50:37,Active,0.271,0.380,49,3
2024-11-27 15:50:37,Active,0.256,0.398,49,3
2024-11-27 15:50:37,Active,0.277,0.427,49,3
2024-11-27 15:50:37,Active,0.270,0.429,49,3
2024-11-27 15:50:37,Active,0.256,0.415,49,3
2024-11-27 15:50:37,Active,0.207,0.407,49,3
2024-11-27 15:50:37,Active,0.236,0.390,49,3
2024-11-27 15:50:37,Active,0.280,0.400,49,3
2024-11-27 15:50:37,Active,0.246,0.433,49,3
2024-11-27 15:50:37,Active,0.236,0.398,49,3
2024-11-27 15:50:37,Active,0.281,0.382,49,3
2024-11-27 15:50:37,Active,0.240,0.361,49,3
2024-11-27 15:50:37,Active,0.281,0.396,49,3
2024-11-27 15:50:37,Active,0.251,0.358,49,3
2024-11-27 15:50:37,Active,0.255,0.388,49,3
2024-11-27 15:50:37,Active,0.239,0.359,49,3
2024-11-27 15:50:37,Active,0.230,0.393,49,3
2024-11-27 15:50:37,Active,0.266,0.363,49,3
2024-11-27 15:50:37,Active,0.256,0.380,49,3
2024-11-27 15:50:37,Active,0.255,0.400,49,3
2024-11-27 15:50:38,Active,0.267,0.408,49,3
2024-11-27 15:50:38,Active,0.266,0.398,49,3
2024-11-27 15:50:38,Active,0.240,0.400,49,3
2024-11-27 15:50:38,Active,0.246,0.408,49,3
2024-11-27 15:50:38,SLEEPING !!!,0.240,0.406,49,3
2024-11-27 15:50:38,Active,0.283,0.347,50,3
2024-11-27 15:50:38,Active,0.266,0.361,50,3
2024-11-27 15:50:38,Active,0.256,0.351,50,3
2024-11-27 15:50:38,Active,0.271,0.357,50,3
2024-11-27 15:50:38,Active,0.273,0.378,50,3
2024-11-27 15:50:38,Active,0.233,0.388,50,3
2024-11-27 15:50:38,Active,0.262,0.368,50,3
2024-11-27 15:50:38,Active,0.274,0.354,50,3
2024-11-27 15:50:38,Active,0.233,0.378,50,3
2024-11-27 15:50:38,Active,0.265,0.387,50,3
2024-11-27 15:50:38,Active,0.245,0.375,50,3
2024-11-27 15:50:38,Active,0.251,0.379,50,3
2024-11-27 15:50:38,Active,0.267,0.368,50,3
2024-11-27 15:50:38,Active,0.268,0.378,50,3
2024-11-27 15:50:38,Active,0.277,0.367,50,3
2024-11-27 15:50:38,Active,0.282,0.375,50,3
2024-11-27 15:50:38,Active,0.282,0.337,50,3
2024-11-27 15:50:38,Active,0.289,0.358,50,3
2024-11-27 15:50:38,Active,0.267,0.375,50,3
2024-11-27 15:50:38,Active,0.271,0.360,50,3
2024-11-27 15:50:38,Active,0.282,0.368,50,3
2024-11-27 15:50:38,Active,0.246,0.370,50,3
2024-11-27 15:50:38,Active,0.255,0.340,50,3
2024-11-27 15:50:39,Active,0.267,0.330,50,3
2024-11-27 15:50:39,Active,0.240,0.347,50,3
2024-11-27 15:50:39,Active,0.282,0.360,50,3
2024-11-27 15:50:39,Active,0.262,0.350,50,3
2024-11-27 15:50:39,Active,0.279,0.357,50,3
2024-11-27 15:50:39,Active,0.251,0.330,50,3
2024-11-27 15:50:39,Active,0.276,0.338,50,3
2024-11-27 15:50:39,Active,0.271,0.328,50,3
2024-11-27 15:50:39,Active,0.263,0.361,50,3
2024-11-27 15:50:39,Active,0.282,0.337,50,3
2024-11-27 15:50:39,Active,0.279,0.325,50,3
2024-11-27 15:50:39,Active,0.322,0.341,50,3
2024-11-27 15:50:39,Active,0.336,0.345,50,3
2024-11-27 15:50:39,Active,0.309,0.333,50,3
2024-11-27 15:50:39,Active,0.316,0.297,50,3
2024-11-27 15:50:39,Active,0.324,0.345,50,3
2024-11-27 15:50:39,Active,0.325,0.316,50,3
2024-11-27 15:50:39,Active,0.336,0.362,50,3
2024-11-27 15:50:39,Active,0.313,0.340,50,3
2024-11-27 15:50:39,Active,0.334,0.327,50,3
2024-11-27 15:50:39,Active,0.320,0.320,50,3
2024-11-27 15:50:39,Active,0.289,0.348,50,3
2024-11-27 15:50:39,Active,0.239,0.343,50,3
2024-11-27 15:50:39,Active,0.157,0.335,50,3
2024-11-27 15:50:39,SLEEPING !!!,0.164,0.323,50,3
2024-11-27 15:50:39,Active,0.251,0.339,51,3
2024-11-27 15:50:39,Active,0.263,0.331,51,3
2024-11-27 15:50:39,Active,0.298,0.313,51,3
2024-11-27 15:50:39,Active,0.325,0.347,51,3
2024-11-27 15:50:39,Active,0.308,0.357,51,3
2024-11-27 15:50:40,Active,0.304,0.308,51,3
2024-11-27 15:50:40,Active,0.330,0.307,51,3
2024-11-27 15:50:40,Active,0.323,0.341,51,3
2024-11-27 15:50:40,Active,0.321,0.348,51,3
2024-11-27 15:50:40,Active,0.318,0.337,51,3
2024-11-27 15:50:40,Active,0.308,0.356,51,3
2024-11-27 15:50:40,Active,0.309,0.348,51,3
2024-11-27 15:50:40,Active,0.298,0.337,51,3
2024-11-27 15:50:40,Active,0.315,0.307,51,3
2024-11-27 15:50:40,Active,0.311,0.344,51,3
2024-11-27 15:50:40,Active,0.208,0.317,51,3
2024-11-27 15:50:40,Active,0.132,0.327,51,3
2024-11-27 15:50:40,SLEEPING !!!,0.098,0.323,51,3
2024-11-27 15:50:40,SLEEPING !!!,0.175,0.307,51,3
2024-11-27 15:50:40,SLEEPING !!!,0.225,0.327,51,3
2024-11-27 15:50:40,Active,0.258,0.351,52,3
2024-11-27 15:50:40,Active,0.290,0.367,52,3
2024-11-27 15:50:40,Active,0.322,0.377,52,3
2024-11-27 15:50:40,Active,0.343,0.340,52,3
2024-11-27 15:50:40,Active,0.355,0.353,52,3
2024-11-27 15:50:40,Active,0.346,0.370,52,3
2024-11-27 15:50:40,Active,0.353,0.360,52,3
2024-11-27 15:50:40,Active,0.336,0.363,52,3
2024-11-27 15:50:40,Active,0.341,0.373,52,3
2024-11-27 15:50:40,Active,0.337,0.363,52,3
2024-11-27 15:50:40,Active,0.316,0.376,52,3
2024-11-27 15:50:40,Active,0.345,0.373,52,3
2024-11-27 15:50:40,Active,0.323,0.383,52,3
2024-11-27 15:50:40,Active,0.327,0.364,52,3
2024-11-27 15:50:40,Active,0.345,0.373,52,3
2024-11-27 15:50:41,Active,0.310,0.380,52,3
2024-11-27 15:50:41,Active,0.318,0.380,52,3
2024-11-27 15:50:41,Active,0.295,0.356,52,3
2024-11-27 15:50:41,Active,0.316,0.392,52,3
2024-11-27 15:50:41,Active,0.305,0.373,52,3
2024-11-27 15:50:41,Active,0.335,0.392,52,3
2024-11-27 15:50:41,Active,0.323,0.356,52,3
2024-11-27 15:50:41,Active,0.314,0.365,52,3
2024-11-27 15:50:41,Active,0.318,0.372,52,3
2024-11-27 15:50:41,Active,0.337,0.363,52,3
2024-11-27 15:50:41,Active,0.333,0.380,52,3
2024-11-27 15:50:41,Active,0.318,0.420,52,3
2024-11-27 15:50:41,Active,0.344,0.373,52,3
2024-11-27 15:50:41,Active,0.333,0.380,52,3
2024-11-27 15:50:41,Active,0.345,0.420,52,3
2024-11-27 15:50:41,Active,0.334,0.392,52,3
2024-11-27 15:50:41,Active,0.347,0.392,52,3
2024-11-27 15:50:41,Active,0.326,0.383,52,3
2024-11-27 15:50:41,Active,0.321,0.410,52,3
2024-11-27 15:50:41,Active,0.343,0.402,52,3
2024-11-27 15:50:41,Active,0.321,0.439,52,3
2024-11-27 15:50:41,Active,0.331,0.439,52,3
2024-11-27 15:50:41,Active,0.344,0.382,52,3
2024-11-27 15:50:41,Active,0.340,0.420,52,3
2024-11-27 15:50:41,Active,0.294,0.440,52,3
2024-11-27 15:50:41,Active,0.324,0.440,52,3
2024-11-27 15:50:41,Active,0.322,0.430,52,3
2024-11-27 15:50:41,Active,0.298,0.440,52,3
2024-11-27 15:50:41,Active,0.359,0.390,52,3
2024-11-27 15:50:41,Active,0.340,0.420,52,3
2024-11-27 15:50:42,Active,0.354,0.431,52,3
2024-11-27 15:50:42,Active,0.357,0.422,52,3
2024-11-27 15:50:42,Active,0.354,0.449,52,3
2024-11-27 15:50:42,Active,0.340,0.461,52,3
2024-11-27 15:50:42,Active,0.357,0.490,52,3
2024-11-27 15:50:42,Active,0.359,0.500,52,3
2024-11-27 15:50:42,Active,0.367,0.511,52,3
2024-11-27 15:50:42,Active,0.399,0.490,52,3
2024-11-27 15:50:42,Active,0.392,0.521,52,3
2024-11-27 15:50:42,Active,0.344,0.531,52,3
2024-11-27 15:50:42,Active,0.368,0.571,52,3
2024-11-27 15:50:42,Active,0.360,0.592,52,3
2024-11-27 15:50:42,Active,0.328,0.564,52,3
2024-11-27 15:50:42,Active,0.318,0.564,52,3
2024-11-27 15:50:42,Active,0.331,0.563,52,3
2024-11-27 15:50:42,Active,0.301,0.542,52,3
2024-11-27 15:50:42,Active,0.314,0.575,52,3
2024-11-27 15:50:42,Active,0.322,0.575,52,3
2024-11-27 15:50:42,Active,0.323,0.628,52,3
2024-11-27 15:50:42,Active,0.340,0.631,52,3
2024-11-27 15:50:42,Active,0.324,0.663,52,3
2024-11-27 15:50:42,Active,0.314,0.617,52,3
2024-11-27 15:50:42,Active,0.320,0.681,52,3
2024-11-27 15:50:42,Active,0.328,0.670,52,3
2024-11-27 15:50:42,Active,0.296,0.681,52,3
2024-11-27 15:50:42,Active,0.320,0.716,52,3
2024-11-27 15:50:42,Active,0.330,0.696,52,3
2024-11-27 15:50:42,Active,0.310,0.648,52,3
2024-11-27 15:50:42,Active,0.320,0.723,52,3
2024-11-27 15:50:42,Active,0.311,0.745,52,3
2024-11-27 15:50:43,Active,0.343,0.795,52,3
2024-11-27 15:50:43,Active,0.317,0.706,52,3
2024-11-27 15:50:43,Yawning !,0.310,0.734,52,4
2024-11-27 15:50:43,Active,0.341,0.718,52,4
2024-11-27 15:50:43,Active,0.343,0.771,52,4
2024-11-27 15:50:43,Active,0.321,0.778,52,4
2024-11-27 15:50:43,Active,0.321,0.723,52,4
2024-11-27 15:50:43,Active,0.320,0.778,52,4
2024-11-27 15:50:43,Active,0.321,0.750,52,4
2024-11-27 15:50:43,Active,0.328,0.717,52,4
2024-11-27 15:50:43,Active,0.337,0.739,52,4
2024-11-27 15:50:43,Active,0.217,0.755,52,4
2024-11-27 15:50:43,Active,0.143,0.717,52,4
2024-11-27 15:50:43,SLEEPING !!!,0.125,0.685,52,4
2024-11-27 15:50:43,SLEEPING !!!,0.139,0.778,52,4
2024-11-27 15:50:43,SLEEPING !!!,0.175,0.778,52,4
2024-11-27 15:50:43,SLEEPING !!!,0.202,0.745,52,4
2024-11-27 15:50:43,SLEEPING !!!,0.224,0.755,52,4
2024-11-27 15:50:43,Active,0.261,0.664,53,4
2024-11-27 15:50:43,Active,0.293,0.756,53,4
2024-11-27 15:50:43,Active,0.278,0.756,53,4
2024-11-27 15:50:43,Active,0.292,0.733,53,4
2024-11-27 15:50:43,Active,0.255,0.696,53,4
2024-11-27 15:50:43,Active,0.277,0.706,53,4
2024-11-27 15:50:43,Active,0.287,0.711,53,4
2024-11-27 15:50:43,Active,0.291,0.702,53,4
2024-11-27 15:50:43,Active,0.281,0.685,53,4
2024-11-27 15:50:43,Active,0.286,0.696,53,4
2024-11-27 15:50:43,Active,0.286,0.681,53,4
2024-11-27 15:50:43,Active,0.286,0.702,53,4
2024-11-27 15:50:44,Active,0.306,0.696,53,4
2024-11-27 15:50:44,Active,0.260,0.677,53,4
2024-11-27 15:50:44,Active,0.267,0.663,53,4
2024-11-27 15:50:44,Active,0.292,0.723,53,4
2024-11-27 15:50:44,Active,0.286,0.692,53,4
2024-11-27 15:50:44,Active,0.286,0.701,53,4
2024-11-27 15:50:44,Active,0.262,0.681,53,4
2024-11-27 15:50:44,Active,0.271,0.688,53,4
2024-11-27 15:50:44,Active,0.261,0.654,53,4
2024-11-27 15:50:44,Active,0.250,0.643,53,4
2024-11-27 15:50:44,Active,0.187,0.653,53,4
2024-11-27 15:50:44,SLEEPING !!!,0.174,0.579,53,4
2024-11-27 15:50:44,SLEEPING !!!,0.146,0.568,53,4
2024-11-27 15:50:44,SLEEPING !!!,0.166,0.511,53,4
2024-11-27 15:50:44,SLEEPING !!!,0.168,0.482,53,4
2024-11-27 15:50:44,SLEEPING !!!,0.119,0.492,53,4
2024-11-27 15:50:44,SLEEPING !!!,0.128,0.482,53,4
2024-11-27 15:50:44,SLEEPING !!!,0.154,0.439,53,4
2024-11-27 15:50:44,SLEEPING !!!,0.144,0.439,53,4
2024-11-27 15:50:44,SLEEPING !!!,0.156,0.491,53,4
2024-11-27 15:50:44,SLEEPING !!!,0.175,0.371,53,4
2024-11-27 15:50:44,SLEEPING !!!,0.170,0.484,53,4
2024-11-27 15:50:44,SLEEPING !!!,0.198,0.343,53,4
2024-11-27 15:50:44,SLEEPING !!!,0.189,0.384,53,4
2024-11-27 15:50:44,SLEEPING !!!,0.219,0.296,53,4
2024-11-27 15:50:44,SLEEPING !!!,0.179,0.382,53,4
2024-11-27 15:50:44,SLEEPING !!!,0.176,0.439,53,4
2024-11-27 15:50:44,SLEEPING !!!,0.169,0.475,53,4
2024-11-27 15:50:44,SLEEPING !!!,0.170,0.492,53,4
2024-11-27 15:50:44,SLEEPING !!!,0.170,0.483,53,4
2024-11-27 15:50:45,SLEEPING !!!,0.183,0.450,53,4
2024-11-27 15:50:45,SLEEPING !!!,0.140,0.449,53,4
2024-11-27 15:50:45,SLEEPING !!!,0.184,0.466,53,4
2024-11-27 15:50:45,SLEEPING !!!,0.164,0.450,53,4
2024-11-27 15:50:45,SLEEPING !!!,0.184,0.475,53,4
2024-11-27 15:50:45,SLEEPING !!!,0.200,0.278,53,4
2024-11-27 15:50:45,SLEEPING !!!,0.211,0.321,53,4
2024-11-27 15:50:45,SLEEPING !!!,0.212,0.394,53,4
2024-11-27 15:50:45,SLEEPING !!!,0.228,0.337,53,4
2024-11-27 15:50:45,SLEEPING !!!,0.227,0.302,53,4
2024-11-27 15:50:45,SLEEPING !!!,0.222,0.348,53,4
2024-11-27 15:50:45,SLEEPING !!!,0.203,0.297,53,4
2024-11-27 15:50:45,SLEEPING !!!,0.172,0.302,53,4
2024-11-27 15:50:45,SLEEPING !!!,0.110,0.302,53,4
2024-11-27 15:50:45,SLEEPING !!!,0.096,0.380,53,4
2024-11-27 15:50:45,SLEEPING !!!,0.104,0.279,53,4
2024-11-27 15:50:45,SLEEPING !!!,0.180,0.216,53,4
2024-11-27 15:50:45,SLEEPING !!!,0.211,0.255,53,4
2024-11-27 15:50:45,SLEEPING !!!,0.171,0.330,53,4
2024-11-27 15:50:45,SLEEPING !!!,0.185,0.343,53,4
2024-11-27 15:50:45,SLEEPING !!!,0.196,0.353,53,4
2024-11-27 15:50:45,SLEEPING !!!,0.196,0.346,53,4
2024-11-27 15:50:45,SLEEPING !!!,0.241,0.343,53,4
2024-11-27 15:50:45,SLEEPING !!!,0.228,0.333,53,4
2024-11-27 15:50:45,SLEEPING !!!,0.218,0.337,53,4
2024-11-27 15:50:45,SLEEPING !!!,0.194,0.353,53,4
2024-11-27 15:50:45,SLEEPING !!!,0.239,0.375,53,4
2024-11-27 15:50:46,SLEEPING !!!,0.216,0.377,53,4
2024-11-27 15:50:46,Active,0.262,0.392,54,4
2024-11-27 15:50:46,Active,0.211,0.402,54,4
2024-11-27 15:50:46,Active,0.229,0.412,54,4
2024-11-27 15:50:46,SLEEPING !!!,0.228,0.415,54,4
2024-11-27 15:50:46,SLEEPING !!!,0.228,0.383,54,4
2024-11-27 15:50:46,Active,0.263,0.390,55,4
2024-11-27 15:50:46,Active,0.245,0.402,55,4
2024-11-27 15:50:46,Active,0.261,0.402,55,4
2024-11-27 15:50:46,Active,0.268,0.405,55,4
2024-11-27 15:50:46,Active,0.241,0.371,55,4
2024-11-27 15:50:46,Active,0.262,0.363,55,4
2024-11-27 15:50:46,Active,0.212,0.348,55,4
2024-11-27 15:50:46,Active,0.174,0.348,55,4
2024-11-27 15:50:46,SLEEPING !!!,0.186,0.327,55,4
2024-11-27 15:50:46,SLEEPING !!!,0.185,0.345,55,4
2024-11-27 15:50:46,SLEEPING !!!,0.199,0.345,55,4
2024-11-27 15:50:46,SLEEPING !!!,0.184,0.279,55,4
2024-11-27 15:50:46,SLEEPING !!!,0.195,0.313,55,4
2024-11-27 15:50:46,SLEEPING !!!,0.220,0.306,55,4
2024-11-27 15:50:46,SLEEPING !!!,0.210,0.303,55,4
2024-11-27 15:50:46,SLEEPING !!!,0.151,0.291,55,4
2024-11-27 15:50:46,SLEEPING !!!,0.216,0.328,55,4
2024-11-27 15:50:46,SLEEPING !!!,0.156,0.347,55,4
2024-11-27 15:50:46,SLEEPING !!!,0.176,0.296,55,4
2024-11-27 15:50:46,SLEEPING !!!,0.224,0.344,55,4
2024-11-27 15:50:46,SLEEPING !!!,0.223,0.354,55,4
2024-11-27 15:50:46,SLEEPING !!!,0.181,0.346,55,4
2024-11-27 15:50:46,SLEEPING !!!,0.219,0.335,55,4
2024-11-27 15:50:46,SLEEPING !!!,0.246,0.343,55,4
2024-11-27 15:50:47,SLEEPING !!!,0.246,0.334,55,4
2024-11-27 15:50:47,SLEEPING !!!,0.229,0.347,55,4
2024-11-27 15:50:47,SLEEPING !!!,0.240,0.328,55,4
2024-11-27 15:50:47,Active,0.260,0.334,56,4
2024-11-27 15:50:47,Active,0.232,0.337,56,4
2024-11-27 15:50:47,Active,0.261,0.325,56,4
2024-11-27 15:50:47,Active,0.219,0.316,56,4
2024-11-27 15:50:47,Active,0.266,0.366,56,4
2024-11-27 15:50:47,Active,0.266,0.359,56,4
2024-11-27 15:50:47,Active,0.229,0.346,56,4
2024-11-27 15:50:47,Active,0.244,0.363,56,4
2024-11-27 15:50:47,SLEEPING !!!,0.240,0.346,56,4
2024-11-27 15:50:47,SLEEPING !!!,0.229,0.365,56,4
2024-11-27 15:50:47,Active,0.262,0.359,57,4
2024-11-27 15:50:47,Active,0.246,0.365,57,4
2024-11-27 15:50:47,Active,0.272,0.346,57,4
2024-11-27 15:50:47,Active,0.255,0.369,57,4
2024-11-27 15:50:47,Active,0.252,0.354,57,4
2024-11-27 15:50:47,Active,0.255,0.360,57,4
2024-11-27 15:50:47,Active,0.246,0.371,57,4
2024-11-27 15:50:47,Active,0.276,0.393,57,4
2024-11-27 15:50:47,Active,0.230,0.355,57,4
2024-11-27 15:50:47,Active,0.255,0.376,57,4
2024-11-27 15:50:47,Active,0.266,0.371,57,4
2024-11-27 15:50:47,Active,0.256,0.344,57,4
2024-11-27 15:50:47,Active,0.245,0.370,57,4
2024-11-27 15:50:47,Active,0.231,0.370,57,4
2024-11-27 15:50:47,Active,0.261,0.378,57,4
2024-11-27 15:50:47,Active,0.205,0.372,57,4
2024-11-27 15:50:47,Active,0.245,0.353,57,4
2024-11-27 15:50:48,SLEEPING !!!,0.246,0.370,57,4
2024-11-27 15:50:48,SLEEPING !!!,0.234,0.390,57,4
2024-11-27 15:50:48,SLEEPING !!!,0.248,0.385,57,4
2024-11-27 15:50:48,SLEEPING !!!,0.225,0.371,57,4
2024-11-27 15:50:48,SLEEPING !!!,0.223,0.362,57,4
2024-11-27 15:50:48,SLEEPING !!!,0.220,0.363,57,4
2024-11-27 15:50:48,SLEEPING !!!,0.189,0.370,57,4
2024-11-27 15:50:48,SLEEPING !!!,0.199,0.371,57,4
2024-11-27 15:50:48,SLEEPING !!!,0.144,0.376,57,4
2024-11-27 15:50:48,SLEEPING !!!,0.147,0.366,57,4
2024-11-27 15:50:48,SLEEPING !!!,0.164,0.376,57,4
2024-11-27 15:50:48,SLEEPING !!!,0.188,0.377,57,4
2024-11-27 15:50:48,SLEEPING !!!,0.173,0.393,57,4
2024-11-27 15:50:48,SLEEPING !!!,0.187,0.400,57,4
2024-11-27 15:50:48,SLEEPING !!!,0.205,0.389,57,4
2024-11-27 15:50:48,SLEEPING !!!,0.215,0.347,57,4
2024-11-27 15:50:48,SLEEPING !!!,0.208,0.366,57,4
2024-11-27 15:50:48,SLEEPING !!!,0.226,0.396,57,4
2024-11-27 15:50:48,SLEEPING !!!,0.206,0.352,57,4
2024-11-27 15:50:48,SLEEPING !!!,0.205,0.358,57,4
2024-11-27 15:50:48,SLEEPING !!!,0.230,0.355,57,4
2024-11-27 15:50:48,SLEEPING !!!,0.217,0.362,57,4
2024-11-27 15:50:48,SLEEPING !!!,0.231,0.371,57,4
2024-11-27 15:50:48,SLEEPING !!!,0.250,0.372,57,4
2024-11-27 15:50:48,SLEEPING !!!,0.217,0.378,57,4
2024-11-27 15:50:48,SLEEPING !!!,0.207,0.334,57,4
2024-11-27 15:50:48,SLEEPING !!!,0.240,0.346,57,4
2024-11-27 15:50:48,SLEEPING !!!,0.240,0.369,57,4
2024-11-27 15:50:48,SLEEPING !!!,0.232,0.362,57,4
2024-11-27 15:50:48,SLEEPING !!!,0.235,0.353,57,4
2024-11-27 15:50:48,Active,0.261,0.331,58,4
2024-11-27 15:50:49,Active,0.254,0.326,58,4
2024-11-27 15:50:49,Active,0.254,0.327,58,4
2024-11-27 15:50:49,Active,0.251,0.324,58,4
2024-11-27 15:50:49,Active,0.260,0.319,58,4
2024-11-27 15:50:49,Active,0.255,0.327,58,4
2024-11-27 15:50:49,Active,0.260,0.349,58,4
2024-11-27 15:50:49,Active,0.249,0.339,58,4
2024-11-27 15:50:49,Active,0.243,0.304,58,4
2024-11-27 15:50:49,SLEEPING !!!,0.233,0.319,58,4
2024-11-27 15:50:49,SLEEPING !!!,0.250,0.313,58,4
2024-11-27 15:50:49,Active,0.260,0.313,59,4
2024-11-27 15:50:49,Active,0.242,0.296,59,4
2024-11-27 15:50:49,Active,0.268,0.314,59,4
2024-11-27 15:50:49,Active,0.254,0.307,59,4
2024-11-27 15:50:49,Active,0.265,0.343,59,4
2024-11-27 15:50:49,Active,0.256,0.322,59,4
2024-11-27 15:50:49,Active,0.267,0.317,59,4
2024-11-27 15:50:49,Active,0.262,0.304,59,4
2024-11-27 15:50:49,Active,0.253,0.309,59,4
2024-11-27 15:50:49,Active,0.254,0.304,59,4
2024-11-27 15:50:49,Active,0.261,0.328,59,4
2024-11-27 15:50:49,Active,0.255,0.302,59,4
2024-11-27 15:50:49,Active,0.235,0.311,59,4
2024-11-27 15:50:49,Active,0.274,0.346,59,4
2024-11-27 15:50:49,Active,0.281,0.343,59,4
2024-11-27 15:50:49,Active,0.244,0.343,59,4
2024-11-27 15:50:49,Active,0.238,0.336,59,4
2024-11-27 15:50:49,Active,0.257,0.327,59,4
2024-11-27 15:50:49,Active,0.264,0.346,59,4
2024-11-27 15:50:49,Active,0.244,0.330,59,4
2024-11-27 15:50:50,Active,0.245,0.308,59,4
2024-11-27 15:50:50,Active,0.264,0.346,59,4
2024-11-27 15:50:50,Active,0.255,0.353,59,4
2024-11-27 15:50:50,Active,0.247,0.328,59,4
2024-11-27 15:50:50,Active,0.274,0.337,59,4
2024-11-27 15:50:50,Active,0.267,0.341,59,4
2024-11-27 15:50:50,Active,0.257,0.311,59,4
2024-11-27 15:50:50,Active,0.260,0.311,59,4
2024-11-27 15:50:50,Active,0.236,0.326,59,4
2024-11-27 15:50:50,Active,0.250,0.346,59,4
2024-11-27 15:50:50,Active,0.255,0.321,59,4
2024-11-27 15:50:50,Active,0.250,0.349,59,4
2024-11-27 15:50:50,Active,0.254,0.333,59,4
2024-11-27 15:50:50,Active,0.261,0.352,59,4
2024-11-27 15:50:50,Active,0.251,0.313,59,4
2024-11-27 15:50:50,Active,0.240,0.346,59,4
2024-11-27 15:50:50,Active,0.241,0.315,59,4
2024-11-27 15:50:50,SLEEPING !!!,0.243,0.291,59,4
2024-11-27 15:50:50,Active,0.265,0.311,60,4
2024-11-27 15:50:50,Active,0.255,0.294,60,4
2024-11-27 15:50:50,Active,0.255,0.300,60,4
2024-11-27 15:50:50,Active,0.250,0.373,60,4
2024-11-27 15:50:50,Active,0.244,0.337,60,4
2024-11-27 15:50:50,Active,0.241,0.353,60,4
2024-11-27 15:50:50,Active,0.255,0.352,60,4
2024-11-27 15:50:50,Active,0.245,0.339,60,4
2024-11-27 15:50:50,Active,0.241,0.334,60,4
2024-11-27 15:50:50,Active,0.264,0.383,60,4
2024-11-27 15:50:50,Active,0.246,0.359,60,4
2024-11-27 15:50:50,Active,0.264,0.364,60,4
2024-11-27 15:50:51,Active,0.255,0.364,60,4
2024-11-27 15:50:51,Active,0.236,0.348,60,4
2024-11-27 15:50:51,Active,0.260,0.341,60,4
2024-11-27 15:50:51,Active,0.250,0.353,60,4
2024-11-27 15:50:51,Active,0.255,0.352,60,4
2024-11-27 15:50:51,Active,0.236,0.337,60,4
2024-11-27 15:50:51,Active,0.227,0.331,60,4
2024-11-27 15:50:51,SLEEPING !!!,0.246,0.346,60,4
2024-11-27 15:50:51,SLEEPING !!!,0.240,0.321,60,4
2024-11-27 15:50:51,SLEEPING !!!,0.246,0.327,60,4
2024-11-27 15:50:51,SLEEPING !!!,0.241,0.316,60,4
2024-11-27 15:50:51,SLEEPING !!!,0.242,0.316,60,4
2024-11-27 15:50:51,SLEEPING !!!,0.237,0.314,60,4
2024-11-27 15:50:51,SLEEPING !!!,0.246,0.280,60,4
2024-11-27 15:50:51,SLEEPING !!!,0.236,0.306,60,4
2024-11-27 15:50:51,Active,0.250,0.287,61,4
2024-11-27 15:50:51,Active,0.260,0.286,61,4
2024-11-27 15:50:51,Active,0.227,0.291,61,4
2024-11-27 15:50:51,Active,0.223,0.304,61,4
2024-11-27 15:50:51,SLEEPING !!!,0.241,0.310,61,4
2024-11-27 15:50:51,SLEEPING !!!,0.237,0.290,61,4
2024-11-27 15:50:51,SLEEPING !!!,0.235,0.306,61,4
2024-11-27 15:50:51,SLEEPING !!!,0.204,0.308,61,4
2024-11-27 15:50:51,SLEEPING !!!,0.150,0.316,61,4
2024-11-27 15:50:51,SLEEPING !!!,0.179,0.306,61,4
2024-11-27 15:50:51,SLEEPING !!!,0.183,0.310,61,4
2024-11-27 15:50:51,SLEEPING !!!,0.192,0.297,61,4
2024-11-27 15:50:51,SLEEPING !!!,0.207,0.313,61,4
2024-11-27 15:50:51,SLEEPING !!!,0.216,0.310,61,4
2024-11-27 15:50:51,SLEEPING !!!,0.235,0.321,61,4
2024-11-27 15:50:52,SLEEPING !!!,0.215,0.293,61,4
2024-11-27 15:50:52,SLEEPING !!!,0.216,0.325,61,4
2024-11-27 15:50:52,SLEEPING !!!,0.235,0.325,61,4
2024-11-27 15:50:52,SLEEPING !!!,0.236,0.298,61,4
2024-11-27 15:50:52,SLEEPING !!!,0.216,0.306,61,4
2024-11-27 15:50:52,SLEEPING !!!,0.214,0.316,61,4
2024-11-27 15:50:52,SLEEPING !!!,0.216,0.308,61,4
2024-11-27 15:50:52,SLEEPING !!!,0.205,0.310,61,4
2024-11-27 15:50:52,SLEEPING !!!,0.212,0.326,61,4
2024-11-27 15:50:52,SLEEPING !!!,0.153,0.319,61,4
2024-11-27 15:50:52,SLEEPING !!!,0.154,0.317,61,4
2024-11-27 15:50:52,SLEEPING !!!,0.144,0.338,61,4
2024-11-27 15:50:52,SLEEPING !!!,0.171,0.331,61,4
2024-11-27 15:50:52,SLEEPING !!!,0.177,0.320,61,4
2024-11-27 15:50:52,SLEEPING !!!,0.206,0.296,61,4
2024-11-27 15:50:52,SLEEPING !!!,0.211,0.301,61,4
2024-11-27 15:50:52,SLEEPING !!!,0.205,0.327,61,4
2024-11-27 15:50:52,SLEEPING !!!,0.226,0.320,61,4
2024-11-27 15:50:52,SLEEPING !!!,0.240,0.328,61,4
2024-11-27 15:50:52,SLEEPING !!!,0.236,0.308,61,4
2024-11-27 15:50:52,SLEEPING !!!,0.236,0.322,61,4
2024-11-27 15:50:52,Active,0.285,0.316,62,4
2024-11-27 15:50:52,Active,0.299,0.329,62,4
2024-11-27 15:50:52,Active,0.312,0.329,62,4
2024-11-27 15:50:52,Active,0.307,0.311,62,4
2024-11-27 15:50:53,Active,0.301,0.352,62,4
2024-11-27 15:50:53,Active,0.334,0.329,62,4
2024-11-27 15:50:53,Active,0.312,0.328,62,4
2024-11-27 15:50:53,Active,0.311,0.317,62,4
2024-11-27 15:50:53,Active,0.311,0.325,62,4
2024-11-27 15:50:53,Active,0.298,0.340,62,4
2024-11-27 15:50:53,Active,0.307,0.344,62,4
2024-11-27 15:50:53,Active,0.283,0.336,62,4
2024-11-27 15:50:53,Active,0.313,0.324,62,4
2024-11-27 15:50:53,Active,0.235,0.316,62,4
2024-11-27 15:50:53,Active,0.135,0.339,62,4
2024-11-27 15:50:53,SLEEPING !!!,0.135,0.327,62,4
2024-11-27 15:50:53,SLEEPING !!!,0.187,0.328,62,4
2024-11-27 15:50:53,SLEEPING !!!,0.216,0.328,62,4
2024-11-27 15:50:53,SLEEPING !!!,0.224,0.345,62,4
2024-11-27 15:50:53,SLEEPING !!!,0.247,0.344,62,4
2024-11-27 15:50:53,Active,0.279,0.346,63,4
2024-11-27 15:50:53,Active,0.285,0.335,63,4
2024-11-27 15:50:53,Active,0.271,0.352,63,4
2024-11-27 15:50:53,Active,0.280,0.356,63,4
2024-11-27 15:50:53,Active,0.282,0.353,63,4
2024-11-27 15:50:53,Active,0.281,0.392,63,4
2024-11-27 15:50:53,Active,0.281,0.350,63,4
2024-11-27 15:50:53,Active,0.276,0.349,63,4
2024-11-27 15:50:53,Active,0.284,0.340,63,4
2024-11-27 15:50:53,Active,0.279,0.337,63,4
2024-11-27 15:50:53,Active,0.301,0.385,63,4
2024-11-27 15:50:53,Active,0.271,0.366,63,4
2024-11-27 15:50:54,Active,0.294,0.346,63,4
2024-11-27 15:50:54,Active,0.310,0.346,63,4
2024-11-27 15:50:54,Active,0.315,0.404,63,4
2024-11-27 15:50:54,Active,0.281,0.365,63,4
2024-11-27 15:50:54,Active,0.250,0.369,63,4
2024-11-27 15:50:54,Active,0.245,0.347,63,4
2024-11-27 15:50:54,Active,0.226,0.325,63,4
2024-11-27 15:50:54,SLEEPING !!!,0.171,0.359,63,4
2024-11-27 15:50:54,SLEEPING !!!,0.146,0.352,63,4
2024-11-27 15:50:54,SLEEPING !!!,0.169,0.385,63,4
2024-11-27 15:50:54,SLEEPING !!!,0.191,0.375,63,4
2024-11-27 15:50:54,SLEEPING !!!,0.201,0.354,63,4
2024-11-27 15:50:54,SLEEPING !!!,0.235,0.346,63,4
2024-11-27 15:50:54,SLEEPING !!!,0.221,0.373,63,4
2024-11-27 15:50:54,Active,0.256,0.353,64,4
2024-11-27 15:50:54,Active,0.224,0.361,64,4
2024-11-27 15:50:54,Active,0.236,0.407,64,4
2024-11-27 15:50:54,SLEEPING !!!,0.246,0.371,64,4
2024-11-27 15:50:54,SLEEPING !!!,0.246,0.389,64,4
2024-11-27 15:50:54,SLEEPING !!!,0.231,0.371,64,4
2024-11-27 15:50:54,SLEEPING !!!,0.216,0.328,64,4
2024-11-27 15:50:54,SLEEPING !!!,0.215,0.315,64,4
2024-11-27 15:50:54,SLEEPING !!!,0.225,0.334,64,4
2024-11-27 15:50:54,SLEEPING !!!,0.143,0.394,64,4
2024-11-27 15:50:54,SLEEPING !!!,0.125,0.368,64,4
2024-11-27 15:50:54,SLEEPING !!!,0.120,0.352,64,4
2024-11-27 15:50:54,SLEEPING !!!,0.170,0.372,64,4
2024-11-27 15:50:54,SLEEPING !!!,0.210,0.353,64,4
2024-11-27 15:50:54,SLEEPING !!!,0.208,0.359,64,4
2024-11-27 15:50:54,SLEEPING !!!,0.224,0.353,64,4
2024-11-27 15:50:54,Active,0.251,0.317,65,4
2024-11-27 15:50:54,Active,0.245,0.353,65,4
2024-11-27 15:50:55,Active,0.235,0.352,65,4
2024-11-27 15:50:55,SLEEPING !!!,0.236,0.343,65,4
2024-11-27 15:50:55,SLEEPING !!!,0.240,0.371,65,4
2024-11-27 15:50:55,SLEEPING !!!,0.215,0.355,65,4
2024-11-27 15:50:55,SLEEPING !!!,0.231,0.353,65,4
2024-11-27 15:50:55,SLEEPING !!!,0.220,0.343,65,4
2024-11-27 15:50:55,SLEEPING !!!,0.155,0.362,65,4
2024-11-27 15:50:55,SLEEPING !!!,0.155,0.360,65,4
2024-11-27 15:50:55,SLEEPING !!!,0.131,0.391,65,4
2024-11-27 15:50:55,SLEEPING !!!,0.140,0.366,65,4
2024-11-27 15:50:55,SLEEPING !!!,0.129,0.386,65,4
2024-11-27 15:50:55,SLEEPING !!!,0.135,0.366,65,4
2024-11-27 15:50:55,SLEEPING !!!,0.144,0.362,65,4
2024-11-27 15:50:55,SLEEPING !!!,0.169,0.302,65,4
2024-11-27 15:50:55,SLEEPING !!!,0.168,0.328,65,4
2024-11-27 15:50:55,SLEEPING !!!,0.187,0.352,65,4
2024-11-27 15:50:55,SLEEPING !!!,0.217,0.358,65,4
2024-11-27 15:50:55,SLEEPING !!!,0.206,0.342,65,4
2024-11-27 15:50:55,SLEEPING !!!,0.225,0.347,65,4
2024-11-27 15:50:55,SLEEPING !!!,0.212,0.342,65,4
2024-11-27 15:50:55,SLEEPING !!!,0.226,0.346,65,4
2024-11-27 15:50:55,SLEEPING !!!,0.197,0.336,65,4
2024-11-27 15:50:55,SLEEPING !!!,0.182,0.327,65,4
2024-11-27 15:50:55,SLEEPING !!!,0.154,0.337,65,4
2024-11-27 15:50:55,SLEEPING !!!,0.143,0.309,65,4
2024-11-27 15:50:55,SLEEPING !!!,0.144,0.323,65,4
2024-11-27 15:50:55,SLEEPING !!!,0.184,0.347,65,4
2024-11-27 15:50:55,SLEEPING !!!,0.204,0.350,65,4
2024-11-27 15:50:55,SLEEPING !!!,0.199,0.326,65,4
2024-11-27 15:50:55,SLEEPING !!!,0.226,0.353,65,4
2024-11-27 15:50:55,SLEEPING !!!,0.232,0.316,65,4
2024-11-27 15:50:56,SLEEPING !!!,0.231,0.319,65,4
2024-11-27 15:50:56,SLEEPING !!!,0.201,0.353,65,4
2024-11-27 15:50:56,SLEEPING !!!,0.211,0.298,65,4
2024-11-27 15:50:56,SLEEPING !!!,0.227,0.280,65,4
2024-11-27 15:50:56,SLEEPING !!!,0.236,0.333,65,4
2024-11-27 15:50:56,Active,0.250,0.334,66,4
2024-11-27 15:50:56,Active,0.270,0.344,66,4
2024-11-27 15:50:56,Active,0.241,0.331,66,4
2024-11-27 15:50:56,Active,0.260,0.349,66,4
2024-11-27 15:50:56,Active,0.246,0.313,66,4
2024-11-27 15:50:56,Active,0.217,0.365,66,4
2024-11-27 15:50:56,SLEEPING !!!,0.232,0.353,66,4
2024-11-27 15:50:56,SLEEPING !!!,0.240,0.371,66,4
2024-11-27 15:50:56,SLEEPING !!!,0.231,0.342,66,4
2024-11-27 15:50:56,Active,0.261,0.352,67,4
2024-11-27 15:50:56,Active,0.261,0.331,67,4
2024-11-27 15:50:56,Active,0.212,0.333,67,4
2024-11-27 15:50:56,Active,0.267,0.343,67,4
2024-11-27 15:50:56,Active,0.240,0.334,67,4
2024-11-27 15:50:56,Active,0.222,0.348,67,4
2024-11-27 15:50:56,SLEEPING !!!,0.242,0.346,67,4
2024-11-27 15:50:56,SLEEPING !!!,0.237,0.340,67,4
2024-11-27 15:50:56,SLEEPING !!!,0.231,0.315,67,4
2024-11-27 15:50:56,SLEEPING !!!,0.242,0.341,67,4
2024-11-27 15:50:56,SLEEPING !!!,0.226,0.342,67,4
2024-11-27 15:50:56,SLEEPING !!!,0.241,0.317,67,4
2024-11-27 15:50:56,Active,0.261,0.359,68,4
2024-11-27 15:50:56,Active,0.241,0.341,68,4
2024-11-27 15:50:56,Active,0.255,0.352,68,4
2024-11-27 15:50:56,Active,0.231,0.344,68,4
2024-11-27 15:50:57,Active,0.270,0.341,68,4
2024-11-27 15:50:57,Active,0.236,0.325,68,4
2024-11-27 15:50:57,Active,0.240,0.340,68,4
2024-11-27 15:50:57,SLEEPING !!!,0.232,0.299,68,4
2024-11-27 15:50:57,Active,0.260,0.331,69,4
2024-11-27 15:50:57,Active,0.257,0.328,69,4
2024-11-27 15:50:57,Active,0.228,0.331,69,4
2024-11-27 15:50:57,Active,0.251,0.331,69,4
2024-11-27 15:50:57,Active,0.221,0.350,69,4
2024-11-27 15:50:57,Active,0.190,0.333,69,4
2024-11-27 15:50:57,SLEEPING !!!,0.155,0.304,69,4
2024-11-27 15:50:57,SLEEPING !!!,0.165,0.316,69,4
2024-11-27 15:50:57,SLEEPING !!!,0.170,0.317,69,4
2024-11-27 15:50:57,SLEEPING !!!,0.191,0.316,69,4
2024-11-27 15:50:57,SLEEPING !!!,0.191,0.323,69,4
2024-11-27 15:50:57,SLEEPING !!!,0.201,0.334,69,4
2024-11-27 15:50:57,SLEEPING !!!,0.201,0.331,69,4
2024-11-27 15:50:57,Active,0.251,0.324,70,4
2024-11-27 15:50:57,Active,0.232,0.316,70,4
2024-11-27 15:50:57,Active,0.246,0.323,70,4
2024-11-27 15:50:57,SLEEPING !!!,0.231,0.340,70,4
2024-11-27 15:50:57,Active,0.272,0.338,71,4
2024-11-27 15:50:57,Active,0.270,0.328,71,4
2024-11-27 15:50:57,Active,0.241,0.350,71,4
2024-11-27 15:50:57,Active,0.261,0.340,71,4
2024-11-27 15:50:57,Active,0.276,0.350,71,4
2024-11-27 15:50:57,Active,0.270,0.344,71,4
2024-11-27 15:50:57,Active,0.257,0.331,71,4
2024-11-27 15:50:57,Active,0.235,0.374,71,4
2024-11-27 15:50:58,Active,0.256,0.346,71,4
2024-11-27 15:50:58,Active,0.257,0.321,71,4
2024-11-27 15:50:58,Active,0.252,0.325,71,4
2024-11-27 15:50:58,Active,0.261,0.315,71,4
2024-11-27 15:50:58,Active,0.266,0.336,71,4
2024-11-27 15:50:58,Active,0.266,0.331,71,4
2024-11-27 15:50:58,Active,0.270,0.284,71,4
2024-11-27 15:50:58,Active,0.262,0.276,71,4
2024-11-27 15:50:58,Active,0.261,0.288,71,4
2024-11-27 15:50:58,Active,0.275,0.293,71,4
2024-11-27 15:50:58,Active,0.292,0.346,71,4
2024-11-27 15:50:58,Active,0.275,0.300,71,4
2024-11-27 15:50:58,Active,0.250,0.316,71,4
2024-11-27 15:50:58,Active,0.250,0.325,71,4
2024-11-27 15:50:58,Active,0.259,0.316,71,4
2024-11-27 15:50:58,Active,0.264,0.341,71,4
2024-11-27 15:50:58,Active,0.246,0.322,71,4
2024-11-27 15:50:58,Active,0.274,0.315,71,4
2024-11-27 15:50:58,Active,0.276,0.315,71,4
2024-11-27 15:50:58,Active,0.274,0.344,71,4
2024-11-27 15:50:58,Active,0.285,0.351,71,4
2024-11-27 15:50:58,Active,0.265,0.353,71,4
2024-11-27 15:50:58,Active,0.275,0.326,71,4
2024-11-27 15:50:58,Active,0.260,0.331,71,4
2024-11-27 15:50:58,Active,0.261,0.337,71,4
2024-11-27 15:50:58,Active,0.251,0.324,71,4
2024-11-27 15:50:58,Active,0.246,0.346,71,4
2024-11-27 15:50:58,Active,0.256,0.330,71,4
2024-11-27 15:50:58,Active,0.266,0.335,71,4
2024-11-27 15:50:58,Active,0.260,0.333,71,4
2024-11-27 15:50:58,Active,0.265,0.338,71,4
2024-11-27 15:50:59,Active,0.197,0.331,71,4
2024-11-27 15:50:59,Active,0.174,0.316,71,4
2024-11-27 15:50:59,SLEEPING !!!,0.151,0.319,71,4
2024-11-27 15:50:59,SLEEPING !!!,0.148,0.322,71,4
2024-11-27 15:50:59,SLEEPING !!!,0.136,0.344,71,4
2024-11-27 15:50:59,SLEEPING !!!,0.165,0.352,71,4
2024-11-27 15:50:59,SLEEPING !!!,0.208,0.323,71,4
2024-11-27 15:50:59,SLEEPING !!!,0.211,0.329,71,4
2024-11-27 15:50:59,SLEEPING !!!,0.191,0.328,71,4
2024-11-27 15:50:59,SLEEPING !!!,0.231,0.324,71,4
2024-11-27 15:50:59,SLEEPING !!!,0.207,0.327,71,4
2024-11-27 15:50:59,SLEEPING !!!,0.231,0.334,71,4
2024-11-27 15:50:59,Active,0.250,0.355,72,4
2024-11-27 15:50:59,Active,0.237,0.325,72,4
2024-11-27 15:50:59,Active,0.240,0.334,72,4
2024-11-27 15:50:59,SLEEPING !!!,0.235,0.354,72,4
2024-11-27 15:50:59,Active,0.271,0.338,73,4
2024-11-27 15:50:59,Active,0.246,0.334,73,4
2024-11-27 15:50:59,Active,0.242,0.340,73,4
2024-11-27 15:50:59,Active,0.271,0.389,73,4
2024-11-27 15:50:59,Active,0.262,0.370,73,4
2024-11-27 15:50:59,Active,0.270,0.352,73,4
2024-11-27 15:50:59,Active,0.270,0.377,73,4
2024-11-27 15:50:59,Active,0.271,0.361,73,4
2024-11-27 15:50:59,Active,0.287,0.334,73,4
2024-11-27 15:50:59,Active,0.270,0.352,73,4
2024-11-27 15:50:59,Active,0.265,0.377,73,4
2024-11-27 15:50:59,Active,0.275,0.379,73,4
2024-11-27 15:50:59,Active,0.282,0.349,73,4
2024-11-27 15:50:59,Active,0.261,0.349,73,4
2024-11-27 15:51:00,Active,0.267,0.369,73,4
2024-11-27 15:51:00,Active,0.280,0.339,73,4
2024-11-27 15:51:00,Active,0.275,0.336,73,4
2024-11-27 15:51:00,Active,0.264,0.343,73,4
2024-11-27 15:51:00,Active,0.256,0.346,73,4
2024-11-27 15:51:00,Active,0.261,0.342,73,4
2024-11-27 15:51:00,Active,0.275,0.370,73,4
2024-11-27 15:51:00,Active,0.280,0.382,73,4
2024-11-27 15:51:00,Active,0.289,0.384,73,4
2024-11-27 15:51:00,Active,0.275,0.395,73,4
2024-11-27 15:51:00,Active,0.242,0.366,73,4
2024-11-27 15:51:00,Active,0.267,0.343,73,4
2024-11-27 15:51:00,Active,0.267,0.380,73,4
2024-11-27 15:51:00,Active,0.280,0.349,73,4
2024-11-27 15:51:00,Active,0.266,0.340,73,4
2024-11-27 15:51:00,Active,0.265,0.349,73,4
2024-11-27 15:51:00,Active,0.236,0.321,73,4
2024-11-27 15:51:00,Active,0.195,0.342,73,4
2024-11-27 15:51:00,SLEEPING !!!,0.128,0.352,73,4
2024-11-27 15:51:00,SLEEPING !!!,0.128,0.364,73,4
2024-11-27 15:51:00,SLEEPING !!!,0.167,0.337,73,4
2024-11-27 15:51:00,SLEEPING !!!,0.167,0.352,73,4
2024-11-27 15:51:00,SLEEPING !!!,0.108,0.363,73,4
2024-11-27 15:51:00,SLEEPING !!!,0.129,0.331,73,4
2024-11-27 15:51:00,SLEEPING !!!,0.169,0.345,73,4
2024-11-27 15:51:00,SLEEPING !!!,0.191,0.332,73,4
2024-11-27 15:51:00,SLEEPING !!!,0.210,0.364,73,4
2024-11-27 15:51:00,SLEEPING !!!,0.241,0.330,73,4
2024-11-27 15:51:00,SLEEPING !!!,0.221,0.322,73,4
2024-11-27 15:51:00,SLEEPING !!!,0.216,0.346,73,4
2024-11-27 15:51:01,Active,0.251,0.348,74,4
2024-11-27 15:51:01,Active,0.231,0.350,74,4
2024-11-27 15:51:01,Active,0.247,0.333,74,4
2024-11-27 15:51:01,SLEEPING !!!,0.201,0.322,74,4
2024-11-27 15:51:01,SLEEPING !!!,0.227,0.316,74,4
2024-11-27 15:51:01,SLEEPING !!!,0.225,0.316,74,4
2024-11-27 15:51:01,SLEEPING !!!,0.201,0.301,74,4
2024-11-27 15:51:01,SLEEPING !!!,0.166,0.316,74,4
2024-11-27 15:51:01,SLEEPING !!!,0.158,0.296,74,4
2024-11-27 15:51:01,SLEEPING !!!,0.137,0.282,74,4
2024-11-27 15:51:01,SLEEPING !!!,0.137,0.297,74,4
2024-11-27 15:51:01,SLEEPING !!!,0.130,0.301,74,4
2024-11-27 15:51:01,SLEEPING !!!,0.138,0.278,74,4
2024-11-27 15:51:01,SLEEPING !!!,0.166,0.310,74,4
2024-11-27 15:51:01,SLEEPING !!!,0.219,0.312,74,4
2024-11-27 15:51:01,SLEEPING !!!,0.231,0.358,74,4
2024-11-27 15:51:01,Active,0.263,0.367,75,4
2024-11-27 15:51:01,Active,0.297,0.342,75,4
2024-11-27 15:51:01,Active,0.261,0.325,75,4
2024-11-27 15:51:01,Active,0.261,0.342,75,4
2024-11-27 15:51:01,Active,0.261,0.351,75,4
2024-11-27 15:51:01,Active,0.255,0.316,75,4
2024-11-27 15:51:01,Active,0.257,0.328,75,4
2024-11-27 15:51:01,Active,0.246,0.331,75,4
2024-11-27 15:51:01,Active,0.261,0.337,75,4
2024-11-27 15:51:01,Active,0.261,0.369,75,4
2024-11-27 15:51:01,Active,0.250,0.326,75,4
2024-11-27 15:51:01,Active,0.282,0.354,75,4
2024-11-27 15:51:01,Active,0.276,0.353,75,4
2024-11-27 15:51:01,Active,0.247,0.319,75,4
2024-11-27 15:51:02,Active,0.269,0.332,75,4
2024-11-27 15:51:02,Active,0.261,0.321,75,4
2024-11-27 15:51:02,Active,0.286,0.328,75,4
2024-11-27 15:51:02,Active,0.295,0.340,75,4
2024-11-27 15:51:02,Active,0.241,0.340,75,4
2024-11-27 15:51:02,Active,0.280,0.352,75,4
2024-11-27 15:51:02,Active,0.281,0.333,75,4
2024-11-27 15:51:02,Active,0.275,0.330,75,4
2024-11-27 15:51:02,Active,0.247,0.333,75,4
2024-11-27 15:51:02,Active,0.230,0.349,75,4
2024-11-27 15:51:02,SLEEPING !!!,0.139,0.326,75,4
2024-11-27 15:51:02,SLEEPING !!!,0.137,0.323,75,4
2024-11-27 15:51:02,SLEEPING !!!,0.132,0.343,75,4
2024-11-27 15:51:02,SLEEPING !!!,0.180,0.337,75,4
2024-11-27 15:51:02,SLEEPING !!!,0.127,0.349,75,4
2024-11-27 15:51:02,SLEEPING !!!,0.127,0.349,75,4
2024-11-27 15:51:02,SLEEPING !!!,0.151,0.382,75,4
2024-11-27 15:51:02,SLEEPING !!!,0.153,0.324,75,4
2024-11-27 15:51:02,SLEEPING !!!,0.211,0.384,75,4
2024-11-27 15:51:02,SLEEPING !!!,0.217,0.359,75,4
2024-11-27 15:51:02,SLEEPING !!!,0.215,0.359,75,4
2024-11-27 15:51:02,SLEEPING !!!,0.242,0.358,75,4
2024-11-27 15:51:02,SLEEPING !!!,0.237,0.355,75,4
2024-11-27 15:51:02,Active,0.251,0.346,76,4
2024-11-27 15:51:02,Active,0.231,0.353,76,4
2024-11-27 15:51:02,Active,0.245,0.333,76,4
2024-11-27 15:51:02,SLEEPING !!!,0.199,0.341,76,4
2024-11-27 15:51:02,SLEEPING !!!,0.234,0.322,76,4
2024-11-27 15:51:02,SLEEPING !!!,0.241,0.334,76,4
2024-11-27 15:51:02,Active,0.258,0.327,77,4
2024-11-27 15:51:02,Active,0.266,0.321,77,4
2024-11-27 15:51:03,Active,0.219,0.353,77,4
2024-11-27 15:51:03,Active,0.234,0.363,77,4
2024-11-27 15:51:03,SLEEPING !!!,0.214,0.366,77,4
2024-11-27 15:51:03,SLEEPING !!!,0.239,0.325,77,4
2024-11-27 15:51:03,SLEEPING !!!,0.234,0.362,77,4
2024-11-27 15:51:03,SLEEPING !!!,0.224,0.350,77,4
2024-11-27 15:51:03,SLEEPING !!!,0.244,0.361,77,4
2024-11-27 15:51:03,Active,0.256,0.343,78,4
2024-11-27 15:51:03,Active,0.256,0.366,78,4
2024-11-27 15:51:03,Active,0.228,0.334,78,4
2024-11-27 15:51:03,Active,0.228,0.335,78,4
2024-11-27 15:51:03,SLEEPING !!!,0.239,0.303,78,4
2024-11-27 15:51:03,Active,0.251,0.365,79,4
2024-11-27 15:51:03,Active,0.209,0.346,79,4
2024-11-27 15:51:03,Active,0.164,0.365,79,4
2024-11-27 15:51:03,SLEEPING !!!,0.143,0.356,79,4
2024-11-27 15:51:03,SLEEPING !!!,0.155,0.343,79,4
2024-11-27 15:51:03,SLEEPING !!!,0.185,0.343,79,4
2024-11-27 15:51:03,SLEEPING !!!,0.155,0.330,79,4
2024-11-27 15:51:03,SLEEPING !!!,0.155,0.324,79,4
2024-11-27 15:51:03,SLEEPING !!!,0.162,0.352,79,4
2024-11-27 15:51:03,SLEEPING !!!,0.186,0.346,79,4
2024-11-27 15:51:03,SLEEPING !!!,0.190,0.353,79,4
2024-11-27 15:51:03,SLEEPING !!!,0.225,0.316,79,4
2024-11-27 15:51:03,SLEEPING !!!,0.223,0.355,79,4
2024-11-27 15:51:03,SLEEPING !!!,0.223,0.337,79,4
2024-11-27 15:51:03,SLEEPING !!!,0.202,0.348,79,4
2024-11-27 15:51:03,SLEEPING !!!,0.210,0.310,79,4
2024-11-27 15:51:04,SLEEPING !!!,0.206,0.347,79,4
2024-11-27 15:51:04,SLEEPING !!!,0.171,0.305,79,4
2024-11-27 15:51:04,SLEEPING !!!,0.188,0.335,79,4
2024-11-27 15:51:04,SLEEPING !!!,0.187,0.331,79,4
2024-11-27 15:51:04,SLEEPING !!!,0.182,0.357,79,4
2024-11-27 15:51:04,SLEEPING !!!,0.184,0.288,79,4
2024-11-27 15:51:04,SLEEPING !!!,0.199,0.325,79,4
2024-11-27 15:51:04,SLEEPING !!!,0.170,0.334,79,4
2024-11-27 15:51:04,SLEEPING !!!,0.212,0.340,79,4
2024-11-27 15:51:04,SLEEPING !!!,0.178,0.364,79,4
2024-11-27 15:51:04,SLEEPING !!!,0.191,0.352,79,4
2024-11-27 15:51:04,SLEEPING !!!,0.193,0.387,79,4
2024-11-27 15:51:04,SLEEPING !!!,0.192,0.368,79,4
2024-11-27 15:51:04,SLEEPING !!!,0.167,0.356,79,4
2024-11-27 15:51:04,SLEEPING !!!,0.129,0.352,79,4
2024-11-27 15:51:04,SLEEPING !!!,0.186,0.352,79,4
2024-11-27 15:51:04,SLEEPING !!!,0.200,0.334,79,4
2024-11-27 15:51:04,SLEEPING !!!,0.196,0.355,79,4
2024-11-27 15:51:04,SLEEPING !!!,0.181,0.346,79,4
2024-11-27 15:51:04,SLEEPING !!!,0.184,0.313,79,4
2024-11-27 15:51:04,SLEEPING !!!,0.167,0.337,79,4
2024-11-27 15:51:04,SLEEPING !!!,0.164,0.355,79,4
2024-11-27 15:51:04,SLEEPING !!!,0.184,0.327,79,4
2024-11-27 15:51:04,SLEEPING !!!,0.127,0.352,79,4
2024-11-27 15:51:04,SLEEPING !!!,0.152,0.366,79,4
2024-11-27 15:51:04,SLEEPING !!!,0.149,0.365,79,4
2024-11-27 15:51:04,SLEEPING !!!,0.188,0.343,79,4
2024-11-27 15:51:04,SLEEPING !!!,0.203,0.343,79,4
2024-11-27 15:51:04,SLEEPING !!!,0.235,0.333,79,4
2024-11-27 15:51:04,Active,0.260,0.333,80,4
2024-11-27 15:51:04,Active,0.252,0.331,80,4
2024-11-27 15:51:05,Active,0.260,0.335,80,4
2024-11-27 15:51:05,Active,0.265,0.325,80,4
2024-11-27 15:51:05,Active,0.277,0.346,80,4
2024-11-27 15:51:05,Active,0.277,0.325,80,4
2024-11-27 15:51:05,Active,0.286,0.363,80,4
2024-11-27 15:51:05,Active,0.302,0.337,80,4
2024-11-27 15:51:05,Active,0.306,0.317,80,4
2024-11-27 15:51:05,Active,0.296,0.316,80,4
2024-11-27 15:51:05,Active,0.296,0.325,80,4
2024-11-27 15:51:05,Active,0.277,0.322,80,4
2024-11-27 15:51:05,Active,0.302,0.334,80,4
2024-11-27 15:51:05,Active,0.271,0.322,80,4
2024-11-27 15:51:05,Active,0.223,0.318,80,4
2024-11-27 15:51:05,Active,0.191,0.335,80,4
2024-11-27 15:51:05,SLEEPING !!!,0.164,0.322,80,4
2024-11-27 15:51:05,SLEEPING !!!,0.167,0.341,80,4
2024-11-27 15:51:05,SLEEPING !!!,0.171,0.323,80,4
2024-11-27 15:51:05,SLEEPING !!!,0.160,0.340,80,4
2024-11-27 15:51:05,SLEEPING !!!,0.209,0.359,80,4
2024-11-27 15:51:05,SLEEPING !!!,0.191,0.350,80,4
2024-11-27 15:51:05,SLEEPING !!!,0.229,0.340,80,4
2024-11-27 15:51:05,SLEEPING !!!,0.220,0.334,80,4
2024-11-27 15:51:05,SLEEPING !!!,0.209,0.343,80,4
2024-11-27 15:51:05,SLEEPING !!!,0.208,0.330,80,4
2024-11-27 15:51:05,SLEEPING !!!,0.245,0.322,80,4
2024-11-27 15:51:05,SLEEPING !!!,0.229,0.334,80,4
2024-11-27 15:51:05,SLEEPING !!!,0.240,0.340,80,4
2024-11-27 15:51:05,SLEEPING !!!,0.202,0.353,80,4
2024-11-27 15:51:05,SLEEPING !!!,0.230,0.334,80,4
2024-11-27 15:51:05,Active,0.256,0.346,81,4
2024-11-27 15:51:05,Active,0.256,0.359,81,4
2024-11-27 15:51:06,Active,0.223,0.334,81,4
2024-11-27 15:51:06,Active,0.251,0.344,81,4
2024-11-27 15:51:06,Active,0.235,0.353,81,4
2024-11-27 15:51:06,Active,0.221,0.352,81,4
2024-11-27 15:51:06,Active,0.251,0.341,81,4
2024-11-27 15:51:06,Active,0.244,0.341,81,4
2024-11-27 15:51:06,Active,0.232,0.359,81,4
2024-11-27 15:51:06,SLEEPING !!!,0.241,0.331,81,4
2024-11-27 15:51:06,SLEEPING !!!,0.242,0.309,81,4
2024-11-27 15:51:06,SLEEPING !!!,0.231,0.344,81,4
2024-11-27 15:51:06,SLEEPING !!!,0.244,0.350,81,4
2024-11-27 15:51:06,Active,0.265,0.380,82,4
2024-11-27 15:51:06,Active,0.282,0.367,82,4
2024-11-27 15:51:06,Active,0.292,0.340,82,4
2024-11-27 15:51:06,Active,0.262,0.319,82,4
2024-11-27 15:51:06,Active,0.265,0.333,82,4
2024-11-27 15:51:06,Active,0.299,0.313,82,4
2024-11-27 15:51:06,Active,0.277,0.329,82,4
2024-11-27 15:51:06,Active,0.272,0.349,82,4
2024-11-27 15:51:06,Active,0.291,0.374,82,4
2024-11-27 15:51:06,Active,0.256,0.376,82,4
2024-11-27 15:51:06,Active,0.241,0.368,82,4
2024-11-27 15:51:06,Active,0.241,0.340,82,4
2024-11-27 15:51:06,Active,0.257,0.316,82,4
2024-11-27 15:51:06,Active,0.260,0.311,82,4
2024-11-27 15:51:06,Active,0.262,0.352,82,4
2024-11-27 15:51:06,Active,0.251,0.346,82,4
2024-11-27 15:51:06,Active,0.276,0.372,82,4
2024-11-27 15:51:06,Active,0.257,0.379,82,4
2024-11-27 15:51:06,Active,0.235,0.334,82,4
2024-11-27 15:51:07,Active,0.261,0.361,82,4
2024-11-27 15:51:07,Active,0.271,0.359,82,4
2024-11-27 15:51:07,Active,0.251,0.400,82,4
2024-11-27 15:51:07,Active,0.256,0.405,82,4
2024-11-27 15:51:07,Active,0.257,0.387,82,4
2024-11-27 15:51:07,Active,0.200,0.384,82,4
2024-11-27 15:51:07,Active,0.147,0.411,82,4
2024-11-27 15:51:07,SLEEPING !!!,0.132,0.399,82,4
2024-11-27 15:51:07,SLEEPING !!!,0.152,0.382,82,4
2024-11-27 15:51:07,SLEEPING !!!,0.180,0.400,82,4
2024-11-27 15:51:07,SLEEPING !!!,0.157,0.404,82,4
2024-11-27 15:51:07,SLEEPING !!!,0.174,0.375,82,4
2024-11-27 15:51:07,SLEEPING !!!,0.173,0.375,82,4
2024-11-27 15:51:07,SLEEPING !!!,0.142,0.356,82,4
2024-11-27 15:51:07,SLEEPING !!!,0.179,0.367,82,4
2024-11-27 15:51:07,SLEEPING !!!,0.176,0.345,82,4
2024-11-27 15:51:07,SLEEPING !!!,0.159,0.334,82,4
2024-11-27 15:51:07,SLEEPING !!!,0.198,0.353,82,4
2024-11-27 15:51:07,SLEEPING !!!,0.183,0.353,82,4
2024-11-27 15:51:07,SLEEPING !!!,0.214,0.375,82,4
2024-11-27 15:51:07,SLEEPING !!!,0.234,0.406,82,4
2024-11-27 15:51:07,SLEEPING !!!,0.221,0.407,82,4
2024-11-27 15:51:07,Active,0.252,0.426,83,4
2024-11-27 15:51:07,Active,0.267,0.423,83,4
2024-11-27 15:51:07,Active,0.252,0.387,83,4
2024-11-27 15:51:07,Active,0.257,0.370,83,4
2024-11-27 15:51:07,Active,0.258,0.360,83,4
2024-11-27 15:51:07,Active,0.284,0.333,83,4
2024-11-27 15:51:07,Active,0.235,0.330,83,4
2024-11-27 15:51:07,Active,0.278,0.353,83,4
2024-11-27 15:51:08,Active,0.225,0.373,83,4
2024-11-27 15:51:08,Active,0.250,0.368,83,4
2024-11-27 15:51:08,Active,0.262,0.382,83,4
2024-11-27 15:51:08,Active,0.237,0.362,83,4
2024-11-27 15:51:08,Active,0.215,0.366,83,4
2024-11-27 15:51:08,Active,0.257,0.364,83,4
2024-11-27 15:51:08,Active,0.231,0.357,83,4
2024-11-27 15:51:08,Active,0.242,0.355,83,4
2024-11-27 15:51:08,SLEEPING !!!,0.250,0.336,83,4
2024-11-27 15:51:08,SLEEPING !!!,0.242,0.355,83,4
2024-11-27 15:51:08,SLEEPING !!!,0.228,0.337,83,4
2024-11-27 15:51:08,SLEEPING !!!,0.247,0.347,83,4
2024-11-27 15:51:08,Active,0.252,0.353,84,4
2024-11-27 15:51:08,Active,0.246,0.356,84,4
2024-11-27 15:51:08,Active,0.241,0.336,84,4
2024-11-27 15:51:08,Active,0.250,0.328,84,4
2024-11-27 15:51:08,Active,0.251,0.349,84,4
2024-11-27 15:51:08,Active,0.240,0.346,84,4
2024-11-27 15:51:08,Active,0.247,0.349,84,4
2024-11-27 15:51:08,SLEEPING !!!,0.216,0.353,84,4
2024-11-27 15:51:08,SLEEPING !!!,0.225,0.342,84,4
2024-11-27 15:51:08,SLEEPING !!!,0.211,0.328,84,4
2024-11-27 15:51:08,Active,0.252,0.331,85,4
2024-11-27 15:51:08,Active,0.246,0.328,85,4
2024-11-27 15:51:08,Active,0.197,0.328,85,4
2024-11-27 15:51:08,SLEEPING !!!,0.186,0.332,85,4
2024-11-27 15:51:08,SLEEPING !!!,0.165,0.336,85,4
2024-11-27 15:51:08,SLEEPING !!!,0.177,0.333,85,4
2024-11-27 15:51:08,SLEEPING !!!,0.202,0.350,85,4
2024-11-27 15:51:08,SLEEPING !!!,0.210,0.329,85,4
2024-11-27 15:51:09,SLEEPING !!!,0.235,0.336,85,4
2024-11-27 15:51:09,Active,0.252,0.338,86,4
2024-11-27 15:51:09,Active,0.273,0.355,86,4
2024-11-27 15:51:09,Active,0.266,0.362,86,4
2024-11-27 15:51:09,Active,0.266,0.353,86,4
2024-11-27 15:51:09,Active,0.253,0.337,86,4
2024-11-27 15:51:09,Active,0.256,0.356,86,4
2024-11-27 15:51:09,Active,0.240,0.344,86,4
2024-11-27 15:51:09,Active,0.241,0.339,86,4
2024-11-27 15:51:09,SLEEPING !!!,0.224,0.331,86,4
2024-11-27 15:51:09,Active,0.261,0.347,87,4
2024-11-27 15:51:09,Active,0.256,0.323,87,4
2024-11-27 15:51:09,Active,0.266,0.319,87,4
2024-11-27 15:51:09,Active,0.241,0.310,87,4
2024-11-27 15:51:09,Active,0.247,0.341,87,4
2024-11-27 15:51:09,SLEEPING !!!,0.246,0.339,87,4
2024-11-27 15:51:09,SLEEPING !!!,0.235,0.323,87,4
2024-11-27 15:51:09,SLEEPING !!!,0.230,0.353,87,4
2024-11-27 15:51:09,SLEEPING !!!,0.233,0.324,87,4
2024-11-27 15:51:09,Active,0.273,0.345,88,4
2024-11-27 15:51:09,Active,0.271,0.313,88,4
2024-11-27 15:51:09,Active,0.257,0.343,88,4
2024-11-27 15:51:09,Active,0.266,0.333,88,4
2024-11-27 15:51:09,Active,0.271,0.370,88,4
2024-11-27 15:51:09,Active,0.273,0.346,88,4
2024-11-27 15:51:09,Active,0.273,0.349,88,4
2024-11-27 15:51:09,Active,0.284,0.353,88,4
2024-11-27 15:51:09,Active,0.261,0.350,88,4
2024-11-27 15:51:09,Active,0.267,0.317,88,4
2024-11-27 15:51:09,Active,0.269,0.352,88,4
2024-11-27 15:51:10,Active,0.262,0.347,88,4
2024-11-27 15:51:10,Active,0.252,0.353,88,4
2024-11-27 15:51:10,Active,0.269,0.345,88,4
2024-11-27 15:51:10,Active,0.195,0.320,88,4
2024-11-27 15:51:10,Active,0.177,0.326,88,4
2024-11-27 15:51:10,SLEEPING !!!,0.181,0.359,88,4
2024-11-27 15:51:10,SLEEPING !!!,0.169,0.314,88,4
2024-11-27 15:51:10,SLEEPING !!!,0.193,0.334,88,4
2024-11-27 15:51:10,SLEEPING !!!,0.162,0.355,88,4
2024-11-27 15:51:10,SLEEPING !!!,0.234,0.307,88,4
2024-11-27 15:51:10,SLEEPING !!!,0.170,0.337,88,4
2024-11-27 15:51:10,SLEEPING !!!,0.148,0.344,88,4
2024-11-27 15:51:10,SLEEPING !!!,0.229,0.342,88,4
2024-11-27 15:51:10,SLEEPING !!!,0.219,0.310,88,4
2024-11-27 15:51:10,SLEEPING !!!,0.206,0.364,88,4
2024-11-27 15:51:10,SLEEPING !!!,0.208,0.413,88,4
2024-11-27 15:51:10,SLEEPING !!!,0.222,0.430,88,4
2024-11-27 15:51:10,SLEEPING !!!,0.221,0.379,88,4
2024-11-27 15:51:10,SLEEPING !!!,0.228,0.402,88,4
2024-11-27 15:51:10,SLEEPING !!!,0.218,0.373,88,4
2024-11-27 15:51:10,SLEEPING !!!,0.225,0.402,88,4
2024-11-27 15:51:10,SLEEPING !!!,0.231,0.393,88,4
2024-11-27 15:51:10,SLEEPING !!!,0.229,0.391,88,4
2024-11-27 15:51:10,SLEEPING !!!,0.242,0.342,88,4
2024-11-27 15:51:10,SLEEPING !!!,0.216,0.351,88,4
2024-11-27 15:51:10,Active,0.252,0.343,89,4
2024-11-27 15:51:10,Active,0.246,0.349,89,4
2024-11-27 15:51:10,Active,0.284,0.362,89,4
2024-11-27 15:51:10,Active,0.258,0.353,89,4
2024-11-27 15:51:10,Active,0.303,0.337,89,4
2024-11-27 15:51:11,Active,0.268,0.461,89,4
2024-11-27 15:51:12,Active,0.250,0.423,89,4
2024-11-27 15:51:12,Active,0.240,0.317,89,4
2024-11-27 15:51:12,Active,0.309,0.359,89,4
2024-11-27 15:51:12,Active,0.352,0.314,89,4
2024-11-27 15:51:12,Active,0.327,0.328,89,4
2024-11-27 15:51:12,Active,0.229,0.273,89,4
2024-11-27 15:51:12,Active,0.164,0.243,89,4
2024-11-27 15:51:12,SLEEPING !!!,0.227,0.348,89,4
2024-11-27 15:51:12,Active,0.267,0.330,90,4
2024-11-27 15:51:13,Active,0.173,0.281,90,4
2024-11-27 15:51:13,Active,0.328,0.383,90,4
2024-11-27 15:51:13,Active,0.261,0.357,90,4
2024-11-27 15:51:13,Active,0.292,0.367,90,4
2024-11-27 15:51:13,Active,0.245,0.323,90,4
2024-11-27 15:51:13,Active,0.302,0.295,90,4
2024-11-27 15:51:13,Active,0.294,0.295,90,4
2024-11-27 15:51:13,Active,0.260,0.300,90,4
2024-11-27 15:51:13,Active,0.292,0.290,90,4
2024-11-27 15:51:13,Active,0.278,0.310,90,4
2024-11-27 15:51:13,Active,0.326,0.316,90,4
2024-11-27 15:51:13,Active,0.149,0.329,90,4
2024-11-27 15:51:13,Active,0.145,0.339,90,4
2024-11-27 15:51:13,SLEEPING !!!,0.185,0.339,90,4
2024-11-27 15:51:13,SLEEPING !!!,0.229,0.377,90,4
2024-11-27 15:51:13,SLEEPING !!!,0.189,0.374,90,4
2024-11-27 15:51:13,SLEEPING !!!,0.148,0.330,90,4
2024-11-27 15:51:13,SLEEPING !!!,0.150,0.335,90,4
2024-11-27 15:51:13,SLEEPING !!!,0.155,0.337,90,4
2024-11-27 15:51:13,SLEEPING !!!,0.168,0.323,90,4
2024-11-27 15:51:13,SLEEPING !!!,0.191,0.334,90,4
2024-11-27 15:51:13,SLEEPING !!!,0.182,0.337,90,4
2024-11-27 15:51:13,Active,0.278,0.355,91,4
2024-11-27 15:51:13,Active,0.175,0.350,91,4
2024-11-27 15:51:13,Active,0.225,0.329,91,4
2024-11-27 15:51:13,SLEEPING !!!,0.235,0.326,91,4
2024-11-27 15:51:13,SLEEPING !!!,0.175,0.364,91,4
2024-11-27 15:51:13,SLEEPING !!!,0.215,0.357,91,4
2024-11-27 15:51:13,SLEEPING !!!,0.149,0.369,91,4
2024-11-27 15:51:13,SLEEPING !!!,0.134,0.345,91,4
2024-11-27 15:51:14,SLEEPING !!!,0.162,0.333,91,4
2024-11-27 15:51:14,SLEEPING !!!,0.167,0.325,91,4
2024-11-27 15:51:14,SLEEPING !!!,0.141,0.310,91,4
2024-11-27 15:51:14,SLEEPING !!!,0.182,0.342,91,4
2024-11-27 15:51:14,SLEEPING !!!,0.149,0.351,91,4
2024-11-27 15:51:14,SLEEPING !!!,0.102,0.379,91,4
2024-11-27 15:51:14,SLEEPING !!!,0.118,0.397,91,4
2024-11-27 15:51:14,SLEEPING !!!,0.135,0.391,91,4
2024-11-27 15:51:14,SLEEPING !!!,0.100,0.342,91,4
2024-11-27 15:51:14,SLEEPING !!!,0.112,0.345,91,4
2024-11-27 15:51:14,SLEEPING !!!,0.154,0.314,91,4
2024-11-27 15:51:14,SLEEPING !!!,0.149,0.336,91,4
2024-11-27 15:51:14,SLEEPING !!!,0.130,0.337,91,4
2024-11-27 15:51:14,SLEEPING !!!,0.141,0.315,91,4
2024-11-27 15:51:14,SLEEPING !!!,0.131,0.358,91,4
2024-11-27 15:51:14,SLEEPING !!!,0.168,0.370,91,4
2024-11-27 15:51:14,SLEEPING !!!,0.210,0.349,91,4
2024-11-27 15:51:14,SLEEPING !!!,0.190,0.358,91,4
2024-11-27 15:51:14,SLEEPING !!!,0.167,0.352,91,4
2024-11-27 15:51:14,SLEEPING !!!,0.151,0.346,91,4
2024-11-27 15:51:14,SLEEPING !!!,0.179,0.330,91,4
2024-11-27 15:51:14,SLEEPING !!!,0.152,0.330,91,4
2024-11-27 15:51:14,SLEEPING !!!,0.145,0.330,91,4
2024-11-27 15:51:14,SLEEPING !!!,0.140,0.333,91,4
2024-11-27 15:51:14,SLEEPING !!!,0.151,0.317,91,4
2024-11-27 15:51:14,SLEEPING !!!,0.138,0.330,91,4
2024-11-27 15:51:14,SLEEPING !!!,0.136,0.333,91,4
2024-11-27 15:51:14,SLEEPING !!!,0.221,0.330,91,4
2024-11-27 15:51:14,SLEEPING !!!,0.191,0.330,91,4
2024-11-27 15:51:14,SLEEPING !!!,0.183,0.349,91,4
2024-11-27 15:51:15,SLEEPING !!!,0.148,0.350,91,4
2024-11-27 15:51:15,SLEEPING !!!,0.183,0.349,91,4
2024-11-27 15:51:15,SLEEPING !!!,0.158,0.349,91,4
2024-11-27 15:51:15,SLEEPING !!!,0.165,0.349,91,4
2024-11-27 15:51:15,SLEEPING !!!,0.140,0.346,91,4
2024-11-27 15:51:15,SLEEPING !!!,0.176,0.346,91,4
2024-11-27 15:51:15,SLEEPING !!!,0.162,0.355,91,4
2024-11-27 15:51:15,SLEEPING !!!,0.183,0.343,91,4
2024-11-27 15:51:15,SLEEPING !!!,0.193,0.350,91,4
2024-11-27 15:51:15,SLEEPING !!!,0.176,0.333,91,4
2024-11-27 15:51:15,SLEEPING !!!,0.229,0.316,91,4
2024-11-27 15:51:15,SLEEPING !!!,0.235,0.306,91,4
2024-11-27 15:51:15,SLEEPING !!!,0.232,0.349,91,4
2024-11-27 15:51:15,Active,0.251,0.339,92,4
2024-11-27 15:51:15,Active,0.231,0.350,92,4
2024-11-27 15:51:15,Active,0.212,0.375,92,4
2024-11-27 15:51:15,SLEEPING !!!,0.214,0.384,92,4
2024-11-27 15:51:15,SLEEPING !!!,0.190,0.351,92,4
2024-11-27 15:51:15,SLEEPING !!!,0.212,0.404,92,4
2024-11-27 15:51:15,SLEEPING !!!,0.193,0.402,92,4
2024-11-27 15:51:15,SLEEPING !!!,0.169,0.317,92,4
2024-11-27 15:51:15,SLEEPING !!!,0.186,0.312,92,4
2024-11-27 15:51:15,SLEEPING !!!,0.158,0.331,92,4
2024-11-27 15:51:15,SLEEPING !!!,0.202,0.362,92,4
2024-11-27 15:51:15,SLEEPING !!!,0.206,0.397,92,4
2024-11-27 15:51:15,SLEEPING !!!,0.223,0.400,92,4
2024-11-27 15:51:15,SLEEPING !!!,0.213,0.398,92,4
2024-11-27 15:51:15,SLEEPING !!!,0.223,0.373,92,4
2024-11-27 15:51:15,SLEEPING !!!,0.218,0.398,92,4
2024-11-27 15:51:15,SLEEPING !!!,0.217,0.397,92,4
2024-11-27 15:51:15,SLEEPING !!!,0.236,0.356,92,4
2024-11-27 15:51:16,SLEEPING !!!,0.199,0.390,92,4
2024-11-27 15:51:16,SLEEPING !!!,0.190,0.414,92,4
2024-11-27 15:51:16,SLEEPING !!!,0.227,0.409,92,4
2024-11-27 15:51:16,SLEEPING !!!,0.226,0.407,92,4
2024-11-27 15:51:16,SLEEPING !!!,0.213,0.393,92,4
2024-11-27 15:51:16,SLEEPING !!!,0.228,0.379,92,4
2024-11-27 15:51:16,SLEEPING !!!,0.245,0.370,92,4
2024-11-27 15:51:16,SLEEPING !!!,0.231,0.412,92,4
2024-11-27 15:51:16,SLEEPING !!!,0.227,0.386,92,4
2024-11-27 15:51:16,SLEEPING !!!,0.226,0.412,92,4
2024-11-27 15:51:16,SLEEPING !!!,0.217,0.388,92,4
2024-11-27 15:51:16,SLEEPING !!!,0.228,0.407,92,4
2024-11-27 15:51:16,SLEEPING !!!,0.218,0.405,92,4
2024-11-27 15:51:16,SLEEPING !!!,0.225,0.392,92,4
2024-11-27 15:51:16,SLEEPING !!!,0.206,0.405,92,4
2024-11-27 15:51:16,SLEEPING !!!,0.214,0.383,92,4
2024-11-27 15:51:16,SLEEPING !!!,0.232,0.386,92,4
2024-11-27 15:51:16,SLEEPING !!!,0.209,0.373,92,4
2024-11-27 15:51:16,SLEEPING !!!,0.231,0.386,92,4
2024-11-27 15:51:16,SLEEPING !!!,0.228,0.375,92,4
2024-11-27 15:51:16,SLEEPING !!!,0.223,0.398,92,4
2024-11-27 15:51:16,SLEEPING !!!,0.224,0.390,92,4
2024-11-27 15:51:16,SLEEPING !!!,0.229,0.390,92,4
2024-11-27 15:51:16,SLEEPING !!!,0.228,0.366,92,4
2024-11-27 15:51:16,SLEEPING !!!,0.201,0.360,92,4
2024-11-27 15:51:16,SLEEPING !!!,0.219,0.341,92,4
2024-11-27 15:51:16,SLEEPING !!!,0.214,0.356,92,4
2024-11-27 15:51:16,SLEEPING !!!,0.214,0.375,92,4
2024-11-27 15:51:16,SLEEPING !!!,0.237,0.375,92,4
2024-11-27 15:51:17,SLEEPING !!!,0.236,0.392,92,4
2024-11-27 15:51:17,SLEEPING !!!,0.226,0.367,92,4
2024-11-27 15:51:17,SLEEPING !!!,0.222,0.369,92,4
2024-11-27 15:51:17,SLEEPING !!!,0.227,0.377,92,4
2024-11-27 15:51:17,SLEEPING !!!,0.222,0.367,92,4
2024-11-27 15:51:17,SLEEPING !!!,0.228,0.351,92,4
2024-11-27 15:51:17,SLEEPING !!!,0.190,0.356,92,4
2024-11-27 15:51:17,SLEEPING !!!,0.184,0.340,92,4
2024-11-27 15:51:17,SLEEPING !!!,0.133,0.371,92,4
2024-11-27 15:51:17,SLEEPING !!!,0.171,0.360,92,4
2024-11-27 15:51:17,SLEEPING !!!,0.148,0.371,92,4
2024-11-27 15:51:17,SLEEPING !!!,0.151,0.357,92,4
2024-11-27 15:51:17,SLEEPING !!!,0.181,0.345,92,4
2024-11-27 15:51:17,SLEEPING !!!,0.184,0.346,92,4
2024-11-27 15:51:17,SLEEPING !!!,0.187,0.342,92,4
2024-11-27 15:51:17,SLEEPING !!!,0.174,0.337,92,4
2024-11-27 15:51:17,SLEEPING !!!,0.194,0.356,92,4
2024-11-27 15:51:17,SLEEPING !!!,0.187,0.339,92,4
2024-11-27 15:51:17,SLEEPING !!!,0.189,0.346,92,4
2024-11-27 15:51:17,SLEEPING !!!,0.204,0.339,92,4
2024-11-27 15:51:17,SLEEPING !!!,0.196,0.354,92,4
2024-11-27 15:51:17,SLEEPING !!!,0.202,0.351,92,4
2024-11-27 15:51:17,SLEEPING !!!,0.200,0.328,92,4
2024-11-27 15:51:17,SLEEPING !!!,0.187,0.354,92,4
2024-11-27 15:51:17,SLEEPING !!!,0.207,0.346,92,4
2024-11-27 15:51:17,SLEEPING !!!,0.218,0.345,92,4
2024-11-27 15:51:17,SLEEPING !!!,0.220,0.354,92,4
2024-11-27 15:51:17,SLEEPING !!!,0.207,0.337,92,4
2024-11-27 15:51:17,SLEEPING !!!,0.212,0.334,92,4
2024-11-27 15:51:17,SLEEPING !!!,0.211,0.362,92,4
2024-11-27 15:51:18,SLEEPING !!!,0.205,0.367,92,4
2024-11-27 15:51:18,SLEEPING !!!,0.201,0.334,92,4
2024-11-27 15:51:18,SLEEPING !!!,0.217,0.323,92,4
2024-11-27 15:51:18,SLEEPING !!!,0.247,0.348,92,4
2024-11-27 15:51:18,SLEEPING !!!,0.237,0.341,92,4
2024-11-27 15:51:18,SLEEPING !!!,0.241,0.338,92,4
2024-11-27 15:51:18,SLEEPING !!!,0.237,0.337,92,4
2024-11-27 15:51:18,SLEEPING !!!,0.245,0.323,92,4
2024-11-27 15:51:18,Active,0.251,0.355,93,4
2024-11-27 15:51:18,Active,0.236,0.355,93,4
2024-11-27 15:51:18,Active,0.246,0.343,93,4
2024-11-27 15:51:18,SLEEPING !!!,0.235,0.327,93,4
2024-11-27 15:51:18,SLEEPING !!!,0.236,0.352,93,4
2024-11-27 15:51:18,SLEEPING !!!,0.241,0.361,93,4
2024-11-27 15:51:18,Active,0.250,0.337,94,4
2024-11-27 15:51:18,Active,0.240,0.346,94,4
2024-11-27 15:51:18,Active,0.245,0.330,94,4
2024-11-27 15:51:18,SLEEPING !!!,0.245,0.348,94,4
2024-11-27 15:51:18,SLEEPING !!!,0.206,0.375,94,4
2024-11-27 15:51:18,SLEEPING !!!,0.165,0.391,94,4
2024-11-27 15:51:18,SLEEPING !!!,0.148,0.365,94,4
2024-11-27 15:51:18,SLEEPING !!!,0.149,0.364,94,4
2024-11-27 15:51:18,SLEEPING !!!,0.206,0.371,94,4
2024-11-27 15:51:18,SLEEPING !!!,0.205,0.389,94,4
2024-11-27 15:51:18,SLEEPING !!!,0.231,0.363,94,4
2024-11-27 15:51:18,SLEEPING !!!,0.245,0.368,94,4
2024-11-27 15:51:18,Active,0.255,0.371,95,4
2024-11-27 15:51:18,Active,0.266,0.346,95,4
2024-11-27 15:51:18,Active,0.240,0.353,95,4
2024-11-27 15:51:18,Active,0.241,0.361,95,4
2024-11-27 15:51:19,SLEEPING !!!,0.240,0.373,95,4
2024-11-27 15:51:19,SLEEPING !!!,0.237,0.355,95,4
2024-11-27 15:51:19,SLEEPING !!!,0.207,0.353,95,4
2024-11-27 15:51:19,SLEEPING !!!,0.231,0.329,95,4
2024-11-27 15:51:19,SLEEPING !!!,0.174,0.353,95,4
2024-11-27 15:51:19,SLEEPING !!!,0.133,0.361,95,4
2024-11-27 15:51:19,SLEEPING !!!,0.113,0.335,95,4
2024-11-27 15:51:19,SLEEPING !!!,0.128,0.353,95,4
2024-11-27 15:51:19,SLEEPING !!!,0.180,0.366,95,4
2024-11-27 15:51:19,SLEEPING !!!,0.178,0.340,95,4
2024-11-27 15:51:19,SLEEPING !!!,0.175,0.373,95,4
2024-11-27 15:51:19,SLEEPING !!!,0.178,0.342,95,4
2024-11-27 15:51:19,SLEEPING !!!,0.217,0.371,95,4
2024-11-27 15:51:19,SLEEPING !!!,0.231,0.349,95,4
2024-11-27 15:51:19,SLEEPING !!!,0.241,0.359,95,4
2024-11-27 15:51:19,Active,0.251,0.335,96,4
2024-11-27 15:51:19,Active,0.246,0.339,96,4
2024-11-27 15:51:19,Active,0.230,0.341,96,4
2024-11-27 15:51:19,SLEEPING !!!,0.226,0.322,96,4
2024-11-27 15:51:19,SLEEPING !!!,0.236,0.339,96,4
2024-11-27 15:51:19,SLEEPING !!!,0.227,0.347,96,4
2024-11-27 15:51:19,Active,0.256,0.339,97,4
2024-11-27 15:51:19,Active,0.261,0.356,97,4
2024-11-27 15:51:19,Active,0.236,0.346,97,4
2024-11-27 15:51:19,Active,0.235,0.364,97,4
2024-11-27 15:51:19,SLEEPING !!!,0.246,0.374,97,4
2024-11-27 15:51:19,SLEEPING !!!,0.241,0.358,97,4
2024-11-27 15:51:19,SLEEPING !!!,0.246,0.363,97,4
2024-11-27 15:51:19,Active,0.251,0.383,98,4
2024-11-27 15:51:19,Active,0.236,0.392,98,4
2024-11-27 15:51:19,Active,0.224,0.384,98,4
2024-11-27 15:51:20,SLEEPING !!!,0.196,0.409,98,4
2024-11-27 15:51:20,SLEEPING !!!,0.135,0.380,98,4
2024-11-27 15:51:20,SLEEPING !!!,0.137,0.372,98,4
2024-11-27 15:51:20,SLEEPING !!!,0.156,0.350,98,4
2024-11-27 15:51:20,SLEEPING !!!,0.179,0.333,98,4
2024-11-27 15:51:20,SLEEPING !!!,0.199,0.357,98,4
2024-11-27 15:51:20,SLEEPING !!!,0.210,0.401,98,4
2024-11-27 15:51:20,Active,0.282,0.377,99,4
2024-11-27 15:51:20,Active,0.308,0.390,99,4
2024-11-27 15:51:20,Active,0.295,0.408,99,4
2024-11-27 15:51:20,Active,0.298,0.393,99,4
2024-11-27 15:51:20,Active,0.267,0.404,99,4
2024-11-27 15:51:20,Active,0.271,0.419,99,4
2024-11-27 15:51:20,Active,0.261,0.401,99,4
2024-11-27 15:51:20,Active,0.261,0.393,99,4
2024-11-27 15:51:20,Active,0.268,0.360,99,4
2024-11-27 15:51:20,Active,0.240,0.412,99,4
2024-11-27 15:51:20,Active,0.266,0.423,99,4
2024-11-27 15:51:20,Active,0.247,0.441,99,4
2024-11-27 15:51:20,Active,0.256,0.396,99,4
2024-11-27 15:51:20,Active,0.247,0.369,99,4
2024-11-27 15:51:20,Active,0.246,0.381,99,4
2024-11-27 15:51:20,SLEEPING !!!,0.245,0.398,99,4
2024-11-27 15:51:20,SLEEPING !!!,0.232,0.419,99,4
2024-11-27 15:51:20,SLEEPING !!!,0.237,0.365,99,4
2024-11-27 15:51:20,SLEEPING !!!,0.241,0.355,99,4
2024-11-27 15:51:20,SLEEPING !!!,0.247,0.346,99,4
2024-11-27 15:51:20,SLEEPING !!!,0.236,0.364,99,4
2024-11-27 15:51:20,Active,0.264,0.339,100,4
2024-11-27 15:51:20,Active,0.266,0.348,100,4
2024-11-27 15:51:21,Active,0.237,0.331,100,4
2024-11-27 15:51:21,Active,0.254,0.364,100,4
2024-11-27 15:51:21,Active,0.304,0.382,100,4
2024-11-27 15:51:21,Active,0.274,0.388,100,4
2024-11-27 15:51:21,Active,0.297,0.407,100,4
2024-11-27 15:51:21,Active,0.265,0.388,100,4
2024-11-27 15:51:21,Active,0.298,0.407,100,4
2024-11-27 15:51:21,Active,0.274,0.371,100,4
2024-11-27 15:51:21,Active,0.303,0.408,100,4
2024-11-27 15:51:21,Active,0.298,0.370,100,4
2024-11-27 15:51:21,Active,0.278,0.354,100,4
2024-11-27 15:51:21,Active,0.284,0.373,100,4
2024-11-27 15:51:21,Active,0.270,0.364,100,4
2024-11-27 15:51:21,Active,0.297,0.357,100,4
2024-11-27 15:51:21,Active,0.270,0.364,100,4
2024-11-27 15:51:21,Active,0.261,0.333,100,4
2024-11-27 15:51:21,Active,0.260,0.340,100,4
2024-11-27 15:51:21,Active,0.251,0.359,100,4
2024-11-27 15:51:21,Active,0.265,0.327,100,4
2024-11-27 15:51:21,Active,0.270,0.340,100,4
2024-11-27 15:51:21,Active,0.276,0.340,100,4
2024-11-27 15:51:21,Active,0.308,0.343,100,4
2024-11-27 15:51:21,Active,0.281,0.334,100,4
2024-11-27 15:51:21,Active,0.248,0.352,100,4
2024-11-27 15:51:21,Active,0.286,0.368,100,4
2024-11-27 15:51:21,Active,0.276,0.346,100,4
2024-11-27 15:51:21,Active,0.274,0.378,100,4
2024-11-27 15:51:21,Active,0.274,0.362,100,4
2024-11-27 15:51:21,Active,0.276,0.378,100,4
2024-11-27 15:51:21,Active,0.251,0.352,100,4
2024-11-27 15:51:22,Active,0.193,0.352,100,4
2024-11-27 15:51:22,Active,0.181,0.340,100,4
2024-11-27 15:51:22,SLEEPING !!!,0.198,0.377,100,4
2024-11-27 15:51:22,SLEEPING !!!,0.209,0.378,100,4
2024-11-27 15:51:22,SLEEPING !!!,0.197,0.361,100,4
2024-11-27 15:51:22,SLEEPING !!!,0.191,0.378,100,4
2024-11-27 15:51:22,SLEEPING !!!,0.196,0.356,100,4
2024-11-27 15:51:22,SLEEPING !!!,0.198,0.415,100,4
2024-11-27 15:51:22,SLEEPING !!!,0.195,0.434,100,4
2024-11-27 15:51:22,SLEEPING !!!,0.235,0.490,100,4
2024-11-27 15:51:22,SLEEPING !!!,0.189,0.519,100,4
2024-11-27 15:51:22,SLEEPING !!!,0.198,0.549,100,4
2024-11-27 15:51:22,SLEEPING !!!,0.170,0.558,100,4
2024-11-27 15:51:22,SLEEPING !!!,0.187,0.539,100,4
2024-11-27 15:51:22,SLEEPING !!!,0.170,0.540,100,4
2024-11-27 15:51:22,SLEEPING !!!,0.197,0.590,100,4
2024-11-27 15:51:22,SLEEPING !!!,0.170,0.580,100,4
2024-11-27 15:51:22,SLEEPING !!!,0.174,0.558,100,4
2024-11-27 15:51:22,SLEEPING !!!,0.207,0.580,100,4
2024-11-27 15:51:22,SLEEPING !!!,0.203,0.580,100,4
2024-11-27 15:51:22,SLEEPING !!!,0.219,0.580,100,4
2024-11-27 15:51:22,SLEEPING !!!,0.229,0.612,100,4
2024-11-27 15:51:22,SLEEPING !!!,0.235,0.612,100,4
2024-11-27 15:51:22,SLEEPING !!!,0.231,0.600,100,4
2024-11-27 15:51:22,SLEEPING !!!,0.250,0.633,100,4
2024-11-27 15:51:22,Active,0.282,0.660,101,4
2024-11-27 15:51:22,Active,0.290,0.625,101,4
2024-11-27 15:51:22,Active,0.280,0.620,101,4
2024-11-27 15:51:22,Active,0.327,0.694,101,4
2024-11-27 15:51:22,Active,0.280,0.640,101,4
2024-11-27 15:51:23,Active,0.333,0.680,101,4
2024-11-27 15:51:23,Active,0.289,0.700,101,4
2024-11-27 15:51:23,Active,0.299,0.725,101,4
2024-11-27 15:51:23,Active,0.296,0.704,101,4
2024-11-27 15:51:23,Active,0.280,0.706,101,4
2024-11-27 15:51:23,Yawning !,0.305,0.705,101,5
2024-11-27 15:51:23,Active,0.281,0.704,101,5
2024-11-27 15:51:23,Active,0.334,0.694,101,5
2024-11-27 15:51:23,Active,0.334,0.704,101,5
2024-11-27 15:51:23,Active,0.276,0.700,101,5
2024-11-27 15:51:23,Active,0.319,0.735,101,5
2024-11-27 15:51:23,Active,0.309,0.720,101,5
2024-11-27 15:51:23,Active,0.286,0.714,101,5
2024-11-27 15:51:23,Active,0.255,0.695,101,5
2024-11-27 15:51:23,Active,0.274,0.700,101,5
2024-11-27 15:51:23,Active,0.246,0.729,101,5
2024-11-27 15:51:23,Active,0.320,0.735,101,5
2024-11-27 15:51:23,Active,0.281,0.694,101,5
2024-11-27 15:51:23,Active,0.270,0.690,101,5
2024-11-27 15:51:23,Active,0.270,0.694,101,5
2024-11-27 15:51:23,Active,0.270,0.730,101,5
2024-11-27 15:51:23,Active,0.280,0.720,101,5
2024-11-27 15:51:23,Active,0.261,0.735,101,5
2024-11-27 15:51:23,Active,0.290,0.688,101,5
2024-11-27 15:51:23,Active,0.306,0.750,101,5
2024-11-27 15:51:23,Active,0.275,0.735,101,5
2024-11-27 15:51:23,Active,0.281,0.776,101,5
2024-11-27 15:51:23,Active,0.270,0.735,101,5
2024-11-27 15:51:23,Active,0.292,0.765,101,5
2024-11-27 15:51:23,Active,0.250,0.741,101,5
2024-11-27 15:51:24,Active,0.301,0.708,101,5
2024-11-27 15:51:24,Active,0.240,0.776,101,5
2024-11-27 15:51:24,Active,0.286,0.724,101,5
2024-11-27 15:51:24,Active,0.239,0.720,101,5
2024-11-27 15:51:24,Active,0.266,0.740,101,5
2024-11-27 15:51:24,Active,0.249,0.741,101,5
2024-11-27 15:51:24,Active,0.220,0.730,101,5
2024-11-27 15:51:24,SLEEPING !!!,0.217,0.755,101,5
2024-11-27 15:51:24,SLEEPING !!!,0.156,0.714,101,5
2024-11-27 15:51:24,SLEEPING !!!,0.156,0.750,101,5
2024-11-27 15:51:24,SLEEPING !!!,0.153,0.735,101,5
2024-11-27 15:51:24,SLEEPING !!!,0.186,0.714,101,5
2024-11-27 15:51:24,SLEEPING !!!,0.224,0.694,101,5
2024-11-27 15:51:24,SLEEPING !!!,0.208,0.704,101,5
2024-11-27 15:51:24,SLEEPING !!!,0.230,0.715,101,5
2024-11-27 15:51:24,Active,0.262,0.724,102,5
2024-11-27 15:51:24,Active,0.235,0.674,102,5
2024-11-27 15:51:24,Active,0.229,0.708,102,5
2024-11-27 15:51:24,SLEEPING !!!,0.234,0.630,102,5
2024-11-27 15:51:24,SLEEPING !!!,0.213,0.612,102,5
2024-11-27 15:51:24,SLEEPING !!!,0.214,0.602,102,5
2024-11-27 15:51:24,SLEEPING !!!,0.220,0.615,102,5
2024-11-27 15:51:24,SLEEPING !!!,0.230,0.600,102,5
2024-11-27 15:51:24,SLEEPING !!!,0.230,0.590,102,5
2024-11-27 15:51:24,SLEEPING !!!,0.192,0.550,102,5
2024-11-27 15:51:24,SLEEPING !!!,0.188,0.541,102,5
2024-11-27 15:51:24,SLEEPING !!!,0.199,0.529,102,5
2024-11-27 15:51:24,SLEEPING !!!,0.209,0.519,102,5
2024-11-27 15:51:24,SLEEPING !!!,0.209,0.570,102,5
2024-11-27 15:51:24,SLEEPING !!!,0.220,0.576,102,5
2024-11-27 15:51:25,SLEEPING !!!,0.218,0.569,102,5
2024-11-27 15:51:25,SLEEPING !!!,0.206,0.596,102,5
2024-11-27 15:51:25,SLEEPING !!!,0.205,0.606,102,5
2024-11-27 15:51:25,SLEEPING !!!,0.199,0.606,102,5
2024-11-27 15:51:25,SLEEPING !!!,0.188,0.558,102,5
2024-11-27 15:51:25,SLEEPING !!!,0.194,0.510,102,5
2024-11-27 15:51:25,SLEEPING !!!,0.230,0.520,102,5
2024-11-27 15:51:25,SLEEPING !!!,0.210,0.559,102,5
2024-11-27 15:51:25,SLEEPING !!!,0.194,0.557,102,5
2024-11-27 15:51:25,SLEEPING !!!,0.199,0.608,102,5
2024-11-27 15:51:25,SLEEPING !!!,0.208,0.599,102,5
2024-11-27 15:51:25,SLEEPING !!!,0.205,0.648,102,5
2024-11-27 15:51:25,SLEEPING !!!,0.208,0.559,102,5
2024-11-27 15:51:25,SLEEPING !!!,0.226,0.569,102,5
2024-11-27 15:51:25,SLEEPING !!!,0.199,0.570,102,5
2024-11-27 15:51:25,SLEEPING !!!,0.204,0.599,102,5
2024-11-27 15:51:25,SLEEPING !!!,0.220,0.667,102,5
2024-11-27 15:51:25,SLEEPING !!!,0.205,0.598,102,5
2024-11-27 15:51:25,SLEEPING !!!,0.202,0.608,102,5
2024-11-27 15:51:25,SLEEPING !!!,0.220,0.633,102,5
2024-11-27 15:51:25,SLEEPING !!!,0.188,0.640,102,5
2024-11-27 15:51:25,SLEEPING !!!,0.214,0.630,102,5
2024-11-27 15:51:25,SLEEPING !!!,0.209,0.647,102,5
2024-11-27 15:51:25,SLEEPING !!!,0.210,0.637,102,5
2024-11-27 15:51:25,SLEEPING !!!,0.236,0.674,102,5
2024-11-27 15:51:25,SLEEPING !!!,0.209,0.651,102,5
2024-11-27 15:51:25,SLEEPING !!!,0.239,0.664,102,5
2024-11-27 15:51:25,SLEEPING !!!,0.245,0.637,102,5
2024-11-27 15:51:25,SLEEPING !!!,0.236,0.620,102,5
2024-11-27 15:51:25,SLEEPING !!!,0.225,0.588,102,5
2024-11-27 15:51:26,SLEEPING !!!,0.208,0.591,102,5
2024-11-27 15:51:26,SLEEPING !!!,0.230,0.569,102,5
2024-11-27 15:51:26,SLEEPING !!!,0.209,0.591,102,5
2024-11-27 15:51:26,SLEEPING !!!,0.205,0.560,102,5
2024-11-27 15:51:26,SLEEPING !!!,0.208,0.560,102,5
2024-11-27 15:51:26,SLEEPING !!!,0.218,0.620,102,5
2024-11-27 15:51:26,SLEEPING !!!,0.225,0.588,102,5
2024-11-27 15:51:26,SLEEPING !!!,0.239,0.620,102,5
2024-11-27 15:51:26,SLEEPING !!!,0.195,0.600,102,5
2024-11-27 15:51:26,SLEEPING !!!,0.168,0.640,102,5
2024-11-27 15:51:26,SLEEPING !!!,0.209,0.650,102,5
2024-11-27 15:51:26,SLEEPING !!!,0.239,0.664,102,5
2024-11-27 15:51:26,SLEEPING !!!,0.239,0.698,102,5
2024-11-27 15:51:26,SLEEPING !!!,0.241,0.673,102,5
2024-11-27 15:51:26,SLEEPING !!!,0.206,0.680,102,5
2024-11-27 15:51:26,SLEEPING !!!,0.208,0.654,102,5
2024-11-27 15:51:26,SLEEPING !!!,0.209,0.674,102,5
2024-11-27 15:51:26,SLEEPING !!!,0.219,0.681,102,5
2024-11-27 15:51:26,SLEEPING !!!,0.209,0.681,102,5
2024-11-27 15:51:26,SLEEPING !!!,0.235,0.670,102,5
2024-11-27 15:51:26,SLEEPING !!!,0.234,0.684,102,5
2024-11-27 15:51:26,SLEEPING !!!,0.230,0.688,102,6
2024-11-27 15:51:26,SLEEPING !!!,0.203,0.680,102,6
2024-11-27 15:51:26,SLEEPING !!!,0.234,0.688,102,6
2024-11-27 15:51:26,SLEEPING !!!,0.240,0.709,102,6
2024-11-27 15:51:26,SLEEPING !!!,0.239,0.719,102,6
2024-11-27 15:51:26,SLEEPING !!!,0.209,0.691,102,6
2024-11-27 15:51:26,SLEEPING !!!,0.230,0.713,102,6
2024-11-27 15:51:26,SLEEPING !!!,0.230,0.724,102,6
2024-11-27 15:51:26,SLEEPING !!!,0.208,0.729,102,6
2024-11-27 15:51:27,SLEEPING !!!,0.160,0.680,102,6
2024-11-27 15:51:27,SLEEPING !!!,0.124,0.745,102,6
2024-11-27 15:51:27,SLEEPING !!!,0.152,0.719,102,6
2024-11-27 15:51:27,SLEEPING !!!,0.175,0.709,102,6
2024-11-27 15:51:27,SLEEPING !!!,0.185,0.698,102,6
2024-11-27 15:51:27,SLEEPING !!!,0.230,0.688,102,6
2024-11-27 15:51:27,Active,0.286,0.643,103,6
2024-11-27 15:51:27,Active,0.285,0.611,103,6
2024-11-27 15:51:27,Active,0.275,0.600,103,6
2024-11-27 15:51:27,Active,0.271,0.612,103,6
2024-11-27 15:51:27,Active,0.260,0.562,103,6
2024-11-27 15:51:27,Active,0.272,0.592,103,6
2024-11-27 15:51:27,Active,0.247,0.590,103,6
2024-11-27 15:51:27,Active,0.308,0.612,103,6
2024-11-27 15:51:27,Active,0.262,0.552,103,6
2024-11-27 15:51:27,Active,0.260,0.569,103,6
2024-11-27 15:51:27,Active,0.245,0.580,103,6
2024-11-27 15:51:27,Active,0.260,0.610,103,6
2024-11-27 15:51:27,Active,0.270,0.602,103,6
2024-11-27 15:51:27,Active,0.260,0.610,103,6
2024-11-27 15:51:27,Active,0.255,0.613,103,6
2024-11-27 15:51:27,Active,0.269,0.590,103,6
2024-11-27 15:51:27,Active,0.246,0.601,103,6
2024-11-27 15:51:27,Active,0.288,0.620,103,6
2024-11-27 15:51:27,Active,0.260,0.611,103,6
2024-11-27 15:51:27,Active,0.307,0.628,103,6
2024-11-27 15:51:27,Active,0.279,0.630,103,6
2024-11-27 15:51:27,Active,0.260,0.630,103,6
2024-11-27 15:51:27,Active,0.260,0.643,103,6
2024-11-27 15:51:27,Active,0.271,0.694,103,6
2024-11-27 15:51:28,Active,0.250,0.690,103,6
2024-11-27 15:51:28,Active,0.261,0.674,103,6
2024-11-27 15:51:28,Active,0.254,0.730,103,6
2024-11-27 15:51:28,Active,0.265,0.687,103,6
2024-11-27 15:51:28,Active,0.261,0.725,103,6
2024-11-27 15:51:28,Active,0.287,0.750,103,6
2024-11-27 15:51:28,Yawning !,0.280,0.701,103,7
2024-11-27 15:51:28,Active,0.279,0.720,103,7
2024-11-27 15:51:28,Active,0.265,0.740,103,7
2024-11-27 15:51:28,Active,0.289,0.755,103,7
2024-11-27 15:51:28,Active,0.284,0.750,103,7
2024-11-27 15:51:28,Active,0.229,0.720,103,7
2024-11-27 15:51:28,Active,0.186,0.720,103,7
2024-11-27 15:51:28,SLEEPING !!!,0.142,0.755,103,7
2024-11-27 15:51:28,SLEEPING !!!,0.136,0.766,103,7
2024-11-27 15:51:28,SLEEPING !!!,0.130,0.771,103,7
2024-11-27 15:51:28,SLEEPING !!!,0.132,0.770,103,7
2024-11-27 15:51:28,SLEEPING !!!,0.174,0.726,103,7
2024-11-27 15:51:28,SLEEPING !!!,0.190,0.721,103,7
2024-11-27 15:51:28,SLEEPING !!!,0.212,0.706,103,7
2024-11-27 15:51:28,SLEEPING !!!,0.240,0.736,103,7
2024-11-27 15:51:28,SLEEPING !!!,0.246,0.727,103,7
2024-11-27 15:51:28,Active,0.270,0.717,104,7
2024-11-27 15:51:28,Active,0.273,0.664,104,7
2024-11-27 15:51:28,Active,0.251,0.673,104,7
2024-11-27 15:51:28,Active,0.251,0.627,104,7
2024-11-27 15:51:28,Active,0.233,0.628,104,7
2024-11-27 15:51:28,Active,0.238,0.648,104,7
2024-11-27 15:51:28,Active,0.254,0.639,104,7
2024-11-27 15:51:28,Active,0.268,0.613,104,7
2024-11-27 15:51:29,Active,0.267,0.581,104,7
2024-11-27 15:51:29,Active,0.266,0.477,104,7
2024-11-27 15:51:29,Active,0.274,0.440,104,7
2024-11-27 15:51:29,Active,0.290,0.406,104,7
2024-11-27 15:51:29,Active,0.266,0.426,104,7
2024-11-27 15:51:29,Active,0.272,0.403,104,7
2024-11-27 15:51:29,Active,0.266,0.377,104,7
2024-11-27 15:51:29,Active,0.258,0.375,104,7
2024-11-27 15:51:29,Active,0.251,0.368,104,7
2024-11-27 15:51:29,Active,0.251,0.376,104,7
2024-11-27 15:51:29,Active,0.244,0.363,104,7
2024-11-27 15:51:29,Active,0.158,0.351,104,7
2024-11-27 15:51:29,SLEEPING !!!,0.123,0.386,104,7
2024-11-27 15:51:29,SLEEPING !!!,0.167,0.353,104,7
2024-11-27 15:51:29,SLEEPING !!!,0.203,0.379,104,7
2024-11-27 15:51:29,SLEEPING !!!,0.217,0.350,104,7
2024-11-27 15:51:29,Active,0.262,0.353,105,7
2024-11-27 15:51:29,Active,0.265,0.386,105,7
2024-11-27 15:51:29,Active,0.287,0.389,105,7
2024-11-27 15:51:29,Active,0.299,0.400,105,7
2024-11-27 15:51:29,Active,0.302,0.418,105,7
2024-11-27 15:51:29,Active,0.310,0.438,105,7
2024-11-27 15:51:29,Active,0.267,0.398,105,7
2024-11-27 15:51:29,Active,0.295,0.404,105,7
2024-11-27 15:51:29,Active,0.288,0.424,105,7
2024-11-27 15:51:29,Active,0.282,0.365,105,7
2024-11-27 15:51:29,Active,0.262,0.374,105,7
2024-11-27 15:51:29,Active,0.295,0.381,105,7
2024-11-27 15:51:29,Active,0.278,0.387,105,7
2024-11-27 15:51:29,Active,0.289,0.370,105,7
2024-11-27 15:51:30,Active,0.276,0.383,105,7
2024-11-27 15:51:30,Active,0.292,0.394,105,7
2024-11-27 15:51:30,Active,0.265,0.376,105,7
2024-11-27 15:51:30,Active,0.253,0.400,105,7
2024-11-27 15:51:30,Active,0.262,0.380,105,7
2024-11-27 15:51:30,Active,0.260,0.381,105,7
2024-11-27 15:51:30,Active,0.245,0.384,105,7
2024-11-27 15:51:30,Active,0.287,0.419,105,7
2024-11-27 15:51:30,Active,0.305,0.394,105,7
2024-11-27 15:51:30,Active,0.262,0.349,105,7
2024-11-27 15:51:30,Active,0.280,0.351,105,7
2024-11-27 15:51:30,Active,0.276,0.367,105,7
2024-11-27 15:51:30,Active,0.306,0.406,105,7
2024-11-27 15:51:30,Active,0.310,0.374,105,7
2024-11-27 15:51:30,Active,0.285,0.406,105,7
2024-11-27 15:51:30,Active,0.288,0.406,105,7
2024-11-27 15:51:30,Active,0.293,0.408,105,7
2024-11-27 15:51:30,Active,0.303,0.418,105,7
2024-11-27 15:51:30,Active,0.277,0.406,105,7
2024-11-27 15:51:30,Active,0.286,0.416,105,7
2024-11-27 15:51:30,Active,0.289,0.420,105,7
2024-11-27 15:51:30,Active,0.267,0.391,105,7
2024-11-27 15:51:30,Active,0.262,0.394,105,7
2024-11-27 15:51:30,Active,0.251,0.407,105,7
2024-11-27 15:51:30,Active,0.262,0.401,105,7
2024-11-27 15:51:30,Active,0.286,0.449,105,7
2024-11-27 15:51:30,Active,0.291,0.416,105,7
2024-11-27 15:51:30,Active,0.290,0.429,105,7
2024-11-27 15:51:30,Active,0.251,0.500,105,7
2024-11-27 15:51:30,Active,0.277,0.505,105,7
2024-11-27 15:51:30,Active,0.274,0.546,105,7
2024-11-27 15:51:31,Active,0.255,0.563,105,7
2024-11-27 15:51:31,Active,0.268,0.572,105,7
2024-11-27 15:51:31,Active,0.259,0.549,105,7
2024-11-27 15:51:31,Active,0.242,0.563,105,7
2024-11-27 15:51:31,Active,0.244,0.569,105,7
2024-11-27 15:51:31,Active,0.255,0.553,105,7
2024-11-27 15:51:31,Active,0.249,0.551,105,7
2024-11-27 15:51:31,Active,0.256,0.575,105,7
2024-11-27 15:51:31,Active,0.247,0.615,105,7
2024-11-27 15:51:31,Active,0.274,0.557,105,7
2024-11-27 15:51:31,Active,0.259,0.598,105,7
2024-11-27 15:51:31,Active,0.259,0.605,105,7
2024-11-27 15:51:31,Active,0.276,0.669,105,7
2024-11-27 15:51:31,Active,0.254,0.658,105,7
2024-11-27 15:51:31,Active,0.265,0.634,105,7
2024-11-27 15:51:31,Active,0.259,0.630,105,7
2024-11-27 15:51:31,Active,0.237,0.657,105,7
2024-11-27 15:51:31,Active,0.239,0.597,105,7
2024-11-27 15:51:31,Active,0.253,0.649,105,7
2024-11-27 15:51:31,Active,0.262,0.632,105,7
2024-11-27 15:51:31,Active,0.248,0.644,105,7
2024-11-27 15:51:31,Active,0.260,0.666,105,7
2024-11-27 15:51:31,Active,0.257,0.653,105,7
2024-11-27 15:51:31,Active,0.242,0.619,105,7
2024-11-27 15:51:31,Active,0.245,0.659,105,7
2024-11-27 15:51:31,SLEEPING !!!,0.248,0.626,105,7
2024-11-27 15:51:31,SLEEPING !!!,0.236,0.655,105,7
2024-11-27 15:51:31,SLEEPING !!!,0.242,0.666,105,7
2024-11-27 15:51:31,Active,0.265,0.628,106,7
2024-11-27 15:51:31,Active,0.256,0.582,106,7
2024-11-27 15:51:32,Active,0.277,0.511,106,7
2024-11-27 15:51:32,Active,0.287,0.500,106,7
2024-11-27 15:51:32,Active,0.274,0.467,106,7
2024-11-27 15:51:32,Active,0.297,0.581,106,7
2024-11-27 15:51:32,Active,0.283,0.613,106,7
2024-11-27 15:51:32,Active,0.267,0.633,106,7
2024-11-27 15:51:32,Active,0.280,0.642,106,7
2024-11-27 15:51:32,Active,0.277,0.645,106,7
2024-11-27 15:51:32,Active,0.275,0.617,106,7
2024-11-27 15:51:32,Active,0.261,0.590,106,7
2024-11-27 15:51:32,Active,0.285,0.617,106,7
2024-11-27 15:51:32,Active,0.279,0.629,106,7
2024-11-27 15:51:32,Active,0.294,0.544,106,7
2024-11-27 15:51:32,Active,0.264,0.628,106,7
2024-11-27 15:51:32,Active,0.275,0.632,106,7
2024-11-27 15:51:32,Active,0.273,0.628,106,7
2024-11-27 15:51:32,Active,0.278,0.645,106,7
2024-11-27 15:51:32,Active,0.277,0.629,106,7
2024-11-27 15:51:32,Active,0.270,0.645,106,7
2024-11-27 15:51:32,Active,0.218,0.596,106,7
2024-11-27 15:51:32,Active,0.147,0.590,106,7
2024-11-27 15:51:32,SLEEPING !!!,0.125,0.505,106,7
2024-11-27 15:51:32,SLEEPING !!!,0.115,0.479,106,7
2024-11-27 15:51:32,SLEEPING !!!,0.116,0.458,106,7
2024-11-27 15:51:32,SLEEPING !!!,0.146,0.400,106,7
2024-11-27 15:51:32,SLEEPING !!!,0.180,0.418,106,7
2024-11-27 15:51:32,SLEEPING !!!,0.190,0.419,106,7
2024-11-27 15:51:32,SLEEPING !!!,0.229,0.385,106,7
2024-11-27 15:51:32,SLEEPING !!!,0.238,0.411,106,7
2024-11-27 15:51:32,Active,0.251,0.382,107,7
2024-11-27 15:51:33,Active,0.257,0.435,107,7
2024-11-27 15:51:33,Active,0.254,0.434,107,7
2024-11-27 15:51:33,Active,0.237,0.402,107,7
2024-11-27 15:51:33,Active,0.247,0.377,107,7
2024-11-27 15:51:33,SLEEPING !!!,0.239,0.400,107,7
2024-11-27 15:51:33,SLEEPING !!!,0.244,0.419,107,7
2024-11-27 15:51:33,Active,0.251,0.409,108,7
2024-11-27 15:51:33,Active,0.242,0.341,108,7
2024-11-27 15:51:33,Active,0.246,0.422,108,7
2024-11-27 15:51:33,SLEEPING !!!,0.229,0.405,108,7
2024-11-27 15:51:33,SLEEPING !!!,0.250,0.419,108,7
2024-11-27 15:51:33,Active,0.252,0.384,109,7
2024-11-27 15:51:33,Active,0.233,0.384,109,7
2024-11-27 15:51:33,Active,0.226,0.356,109,7
2024-11-27 15:51:33,SLEEPING !!!,0.205,0.339,109,7
2024-11-27 15:51:33,SLEEPING !!!,0.203,0.322,109,7
2024-11-27 15:51:33,SLEEPING !!!,0.215,0.334,109,7
2024-11-27 15:51:33,Active,0.262,0.385,110,7
2024-11-27 15:51:33,Active,0.241,0.406,110,7
2024-11-27 15:51:33,Active,0.241,0.378,110,7
2024-11-27 15:51:33,Active,0.256,0.398,110,7
2024-11-27 15:51:33,Active,0.246,0.355,110,7
2024-11-27 15:51:33,Active,0.234,0.393,110,7
2024-11-27 15:51:33,SLEEPING !!!,0.235,0.402,110,7
2024-11-27 15:51:33,SLEEPING !!!,0.227,0.364,110,7
2024-11-27 15:51:33,SLEEPING !!!,0.165,0.409,110,7
2024-11-27 15:51:33,SLEEPING !!!,0.174,0.361,110,7
2024-11-27 15:51:33,SLEEPING !!!,0.201,0.371,110,7
2024-11-27 15:51:33,SLEEPING !!!,0.103,0.376,110,7
2024-11-27 15:51:34,SLEEPING !!!,0.154,0.353,110,7
2024-11-27 15:51:34,SLEEPING !!!,0.144,0.343,110,7
2024-11-27 15:51:34,SLEEPING !!!,0.207,0.328,110,7
2024-11-27 15:51:34,SLEEPING !!!,0.177,0.352,110,7
2024-11-27 15:51:34,SLEEPING !!!,0.187,0.350,110,7
2024-11-27 15:51:34,SLEEPING !!!,0.198,0.352,110,7
2024-11-27 15:51:34,SLEEPING !!!,0.215,0.352,110,7
2024-11-27 15:51:34,SLEEPING !!!,0.230,0.340,110,7
2024-11-27 15:51:34,SLEEPING !!!,0.213,0.346,110,7
2024-11-27 15:51:34,SLEEPING !!!,0.236,0.334,110,7
2024-11-27 15:51:34,SLEEPING !!!,0.246,0.356,110,7
2024-11-27 15:51:34,SLEEPING !!!,0.244,0.368,110,7
2024-11-27 15:51:34,SLEEPING !!!,0.241,0.375,110,7
2024-11-27 15:51:34,Active,0.250,0.385,111,7
2024-11-27 15:51:34,Active,0.255,0.392,111,7
2024-11-27 15:51:34,Active,0.235,0.413,111,7
2024-11-27 15:51:34,Active,0.223,0.413,111,7
2024-11-27 15:51:34,SLEEPING !!!,0.230,0.353,111,7
2024-11-27 15:51:34,SLEEPING !!!,0.236,0.359,111,7
2024-11-27 15:51:34,SLEEPING !!!,0.220,0.370,111,7
2024-11-27 15:51:34,SLEEPING !!!,0.213,0.351,111,7
2024-11-27 15:51:34,SLEEPING !!!,0.175,0.383,111,7
2024-11-27 15:51:34,SLEEPING !!!,0.166,0.386,111,7
2024-11-27 15:51:34,SLEEPING !!!,0.164,0.388,111,7
2024-11-27 15:51:34,SLEEPING !!!,0.201,0.380,111,7
2024-11-27 15:51:34,SLEEPING !!!,0.212,0.388,111,7
2024-11-27 15:51:34,SLEEPING !!!,0.226,0.400,111,7
2024-11-27 15:51:34,SLEEPING !!!,0.236,0.392,111,7
2024-11-27 15:51:34,Active,0.255,0.372,112,7
2024-11-27 15:51:34,Active,0.251,0.355,112,7
2024-11-27 15:51:34,Active,0.235,0.401,112,7
2024-11-27 15:51:35,Active,0.261,0.382,112,7
2024-11-27 15:51:35,Active,0.217,0.411,112,7
2024-11-27 15:51:35,Active,0.256,0.360,112,7
2024-11-27 15:51:35,Active,0.255,0.348,112,7
2024-11-27 15:51:35,Active,0.241,0.340,112,7
2024-11-27 15:51:35,Active,0.230,0.381,112,7
2024-11-27 15:51:35,Active,0.272,0.400,112,7
2024-11-27 15:51:35,Active,0.223,0.367,112,7
2024-11-27 15:51:35,Active,0.266,0.388,112,7
2024-11-27 15:51:35,Active,0.249,0.357,112,7
2024-11-27 15:51:35,Active,0.252,0.368,112,7
2024-11-27 15:51:35,Active,0.268,0.373,112,7
2024-11-27 15:51:35,Active,0.266,0.390,112,7
2024-11-27 15:51:35,Active,0.278,0.399,112,7
2024-11-27 15:51:35,Active,0.255,0.392,112,7
2024-11-27 15:51:35,Active,0.256,0.367,112,7
2024-11-27 15:51:35,Active,0.277,0.368,112,7
2024-11-27 15:51:35,Active,0.258,0.379,112,7
2024-11-27 15:51:35,Active,0.267,0.367,112,7
2024-11-27 15:51:35,Active,0.257,0.377,112,7
2024-11-27 15:51:35,Active,0.271,0.380,112,7
2024-11-27 15:51:35,Active,0.267,0.380,112,7
2024-11-27 15:51:35,Active,0.271,0.348,112,7
2024-11-27 15:51:35,Active,0.267,0.353,112,7
2024-11-27 15:51:35,Active,0.277,0.360,112,7
2024-11-27 15:51:35,Active,0.272,0.378,112,7
2024-11-27 15:51:35,Active,0.267,0.368,112,7
2024-11-27 15:51:35,Active,0.288,0.380,112,7
2024-11-27 15:51:35,Active,0.286,0.397,112,7
2024-11-27 15:51:35,Active,0.273,0.388,112,7
2024-11-27 15:51:36,Active,0.288,0.377,112,7
2024-11-27 15:51:36,Active,0.266,0.379,112,7
2024-11-27 15:51:36,Active,0.246,0.376,112,7
2024-11-27 15:51:36,Active,0.255,0.365,112,7
2024-11-27 15:51:36,Active,0.247,0.377,112,7
2024-11-27 15:51:36,Active,0.257,0.384,112,7
2024-11-27 15:51:36,Active,0.256,0.366,112,7
2024-11-27 15:51:36,Active,0.246,0.390,112,7
2024-11-27 15:51:36,Active,0.233,0.373,112,7
2024-11-27 15:51:36,SLEEPING !!!,0.235,0.371,112,7
2024-11-27 15:51:36,SLEEPING !!!,0.234,0.363,112,7
2024-11-27 15:51:36,SLEEPING !!!,0.226,0.359,112,7
2024-11-27 15:51:36,Active,0.251,0.368,113,7
2024-11-27 15:51:36,Active,0.247,0.385,113,7
2024-11-27 15:51:36,Active,0.234,0.356,113,7
2024-11-27 15:51:36,Active,0.257,0.372,113,7
2024-11-27 15:51:36,Active,0.204,0.350,113,7
2024-11-27 15:51:36,Active,0.182,0.358,113,7
2024-11-27 15:51:36,SLEEPING !!!,0.191,0.396,113,7
2024-11-27 15:51:36,SLEEPING !!!,0.216,0.370,113,7
2024-11-27 15:51:36,SLEEPING !!!,0.206,0.378,113,7
2024-11-27 15:51:36,SLEEPING !!!,0.213,0.353,113,7
2024-11-27 15:51:36,SLEEPING !!!,0.208,0.393,113,7
2024-11-27 15:51:36,SLEEPING !!!,0.206,0.404,113,7
2024-11-27 15:51:36,SLEEPING !!!,0.224,0.355,113,7
2024-11-27 15:51:36,SLEEPING !!!,0.225,0.364,113,7
2024-11-27 15:51:36,SLEEPING !!!,0.235,0.340,113,7
2024-11-27 15:51:36,SLEEPING !!!,0.230,0.346,113,7
2024-11-27 15:51:36,SLEEPING !!!,0.245,0.370,113,7
2024-11-27 15:51:36,SLEEPING !!!,0.245,0.347,113,7
2024-11-27 15:51:37,SLEEPING !!!,0.207,0.327,113,7
2024-11-27 15:51:37,SLEEPING !!!,0.205,0.337,113,7
2024-11-27 15:51:37,SLEEPING !!!,0.167,0.391,113,7
2024-11-27 15:51:37,SLEEPING !!!,0.173,0.356,113,7
2024-11-27 15:51:37,SLEEPING !!!,0.125,0.342,113,7
2024-11-27 15:51:37,SLEEPING !!!,0.145,0.368,113,7
2024-11-27 15:51:37,SLEEPING !!!,0.143,0.347,113,7
2024-11-27 15:51:37,SLEEPING !!!,0.119,0.376,113,7
2024-11-27 15:51:37,SLEEPING !!!,0.157,0.371,113,7
2024-11-27 15:51:37,SLEEPING !!!,0.131,0.367,113,7
2024-11-27 15:51:37,SLEEPING !!!,0.147,0.333,113,7
2024-11-27 15:51:37,SLEEPING !!!,0.143,0.301,113,7
2024-11-27 15:51:37,SLEEPING !!!,0.131,0.291,113,7
2024-11-27 15:51:37,SLEEPING !!!,0.122,0.311,113,7
2024-11-27 15:51:37,SLEEPING !!!,0.141,0.373,113,7
2024-11-27 15:51:37,SLEEPING !!!,0.108,0.354,113,7
