Timestamp,Status,Eye_Aspect_Ratio,Mouth_Aspect_Ratio,Blink_Count,Yawn_Count
2024-11-28 10:39:51,Active,0.220,0.374,0,0
2024-11-28 10:39:51,Active,0.151,0.454,0,0
2024-11-28 10:39:51,SLEEPING !!!,0.158,0.448,0,0
2024-11-28 10:39:51,SLEEPING !!!,0.156,0.444,0,0
2024-11-28 10:39:51,SLEEPING !!!,0.170,0.491,0,0
2024-11-28 10:39:51,SLEEPING !!!,0.174,0.472,0,0
2024-11-28 10:39:51,SLEEPING !!!,0.173,0.435,0,0
2024-11-28 10:39:51,SLEEPING !!!,0.181,0.475,0,0
2024-11-28 10:39:51,SLEEPING !!!,0.201,0.499,0,0
2024-11-28 10:39:51,SLEEPING !!!,0.176,0.435,0,0
2024-11-28 10:39:51,SLEEPING !!!,0.193,0.381,0,0
2024-11-28 10:39:51,SLEEPING !!!,0.167,0.418,0,0
2024-11-28 10:39:51,SLEEPING !!!,0.209,0.387,0,0
2024-11-28 10:39:51,SLEEPING !!!,0.170,0.398,0,0
2024-11-28 10:39:51,SLEEPING !!!,0.179,0.414,0,0
2024-11-28 10:39:51,SLEEPING !!!,0.181,0.422,0,0
2024-11-28 10:39:51,SLEEPING !!!,0.179,0.429,0,0
2024-11-28 10:39:51,SLEEPING !!!,0.204,0.426,0,0
2024-11-28 10:39:51,SLEEPING !!!,0.189,0.415,0,0
2024-11-28 10:39:51,SLEEPING !!!,0.207,0.366,0,0
2024-11-28 10:39:51,SLEEPING !!!,0.219,0.380,0,0
2024-11-28 10:39:51,SLEEPING !!!,0.205,0.371,0,0
2024-11-28 10:39:51,SLEEPING !!!,0.208,0.382,0,0
2024-11-28 10:39:51,SLEEPING !!!,0.216,0.378,0,0
2024-11-28 10:39:51,SLEEPING !!!,0.211,0.378,0,0
2024-11-28 10:39:51,SLEEPING !!!,0.217,0.366,0,0
2024-11-28 10:39:51,SLEEPING !!!,0.203,0.346,0,0
2024-11-28 10:39:51,SLEEPING !!!,0.191,0.346,0,0
2024-11-28 10:39:51,SLEEPING !!!,0.204,0.351,0,0
2024-11-28 10:39:52,SLEEPING !!!,0.216,0.338,0,0
2024-11-28 10:39:52,SLEEPING !!!,0.224,0.373,0,0
2024-11-28 10:39:52,SLEEPING !!!,0.224,0.373,0,0
2024-11-28 10:39:52,SLEEPING !!!,0.223,0.365,0,0
2024-11-28 10:39:52,SLEEPING !!!,0.211,0.359,0,0
2024-11-28 10:39:52,SLEEPING !!!,0.235,0.360,0,0
2024-11-28 10:39:52,SLEEPING !!!,0.220,0.366,0,0
2024-11-28 10:39:52,SLEEPING !!!,0.220,0.360,0,0
2024-11-28 10:39:52,SLEEPING !!!,0.223,0.367,0,0
2024-11-28 10:39:52,SLEEPING !!!,0.220,0.355,0,0
2024-11-28 10:39:52,SLEEPING !!!,0.229,0.372,0,0
2024-11-28 10:39:52,SLEEPING !!!,0.224,0.371,0,0
2024-11-28 10:39:52,SLEEPING !!!,0.244,0.370,0,0
2024-11-28 10:39:52,SLEEPING !!!,0.225,0.377,0,0
2024-11-28 10:39:52,SLEEPING !!!,0.232,0.368,0,0
2024-11-28 10:39:52,SLEEPING !!!,0.237,0.369,0,0
2024-11-28 10:39:52,SLEEPING !!!,0.224,0.348,0,0
2024-11-28 10:39:52,SLEEPING !!!,0.239,0.361,0,0
2024-11-28 10:39:52,SLEEPING !!!,0.210,0.336,0,0
2024-11-28 10:39:52,SLEEPING !!!,0.217,0.354,0,0
2024-11-28 10:39:52,SLEEPING !!!,0.199,0.362,0,0
2024-11-28 10:39:52,SLEEPING !!!,0.236,0.340,0,0
2024-11-28 10:39:52,SLEEPING !!!,0.243,0.375,0,0
2024-11-28 10:39:52,SLEEPING !!!,0.231,0.379,0,0
2024-11-28 10:39:52,SLEEPING !!!,0.248,0.389,0,0
2024-11-28 10:39:52,SLEEPING !!!,0.233,0.374,0,0
2024-11-28 10:39:52,SLEEPING !!!,0.244,0.359,0,0
2024-11-28 10:39:52,Active,0.272,0.362,1,0
2024-11-28 10:39:52,Active,0.275,0.366,1,0
2024-11-28 10:39:52,Active,0.284,0.354,1,0
2024-11-28 10:39:53,Active,0.290,0.363,1,0
2024-11-28 10:39:53,Active,0.310,0.356,1,0
2024-11-28 10:39:53,Active,0.325,0.377,1,0
2024-11-28 10:39:53,Active,0.322,0.364,1,0
2024-11-28 10:39:53,Active,0.353,0.348,1,0
2024-11-28 10:39:53,Active,0.352,0.342,1,0
2024-11-28 10:39:53,Active,0.362,0.372,1,0
2024-11-28 10:39:53,Active,0.347,0.350,1,0
2024-11-28 10:39:53,Active,0.339,0.380,1,0
2024-11-28 10:39:53,Active,0.347,0.355,1,0
2024-11-28 10:39:53,Active,0.341,0.372,1,0
2024-11-28 10:39:53,Active,0.346,0.375,1,0
2024-11-28 10:39:53,Active,0.304,0.372,1,0
2024-11-28 10:39:53,Active,0.310,0.357,1,0
2024-11-28 10:39:53,Active,0.282,0.390,1,0
2024-11-28 10:39:53,Active,0.290,0.382,1,0
2024-11-28 10:39:53,Active,0.275,0.407,1,0
2024-11-28 10:39:53,Active,0.251,0.405,1,0
2024-11-28 10:39:53,Active,0.272,0.387,1,0
2024-11-28 10:39:53,Active,0.283,0.392,1,0
2024-11-28 10:39:53,Active,0.265,0.383,1,0
2024-11-28 10:39:53,Active,0.250,0.377,1,0
2024-11-28 10:39:53,Active,0.239,0.407,1,0
2024-11-28 10:39:53,Active,0.258,0.387,1,0
2024-11-28 10:39:53,Active,0.243,0.398,1,0
2024-11-28 10:39:53,Active,0.243,0.400,1,0
2024-11-28 10:39:53,SLEEPING !!!,0.246,0.403,1,0
2024-11-28 10:39:53,Active,0.254,0.380,2,0
2024-11-28 10:39:53,Active,0.236,0.404,2,0
2024-11-28 10:39:53,Active,0.202,0.409,2,0
2024-11-28 10:39:54,SLEEPING !!!,0.196,0.417,2,0
2024-11-28 10:39:54,SLEEPING !!!,0.191,0.417,2,0
2024-11-28 10:39:54,SLEEPING !!!,0.174,0.413,2,0
2024-11-28 10:39:54,SLEEPING !!!,0.184,0.417,2,0
2024-11-28 10:39:54,SLEEPING !!!,0.178,0.415,2,0
2024-11-28 10:39:54,SLEEPING !!!,0.202,0.424,2,0
2024-11-28 10:39:54,SLEEPING !!!,0.206,0.412,2,0
2024-11-28 10:39:54,SLEEPING !!!,0.190,0.403,2,0
2024-11-28 10:39:54,SLEEPING !!!,0.206,0.416,2,0
2024-11-28 10:39:54,SLEEPING !!!,0.214,0.424,2,0
2024-11-28 10:39:54,SLEEPING !!!,0.213,0.387,2,0
2024-11-28 10:39:54,SLEEPING !!!,0.206,0.421,2,0
2024-11-28 10:39:54,SLEEPING !!!,0.202,0.408,2,0
2024-11-28 10:39:54,SLEEPING !!!,0.191,0.409,2,0
2024-11-28 10:39:54,SLEEPING !!!,0.226,0.398,2,0
2024-11-28 10:39:54,SLEEPING !!!,0.191,0.405,2,0
2024-11-28 10:39:54,SLEEPING !!!,0.207,0.435,2,0
2024-11-28 10:39:54,SLEEPING !!!,0.207,0.423,2,0
2024-11-28 10:39:54,SLEEPING !!!,0.229,0.417,2,1
2024-11-28 10:39:54,SLEEPING !!!,0.228,0.421,2,1
2024-11-28 10:39:54,SLEEPING !!!,0.221,0.420,2,1
2024-11-28 10:39:54,SLEEPING !!!,0.211,0.415,2,1
2024-11-28 10:39:54,SLEEPING !!!,0.225,0.435,2,1
2024-11-28 10:39:54,SLEEPING !!!,0.214,0.427,2,1
2024-11-28 10:39:54,SLEEPING !!!,0.229,0.424,2,1
2024-11-28 10:39:54,SLEEPING !!!,0.218,0.413,2,1
2024-11-28 10:39:54,SLEEPING !!!,0.233,0.421,2,1
2024-11-28 10:39:54,SLEEPING !!!,0.225,0.406,2,1
2024-11-28 10:39:54,SLEEPING !!!,0.225,0.397,2,1
2024-11-28 10:39:54,SLEEPING !!!,0.236,0.420,2,1
2024-11-28 10:39:55,SLEEPING !!!,0.236,0.429,2,1
2024-11-28 10:39:55,SLEEPING !!!,0.219,0.408,2,1
2024-11-28 10:39:55,SLEEPING !!!,0.236,0.407,2,1
2024-11-28 10:39:55,SLEEPING !!!,0.226,0.410,2,1
2024-11-28 10:39:55,SLEEPING !!!,0.229,0.418,2,1
2024-11-28 10:39:55,SLEEPING !!!,0.229,0.421,2,1
2024-11-28 10:39:55,SLEEPING !!!,0.233,0.410,2,1
2024-11-28 10:39:55,SLEEPING !!!,0.240,0.405,2,1
2024-11-28 10:39:55,SLEEPING !!!,0.235,0.426,2,1
2024-11-28 10:39:55,SLEEPING !!!,0.236,0.412,2,1
2024-11-28 10:39:55,SLEEPING !!!,0.243,0.444,2,1
2024-11-28 10:39:55,Mild Yawn,0.250,0.429,3,1
2024-11-28 10:39:55,Mild Yawn,0.236,0.443,3,1
2024-11-28 10:39:55,Mild Yawn,0.243,0.442,3,1
2024-11-28 10:39:55,SLEEPING !!!,0.239,0.445,3,1
2024-11-28 10:39:55,SLEEPING !!!,0.244,0.459,3,1
2024-11-28 10:39:55,SLEEPING !!!,0.235,0.455,3,1
2024-11-28 10:39:55,SLEEPING !!!,0.240,0.473,3,1
2024-11-28 10:39:55,SLEEPING !!!,0.236,0.462,3,1
2024-11-28 10:39:55,Mild Yawn,0.258,0.470,4,1
2024-11-28 10:39:55,Mild Yawn,0.258,0.459,4,1
2024-11-28 10:39:55,Mild Yawn,0.213,0.454,4,1
2024-11-28 10:39:55,Mild Yawn,0.157,0.501,4,1
2024-11-28 10:39:55,SLEEPING !!!,0.103,0.530,4,1
2024-11-28 10:39:55,SLEEPING !!!,0.120,0.514,4,1
2024-11-28 10:39:55,SLEEPING !!!,0.158,0.510,4,1
2024-11-28 10:39:55,SLEEPING !!!,0.158,0.510,4,1
2024-11-28 10:39:55,SLEEPING !!!,0.185,0.516,4,1
2024-11-28 10:39:55,SLEEPING !!!,0.200,0.546,4,1
2024-11-28 10:39:55,SLEEPING !!!,0.215,0.544,4,1
2024-11-28 10:39:56,SLEEPING !!!,0.216,0.554,4,1
2024-11-28 10:39:56,SLEEPING !!!,0.220,0.554,4,1
2024-11-28 10:39:56,SLEEPING !!!,0.205,0.601,4,1
2024-11-28 10:39:56,SLEEPING !!!,0.220,0.612,4,1
2024-11-28 10:39:56,SLEEPING !!!,0.216,0.617,4,1
2024-11-28 10:39:56,SLEEPING !!!,0.224,0.611,4,1
2024-11-28 10:39:56,SLEEPING !!!,0.203,0.611,4,1
2024-11-28 10:39:56,SLEEPING !!!,0.208,0.606,4,1
2024-11-28 10:39:56,SLEEPING !!!,0.216,0.616,4,1
2024-11-28 10:39:56,SLEEPING !!!,0.211,0.639,4,1
2024-11-28 10:39:56,SLEEPING !!!,0.227,0.621,4,1
2024-11-28 10:39:56,SLEEPING !!!,0.211,0.630,4,1
2024-11-28 10:39:56,SLEEPING !!!,0.209,0.654,4,1
2024-11-28 10:39:56,SLEEPING !!!,0.231,0.662,4,1
2024-11-28 10:39:56,SLEEPING !!!,0.240,0.694,4,1
2024-11-28 10:39:56,SLEEPING !!!,0.228,0.719,4,1
2024-11-28 10:39:56,SLEEPING !!!,0.216,0.734,4,1
2024-11-28 10:39:56,SLEEPING !!!,0.220,0.755,4,1
2024-11-28 10:39:56,SLEEPING !!!,0.196,0.766,4,1
2024-11-28 10:39:56,SLEEPING !!!,0.227,0.753,4,1
2024-11-28 10:39:56,SLEEPING !!!,0.214,0.771,4,1
2024-11-28 10:39:56,SLEEPING !!!,0.224,0.773,4,1
2024-11-28 10:39:56,SLEEPING !!!,0.212,0.782,4,1
2024-11-28 10:39:56,SLEEPING !!!,0.231,0.765,4,1
2024-11-28 10:39:56,SLEEPING !!!,0.227,0.763,4,1
2024-11-28 10:39:56,Moderate Yawn !,0.250,0.800,5,1
2024-11-28 10:39:56,Moderate Yawn !,0.216,0.781,5,1
2024-11-28 10:39:56,Moderate Yawn !,0.209,0.787,5,1
2024-11-28 10:39:56,SLEEPING !!!,0.212,0.758,5,1
2024-11-28 10:39:56,SLEEPING !!!,0.235,0.771,5,1
2024-11-28 10:39:57,SLEEPING !!!,0.227,0.802,5,1
2024-11-28 10:39:57,SLEEPING !!!,0.232,0.770,5,1
2024-11-28 10:39:57,SLEEPING !!!,0.232,0.760,5,1
2024-11-28 10:39:57,SLEEPING !!!,0.219,0.782,5,1
2024-11-28 10:39:57,SLEEPING !!!,0.217,0.817,5,1
2024-11-28 10:39:57,SLEEPING !!!,0.208,0.794,5,1
2024-11-28 10:39:57,SLEEPING !!!,0.243,0.788,5,1
2024-11-28 10:39:57,SLEEPING !!!,0.243,0.792,5,1
2024-11-28 10:39:57,SLEEPING !!!,0.236,0.779,5,1
2024-11-28 10:39:57,Moderate Yawn !,0.251,0.784,6,1
2024-11-28 10:39:57,Severe Yawn !!!,0.254,0.811,6,1
2024-11-28 10:39:57,Moderate Yawn !,0.225,0.788,6,1
2024-11-28 10:39:57,Moderate Yawn !,0.221,0.789,6,1
2024-11-28 10:39:57,SLEEPING !!!,0.224,0.815,6,1
2024-11-28 10:39:57,SLEEPING !!!,0.227,0.802,6,1
2024-11-28 10:39:57,SLEEPING !!!,0.205,0.793,6,1
2024-11-28 10:39:57,SLEEPING !!!,0.228,0.807,6,1
2024-11-28 10:39:57,SLEEPING !!!,0.236,0.803,6,1
2024-11-28 10:39:57,SLEEPING !!!,0.219,0.813,6,1
2024-11-28 10:39:57,SLEEPING !!!,0.187,0.835,6,1
2024-11-28 10:39:57,SLEEPING !!!,0.150,0.849,6,1
2024-11-28 10:39:57,SLEEPING !!!,0.138,0.833,6,1
2024-11-28 10:39:57,SLEEPING !!!,0.134,0.764,6,1
2024-11-28 10:39:57,SLEEPING !!!,0.160,0.760,6,1
2024-11-28 10:39:57,SLEEPING !!!,0.178,0.789,6,1
2024-11-28 10:39:57,SLEEPING !!!,0.176,0.787,6,1
2024-11-28 10:39:57,SLEEPING !!!,0.197,0.797,6,1
2024-11-28 10:39:57,SLEEPING !!!,0.190,0.790,6,1
2024-11-28 10:39:57,SLEEPING !!!,0.207,0.819,6,1
2024-11-28 10:39:57,SLEEPING !!!,0.197,0.809,6,1
2024-11-28 10:39:58,SLEEPING !!!,0.219,0.804,6,1
2024-11-28 10:39:58,SLEEPING !!!,0.219,0.819,6,1
2024-11-28 10:39:58,SLEEPING !!!,0.219,0.827,6,1
2024-11-28 10:39:58,SLEEPING !!!,0.197,0.811,6,1
2024-11-28 10:39:58,SLEEPING !!!,0.216,0.800,6,1
2024-11-28 10:39:58,SLEEPING !!!,0.212,0.822,6,1
2024-11-28 10:39:58,SLEEPING !!!,0.219,0.799,6,1
2024-11-28 10:39:58,SLEEPING !!!,0.213,0.769,6,1
2024-11-28 10:39:58,SLEEPING !!!,0.192,0.803,6,1
2024-11-28 10:39:58,SLEEPING !!!,0.204,0.792,6,1
2024-11-28 10:39:58,SLEEPING !!!,0.213,0.784,6,1
2024-11-28 10:39:58,SLEEPING !!!,0.207,0.771,6,1
2024-11-28 10:39:58,SLEEPING !!!,0.205,0.771,6,1
2024-11-28 10:39:58,SLEEPING !!!,0.204,0.782,6,1
2024-11-28 10:39:58,SLEEPING !!!,0.208,0.749,6,1
2024-11-28 10:39:58,SLEEPING !!!,0.187,0.766,6,1
2024-11-28 10:39:58,SLEEPING !!!,0.185,0.733,6,1
2024-11-28 10:39:58,SLEEPING !!!,0.216,0.690,6,1
2024-11-28 10:39:58,SLEEPING !!!,0.194,0.659,6,1
2024-11-28 10:39:58,SLEEPING !!!,0.220,0.627,6,1
2024-11-28 10:39:58,SLEEPING !!!,0.220,0.654,6,1
2024-11-28 10:39:58,SLEEPING !!!,0.239,0.607,6,1
2024-11-28 10:39:58,SLEEPING !!!,0.235,0.580,6,1
2024-11-28 10:39:58,SLEEPING !!!,0.207,0.525,6,1
2024-11-28 10:39:58,SLEEPING !!!,0.220,0.537,6,1
2024-11-28 10:39:58,SLEEPING !!!,0.224,0.483,6,1
2024-11-28 10:39:58,SLEEPING !!!,0.225,0.483,6,1
2024-11-28 10:39:58,SLEEPING !!!,0.248,0.460,6,1
2024-11-28 10:39:58,SLEEPING !!!,0.235,0.440,6,1
2024-11-28 10:39:58,Mild Yawn,0.250,0.437,7,1
2024-11-28 10:39:59,Mild Yawn,0.277,0.443,7,1
2024-11-28 10:39:59,Mild Yawn,0.283,0.428,7,1
2024-11-28 10:39:59,Mild Yawn,0.247,0.413,7,1
2024-11-28 10:39:59,Mild Yawn,0.227,0.386,7,1
2024-11-28 10:39:59,SLEEPING !!!,0.152,0.382,7,1
2024-11-28 10:39:59,SLEEPING !!!,0.189,0.401,7,1
2024-11-28 10:39:59,SLEEPING !!!,0.178,0.354,7,1
2024-11-28 10:39:59,SLEEPING !!!,0.233,0.392,7,1
2024-11-28 10:39:59,SLEEPING !!!,0.207,0.380,7,1
2024-11-28 10:39:59,SLEEPING !!!,0.200,0.400,7,1
2024-11-28 10:39:59,SLEEPING !!!,0.165,0.360,7,1
2024-11-28 10:39:59,SLEEPING !!!,0.163,0.365,7,1
2024-11-28 10:39:59,SLEEPING !!!,0.193,0.368,7,1
2024-11-28 10:39:59,SLEEPING !!!,0.212,0.366,7,1
2024-11-28 10:39:59,SLEEPING !!!,0.198,0.367,7,1
2024-11-28 10:39:59,SLEEPING !!!,0.237,0.362,7,1
2024-11-28 10:39:59,SLEEPING !!!,0.216,0.369,7,1
2024-11-28 10:39:59,SLEEPING !!!,0.222,0.376,7,1
2024-11-28 10:39:59,SLEEPING !!!,0.243,0.369,7,1
2024-11-28 10:39:59,SLEEPING !!!,0.222,0.382,7,1
2024-11-28 10:39:59,SLEEPING !!!,0.191,0.373,7,1
2024-11-28 10:39:59,SLEEPING !!!,0.155,0.384,7,1
2024-11-28 10:39:59,SLEEPING !!!,0.188,0.380,7,1
2024-11-28 10:39:59,SLEEPING !!!,0.193,0.395,7,1
2024-11-28 10:39:59,SLEEPING !!!,0.183,0.396,7,1
2024-11-28 10:39:59,SLEEPING !!!,0.176,0.378,7,1
2024-11-28 10:39:59,SLEEPING !!!,0.177,0.389,7,1
2024-11-28 10:39:59,SLEEPING !!!,0.180,0.397,7,1
2024-11-28 10:39:59,SLEEPING !!!,0.139,0.397,7,1
2024-11-28 10:39:59,SLEEPING !!!,0.155,0.383,7,1
2024-11-28 10:40:00,SLEEPING !!!,0.182,0.391,7,1
2024-11-28 10:40:00,SLEEPING !!!,0.193,0.380,7,1
2024-11-28 10:40:00,SLEEPING !!!,0.216,0.373,7,1
2024-11-28 10:40:00,SLEEPING !!!,0.210,0.379,7,1
2024-11-28 10:40:00,SLEEPING !!!,0.232,0.383,7,1
2024-11-28 10:40:00,SLEEPING !!!,0.212,0.385,7,1
2024-11-28 10:40:00,SLEEPING !!!,0.236,0.389,7,1
2024-11-28 10:40:00,SLEEPING !!!,0.240,0.383,7,1
2024-11-28 10:40:00,SLEEPING !!!,0.233,0.396,7,1
2024-11-28 10:40:00,Mild Yawn,0.250,0.377,8,1
2024-11-28 10:40:00,Mild Yawn,0.254,0.376,8,1
2024-11-28 10:40:00,Mild Yawn,0.240,0.400,8,1
2024-11-28 10:40:00,Mild Yawn,0.236,0.395,8,1
2024-11-28 10:40:00,Mild Yawn,0.268,0.389,8,1
2024-11-28 10:40:00,Mild Yawn,0.275,0.397,8,1
2024-11-28 10:40:00,Mild Yawn,0.292,0.395,8,1
2024-11-28 10:40:00,Mild Yawn,0.300,0.402,8,1
2024-11-28 10:40:00,Mild Yawn,0.316,0.383,8,1
2024-11-28 10:40:00,Mild Yawn,0.270,0.415,8,1
2024-11-28 10:40:00,Mild Yawn,0.281,0.418,8,1
2024-11-28 10:40:00,Mild Yawn,0.285,0.407,8,1
2024-11-28 10:40:00,Mild Yawn,0.302,0.428,8,1
2024-11-28 10:40:00,Mild Yawn,0.305,0.408,8,1
2024-11-28 10:40:00,Mild Yawn,0.269,0.419,8,1
2024-11-28 10:40:00,Mild Yawn,0.298,0.418,8,1
2024-11-28 10:40:00,Mild Yawn,0.294,0.416,8,1
2024-11-28 10:40:00,Mild Yawn,0.273,0.405,8,1
2024-11-28 10:40:00,Mild Yawn,0.279,0.405,8,1
2024-11-28 10:40:00,Mild Yawn,0.272,0.410,8,1
2024-11-28 10:40:00,Mild Yawn,0.276,0.404,8,1
2024-11-28 10:40:01,Mild Yawn,0.316,0.388,8,1
2024-11-28 10:40:01,Mild Yawn,0.283,0.417,8,1
2024-11-28 10:40:01,Mild Yawn,0.262,0.415,8,1
2024-11-28 10:40:01,Mild Yawn,0.286,0.396,8,1
2024-11-28 10:40:01,Mild Yawn,0.275,0.414,8,1
2024-11-28 10:40:01,Mild Yawn,0.282,0.398,8,1
2024-11-28 10:40:01,Mild Yawn,0.272,0.406,8,1
2024-11-28 10:40:01,Mild Yawn,0.280,0.402,8,1
2024-11-28 10:40:01,Mild Yawn,0.302,0.401,8,1
2024-11-28 10:40:01,Mild Yawn,0.295,0.415,8,1
2024-11-28 10:40:01,Mild Yawn,0.283,0.412,8,1
2024-11-28 10:40:01,Mild Yawn,0.220,0.415,8,1
2024-11-28 10:40:01,Mild Yawn,0.157,0.421,8,1
2024-11-28 10:40:01,SLEEPING !!!,0.151,0.418,8,1
2024-11-28 10:40:01,SLEEPING !!!,0.154,0.429,8,1
2024-11-28 10:40:01,SLEEPING !!!,0.165,0.424,8,1
2024-11-28 10:40:01,SLEEPING !!!,0.185,0.443,8,1
2024-11-28 10:40:01,SLEEPING !!!,0.196,0.439,8,1
2024-11-28 10:40:01,SLEEPING !!!,0.188,0.444,8,1
2024-11-28 10:40:01,SLEEPING !!!,0.203,0.473,8,1
2024-11-28 10:40:01,SLEEPING !!!,0.210,0.517,8,1
2024-11-28 10:40:01,SLEEPING !!!,0.233,0.501,8,1
2024-11-28 10:40:01,SLEEPING !!!,0.218,0.504,8,1
2024-11-28 10:40:01,SLEEPING !!!,0.204,0.477,8,1
2024-11-28 10:40:01,SLEEPING !!!,0.200,0.479,8,1
2024-11-28 10:40:01,SLEEPING !!!,0.211,0.510,8,1
2024-11-28 10:40:01,SLEEPING !!!,0.222,0.503,8,1
2024-11-28 10:40:01,SLEEPING !!!,0.229,0.503,8,1
2024-11-28 10:40:01,SLEEPING !!!,0.236,0.493,8,1
2024-11-28 10:40:01,SLEEPING !!!,0.225,0.478,8,1
2024-11-28 10:40:02,SLEEPING !!!,0.229,0.532,8,1
2024-11-28 10:40:02,SLEEPING !!!,0.212,0.517,8,1
2024-11-28 10:40:02,SLEEPING !!!,0.236,0.543,8,1
2024-11-28 10:40:02,SLEEPING !!!,0.239,0.557,8,1
2024-11-28 10:40:02,SLEEPING !!!,0.240,0.524,8,1
2024-11-28 10:40:02,SLEEPING !!!,0.222,0.563,8,1
2024-11-28 10:40:02,SLEEPING !!!,0.232,0.581,8,1
2024-11-28 10:40:02,SLEEPING !!!,0.201,0.570,8,1
2024-11-28 10:40:02,SLEEPING !!!,0.248,0.588,8,1
2024-11-28 10:40:02,SLEEPING !!!,0.223,0.602,8,1
2024-11-28 10:40:02,SLEEPING !!!,0.234,0.598,8,1
2024-11-28 10:40:02,Moderate Yawn !,0.251,0.606,9,1
2024-11-28 10:40:02,Moderate Yawn !,0.230,0.622,9,1
2024-11-28 10:40:02,Moderate Yawn !,0.237,0.649,9,1
2024-11-28 10:40:02,SLEEPING !!!,0.233,0.632,9,1
2024-11-28 10:40:02,SLEEPING !!!,0.240,0.649,9,1
2024-11-28 10:40:02,SLEEPING !!!,0.232,0.627,9,1
2024-11-28 10:40:02,SLEEPING !!!,0.232,0.652,9,1
2024-11-28 10:40:02,Moderate Yawn !,0.251,0.614,10,1
2024-11-28 10:40:02,Moderate Yawn !,0.247,0.632,10,1
2024-11-28 10:40:02,Moderate Yawn !,0.218,0.642,10,1
2024-11-28 10:40:02,SLEEPING !!!,0.233,0.652,10,1
2024-11-28 10:40:02,Moderate Yawn !,0.254,0.633,11,1
2024-11-28 10:40:02,Moderate Yawn !,0.247,0.635,11,1
2024-11-28 10:40:02,Moderate Yawn !,0.254,0.642,11,1
2024-11-28 10:40:02,Moderate Yawn !,0.261,0.632,11,1
2024-11-28 10:40:02,Moderate Yawn !,0.251,0.633,11,1
2024-11-28 10:40:02,Moderate Yawn !,0.234,0.675,11,1
2024-11-28 10:40:02,Moderate Yawn !,0.232,0.604,11,1
2024-11-28 10:40:02,SLEEPING !!!,0.247,0.650,11,1
2024-11-28 10:40:02,SLEEPING !!!,0.237,0.613,11,1
2024-11-28 10:40:03,SLEEPING !!!,0.237,0.616,11,1
2024-11-28 10:40:03,SLEEPING !!!,0.226,0.612,11,1
2024-11-28 10:40:03,SLEEPING !!!,0.248,0.646,11,1
2024-11-28 10:40:03,Moderate Yawn !,0.262,0.678,12,1
2024-11-28 10:40:03,Moderate Yawn !,0.174,0.664,12,1
2024-11-28 10:40:03,Moderate Yawn !,0.171,0.692,12,1
2024-11-28 10:40:03,SLEEPING !!!,0.176,0.689,12,1
2024-11-28 10:40:03,SLEEPING !!!,0.228,0.671,12,1
2024-11-28 10:40:03,SLEEPING !!!,0.229,0.645,12,1
2024-11-28 10:40:03,SLEEPING !!!,0.219,0.617,12,1
2024-11-28 10:40:03,SLEEPING !!!,0.220,0.659,12,1
2024-11-28 10:40:03,SLEEPING !!!,0.229,0.650,12,1
2024-11-28 10:40:03,SLEEPING !!!,0.240,0.665,12,1
2024-11-28 10:40:03,Moderate Yawn !,0.254,0.626,13,1
2024-11-28 10:40:03,Moderate Yawn !,0.230,0.650,13,1
2024-11-28 10:40:03,Moderate Yawn !,0.240,0.661,13,1
2024-11-28 10:40:03,SLEEPING !!!,0.233,0.688,13,1
2024-11-28 10:40:03,Moderate Yawn !,0.265,0.719,14,1
2024-11-28 10:40:03,Moderate Yawn !,0.233,0.701,14,1
2024-11-28 10:40:03,Moderate Yawn !,0.254,0.724,14,1
2024-11-28 10:40:03,Moderate Yawn !,0.247,0.712,14,1
2024-11-28 10:40:03,Moderate Yawn !,0.262,0.689,14,1
2024-11-28 10:40:03,Moderate Yawn !,0.282,0.698,14,1
2024-11-28 10:40:03,Moderate Yawn !,0.241,0.674,14,1
2024-11-28 10:40:03,Moderate Yawn !,0.240,0.703,14,1
2024-11-28 10:40:03,Moderate Yawn !,0.254,0.673,14,1
2024-11-28 10:40:03,Moderate Yawn !,0.272,0.665,14,1
2024-11-28 10:40:03,Moderate Yawn !,0.261,0.711,14,1
2024-11-28 10:40:03,Moderate Yawn !,0.254,0.693,14,1
2024-11-28 10:40:03,Moderate Yawn !,0.251,0.720,14,1
2024-11-28 10:40:04,Moderate Yawn !,0.255,0.700,14,1
2024-11-28 10:40:04,Moderate Yawn !,0.242,0.700,14,1
2024-11-28 10:40:04,Moderate Yawn !,0.240,0.644,14,1
2024-11-28 10:40:04,SLEEPING !!!,0.244,0.636,14,1
2024-11-28 10:40:04,Moderate Yawn !,0.271,0.632,15,1
2024-11-28 10:40:04,Moderate Yawn !,0.288,0.623,15,1
2024-11-28 10:40:04,Moderate Yawn !,0.270,0.619,15,1
2024-11-28 10:40:04,Moderate Yawn !,0.249,0.603,15,1
2024-11-28 10:40:04,Mild Yawn,0.226,0.566,15,1
2024-11-28 10:40:04,SLEEPING !!!,0.226,0.591,15,1
2024-11-28 10:40:04,SLEEPING !!!,0.184,0.612,15,1
2024-11-28 10:40:04,SLEEPING !!!,0.184,0.586,15,1
2024-11-28 10:40:04,SLEEPING !!!,0.186,0.565,15,1
2024-11-28 10:40:04,SLEEPING !!!,0.198,0.560,15,1
2024-11-28 10:40:04,SLEEPING !!!,0.231,0.542,15,1
2024-11-28 10:40:04,SLEEPING !!!,0.237,0.533,15,1
2024-11-28 10:40:04,SLEEPING !!!,0.240,0.532,15,1
2024-11-28 10:40:04,SLEEPING !!!,0.219,0.526,15,1
2024-11-28 10:40:04,SLEEPING !!!,0.222,0.526,15,1
2024-11-28 10:40:04,SLEEPING !!!,0.243,0.517,15,1
2024-11-28 10:40:04,SLEEPING !!!,0.218,0.507,15,1
2024-11-28 10:40:04,Mild Yawn,0.252,0.527,16,1
2024-11-28 10:40:04,Mild Yawn,0.219,0.486,16,1
2024-11-28 10:40:04,Mild Yawn,0.238,0.461,16,1
2024-11-28 10:40:04,SLEEPING !!!,0.217,0.466,16,1
2024-11-28 10:40:04,SLEEPING !!!,0.233,0.456,16,1
2024-11-28 10:40:04,SLEEPING !!!,0.233,0.453,16,1
2024-11-28 10:40:04,SLEEPING !!!,0.216,0.437,16,1
2024-11-28 10:40:04,SLEEPING !!!,0.240,0.424,16,1
2024-11-28 10:40:04,SLEEPING !!!,0.232,0.425,16,1
2024-11-28 10:40:05,SLEEPING !!!,0.232,0.437,16,1
2024-11-28 10:40:05,SLEEPING !!!,0.215,0.425,16,1
2024-11-28 10:40:05,SLEEPING !!!,0.223,0.425,16,1
2024-11-28 10:40:05,SLEEPING !!!,0.220,0.437,16,1
2024-11-28 10:40:05,SLEEPING !!!,0.237,0.418,16,1
2024-11-28 10:40:05,SLEEPING !!!,0.237,0.409,16,1
2024-11-28 10:40:05,SLEEPING !!!,0.216,0.409,16,1
2024-11-28 10:40:05,SLEEPING !!!,0.215,0.399,16,1
2024-11-28 10:40:05,SLEEPING !!!,0.225,0.390,16,1
2024-11-28 10:40:05,SLEEPING !!!,0.214,0.383,16,1
2024-11-28 10:40:05,SLEEPING !!!,0.182,0.386,16,1
2024-11-28 10:40:05,SLEEPING !!!,0.171,0.373,16,1
2024-11-28 10:40:05,SLEEPING !!!,0.159,0.360,16,1
2024-11-28 10:40:05,SLEEPING !!!,0.183,0.376,16,1
2024-11-28 10:40:05,SLEEPING !!!,0.120,0.369,16,1
2024-11-28 10:40:05,SLEEPING !!!,0.181,0.362,16,1
2024-11-28 10:40:05,SLEEPING !!!,0.197,0.398,16,1
2024-11-28 10:40:05,SLEEPING !!!,0.203,0.352,16,1
2024-11-28 10:40:05,SLEEPING !!!,0.219,0.370,16,1
2024-11-28 10:40:05,SLEEPING !!!,0.192,0.377,16,1
2024-11-28 10:40:05,SLEEPING !!!,0.225,0.386,16,1
2024-11-28 10:40:05,SLEEPING !!!,0.230,0.369,16,1
2024-11-28 10:40:05,SLEEPING !!!,0.248,0.355,16,1
2024-11-28 10:40:05,SLEEPING !!!,0.212,0.362,16,1
2024-11-28 10:40:05,SLEEPING !!!,0.206,0.391,16,1
2024-11-28 10:40:05,SLEEPING !!!,0.222,0.358,16,1
2024-11-28 10:40:05,SLEEPING !!!,0.222,0.408,16,1
2024-11-28 10:40:05,SLEEPING !!!,0.226,0.385,16,1
2024-11-28 10:40:05,SLEEPING !!!,0.227,0.399,16,1
2024-11-28 10:40:05,SLEEPING !!!,0.204,0.396,16,1
2024-11-28 10:40:06,SLEEPING !!!,0.212,0.394,16,1
2024-11-28 10:40:06,SLEEPING !!!,0.212,0.389,16,1
2024-11-28 10:40:06,SLEEPING !!!,0.221,0.391,16,1
2024-11-28 10:40:06,SLEEPING !!!,0.221,0.395,16,1
2024-11-28 10:40:06,SLEEPING !!!,0.207,0.384,16,1
2024-11-28 10:40:06,SLEEPING !!!,0.215,0.383,16,1
2024-11-28 10:40:06,SLEEPING !!!,0.230,0.404,16,1
2024-11-28 10:40:06,SLEEPING !!!,0.201,0.404,16,1
2024-11-28 10:40:06,SLEEPING !!!,0.204,0.395,16,1
2024-11-28 10:40:06,SLEEPING !!!,0.212,0.399,16,1
2024-11-28 10:40:06,SLEEPING !!!,0.212,0.391,16,1
2024-11-28 10:40:06,SLEEPING !!!,0.199,0.404,16,1
2024-11-28 10:40:06,SLEEPING !!!,0.222,0.394,16,1
2024-11-28 10:40:06,SLEEPING !!!,0.201,0.402,16,1
2024-11-28 10:40:06,SLEEPING !!!,0.216,0.386,16,1
2024-11-28 10:40:06,SLEEPING !!!,0.205,0.397,16,1
2024-11-28 10:40:06,SLEEPING !!!,0.213,0.399,16,1
2024-11-28 10:40:06,SLEEPING !!!,0.215,0.393,16,1
2024-11-28 10:40:06,SLEEPING !!!,0.214,0.360,16,1
2024-11-28 10:40:06,SLEEPING !!!,0.223,0.404,16,1
2024-11-28 10:40:06,SLEEPING !!!,0.226,0.406,16,1
2024-11-28 10:40:06,SLEEPING !!!,0.227,0.398,16,1
2024-11-28 10:40:06,SLEEPING !!!,0.206,0.397,16,1
2024-11-28 10:40:06,SLEEPING !!!,0.198,0.407,16,1
2024-11-28 10:40:06,SLEEPING !!!,0.215,0.393,16,1
2024-11-28 10:40:06,SLEEPING !!!,0.212,0.407,16,1
2024-11-28 10:40:06,SLEEPING !!!,0.212,0.381,16,1
2024-11-28 10:40:06,SLEEPING !!!,0.206,0.394,16,1
2024-11-28 10:40:06,SLEEPING !!!,0.216,0.378,16,1
2024-11-28 10:40:06,SLEEPING !!!,0.211,0.384,16,1
2024-11-28 10:40:07,SLEEPING !!!,0.212,0.386,16,1
2024-11-28 10:40:07,SLEEPING !!!,0.204,0.384,16,1
2024-11-28 10:40:07,SLEEPING !!!,0.212,0.393,16,1
2024-11-28 10:40:07,SLEEPING !!!,0.215,0.383,16,1
2024-11-28 10:40:07,SLEEPING !!!,0.230,0.396,16,1
2024-11-28 10:40:07,SLEEPING !!!,0.201,0.394,16,1
2024-11-28 10:40:07,SLEEPING !!!,0.197,0.382,16,1
2024-11-28 10:40:07,SLEEPING !!!,0.222,0.379,16,1
2024-11-28 10:40:07,SLEEPING !!!,0.236,0.398,16,1
2024-11-28 10:40:07,SLEEPING !!!,0.195,0.402,16,1
2024-11-28 10:40:07,SLEEPING !!!,0.202,0.403,16,1
2024-11-28 10:40:07,SLEEPING !!!,0.212,0.383,16,1
2024-11-28 10:40:07,SLEEPING !!!,0.213,0.396,16,1
2024-11-28 10:40:07,SLEEPING !!!,0.198,0.402,16,1
2024-11-28 10:40:07,SLEEPING !!!,0.212,0.383,16,1
2024-11-28 10:40:07,SLEEPING !!!,0.234,0.381,16,1
2024-11-28 10:40:07,SLEEPING !!!,0.223,0.391,16,1
2024-11-28 10:40:07,SLEEPING !!!,0.231,0.396,16,1
2024-11-28 10:40:07,SLEEPING !!!,0.226,0.401,16,1
2024-11-28 10:40:07,SLEEPING !!!,0.222,0.385,16,1
2024-11-28 10:40:07,SLEEPING !!!,0.234,0.402,16,1
2024-11-28 10:40:07,SLEEPING !!!,0.231,0.391,16,1
2024-11-28 10:40:07,SLEEPING !!!,0.212,0.403,16,1
2024-11-28 10:40:07,SLEEPING !!!,0.230,0.396,16,1
2024-11-28 10:40:07,SLEEPING !!!,0.226,0.396,16,1
2024-11-28 10:40:07,SLEEPING !!!,0.233,0.399,16,1
2024-11-28 10:40:07,SLEEPING !!!,0.222,0.396,16,1
2024-11-28 10:40:07,Mild Yawn,0.251,0.380,17,1
2024-11-28 10:40:07,Mild Yawn,0.241,0.397,17,1
2024-11-28 10:40:07,Mild Yawn,0.223,0.402,17,1
2024-11-28 10:40:08,SLEEPING !!!,0.230,0.393,17,1
2024-11-28 10:40:08,Mild Yawn,0.259,0.401,18,1
2024-11-28 10:40:08,Mild Yawn,0.212,0.396,18,1
2024-11-28 10:40:08,Mild Yawn,0.240,0.374,18,1
2024-11-28 10:40:08,SLEEPING !!!,0.237,0.394,18,1
2024-11-28 10:40:08,SLEEPING !!!,0.243,0.394,18,1
2024-11-28 10:40:08,Mild Yawn,0.262,0.401,19,1
2024-11-28 10:40:08,Mild Yawn,0.251,0.393,19,1
2024-11-28 10:40:08,Mild Yawn,0.255,0.391,19,1
2024-11-28 10:40:08,Mild Yawn,0.251,0.395,19,1
2024-11-28 10:40:08,Mild Yawn,0.245,0.401,19,1
2024-11-28 10:40:08,Mild Yawn,0.227,0.396,19,1
2024-11-28 10:40:08,SLEEPING !!!,0.226,0.396,19,1
2024-11-28 10:40:08,Mild Yawn,0.269,0.396,20,1
2024-11-28 10:40:08,Mild Yawn,0.243,0.376,20,1
2024-11-28 10:40:08,Mild Yawn,0.233,0.370,20,1
2024-11-28 10:40:08,Mild Yawn,0.251,0.401,20,1
2024-11-28 10:40:08,Mild Yawn,0.251,0.399,20,1
2024-11-28 10:40:08,Mild Yawn,0.244,0.396,20,1
2024-11-28 10:40:08,Mild Yawn,0.244,0.396,20,1
2024-11-28 10:40:08,SLEEPING !!!,0.234,0.372,20,1
2024-11-28 10:40:08,Mild Yawn,0.259,0.400,21,1
2024-11-28 10:40:08,Mild Yawn,0.259,0.365,21,1
2024-11-28 10:40:08,Mild Yawn,0.255,0.387,21,1
2024-11-28 10:40:08,Mild Yawn,0.229,0.399,21,1
2024-11-28 10:40:08,Mild Yawn,0.233,0.398,21,1
2024-11-28 10:40:08,SLEEPING !!!,0.243,0.401,21,1
2024-11-28 10:40:08,Mild Yawn,0.254,0.398,22,1
2024-11-28 10:40:08,Mild Yawn,0.266,0.396,22,1
2024-11-28 10:40:08,Mild Yawn,0.244,0.410,22,1
2024-11-28 10:40:09,Mild Yawn,0.244,0.415,22,1
2024-11-28 10:40:09,SLEEPING !!!,0.239,0.395,22,1
2024-11-28 10:40:09,SLEEPING !!!,0.229,0.381,22,1
2024-11-28 10:40:09,Mild Yawn,0.254,0.384,23,1
2024-11-28 10:40:09,Mild Yawn,0.232,0.353,23,1
2024-11-28 10:40:09,Mild Yawn,0.241,0.387,23,1
2024-11-28 10:40:09,Mild Yawn,0.264,0.372,23,1
2024-11-28 10:40:09,Mild Yawn,0.261,0.404,23,1
2024-11-28 10:40:09,Mild Yawn,0.285,0.399,23,1
2024-11-28 10:40:09,Mild Yawn,0.308,0.385,23,1
2024-11-28 10:40:09,Mild Yawn,0.292,0.376,23,1
2024-11-28 10:40:09,Mild Yawn,0.309,0.378,23,1
2024-11-28 10:40:09,Mild Yawn,0.292,0.383,23,1
2024-11-28 10:40:09,Mild Yawn,0.301,0.376,23,1
2024-11-28 10:40:09,Mild Yawn,0.278,0.380,23,1
2024-11-28 10:40:09,Mild Yawn,0.268,0.392,23,1
2024-11-28 10:40:09,Mild Yawn,0.268,0.377,23,1
2024-11-28 10:40:09,Mild Yawn,0.264,0.376,23,1
2024-11-28 10:40:09,Mild Yawn,0.255,0.382,23,1
2024-11-28 10:40:09,Mild Yawn,0.250,0.379,23,1
2024-11-28 10:40:09,Mild Yawn,0.217,0.381,23,1
2024-11-28 10:40:09,Mild Yawn,0.268,0.380,23,1
2024-11-28 10:40:09,Mild Yawn,0.289,0.390,23,1
2024-11-28 10:40:09,Mild Yawn,0.254,0.387,23,1
2024-11-28 10:40:09,Mild Yawn,0.282,0.396,23,1
2024-11-28 10:40:09,Mild Yawn,0.271,0.376,23,1
2024-11-28 10:40:09,Mild Yawn,0.240,0.382,23,1
2024-11-28 10:40:09,Mild Yawn,0.254,0.399,23,1
2024-11-28 10:40:09,Mild Yawn,0.254,0.387,23,1
2024-11-28 10:40:09,Mild Yawn,0.254,0.376,23,1
2024-11-28 10:40:10,Mild Yawn,0.264,0.399,23,1
2024-11-28 10:40:10,Mild Yawn,0.272,0.386,23,1
2024-11-28 10:40:10,Mild Yawn,0.258,0.372,23,1
2024-11-28 10:40:10,Mild Yawn,0.230,0.385,23,1
2024-11-28 10:40:10,Mild Yawn,0.257,0.398,23,1
2024-11-28 10:40:10,Mild Yawn,0.257,0.387,23,1
2024-11-28 10:40:10,Mild Yawn,0.264,0.393,23,1
2024-11-28 10:40:10,Mild Yawn,0.274,0.380,23,1
2024-11-28 10:40:10,Mild Yawn,0.283,0.393,23,1
2024-11-28 10:40:10,Mild Yawn,0.268,0.396,23,1
2024-11-28 10:40:10,Mild Yawn,0.268,0.379,23,1
2024-11-28 10:40:10,Mild Yawn,0.295,0.387,23,1
2024-11-28 10:40:10,Mild Yawn,0.278,0.396,23,1
2024-11-28 10:40:10,Mild Yawn,0.279,0.396,23,1
2024-11-28 10:40:10,Mild Yawn,0.254,0.415,23,1
2024-11-28 10:40:10,Mild Yawn,0.237,0.375,23,1
2024-11-28 10:40:10,Mild Yawn,0.254,0.373,23,1
2024-11-28 10:40:10,Mild Yawn,0.258,0.378,23,1
2024-11-28 10:40:10,Mild Yawn,0.251,0.385,23,1
2024-11-28 10:40:10,Mild Yawn,0.251,0.396,23,1
2024-11-28 10:40:10,Mild Yawn,0.250,0.381,23,1
2024-11-28 10:40:10,Mild Yawn,0.257,0.405,23,1
2024-11-28 10:40:10,Mild Yawn,0.282,0.382,23,1
2024-11-28 10:40:10,Mild Yawn,0.269,0.382,23,1
2024-11-28 10:40:10,Mild Yawn,0.250,0.373,23,1
2024-11-28 10:40:10,Mild Yawn,0.261,0.373,23,1
2024-11-28 10:40:10,Mild Yawn,0.254,0.392,23,1
2024-11-28 10:40:10,Mild Yawn,0.250,0.365,23,1
2024-11-28 10:40:10,Mild Yawn,0.233,0.401,23,1
2024-11-28 10:40:10,Mild Yawn,0.261,0.393,23,1
2024-11-28 10:40:11,Mild Yawn,0.254,0.390,23,1
2024-11-28 10:40:11,Mild Yawn,0.240,0.407,23,1
2024-11-28 10:40:11,Mild Yawn,0.233,0.385,23,1
2024-11-28 10:40:11,SLEEPING !!!,0.229,0.374,23,1
2024-11-28 10:40:11,SLEEPING !!!,0.212,0.381,23,1
2024-11-28 10:40:11,SLEEPING !!!,0.236,0.395,23,1
2024-11-28 10:40:11,SLEEPING !!!,0.229,0.373,23,1
2024-11-28 10:40:11,SLEEPING !!!,0.237,0.364,23,1
2024-11-28 10:40:11,SLEEPING !!!,0.229,0.389,23,1
2024-11-28 10:40:11,SLEEPING !!!,0.231,0.371,23,1
2024-11-28 10:40:11,SLEEPING !!!,0.226,0.385,23,1
2024-11-28 10:40:11,SLEEPING !!!,0.233,0.382,23,1
2024-11-28 10:40:11,SLEEPING !!!,0.221,0.376,23,1
2024-11-28 10:40:11,SLEEPING !!!,0.200,0.381,23,1
2024-11-28 10:40:11,SLEEPING !!!,0.229,0.390,23,1
2024-11-28 10:40:11,SLEEPING !!!,0.225,0.367,23,1
2024-11-28 10:40:11,SLEEPING !!!,0.203,0.401,23,1
2024-11-28 10:40:11,SLEEPING !!!,0.186,0.399,23,1
2024-11-28 10:40:11,SLEEPING !!!,0.229,0.398,23,1
2024-11-28 10:40:11,SLEEPING !!!,0.218,0.408,23,1
2024-11-28 10:40:11,SLEEPING !!!,0.209,0.369,23,1
2024-11-28 10:40:11,SLEEPING !!!,0.219,0.399,23,1
2024-11-28 10:40:11,SLEEPING !!!,0.164,0.406,23,1
2024-11-28 10:40:11,SLEEPING !!!,0.188,0.387,23,1
2024-11-28 10:40:11,SLEEPING !!!,0.179,0.396,23,1
2024-11-28 10:40:11,SLEEPING !!!,0.200,0.382,23,1
2024-11-28 10:40:11,SLEEPING !!!,0.179,0.401,23,1
2024-11-28 10:40:11,SLEEPING !!!,0.200,0.418,23,1
2024-11-28 10:40:11,SLEEPING !!!,0.197,0.429,23,1
2024-11-28 10:40:11,SLEEPING !!!,0.203,0.420,23,1
2024-11-28 10:40:12,SLEEPING !!!,0.191,0.447,23,1
2024-11-28 10:40:12,SLEEPING !!!,0.189,0.455,23,1
2024-11-28 10:40:12,SLEEPING !!!,0.186,0.448,23,1
2024-11-28 10:40:12,SLEEPING !!!,0.201,0.461,23,1
2024-11-28 10:40:12,SLEEPING !!!,0.183,0.450,23,1
2024-11-28 10:40:12,SLEEPING !!!,0.209,0.430,23,1
2024-11-28 10:40:12,SLEEPING !!!,0.200,0.460,23,1
2024-11-28 10:40:12,SLEEPING !!!,0.208,0.489,23,1
2024-11-28 10:40:12,SLEEPING !!!,0.203,0.450,23,1
2024-11-28 10:40:12,SLEEPING !!!,0.199,0.436,23,1
2024-11-28 10:40:12,SLEEPING !!!,0.218,0.448,23,1
2024-11-28 10:40:12,SLEEPING !!!,0.188,0.477,23,1
2024-11-28 10:40:12,SLEEPING !!!,0.221,0.454,23,1
2024-11-28 10:40:12,SLEEPING !!!,0.192,0.456,23,1
2024-11-28 10:40:12,SLEEPING !!!,0.211,0.478,23,1
2024-11-28 10:40:12,SLEEPING !!!,0.203,0.442,23,1
2024-11-28 10:40:12,SLEEPING !!!,0.222,0.460,23,1
2024-11-28 10:40:12,SLEEPING !!!,0.243,0.456,23,1
2024-11-28 10:40:12,SLEEPING !!!,0.215,0.468,23,1
2024-11-28 10:40:12,SLEEPING !!!,0.206,0.451,23,1
2024-11-28 10:40:12,SLEEPING !!!,0.211,0.477,23,1
2024-11-28 10:40:12,SLEEPING !!!,0.225,0.473,23,1
2024-11-28 10:40:12,SLEEPING !!!,0.215,0.461,23,1
2024-11-28 10:40:12,SLEEPING !!!,0.218,0.460,23,1
2024-11-28 10:40:12,SLEEPING !!!,0.199,0.439,23,1
2024-11-28 10:40:12,SLEEPING !!!,0.228,0.475,23,1
2024-11-28 10:40:12,SLEEPING !!!,0.215,0.462,23,1
2024-11-28 10:40:12,SLEEPING !!!,0.217,0.484,23,1
2024-11-28 10:40:12,SLEEPING !!!,0.225,0.464,23,1
2024-11-28 10:40:12,SLEEPING !!!,0.228,0.463,23,1
2024-11-28 10:40:13,SLEEPING !!!,0.228,0.451,23,1
2024-11-28 10:40:13,SLEEPING !!!,0.236,0.471,23,1
2024-11-28 10:40:13,SLEEPING !!!,0.235,0.485,23,1
2024-11-28 10:40:13,SLEEPING !!!,0.237,0.487,23,1
2024-11-28 10:40:13,SLEEPING !!!,0.229,0.513,23,1
2024-11-28 10:40:13,SLEEPING !!!,0.222,0.528,23,1
2024-11-28 10:40:13,SLEEPING !!!,0.236,0.554,23,1
2024-11-28 10:40:13,SLEEPING !!!,0.244,0.554,23,1
2024-11-28 10:40:13,SLEEPING !!!,0.243,0.591,23,1
2024-11-28 10:40:13,SLEEPING !!!,0.243,0.610,23,1
2024-11-28 10:40:13,SLEEPING !!!,0.240,0.600,23,1
2024-11-28 10:40:13,SLEEPING !!!,0.243,0.620,23,1
2024-11-28 10:40:13,SLEEPING !!!,0.229,0.658,23,1
2024-11-28 10:40:13,SLEEPING !!!,0.225,0.625,23,1
2024-11-28 10:40:13,SLEEPING !!!,0.239,0.644,23,1
2024-11-28 10:40:13,SLEEPING !!!,0.243,0.652,23,1
2024-11-28 10:40:13,SLEEPING !!!,0.232,0.638,23,1
2024-11-28 10:40:13,Moderate Yawn !,0.254,0.630,24,1
2024-11-28 10:40:13,Moderate Yawn !,0.255,0.628,24,1
2024-11-28 10:40:13,Moderate Yawn !,0.236,0.602,24,1
2024-11-28 10:40:13,Moderate Yawn !,0.251,0.625,24,1
2024-11-28 10:40:13,Mild Yawn,0.221,0.598,24,1
2024-11-28 10:40:13,Moderate Yawn !,0.239,0.643,24,1
2024-11-28 10:40:13,SLEEPING !!!,0.243,0.632,24,1
2024-11-28 10:40:13,SLEEPING !!!,0.227,0.652,24,1
2024-11-28 10:40:13,SLEEPING !!!,0.225,0.622,24,1
2024-11-28 10:40:13,Moderate Yawn !,0.250,0.608,25,1
2024-11-28 10:40:13,Moderate Yawn !,0.243,0.617,25,1
2024-11-28 10:40:13,Moderate Yawn !,0.236,0.650,25,1
2024-11-28 10:40:13,SLEEPING !!!,0.240,0.616,25,1
2024-11-28 10:40:14,Moderate Yawn !,0.262,0.656,26,1
2024-11-28 10:40:14,Moderate Yawn !,0.251,0.650,26,1
2024-11-28 10:40:14,Moderate Yawn !,0.237,0.613,26,1
2024-11-28 10:40:14,Moderate Yawn !,0.235,0.656,26,1
2024-11-28 10:40:14,SLEEPING !!!,0.243,0.663,26,1
2024-11-28 10:40:14,SLEEPING !!!,0.226,0.696,26,1
2024-11-28 10:40:14,SLEEPING !!!,0.217,0.711,26,1
2024-11-28 10:40:14,SLEEPING !!!,0.235,0.689,26,1
2024-11-28 10:40:14,SLEEPING !!!,0.201,0.705,26,1
2024-11-28 10:40:14,SLEEPING !!!,0.142,0.710,26,1
2024-11-28 10:40:14,SLEEPING !!!,0.163,0.744,26,1
2024-11-28 10:40:14,SLEEPING !!!,0.154,0.714,26,1
2024-11-28 10:40:14,SLEEPING !!!,0.158,0.725,26,1
2024-11-28 10:40:14,SLEEPING !!!,0.176,0.705,26,1
2024-11-28 10:40:14,SLEEPING !!!,0.194,0.654,26,1
2024-11-28 10:40:14,SLEEPING !!!,0.198,0.632,26,1
2024-11-28 10:40:14,SLEEPING !!!,0.210,0.570,26,1
2024-11-28 10:40:14,SLEEPING !!!,0.199,0.568,26,1
2024-11-28 10:40:14,SLEEPING !!!,0.203,0.579,26,1
2024-11-28 10:40:14,SLEEPING !!!,0.183,0.571,26,1
2024-11-28 10:40:14,SLEEPING !!!,0.186,0.619,26,1
2024-11-28 10:40:14,SLEEPING !!!,0.199,0.644,26,1
2024-11-28 10:40:14,SLEEPING !!!,0.199,0.644,26,1
2024-11-28 10:40:14,SLEEPING !!!,0.200,0.605,26,1
2024-11-28 10:40:14,SLEEPING !!!,0.185,0.480,26,1
2024-11-28 10:40:14,SLEEPING !!!,0.227,0.365,26,1
2024-11-28 10:40:14,SLEEPING !!!,0.190,0.399,26,1
2024-11-28 10:40:14,SLEEPING !!!,0.209,0.392,26,1
2024-11-28 10:40:14,SLEEPING !!!,0.190,0.369,26,1
2024-11-28 10:40:14,SLEEPING !!!,0.223,0.362,26,1
2024-11-28 10:40:15,SLEEPING !!!,0.188,0.378,26,1
2024-11-28 10:40:15,SLEEPING !!!,0.165,0.380,26,1
2024-11-28 10:40:15,SLEEPING !!!,0.152,0.372,26,1
2024-11-28 10:40:15,SLEEPING !!!,0.236,0.381,26,1
2024-11-28 10:40:15,Mild Yawn,0.317,0.373,27,1
2024-11-28 10:40:15,Mild Yawn,0.143,0.393,27,1
2024-11-28 10:40:15,Mild Yawn,0.102,0.396,27,1
2024-11-28 10:40:15,SLEEPING !!!,0.141,0.423,27,1
2024-11-28 10:40:15,SLEEPING !!!,0.169,0.412,27,1
2024-11-28 10:40:15,SLEEPING !!!,0.204,0.421,27,1
2024-11-28 10:40:15,Mild Yawn,0.292,0.403,28,1
2024-11-28 10:40:15,Mild Yawn,0.292,0.407,28,1
2024-11-28 10:40:15,Mild Yawn,0.304,0.388,28,1
2024-11-28 10:40:15,Mild Yawn,0.286,0.415,28,1
2024-11-28 10:40:15,Mild Yawn,0.249,0.440,28,1
2024-11-28 10:40:15,Mild Yawn,0.278,0.428,28,1
2024-11-28 10:40:15,Mild Yawn,0.259,0.425,28,1
2024-11-28 10:40:15,Mild Yawn,0.268,0.429,28,1
2024-11-28 10:40:15,Mild Yawn,0.273,0.455,28,1
2024-11-28 10:40:15,Mild Yawn,0.262,0.465,28,1
2024-11-28 10:40:15,Mild Yawn,0.274,0.452,28,1
2024-11-28 10:40:16,Mild Yawn,0.232,0.408,28,1
2024-11-28 10:40:16,Mild Yawn,0.188,0.426,28,1
2024-11-28 10:40:16,SLEEPING !!!,0.150,0.424,28,1
2024-11-28 10:40:16,SLEEPING !!!,0.174,0.418,28,1
2024-11-28 10:40:16,Mild Yawn,0.288,0.411,29,1
2024-11-28 10:40:16,Mild Yawn,0.245,0.396,29,1
2024-11-28 10:40:16,Mild Yawn,0.217,0.389,29,1
2024-11-28 10:40:16,SLEEPING !!!,0.225,0.416,29,1
2024-11-28 10:40:16,SLEEPING !!!,0.240,0.417,29,1
2024-11-28 10:40:16,Mild Yawn,0.262,0.402,30,1
2024-11-28 10:40:16,Mild Yawn,0.254,0.385,30,1
2024-11-28 10:40:16,Mild Yawn,0.236,0.406,30,1
2024-11-28 10:40:16,Mild Yawn,0.200,0.400,30,1
2024-11-28 10:40:16,SLEEPING !!!,0.208,0.406,30,1
2024-11-28 10:40:16,SLEEPING !!!,0.217,0.422,30,1
2024-11-28 10:40:16,SLEEPING !!!,0.239,0.436,30,1
2024-11-28 10:40:16,SLEEPING !!!,0.221,0.448,30,1
2024-11-28 10:40:16,SLEEPING !!!,0.228,0.459,30,1
2024-11-28 10:40:16,SLEEPING !!!,0.243,0.454,30,1
2024-11-28 10:40:16,SLEEPING !!!,0.239,0.436,30,1
2024-11-28 10:40:16,SLEEPING !!!,0.236,0.458,30,1
2024-11-28 10:40:16,SLEEPING !!!,0.224,0.452,30,1
2024-11-28 10:40:16,SLEEPING !!!,0.228,0.461,30,1
2024-11-28 10:40:17,SLEEPING !!!,0.240,0.505,30,1
2024-11-28 10:40:17,SLEEPING !!!,0.222,0.487,30,1
2024-11-28 10:40:17,SLEEPING !!!,0.247,0.501,30,1
2024-11-28 10:40:17,SLEEPING !!!,0.247,0.499,30,1
2024-11-28 10:40:17,SLEEPING !!!,0.225,0.478,30,1
2024-11-28 10:40:17,SLEEPING !!!,0.247,0.495,30,1
2024-11-28 10:40:17,SLEEPING !!!,0.228,0.538,30,1
2024-11-28 10:40:17,SLEEPING !!!,0.221,0.571,30,1
2024-11-28 10:40:17,SLEEPING !!!,0.228,0.588,30,1
2024-11-28 10:40:17,SLEEPING !!!,0.228,0.601,30,1
2024-11-28 10:40:17,SLEEPING !!!,0.220,0.655,30,1
2024-11-28 10:40:17,SLEEPING !!!,0.235,0.625,30,1
2024-11-28 10:40:17,SLEEPING !!!,0.235,0.662,30,1
2024-11-28 10:40:17,SLEEPING !!!,0.221,0.653,30,1
2024-11-28 10:40:17,SLEEPING !!!,0.236,0.609,30,1
2024-11-28 10:40:17,SLEEPING !!!,0.224,0.633,30,1
2024-11-28 10:40:17,SLEEPING !!!,0.236,0.631,30,1
2024-11-28 10:40:17,SLEEPING !!!,0.227,0.614,30,1
2024-11-28 10:40:17,SLEEPING !!!,0.224,0.609,30,1
2024-11-28 10:40:17,SLEEPING !!!,0.216,0.624,30,1
2024-11-28 10:40:17,SLEEPING !!!,0.224,0.675,30,1
2024-11-28 10:40:17,SLEEPING !!!,0.225,0.685,30,1
2024-11-28 10:40:17,SLEEPING !!!,0.224,0.686,30,1
2024-11-28 10:40:17,SLEEPING !!!,0.228,0.681,30,1
2024-11-28 10:40:17,SLEEPING !!!,0.217,0.699,30,1
2024-11-28 10:40:17,SLEEPING !!!,0.224,0.725,30,1
2024-11-28 10:40:17,SLEEPING !!!,0.210,0.741,30,1
2024-11-28 10:40:17,SLEEPING !!!,0.215,0.749,30,1
2024-11-28 10:40:17,SLEEPING !!!,0.247,0.793,30,1
2024-11-28 10:40:17,SLEEPING !!!,0.230,0.843,30,1
2024-11-28 10:40:18,SLEEPING !!!,0.233,0.842,30,1
2024-11-28 10:40:18,SLEEPING !!!,0.242,0.858,30,1
2024-11-28 10:40:18,SLEEPING !!!,0.218,0.864,30,1
2024-11-28 10:40:18,SLEEPING !!!,0.218,0.875,30,1
2024-11-28 10:40:18,SLEEPING !!!,0.210,0.832,30,1
2024-11-28 10:40:18,SLEEPING !!!,0.191,0.811,30,1
2024-11-28 10:40:18,SLEEPING !!!,0.182,0.818,30,1
2024-11-28 10:40:18,SLEEPING !!!,0.197,0.847,30,1
2024-11-28 10:40:18,SLEEPING !!!,0.208,0.812,30,1
2024-11-28 10:40:18,SLEEPING !!!,0.208,0.810,30,1
2024-11-28 10:40:18,SLEEPING !!!,0.203,0.856,30,1
2024-11-28 10:40:18,SLEEPING !!!,0.221,0.848,30,1
2024-11-28 10:40:18,SLEEPING !!!,0.218,0.827,30,1
2024-11-28 10:40:18,SLEEPING !!!,0.210,0.808,30,1
2024-11-28 10:40:18,SLEEPING !!!,0.210,0.864,30,1
2024-11-28 10:40:18,SLEEPING !!!,0.211,0.832,30,1
2024-11-28 10:40:18,SLEEPING !!!,0.227,0.878,30,1
2024-11-28 10:40:18,SLEEPING !!!,0.231,0.799,30,1
2024-11-28 10:40:18,SLEEPING !!!,0.223,0.816,30,1
2024-11-28 10:40:18,SLEEPING !!!,0.215,0.837,30,1
2024-11-28 10:40:18,SLEEPING !!!,0.205,0.807,30,1
2024-11-28 10:40:18,SLEEPING !!!,0.224,0.749,30,1
2024-11-28 10:40:18,SLEEPING !!!,0.223,0.736,30,1
2024-11-28 10:40:18,SLEEPING !!!,0.209,0.716,30,1
2024-11-28 10:40:18,SLEEPING !!!,0.208,0.678,30,1
2024-11-28 10:40:18,SLEEPING !!!,0.227,0.615,30,1
2024-11-28 10:40:18,SLEEPING !!!,0.220,0.619,30,1
2024-11-28 10:40:18,SLEEPING !!!,0.207,0.552,30,1
2024-11-28 10:40:18,SLEEPING !!!,0.220,0.566,30,1
2024-11-28 10:40:18,SLEEPING !!!,0.221,0.553,30,1
2024-11-28 10:40:19,SLEEPING !!!,0.154,0.518,30,1
2024-11-28 10:40:19,SLEEPING !!!,0.144,0.520,30,1
2024-11-28 10:40:19,SLEEPING !!!,0.159,0.507,30,1
2024-11-28 10:40:19,SLEEPING !!!,0.148,0.483,30,1
2024-11-28 10:40:19,SLEEPING !!!,0.135,0.483,30,1
2024-11-28 10:40:19,SLEEPING !!!,0.175,0.494,30,1
2024-11-28 10:40:19,SLEEPING !!!,0.173,0.471,30,1
2024-11-28 10:40:19,SLEEPING !!!,0.195,0.466,30,1
2024-11-28 10:40:19,SLEEPING !!!,0.203,0.448,30,1
2024-11-28 10:40:19,SLEEPING !!!,0.197,0.450,30,1
2024-11-28 10:40:19,SLEEPING !!!,0.197,0.453,30,1
2024-11-28 10:40:19,SLEEPING !!!,0.209,0.449,30,1
2024-11-28 10:40:19,SLEEPING !!!,0.206,0.437,30,1
2024-11-28 10:40:19,SLEEPING !!!,0.197,0.433,30,1
2024-11-28 10:40:19,SLEEPING !!!,0.198,0.396,30,1
2024-11-28 10:40:19,SLEEPING !!!,0.200,0.366,30,1
2024-11-28 10:40:19,SLEEPING !!!,0.210,0.375,30,1
2024-11-28 10:40:19,SLEEPING !!!,0.203,0.377,30,1
2024-11-28 10:40:19,SLEEPING !!!,0.182,0.381,30,1
2024-11-28 10:40:19,SLEEPING !!!,0.214,0.369,30,1
2024-11-28 10:40:19,SLEEPING !!!,0.207,0.384,30,1
2024-11-28 10:40:19,SLEEPING !!!,0.203,0.368,30,1
2024-11-28 10:40:19,SLEEPING !!!,0.204,0.346,30,1
2024-11-28 10:40:19,SLEEPING !!!,0.221,0.354,30,1
2024-11-28 10:40:19,SLEEPING !!!,0.196,0.399,30,1
2024-11-28 10:40:19,SLEEPING !!!,0.204,0.429,30,1
2024-11-28 10:40:19,SLEEPING !!!,0.200,0.485,30,1
2024-11-28 10:40:19,SLEEPING !!!,0.225,0.572,30,1
2024-11-28 10:40:19,SLEEPING !!!,0.228,0.581,30,1
2024-11-28 10:40:19,SLEEPING !!!,0.246,0.428,30,1
2024-11-28 10:40:20,SLEEPING !!!,0.225,0.374,30,1
2024-11-28 10:40:20,SLEEPING !!!,0.235,0.319,30,1
2024-11-28 10:40:20,SLEEPING !!!,0.243,0.325,30,1
2024-11-28 10:40:20,Mild Yawn,0.251,0.333,31,1
2024-11-28 10:40:20,Mild Yawn,0.236,0.341,31,1
2024-11-28 10:40:20,Mild Yawn,0.233,0.336,31,1
2024-11-28 10:40:20,SLEEPING !!!,0.230,0.322,31,1
2024-11-28 10:40:20,SLEEPING !!!,0.234,0.326,31,1
2024-11-28 10:40:20,Mild Yawn,0.257,0.331,32,1
2024-11-28 10:40:20,Mild Yawn,0.230,0.293,32,1
2024-11-28 10:40:20,Mild Yawn,0.247,0.309,32,1
2024-11-28 10:40:20,SLEEPING !!!,0.223,0.341,32,1
2024-11-28 10:40:20,SLEEPING !!!,0.240,0.314,32,1
2024-11-28 10:40:20,SLEEPING !!!,0.223,0.303,32,1
2024-11-28 10:40:20,SLEEPING !!!,0.240,0.282,32,1
2024-11-28 10:40:20,Mild Yawn,0.250,0.276,33,1
2024-11-28 10:40:20,Mild Yawn,0.243,0.289,33,1
2024-11-28 10:40:20,Mild Yawn,0.250,0.286,33,1
2024-11-28 10:40:20,Mild Yawn,0.263,0.306,33,1
2024-11-28 10:40:20,Mild Yawn,0.253,0.303,33,1
2024-11-28 10:40:20,Mild Yawn,0.249,0.289,33,1
2024-11-28 10:40:20,Mild Yawn,0.257,0.295,33,1
2024-11-28 10:40:20,Mild Yawn,0.243,0.331,33,1
2024-11-28 10:40:20,Mild Yawn,0.266,0.344,33,1
2024-11-28 10:40:20,Mild Yawn,0.246,0.345,33,1
2024-11-28 10:40:20,Mild Yawn,0.267,0.382,33,1
2024-11-28 10:40:20,Mild Yawn,0.264,0.398,33,1
2024-11-28 10:40:20,Mild Yawn,0.254,0.410,33,1
2024-11-28 10:40:20,Mild Yawn,0.263,0.415,33,1
2024-11-28 10:40:20,Mild Yawn,0.257,0.396,33,1
2024-11-28 10:40:21,Mild Yawn,0.267,0.401,33,1
2024-11-28 10:40:21,Mild Yawn,0.286,0.412,33,1
2024-11-28 10:40:21,Mild Yawn,0.271,0.432,33,1
2024-11-28 10:40:21,Mild Yawn,0.285,0.440,33,1
2024-11-28 10:40:21,Mild Yawn,0.273,0.447,33,1
2024-11-28 10:40:21,Mild Yawn,0.264,0.401,33,1
2024-11-28 10:40:21,Mild Yawn,0.271,0.369,33,1
2024-11-28 10:40:21,Mild Yawn,0.251,0.365,33,1
2024-11-28 10:40:21,Mild Yawn,0.251,0.357,33,1
2024-11-28 10:40:21,Mild Yawn,0.267,0.364,33,1
2024-11-28 10:40:21,Mild Yawn,0.290,0.380,33,1
2024-11-28 10:40:21,Mild Yawn,0.256,0.368,33,1
2024-11-28 10:40:21,Mild Yawn,0.244,0.372,33,1
2024-11-28 10:40:21,Mild Yawn,0.277,0.348,33,1
2024-11-28 10:40:21,Mild Yawn,0.264,0.391,33,1
2024-11-28 10:40:21,Mild Yawn,0.247,0.344,33,1
2024-11-28 10:40:21,Mild Yawn,0.244,0.346,33,1
2024-11-28 10:40:21,SLEEPING !!!,0.238,0.338,33,1
2024-11-28 10:40:21,SLEEPING !!!,0.186,0.332,33,1
2024-11-28 10:40:21,SLEEPING !!!,0.121,0.302,33,1
2024-11-28 10:40:21,SLEEPING !!!,0.151,0.295,33,1
2024-11-28 10:40:21,SLEEPING !!!,0.140,0.284,33,1
2024-11-28 10:40:21,SLEEPING !!!,0.144,0.292,33,1
2024-11-28 10:40:21,SLEEPING !!!,0.162,0.302,33,1
2024-11-28 10:40:21,SLEEPING !!!,0.186,0.299,33,1
2024-11-28 10:40:21,SLEEPING !!!,0.219,0.274,33,1
2024-11-28 10:40:21,Mild Yawn,0.250,0.281,34,1
2024-11-28 10:40:21,Mild Yawn,0.254,0.281,34,1
2024-11-28 10:40:21,Mild Yawn,0.243,0.293,34,1
2024-11-28 10:40:21,Mild Yawn,0.254,0.302,34,1
2024-11-28 10:40:22,Mild Yawn,0.261,0.302,34,1
2024-11-28 10:40:22,Mild Yawn,0.244,0.303,34,1
2024-11-28 10:40:22,Mild Yawn,0.235,0.306,34,1
2024-11-28 10:40:22,Mild Yawn,0.258,0.308,34,1
2024-11-28 10:40:22,Mild Yawn,0.243,0.309,34,1
2024-11-28 10:40:22,Mild Yawn,0.254,0.324,34,1
2024-11-28 10:40:22,Mild Yawn,0.240,0.324,34,1
2024-11-28 10:40:22,Mild Yawn,0.247,0.338,34,1
2024-11-28 10:40:22,SLEEPING !!!,0.244,0.360,34,1
2024-11-28 10:40:22,SLEEPING !!!,0.235,0.374,34,1
2024-11-28 10:40:22,Mild Yawn,0.257,0.421,35,1
2024-11-28 10:40:22,Mild Yawn,0.215,0.433,35,1
2024-11-28 10:40:22,Mild Yawn,0.230,0.461,35,1
2024-11-28 10:40:22,SLEEPING !!!,0.210,0.476,35,1
2024-11-28 10:40:22,SLEEPING !!!,0.222,0.509,35,1
2024-11-28 10:40:22,SLEEPING !!!,0.226,0.439,35,1
2024-11-28 10:40:22,SLEEPING !!!,0.202,0.458,35,1
2024-11-28 10:40:22,SLEEPING !!!,0.237,0.454,35,1
2024-11-28 10:40:22,SLEEPING !!!,0.227,0.463,35,1
2024-11-28 10:40:22,SLEEPING !!!,0.229,0.460,35,1
2024-11-28 10:40:22,SLEEPING !!!,0.193,0.452,35,1
2024-11-28 10:40:22,SLEEPING !!!,0.114,0.447,35,1
2024-11-28 10:40:22,SLEEPING !!!,0.163,0.434,35,1
2024-11-28 10:40:22,SLEEPING !!!,0.122,0.453,35,1
2024-11-28 10:40:22,SLEEPING !!!,0.113,0.461,35,1
2024-11-28 10:40:22,SLEEPING !!!,0.158,0.458,35,1
2024-11-28 10:40:22,SLEEPING !!!,0.191,0.472,35,1
2024-11-28 10:40:22,SLEEPING !!!,0.211,0.451,35,1
2024-11-28 10:40:22,SLEEPING !!!,0.234,0.489,35,1
2024-11-28 10:40:22,Mild Yawn,0.254,0.490,36,1
2024-11-28 10:40:23,Mild Yawn,0.243,0.504,36,1
2024-11-28 10:40:23,Mild Yawn,0.241,0.490,36,1
2024-11-28 10:40:23,SLEEPING !!!,0.233,0.518,36,1
2024-11-28 10:40:23,SLEEPING !!!,0.234,0.519,36,1
2024-11-28 10:40:23,SLEEPING !!!,0.247,0.481,36,1
2024-11-28 10:40:23,SLEEPING !!!,0.244,0.507,36,1
2024-11-28 10:40:23,Mild Yawn,0.251,0.515,37,1
2024-11-28 10:40:23,Mild Yawn,0.244,0.513,37,1
2024-11-28 10:40:23,Mild Yawn,0.241,0.498,37,1
2024-11-28 10:40:23,Mild Yawn,0.261,0.513,37,1
2024-11-28 10:40:23,Mild Yawn,0.257,0.523,37,1
2024-11-28 10:40:23,Mild Yawn,0.270,0.550,37,1
2024-11-28 10:40:23,Mild Yawn,0.314,0.532,37,1
2024-11-28 10:40:23,Mild Yawn,0.283,0.506,37,1
2024-11-28 10:40:23,Mild Yawn,0.296,0.503,37,1
2024-11-28 10:40:23,Mild Yawn,0.283,0.467,37,1
2024-11-28 10:40:23,Mild Yawn,0.283,0.470,37,1
2024-11-28 10:40:23,Mild Yawn,0.280,0.467,37,1
2024-11-28 10:40:23,Mild Yawn,0.297,0.444,37,1
2024-11-28 10:40:23,Mild Yawn,0.277,0.422,37,1
2024-11-28 10:40:23,Mild Yawn,0.274,0.395,37,1
2024-11-28 10:40:23,Mild Yawn,0.283,0.375,37,1
2024-11-28 10:40:23,Mild Yawn,0.281,0.393,37,1
2024-11-28 10:40:23,Mild Yawn,0.283,0.397,37,1
2024-11-28 10:40:23,Mild Yawn,0.290,0.391,37,1
2024-11-28 10:40:23,Mild Yawn,0.290,0.353,37,1
2024-11-28 10:40:23,Mild Yawn,0.270,0.397,37,1
2024-11-28 10:40:23,Mild Yawn,0.287,0.388,37,1
2024-11-28 10:40:23,Mild Yawn,0.267,0.383,37,1
2024-11-28 10:40:23,Mild Yawn,0.260,0.368,37,1
2024-11-28 10:40:24,Mild Yawn,0.254,0.371,37,1
2024-11-28 10:40:24,Mild Yawn,0.254,0.395,37,1
2024-11-28 10:40:24,Mild Yawn,0.238,0.385,37,1
2024-11-28 10:40:24,Mild Yawn,0.244,0.410,37,1
2024-11-28 10:40:24,SLEEPING !!!,0.247,0.389,37,1
2024-11-28 10:40:24,SLEEPING !!!,0.240,0.407,37,1
2024-11-28 10:40:24,Mild Yawn,0.267,0.397,38,1
2024-11-28 10:40:24,Mild Yawn,0.248,0.391,38,1
2024-11-28 10:40:24,Mild Yawn,0.251,0.408,38,1
2024-11-28 10:40:24,Mild Yawn,0.250,0.387,38,1
2024-11-28 10:40:24,Mild Yawn,0.257,0.394,38,1
2024-11-28 10:40:24,Mild Yawn,0.251,0.391,38,1
2024-11-28 10:40:24,Mild Yawn,0.261,0.399,38,1
2024-11-28 10:40:24,Mild Yawn,0.247,0.375,38,1
2024-11-28 10:40:24,Mild Yawn,0.268,0.373,38,1
2024-11-28 10:40:24,Mild Yawn,0.264,0.370,38,1
2024-11-28 10:40:24,Mild Yawn,0.251,0.381,38,1
2024-11-28 10:40:24,Mild Yawn,0.237,0.387,38,1
2024-11-28 10:40:24,Mild Yawn,0.264,0.392,38,1
2024-11-28 10:40:24,Mild Yawn,0.251,0.382,38,1
2024-11-28 10:40:24,Mild Yawn,0.254,0.402,38,1
2024-11-28 10:40:24,Mild Yawn,0.254,0.391,38,1
2024-11-28 10:40:24,Mild Yawn,0.244,0.411,38,1
2024-11-28 10:40:24,Mild Yawn,0.264,0.434,38,1
2024-11-28 10:40:24,Mild Yawn,0.277,0.424,38,1
2024-11-28 10:40:24,Mild Yawn,0.274,0.454,38,1
2024-11-28 10:40:24,Mild Yawn,0.270,0.426,38,1
2024-11-28 10:40:24,Mild Yawn,0.268,0.473,38,1
2024-11-28 10:40:24,Mild Yawn,0.278,0.506,38,1
2024-11-28 10:40:24,Mild Yawn,0.257,0.522,38,1
2024-11-28 10:40:25,Mild Yawn,0.255,0.541,38,1
2024-11-28 10:40:25,Mild Yawn,0.259,0.580,38,1
2024-11-28 10:40:25,Moderate Yawn !,0.284,0.604,38,1
2024-11-28 10:40:25,Moderate Yawn !,0.255,0.613,38,1
2024-11-28 10:40:25,Mild Yawn,0.257,0.588,38,1
2024-11-28 10:40:25,Moderate Yawn !,0.267,0.630,38,1
2024-11-28 10:40:25,Mild Yawn,0.257,0.584,38,1
2024-11-28 10:40:25,Moderate Yawn !,0.250,0.602,38,1
2024-11-28 10:40:25,Moderate Yawn !,0.251,0.610,38,1
2024-11-28 10:40:25,Mild Yawn,0.255,0.598,38,1
2024-11-28 10:40:25,Mild Yawn,0.255,0.558,38,1
2024-11-28 10:40:25,Mild Yawn,0.255,0.597,38,1
2024-11-28 10:40:25,Mild Yawn,0.252,0.586,38,1
2024-11-28 10:40:25,Mild Yawn,0.257,0.588,38,1
2024-11-28 10:40:25,Mild Yawn,0.258,0.580,38,1
2024-11-28 10:40:25,Mild Yawn,0.267,0.572,38,1
2024-11-28 10:40:25,Mild Yawn,0.264,0.570,38,1
2024-11-28 10:40:25,Mild Yawn,0.267,0.556,38,1
2024-11-28 10:40:25,Mild Yawn,0.270,0.548,38,1
2024-11-28 10:40:25,Mild Yawn,0.284,0.548,38,1
2024-11-28 10:40:25,Mild Yawn,0.274,0.538,38,1
2024-11-28 10:40:25,Mild Yawn,0.268,0.527,38,1
2024-11-28 10:40:25,Mild Yawn,0.264,0.518,38,1
2024-11-28 10:40:25,Mild Yawn,0.264,0.506,38,1
2024-11-28 10:40:25,Mild Yawn,0.270,0.512,38,1
2024-11-28 10:40:25,Mild Yawn,0.233,0.480,38,1
2024-11-28 10:40:25,Mild Yawn,0.185,0.466,38,1
2024-11-28 10:40:25,SLEEPING !!!,0.176,0.458,38,1
2024-11-28 10:40:25,SLEEPING !!!,0.207,0.463,38,1
2024-11-28 10:40:25,SLEEPING !!!,0.146,0.466,38,1
2024-11-28 10:40:26,SLEEPING !!!,0.158,0.451,38,1
2024-11-28 10:40:26,SLEEPING !!!,0.191,0.475,38,1
2024-11-28 10:40:26,SLEEPING !!!,0.203,0.457,38,1
2024-11-28 10:40:26,SLEEPING !!!,0.223,0.461,38,1
2024-11-28 10:40:26,SLEEPING !!!,0.244,0.457,38,1
2024-11-28 10:40:26,SLEEPING !!!,0.236,0.478,38,1
2024-11-28 10:40:26,Mild Yawn,0.254,0.491,39,1
2024-11-28 10:40:26,Mild Yawn,0.247,0.506,39,1
2024-11-28 10:40:26,Mild Yawn,0.247,0.530,39,1
2024-11-28 10:40:26,SLEEPING !!!,0.245,0.535,39,1
2024-11-28 10:40:26,Mild Yawn,0.267,0.570,40,1
2024-11-28 10:40:26,Mild Yawn,0.267,0.564,40,1
2024-11-28 10:40:26,Mild Yawn,0.261,0.551,40,1
2024-11-28 10:40:26,Moderate Yawn !,0.257,0.607,40,1
2024-11-28 10:40:26,Mild Yawn,0.257,0.578,40,1
2024-11-28 10:40:26,Mild Yawn,0.251,0.585,40,1
2024-11-28 10:40:26,Mild Yawn,0.271,0.581,40,1
2024-11-28 10:40:26,Mild Yawn,0.257,0.576,40,1
2024-11-28 10:40:26,Mild Yawn,0.261,0.576,40,1
2024-11-28 10:40:26,Mild Yawn,0.265,0.586,40,1
2024-11-28 10:40:26,Mild Yawn,0.251,0.588,40,1
2024-11-28 10:40:26,Mild Yawn,0.258,0.560,40,1
2024-11-28 10:40:26,Mild Yawn,0.278,0.572,40,1
2024-11-28 10:40:26,Mild Yawn,0.264,0.583,40,1
2024-11-28 10:40:26,Mild Yawn,0.277,0.583,40,1
2024-11-28 10:40:26,Mild Yawn,0.271,0.542,40,1
2024-11-28 10:40:26,Mild Yawn,0.280,0.461,40,1
2024-11-28 10:40:26,Mild Yawn,0.271,0.431,40,1
2024-11-28 10:40:26,Mild Yawn,0.295,0.431,40,1
2024-11-28 10:40:26,Mild Yawn,0.267,0.428,40,1
2024-11-28 10:40:27,Mild Yawn,0.247,0.401,40,1
2024-11-28 10:40:27,Mild Yawn,0.188,0.407,40,1
2024-11-28 10:40:27,SLEEPING !!!,0.153,0.388,40,1
2024-11-28 10:40:27,SLEEPING !!!,0.183,0.410,40,1
2024-11-28 10:40:27,SLEEPING !!!,0.217,0.416,40,1
2024-11-28 10:40:27,Mild Yawn,0.260,0.415,41,1
2024-11-28 10:40:27,Mild Yawn,0.241,0.385,41,1
2024-11-28 10:40:27,Mild Yawn,0.240,0.410,41,1
2024-11-28 10:40:27,SLEEPING !!!,0.153,0.413,41,1
2024-11-28 10:40:27,SLEEPING !!!,0.163,0.395,41,1
2024-11-28 10:40:27,SLEEPING !!!,0.203,0.415,41,1
2024-11-28 10:40:27,SLEEPING !!!,0.233,0.404,41,1
2024-11-28 10:40:27,SLEEPING !!!,0.241,0.421,41,1
2024-11-28 10:40:27,SLEEPING !!!,0.231,0.424,41,1
2024-11-28 10:40:27,Mild Yawn,0.258,0.434,42,1
2024-11-28 10:40:27,Mild Yawn,0.267,0.424,42,1
2024-11-28 10:40:27,Mild Yawn,0.238,0.418,42,1
2024-11-28 10:40:27,Mild Yawn,0.153,0.429,42,1
2024-11-28 10:40:27,SLEEPING !!!,0.152,0.416,42,1
2024-11-28 10:40:27,SLEEPING !!!,0.207,0.427,42,1
2024-11-28 10:40:27,SLEEPING !!!,0.234,0.430,42,1
2024-11-28 10:40:27,SLEEPING !!!,0.226,0.413,42,1
2024-11-28 10:40:27,SLEEPING !!!,0.226,0.421,42,1
2024-11-28 10:40:27,SLEEPING !!!,0.247,0.419,42,1
2024-11-28 10:40:27,SLEEPING !!!,0.234,0.432,42,1
2024-11-28 10:40:27,SLEEPING !!!,0.226,0.424,42,1
2024-11-28 10:40:27,Mild Yawn,0.313,0.424,43,1
2024-11-28 10:40:27,Mild Yawn,0.247,0.430,43,1
2024-11-28 10:40:27,Mild Yawn,0.300,0.425,43,1
2024-11-28 10:40:27,Mild Yawn,0.263,0.427,43,1
2024-11-28 10:40:28,Mild Yawn,0.219,0.424,43,1
2024-11-28 10:40:28,Mild Yawn,0.225,0.426,43,1
2024-11-28 10:40:28,SLEEPING !!!,0.163,0.451,43,1
2024-11-28 10:40:28,SLEEPING !!!,0.178,0.440,43,1
2024-11-28 10:40:28,SLEEPING !!!,0.233,0.426,43,1
2024-11-28 10:40:28,Mild Yawn,0.280,0.409,44,1
2024-11-28 10:40:28,Mild Yawn,0.298,0.430,44,1
2024-11-28 10:40:28,Mild Yawn,0.311,0.429,44,1
2024-11-28 10:40:28,Mild Yawn,0.348,0.432,44,1
2024-11-28 10:40:28,Mild Yawn,0.327,0.411,44,1
2024-11-28 10:40:28,Mild Yawn,0.335,0.423,44,1
2024-11-28 10:40:28,Mild Yawn,0.241,0.426,44,1
2024-11-28 10:40:28,Mild Yawn,0.158,0.437,44,1
2024-11-28 10:40:28,SLEEPING !!!,0.228,0.433,44,1
2024-11-28 10:40:28,Mild Yawn,0.253,0.440,45,1
2024-11-28 10:40:28,Mild Yawn,0.261,0.442,45,1
2024-11-28 10:40:28,Mild Yawn,0.247,0.447,45,1
2024-11-28 10:40:28,Mild Yawn,0.251,0.458,45,1
2024-11-28 10:40:28,Mild Yawn,0.234,0.438,45,1
2024-11-28 10:40:28,Mild Yawn,0.246,0.444,45,1
2024-11-28 10:40:28,Mild Yawn,0.261,0.458,45,1
2024-11-28 10:40:28,Mild Yawn,0.292,0.441,45,1
2024-11-28 10:40:28,Mild Yawn,0.257,0.450,45,1
2024-11-28 10:40:28,Mild Yawn,0.251,0.433,45,1
2024-11-28 10:40:28,Mild Yawn,0.191,0.427,45,1
2024-11-28 10:40:28,Mild Yawn,0.170,0.426,45,1
2024-11-28 10:40:28,SLEEPING !!!,0.133,0.427,45,1
2024-11-28 10:40:28,SLEEPING !!!,0.169,0.422,45,1
2024-11-28 10:40:28,SLEEPING !!!,0.199,0.429,45,1
2024-11-28 10:40:28,SLEEPING !!!,0.205,0.423,45,1
2024-11-28 10:40:29,SLEEPING !!!,0.212,0.430,45,1
2024-11-28 10:40:29,SLEEPING !!!,0.220,0.434,45,1
2024-11-28 10:40:29,SLEEPING !!!,0.201,0.440,45,1
2024-11-28 10:40:29,SLEEPING !!!,0.208,0.437,45,1
2024-11-28 10:40:29,SLEEPING !!!,0.197,0.440,45,1
2024-11-28 10:40:29,SLEEPING !!!,0.143,0.424,45,1
2024-11-28 10:40:29,SLEEPING !!!,0.243,0.446,45,1
2024-11-28 10:40:29,SLEEPING !!!,0.230,0.450,45,1
2024-11-28 10:40:29,Mild Yawn,0.300,0.422,46,1
2024-11-28 10:40:29,Mild Yawn,0.321,0.434,46,1
2024-11-28 10:40:29,Mild Yawn,0.313,0.419,46,1
2024-11-28 10:40:29,Mild Yawn,0.324,0.427,46,1
2024-11-28 10:40:29,Mild Yawn,0.317,0.439,46,1
2024-11-28 10:40:29,Mild Yawn,0.215,0.435,46,1
2024-11-28 10:40:29,Mild Yawn,0.209,0.419,46,1
2024-11-28 10:40:29,SLEEPING !!!,0.201,0.465,46,1
2024-11-28 10:40:29,SLEEPING !!!,0.144,0.462,46,1
2024-11-28 10:40:29,SLEEPING !!!,0.167,0.446,46,1
2024-11-28 10:40:29,SLEEPING !!!,0.199,0.451,46,1
2024-11-28 10:40:29,SLEEPING !!!,0.231,0.449,46,1
2024-11-28 10:40:29,Mild Yawn,0.254,0.441,47,1
2024-11-28 10:40:29,Mild Yawn,0.270,0.443,47,1
2024-11-28 10:40:29,Mild Yawn,0.280,0.440,47,1
2024-11-28 10:40:29,Mild Yawn,0.292,0.424,47,1
2024-11-28 10:40:29,Mild Yawn,0.277,0.452,47,1
2024-11-28 10:40:29,Mild Yawn,0.289,0.444,47,1
2024-11-28 10:40:29,Mild Yawn,0.293,0.435,47,1
2024-11-28 10:40:29,Mild Yawn,0.288,0.435,47,1
2024-11-28 10:40:29,Mild Yawn,0.243,0.441,47,1
2024-11-28 10:40:29,Mild Yawn,0.133,0.437,47,1
2024-11-28 10:40:30,SLEEPING !!!,0.203,0.451,47,1
2024-11-28 10:40:30,SLEEPING !!!,0.216,0.443,47,1
2024-11-28 10:40:30,SLEEPING !!!,0.182,0.421,47,1
2024-11-28 10:40:30,SLEEPING !!!,0.201,0.457,47,1
2024-11-28 10:40:30,SLEEPING !!!,0.142,0.446,47,1
2024-11-28 10:40:30,SLEEPING !!!,0.163,0.440,47,1
2024-11-28 10:40:30,SLEEPING !!!,0.172,0.443,47,1
2024-11-28 10:40:30,SLEEPING !!!,0.199,0.423,47,1
2024-11-28 10:40:30,SLEEPING !!!,0.220,0.440,47,1
2024-11-28 10:40:30,SLEEPING !!!,0.214,0.435,47,1
2024-11-28 10:40:30,SLEEPING !!!,0.231,0.428,47,1
2024-11-28 10:40:30,SLEEPING !!!,0.237,0.456,47,1
2024-11-28 10:40:30,Mild Yawn,0.251,0.440,48,1
2024-11-28 10:40:30,Mild Yawn,0.253,0.437,48,1
2024-11-28 10:40:30,Mild Yawn,0.257,0.459,48,1
2024-11-28 10:40:30,Mild Yawn,0.257,0.440,48,1
2024-11-28 10:40:30,Mild Yawn,0.273,0.437,48,1
2024-11-28 10:40:30,Mild Yawn,0.258,0.445,48,1
2024-11-28 10:40:30,Mild Yawn,0.199,0.433,48,1
2024-11-28 10:40:30,Mild Yawn,0.163,0.451,48,1
2024-11-28 10:40:30,SLEEPING !!!,0.238,0.458,48,1
2024-11-28 10:40:30,SLEEPING !!!,0.196,0.449,48,1
2024-11-28 10:40:30,Mild Yawn,0.268,0.443,49,1
2024-11-28 10:40:30,Mild Yawn,0.226,0.438,49,1
2024-11-28 10:40:30,Mild Yawn,0.247,0.440,49,1
2024-11-28 10:40:30,SLEEPING !!!,0.191,0.442,49,1
2024-11-28 10:40:30,SLEEPING !!!,0.199,0.451,49,1
2024-11-28 10:40:30,SLEEPING !!!,0.136,0.451,49,1
2024-11-28 10:40:30,SLEEPING !!!,0.159,0.443,49,1
2024-11-28 10:40:30,SLEEPING !!!,0.184,0.451,49,1
2024-11-28 10:40:30,SLEEPING !!!,0.206,0.435,49,1
2024-11-28 10:40:31,SLEEPING !!!,0.210,0.452,49,1
2024-11-28 10:40:31,SLEEPING !!!,0.226,0.434,49,1
2024-11-28 10:40:31,SLEEPING !!!,0.237,0.451,49,1
2024-11-28 10:40:31,SLEEPING !!!,0.240,0.433,49,1
2024-11-28 10:40:31,SLEEPING !!!,0.248,0.434,49,1
2024-11-28 10:40:31,SLEEPING !!!,0.230,0.438,49,1
2024-11-28 10:40:31,SLEEPING !!!,0.240,0.451,49,1
2024-11-28 10:40:31,Mild Yawn,0.254,0.435,50,1
2024-11-28 10:40:31,Mild Yawn,0.247,0.456,50,1
2024-11-28 10:40:31,Mild Yawn,0.247,0.443,50,1
2024-11-28 10:40:31,Mild Yawn,0.261,0.437,50,1
2024-11-28 10:40:31,Mild Yawn,0.247,0.426,50,1
2024-11-28 10:40:31,Mild Yawn,0.270,0.461,50,1
2024-11-28 10:40:31,Mild Yawn,0.258,0.448,50,1
2024-11-28 10:40:31,Mild Yawn,0.270,0.451,50,1
2024-11-28 10:40:31,Mild Yawn,0.257,0.440,50,1
2024-11-28 10:40:31,Mild Yawn,0.274,0.444,50,1
2024-11-28 10:40:31,Mild Yawn,0.273,0.438,50,1
2024-11-28 10:40:31,Mild Yawn,0.267,0.440,50,1
2024-11-28 10:40:31,Mild Yawn,0.267,0.424,50,1
2024-11-28 10:40:31,Mild Yawn,0.270,0.435,50,1
2024-11-28 10:40:31,Mild Yawn,0.261,0.427,50,1
2024-11-28 10:40:31,Mild Yawn,0.257,0.416,50,1
2024-11-28 10:40:31,Mild Yawn,0.254,0.408,50,1
2024-11-28 10:40:31,Mild Yawn,0.244,0.424,50,1
2024-11-28 10:40:31,Mild Yawn,0.244,0.390,50,1
2024-11-28 10:40:31,Mild Yawn,0.257,0.416,50,1
2024-11-28 10:40:31,Mild Yawn,0.244,0.421,50,1
2024-11-28 10:40:31,Mild Yawn,0.234,0.413,50,1
2024-11-28 10:40:31,SLEEPING !!!,0.238,0.426,50,1
2024-11-28 10:40:32,SLEEPING !!!,0.241,0.420,50,1
2024-11-28 10:40:32,SLEEPING !!!,0.233,0.417,50,1
2024-11-28 10:40:32,SLEEPING !!!,0.213,0.413,50,1
2024-11-28 10:40:32,SLEEPING !!!,0.170,0.416,50,1
2024-11-28 10:40:32,SLEEPING !!!,0.167,0.410,50,1
2024-11-28 10:40:32,SLEEPING !!!,0.176,0.414,50,1
2024-11-28 10:40:32,SLEEPING !!!,0.174,0.432,50,1
2024-11-28 10:40:32,SLEEPING !!!,0.194,0.415,50,1
2024-11-28 10:40:32,SLEEPING !!!,0.203,0.472,50,1
2024-11-28 10:40:32,SLEEPING !!!,0.201,0.441,50,1
2024-11-28 10:40:32,SLEEPING !!!,0.211,0.455,50,1
2024-11-28 10:40:32,SLEEPING !!!,0.216,0.445,50,1
2024-11-28 10:40:32,SLEEPING !!!,0.196,0.429,50,1
2024-11-28 10:40:32,SLEEPING !!!,0.185,0.429,50,1
2024-11-28 10:40:32,SLEEPING !!!,0.190,0.444,50,1
2024-11-28 10:40:32,SLEEPING !!!,0.196,0.457,50,1
2024-11-28 10:40:32,SLEEPING !!!,0.189,0.469,50,1
2024-11-28 10:40:32,SLEEPING !!!,0.203,0.437,50,1
2024-11-28 10:40:32,SLEEPING !!!,0.203,0.419,50,1
2024-11-28 10:40:32,SLEEPING !!!,0.194,0.393,50,1
2024-11-28 10:40:32,SLEEPING !!!,0.179,0.395,50,1
2024-11-28 10:40:32,SLEEPING !!!,0.214,0.423,50,1
2024-11-28 10:40:32,SLEEPING !!!,0.225,0.410,50,1
2024-11-28 10:40:32,SLEEPING !!!,0.168,0.388,50,1
2024-11-28 10:40:32,SLEEPING !!!,0.175,0.377,50,1
2024-11-28 10:40:32,SLEEPING !!!,0.184,0.374,50,1
2024-11-28 10:40:32,SLEEPING !!!,0.129,0.361,50,1
2024-11-28 10:40:32,SLEEPING !!!,0.152,0.386,50,1
2024-11-28 10:40:32,SLEEPING !!!,0.134,0.351,50,1
2024-11-28 10:40:32,SLEEPING !!!,0.143,0.410,50,1
2024-11-28 10:40:33,SLEEPING !!!,0.194,0.390,50,1
2024-11-28 10:40:33,SLEEPING !!!,0.205,0.402,50,1
2024-11-28 10:40:33,SLEEPING !!!,0.168,0.406,50,1
2024-11-28 10:40:33,SLEEPING !!!,0.173,0.394,50,1
2024-11-28 10:40:33,SLEEPING !!!,0.174,0.378,50,1
2024-11-28 10:40:33,SLEEPING !!!,0.184,0.373,50,1
2024-11-28 10:40:33,SLEEPING !!!,0.163,0.386,50,1
2024-11-28 10:40:33,SLEEPING !!!,0.195,0.389,50,1
2024-11-28 10:40:33,SLEEPING !!!,0.210,0.371,50,1
2024-11-28 10:40:33,SLEEPING !!!,0.213,0.348,50,1
2024-11-28 10:40:33,SLEEPING !!!,0.200,0.309,50,1
2024-11-28 10:40:33,SLEEPING !!!,0.191,0.318,50,1
2024-11-28 10:40:33,SLEEPING !!!,0.218,0.326,50,1
2024-11-28 10:40:33,SLEEPING !!!,0.207,0.324,50,1
2024-11-28 10:40:33,SLEEPING !!!,0.216,0.321,50,1
2024-11-28 10:40:33,SLEEPING !!!,0.222,0.308,50,1
2024-11-28 10:40:33,SLEEPING !!!,0.207,0.319,50,1
2024-11-28 10:40:33,SLEEPING !!!,0.212,0.327,50,1
2024-11-28 10:40:33,SLEEPING !!!,0.231,0.316,50,1
2024-11-28 10:40:33,SLEEPING !!!,0.216,0.321,50,1
2024-11-28 10:40:33,SLEEPING !!!,0.224,0.345,50,1
2024-11-28 10:40:33,SLEEPING !!!,0.234,0.338,50,1
2024-11-28 10:40:33,SLEEPING !!!,0.241,0.344,50,1
2024-11-28 10:40:33,SLEEPING !!!,0.216,0.352,50,1
2024-11-28 10:40:33,SLEEPING !!!,0.228,0.347,50,1
2024-11-28 10:40:33,SLEEPING !!!,0.238,0.335,50,1
2024-11-28 10:40:33,SLEEPING !!!,0.232,0.338,50,1
2024-11-28 10:40:34,SLEEPING !!!,0.245,0.332,50,1
2024-11-28 10:40:34,SLEEPING !!!,0.235,0.313,50,1
2024-11-28 10:40:34,SLEEPING !!!,0.235,0.312,50,1
2024-11-28 10:40:34,SLEEPING !!!,0.237,0.308,50,1
2024-11-28 10:40:34,SLEEPING !!!,0.245,0.263,50,1
2024-11-28 10:40:34,SLEEPING !!!,0.216,0.353,50,1
2024-11-28 10:40:34,SLEEPING !!!,0.216,0.356,50,1
2024-11-28 10:40:34,SLEEPING !!!,0.219,0.360,50,1
2024-11-28 10:40:34,SLEEPING !!!,0.217,0.363,50,1
2024-11-28 10:40:34,SLEEPING !!!,0.220,0.344,50,1
2024-11-28 10:40:34,SLEEPING !!!,0.226,0.352,50,1
2024-11-28 10:40:34,SLEEPING !!!,0.219,0.355,50,1
2024-11-28 10:40:34,SLEEPING !!!,0.207,0.353,50,1
2024-11-28 10:40:34,SLEEPING !!!,0.229,0.352,50,1
2024-11-28 10:40:34,SLEEPING !!!,0.220,0.312,50,1
2024-11-28 10:40:34,SLEEPING !!!,0.245,0.305,50,1
2024-11-28 10:40:34,SLEEPING !!!,0.244,0.312,50,1
2024-11-28 10:40:34,SLEEPING !!!,0.217,0.321,50,1
2024-11-28 10:40:34,SLEEPING !!!,0.217,0.337,50,1
2024-11-28 10:40:34,SLEEPING !!!,0.249,0.334,50,1
2024-11-28 10:40:34,SLEEPING !!!,0.234,0.334,50,1
2024-11-28 10:40:34,SLEEPING !!!,0.236,0.336,50,1
2024-11-28 10:40:34,SLEEPING !!!,0.205,0.370,50,1
2024-11-28 10:40:34,SLEEPING !!!,0.219,0.374,50,1
2024-11-28 10:40:34,SLEEPING !!!,0.204,0.355,50,1
2024-11-28 10:40:34,SLEEPING !!!,0.205,0.379,50,1
2024-11-28 10:40:34,SLEEPING !!!,0.217,0.359,50,1
2024-11-28 10:40:34,SLEEPING !!!,0.188,0.349,50,1
2024-11-28 10:40:34,SLEEPING !!!,0.194,0.401,50,1
2024-11-28 10:40:34,SLEEPING !!!,0.209,0.393,50,1
2024-11-28 10:40:34,SLEEPING !!!,0.203,0.390,50,1
2024-11-28 10:40:34,SLEEPING !!!,0.203,0.392,50,1
2024-11-28 10:40:34,SLEEPING !!!,0.211,0.379,50,1
2024-11-28 10:40:35,SLEEPING !!!,0.161,0.391,50,1
2024-11-28 10:40:35,SLEEPING !!!,0.163,0.395,50,1
2024-11-28 10:40:35,SLEEPING !!!,0.202,0.396,50,1
2024-11-28 10:40:35,SLEEPING !!!,0.211,0.396,50,1
2024-11-28 10:40:35,SLEEPING !!!,0.215,0.381,50,1
2024-11-28 10:40:35,SLEEPING !!!,0.208,0.400,50,1
2024-11-28 10:40:35,SLEEPING !!!,0.173,0.378,50,1
2024-11-28 10:40:35,SLEEPING !!!,0.188,0.382,50,1
2024-11-28 10:40:35,SLEEPING !!!,0.189,0.380,50,1
2024-11-28 10:40:35,SLEEPING !!!,0.191,0.388,50,1
2024-11-28 10:40:35,SLEEPING !!!,0.214,0.377,50,1
2024-11-28 10:40:35,SLEEPING !!!,0.219,0.376,50,1
2024-11-28 10:40:35,SLEEPING !!!,0.215,0.380,50,1
2024-11-28 10:40:35,SLEEPING !!!,0.218,0.369,50,1
2024-11-28 10:40:35,SLEEPING !!!,0.226,0.370,50,1
2024-11-28 10:40:35,SLEEPING !!!,0.240,0.350,50,1
2024-11-28 10:40:35,SLEEPING !!!,0.235,0.351,50,1
2024-11-28 10:40:35,SLEEPING !!!,0.232,0.351,50,1
2024-11-28 10:40:35,SLEEPING !!!,0.217,0.365,50,1
2024-11-28 10:40:35,SLEEPING !!!,0.209,0.369,50,1
2024-11-28 10:40:35,SLEEPING !!!,0.236,0.336,50,1
2024-11-28 10:40:35,SLEEPING !!!,0.215,0.315,50,1
2024-11-28 10:40:35,SLEEPING !!!,0.209,0.340,50,1
2024-11-28 10:40:35,SLEEPING !!!,0.207,0.351,50,1
2024-11-28 10:40:35,SLEEPING !!!,0.215,0.356,50,1
2024-11-28 10:40:35,SLEEPING !!!,0.229,0.344,50,1
2024-11-28 10:40:35,SLEEPING !!!,0.222,0.378,50,1
2024-11-28 10:40:35,SLEEPING !!!,0.216,0.335,50,1
2024-11-28 10:40:35,SLEEPING !!!,0.219,0.340,50,1
2024-11-28 10:40:35,SLEEPING !!!,0.215,0.415,50,1
2024-11-28 10:40:36,SLEEPING !!!,0.213,0.346,50,1
2024-11-28 10:40:36,SLEEPING !!!,0.189,0.447,50,1
2024-11-28 10:40:36,SLEEPING !!!,0.184,0.418,50,1
2024-11-28 10:40:36,SLEEPING !!!,0.200,0.410,50,1
2024-11-28 10:40:36,SLEEPING !!!,0.208,0.367,50,1
2024-11-28 10:40:36,SLEEPING !!!,0.211,0.350,50,1
2024-11-28 10:40:36,SLEEPING !!!,0.206,0.382,50,1
2024-11-28 10:40:36,SLEEPING !!!,0.211,0.389,50,1
2024-11-28 10:40:36,SLEEPING !!!,0.218,0.392,50,1
2024-11-28 10:40:36,SLEEPING !!!,0.216,0.395,50,1
2024-11-28 10:40:36,SLEEPING !!!,0.203,0.390,50,1
2024-11-28 10:40:36,SLEEPING !!!,0.210,0.333,50,1
2024-11-28 10:40:36,SLEEPING !!!,0.212,0.387,50,1
2024-11-28 10:40:36,SLEEPING !!!,0.221,0.351,50,1
2024-11-28 10:40:36,SLEEPING !!!,0.207,0.301,50,1
2024-11-28 10:40:36,SLEEPING !!!,0.219,0.378,50,1
2024-11-28 10:40:36,SLEEPING !!!,0.219,0.395,50,1
2024-11-28 10:40:36,SLEEPING !!!,0.222,0.359,50,1
2024-11-28 10:40:36,SLEEPING !!!,0.220,0.379,50,1
2024-11-28 10:40:36,SLEEPING !!!,0.223,0.369,50,1
2024-11-28 10:40:36,SLEEPING !!!,0.201,0.379,50,1
2024-11-28 10:40:36,SLEEPING !!!,0.215,0.367,50,1
2024-11-28 10:40:36,SLEEPING !!!,0.222,0.366,50,1
2024-11-28 10:40:36,SLEEPING !!!,0.213,0.367,50,1
2024-11-28 10:40:36,SLEEPING !!!,0.197,0.357,50,1
2024-11-28 10:40:36,SLEEPING !!!,0.207,0.342,50,1
2024-11-28 10:40:36,SLEEPING !!!,0.210,0.357,50,1
2024-11-28 10:40:36,SLEEPING !!!,0.203,0.317,50,1
2024-11-28 10:40:36,SLEEPING !!!,0.208,0.348,50,1
2024-11-28 10:40:36,SLEEPING !!!,0.223,0.344,50,1
2024-11-28 10:40:37,SLEEPING !!!,0.217,0.351,50,1
2024-11-28 10:40:37,SLEEPING !!!,0.224,0.342,50,1
2024-11-28 10:40:37,SLEEPING !!!,0.230,0.358,50,1
2024-11-28 10:40:37,SLEEPING !!!,0.206,0.323,50,1
2024-11-28 10:40:37,SLEEPING !!!,0.206,0.337,50,1
2024-11-28 10:40:37,SLEEPING !!!,0.205,0.379,50,1
2024-11-28 10:40:37,SLEEPING !!!,0.204,0.373,50,1
2024-11-28 10:40:37,SLEEPING !!!,0.208,0.349,50,1
2024-11-28 10:40:37,SLEEPING !!!,0.220,0.342,50,1
2024-11-28 10:40:37,SLEEPING !!!,0.219,0.339,50,1
2024-11-28 10:40:37,SLEEPING !!!,0.206,0.313,50,1
2024-11-28 10:40:37,SLEEPING !!!,0.211,0.349,50,1
2024-11-28 10:40:37,SLEEPING !!!,0.206,0.341,50,1
2024-11-28 10:40:37,SLEEPING !!!,0.218,0.329,50,1
2024-11-28 10:40:37,SLEEPING !!!,0.221,0.383,50,1
2024-11-28 10:40:37,SLEEPING !!!,0.208,0.401,50,1
2024-11-28 10:40:37,SLEEPING !!!,0.221,0.379,50,1
2024-11-28 10:40:37,SLEEPING !!!,0.225,0.353,50,1
2024-11-28 10:40:37,SLEEPING !!!,0.216,0.356,50,1
2024-11-28 10:40:37,SLEEPING !!!,0.213,0.388,50,1
2024-11-28 10:40:37,SLEEPING !!!,0.209,0.342,50,1
2024-11-28 10:40:37,SLEEPING !!!,0.219,0.374,50,1
2024-11-28 10:40:37,SLEEPING !!!,0.212,0.347,50,1
2024-11-28 10:40:37,SLEEPING !!!,0.201,0.355,50,1
2024-11-28 10:40:37,SLEEPING !!!,0.214,0.329,50,1
2024-11-28 10:40:37,SLEEPING !!!,0.229,0.349,50,1
2024-11-28 10:40:37,SLEEPING !!!,0.211,0.355,50,1
2024-11-28 10:40:37,SLEEPING !!!,0.222,0.328,50,1
2024-11-28 10:40:37,SLEEPING !!!,0.198,0.328,50,1
2024-11-28 10:40:37,SLEEPING !!!,0.199,0.368,50,1
2024-11-28 10:40:38,SLEEPING !!!,0.196,0.357,50,1
2024-11-28 10:40:38,SLEEPING !!!,0.248,0.361,50,1
2024-11-28 10:40:38,SLEEPING !!!,0.226,0.369,50,1
2024-11-28 10:40:38,SLEEPING !!!,0.203,0.355,50,1
2024-11-28 10:40:38,SLEEPING !!!,0.174,0.368,50,1
2024-11-28 10:40:38,SLEEPING !!!,0.167,0.376,50,1
2024-11-28 10:40:38,SLEEPING !!!,0.187,0.343,50,1
2024-11-28 10:40:38,SLEEPING !!!,0.175,0.358,50,1
2024-11-28 10:40:38,SLEEPING !!!,0.172,0.342,50,1
2024-11-28 10:40:38,SLEEPING !!!,0.200,0.354,50,1
2024-11-28 10:40:38,SLEEPING !!!,0.207,0.360,50,1
2024-11-28 10:40:38,SLEEPING !!!,0.205,0.355,50,1
2024-11-28 10:40:38,SLEEPING !!!,0.197,0.354,50,1
2024-11-28 10:40:38,SLEEPING !!!,0.205,0.349,50,1
2024-11-28 10:40:38,SLEEPING !!!,0.214,0.312,50,1
2024-11-28 10:40:38,SLEEPING !!!,0.186,0.329,50,1
2024-11-28 10:40:38,SLEEPING !!!,0.212,0.334,50,1
2024-11-28 10:40:38,SLEEPING !!!,0.204,0.345,50,1
2024-11-28 10:40:38,SLEEPING !!!,0.198,0.341,50,1
2024-11-28 10:40:38,SLEEPING !!!,0.205,0.357,50,1
2024-11-28 10:40:38,SLEEPING !!!,0.213,0.365,50,1
2024-11-28 10:40:38,SLEEPING !!!,0.226,0.268,50,1
2024-11-28 10:40:38,Mild Yawn,0.289,0.282,51,1
2024-11-28 10:40:38,Mild Yawn,0.310,0.290,51,1
2024-11-28 10:40:39,Mild Yawn,0.292,0.326,51,1
2024-11-28 10:40:39,Mild Yawn,0.311,0.296,51,1
2024-11-28 10:40:39,Mild Yawn,0.322,0.273,51,1
2024-11-28 10:40:39,Mild Yawn,0.317,0.298,51,1
2024-11-28 10:40:39,Mild Yawn,0.299,0.314,51,1
2024-11-28 10:40:39,Mild Yawn,0.319,0.320,51,1
2024-11-28 10:40:39,Mild Yawn,0.315,0.314,51,1
2024-11-28 10:40:39,Mild Yawn,0.317,0.388,51,1
2024-11-28 10:40:39,Mild Yawn,0.315,0.346,51,1
2024-11-28 10:40:39,Mild Yawn,0.317,0.406,51,1
2024-11-28 10:40:39,Mild Yawn,0.278,0.389,51,1
2024-11-28 10:40:39,Mild Yawn,0.296,0.411,51,1
2024-11-28 10:40:39,Mild Yawn,0.281,0.382,51,1
2024-11-28 10:40:39,Mild Yawn,0.276,0.355,51,1
2024-11-28 10:40:39,Mild Yawn,0.278,0.380,51,1
2024-11-28 10:40:39,Mild Yawn,0.293,0.380,51,1
2024-11-28 10:40:39,Mild Yawn,0.278,0.370,51,1
2024-11-28 10:40:39,Mild Yawn,0.254,0.359,51,1
2024-11-28 10:40:39,Mild Yawn,0.252,0.347,51,1
2024-11-28 10:40:39,Mild Yawn,0.261,0.349,51,1
2024-11-28 10:40:39,Mild Yawn,0.260,0.358,51,1
2024-11-28 10:40:39,Mild Yawn,0.266,0.347,51,1
2024-11-28 10:40:39,Mild Yawn,0.237,0.312,51,1
2024-11-28 10:40:39,Mild Yawn,0.234,0.328,51,1
2024-11-28 10:40:39,Mild Yawn,0.254,0.337,51,1
2024-11-28 10:40:39,Mild Yawn,0.276,0.332,51,1
2024-11-28 10:40:39,Mild Yawn,0.267,0.376,51,1
2024-11-28 10:40:39,Mild Yawn,0.215,0.387,51,1
2024-11-28 10:40:39,Mild Yawn,0.189,0.416,51,1
2024-11-28 10:40:39,SLEEPING !!!,0.207,0.412,51,1
2024-11-28 10:40:39,SLEEPING !!!,0.217,0.408,51,1
2024-11-28 10:40:40,SLEEPING !!!,0.210,0.390,51,1
2024-11-28 10:40:40,SLEEPING !!!,0.233,0.416,51,1
2024-11-28 10:40:40,SLEEPING !!!,0.214,0.401,51,1
2024-11-28 10:40:40,SLEEPING !!!,0.229,0.400,51,1
2024-11-28 10:40:40,SLEEPING !!!,0.210,0.406,51,1
2024-11-28 10:40:40,SLEEPING !!!,0.223,0.401,51,1
2024-11-28 10:40:40,SLEEPING !!!,0.233,0.381,51,1
2024-11-28 10:40:40,SLEEPING !!!,0.221,0.405,51,1
2024-11-28 10:40:40,SLEEPING !!!,0.208,0.393,51,1
2024-11-28 10:40:40,SLEEPING !!!,0.217,0.436,51,1
2024-11-28 10:40:40,SLEEPING !!!,0.207,0.405,51,1
2024-11-28 10:40:40,SLEEPING !!!,0.217,0.419,51,1
2024-11-28 10:40:40,SLEEPING !!!,0.230,0.437,51,1
2024-11-28 10:40:40,SLEEPING !!!,0.229,0.447,51,1
2024-11-28 10:40:40,SLEEPING !!!,0.226,0.408,51,1
2024-11-28 10:40:40,Mild Yawn,0.272,0.405,52,1
2024-11-28 10:40:40,Mild Yawn,0.263,0.420,52,1
2024-11-28 10:40:40,Mild Yawn,0.219,0.411,52,1
2024-11-28 10:40:40,Mild Yawn,0.211,0.404,52,1
2024-11-28 10:40:40,SLEEPING !!!,0.205,0.386,52,1
2024-11-28 10:40:40,SLEEPING !!!,0.236,0.391,52,1
2024-11-28 10:40:40,SLEEPING !!!,0.232,0.399,52,1
2024-11-28 10:40:40,SLEEPING !!!,0.248,0.395,52,1
2024-11-28 10:40:40,SLEEPING !!!,0.242,0.405,52,1
2024-11-28 10:40:40,SLEEPING !!!,0.229,0.431,52,1
2024-11-28 10:40:40,SLEEPING !!!,0.227,0.416,52,1
2024-11-28 10:40:40,SLEEPING !!!,0.247,0.406,52,1
2024-11-28 10:40:40,SLEEPING !!!,0.238,0.394,52,1
2024-11-28 10:40:40,SLEEPING !!!,0.248,0.368,52,1
2024-11-28 10:40:40,Mild Yawn,0.257,0.371,53,1
2024-11-28 10:40:40,Mild Yawn,0.268,0.307,53,1
2024-11-28 10:40:41,Mild Yawn,0.237,0.242,53,1
2024-11-28 10:40:41,Mild Yawn,0.242,0.284,53,1
2024-11-28 10:40:41,Mild Yawn,0.257,0.310,53,1
2024-11-28 10:40:41,Mild Yawn,0.243,0.277,53,1
2024-11-28 10:40:41,Mild Yawn,0.264,0.298,53,1
2024-11-28 10:40:41,Mild Yawn,0.255,0.299,53,1
2024-11-28 10:40:41,Mild Yawn,0.209,0.295,53,1
2024-11-28 10:40:41,Mild Yawn,0.167,0.302,53,1
2024-11-28 10:40:41,SLEEPING !!!,0.163,0.278,53,1
2024-11-28 10:40:41,SLEEPING !!!,0.162,0.270,53,1
2024-11-28 10:40:41,SLEEPING !!!,0.187,0.261,53,1
2024-11-28 10:40:41,SLEEPING !!!,0.224,0.269,53,1
2024-11-28 10:40:41,SLEEPING !!!,0.225,0.261,53,1
2024-11-28 10:40:41,SLEEPING !!!,0.238,0.288,53,1
2024-11-28 10:40:41,Mild Yawn,0.254,0.294,54,1
2024-11-28 10:40:41,Mild Yawn,0.242,0.285,54,1
2024-11-28 10:40:41,Mild Yawn,0.254,0.287,54,1
2024-11-28 10:40:41,Mild Yawn,0.260,0.299,54,1
2024-11-28 10:40:41,Mild Yawn,0.274,0.301,54,1
2024-11-28 10:40:41,Mild Yawn,0.263,0.309,54,1
2024-11-28 10:40:41,Mild Yawn,0.269,0.299,54,1
2024-11-28 10:40:41,Mild Yawn,0.270,0.314,54,1
2024-11-28 10:40:41,Mild Yawn,0.254,0.327,54,1
2024-11-28 10:40:41,Mild Yawn,0.266,0.319,54,1
2024-11-28 10:40:41,Mild Yawn,0.257,0.317,54,1
2024-11-28 10:40:41,Mild Yawn,0.268,0.319,54,1
2024-11-28 10:40:41,Mild Yawn,0.261,0.304,54,1
2024-11-28 10:40:41,Mild Yawn,0.285,0.304,54,1
2024-11-28 10:40:41,Mild Yawn,0.276,0.278,54,1
2024-11-28 10:40:41,Mild Yawn,0.276,0.312,54,1
2024-11-28 10:40:42,Mild Yawn,0.249,0.289,54,1
2024-11-28 10:40:42,Mild Yawn,0.270,0.248,54,1
2024-11-28 10:40:42,Mild Yawn,0.283,0.264,54,1
2024-11-28 10:40:42,Mild Yawn,0.280,0.294,54,1
2024-11-28 10:40:42,Mild Yawn,0.270,0.283,54,1
2024-11-28 10:40:42,Mild Yawn,0.274,0.303,54,1
2024-11-28 10:40:42,Mild Yawn,0.293,0.303,54,1
2024-11-28 10:40:42,Mild Yawn,0.271,0.266,54,1
2024-11-28 10:40:42,Mild Yawn,0.286,0.326,54,1
2024-11-28 10:40:42,Mild Yawn,0.267,0.306,54,1
2024-11-28 10:40:42,Mild Yawn,0.259,0.330,54,1
2024-11-28 10:40:42,Mild Yawn,0.263,0.366,54,1
2024-11-28 10:40:42,Mild Yawn,0.264,0.307,54,1
2024-11-28 10:40:42,Mild Yawn,0.259,0.358,54,1
2024-11-28 10:40:42,Mild Yawn,0.260,0.355,54,1
2024-11-28 10:40:42,Mild Yawn,0.272,0.382,54,1
2024-11-28 10:40:42,Mild Yawn,0.257,0.350,54,1
2024-11-28 10:40:42,Mild Yawn,0.253,0.370,54,1
2024-11-28 10:40:42,Mild Yawn,0.245,0.334,54,1
2024-11-28 10:40:42,Mild Yawn,0.260,0.327,54,1
2024-11-28 10:40:42,Mild Yawn,0.251,0.345,54,1
2024-11-28 10:40:42,Mild Yawn,0.249,0.356,54,1
2024-11-28 10:40:42,Mild Yawn,0.233,0.365,54,1
2024-11-28 10:40:42,SLEEPING !!!,0.239,0.367,54,1
2024-11-28 10:40:42,SLEEPING !!!,0.225,0.350,54,1
2024-11-28 10:40:42,Mild Yawn,0.255,0.352,55,1
2024-11-28 10:40:42,Mild Yawn,0.244,0.351,55,1
2024-11-28 10:40:42,Mild Yawn,0.243,0.365,55,1
2024-11-28 10:40:42,SLEEPING !!!,0.221,0.351,55,1
2024-11-28 10:40:42,SLEEPING !!!,0.241,0.361,55,1
2024-11-28 10:40:43,Mild Yawn,0.251,0.375,56,1
2024-11-28 10:40:43,Mild Yawn,0.237,0.354,56,1
2024-11-28 10:40:43,Mild Yawn,0.250,0.359,56,1
2024-11-28 10:40:43,SLEEPING !!!,0.247,0.362,56,1
2024-11-28 10:40:43,SLEEPING !!!,0.241,0.347,56,1
2024-11-28 10:40:43,SLEEPING !!!,0.246,0.359,56,1
2024-11-28 10:40:43,SLEEPING !!!,0.248,0.344,56,1
2024-11-28 10:40:43,Mild Yawn,0.253,0.350,57,1
2024-11-28 10:40:43,Mild Yawn,0.242,0.356,57,1
2024-11-28 10:40:43,Mild Yawn,0.264,0.304,57,1
2024-11-28 10:40:43,Mild Yawn,0.255,0.299,57,1
2024-11-28 10:40:43,Mild Yawn,0.256,0.313,57,1
2024-11-28 10:40:43,Mild Yawn,0.265,0.295,57,1
2024-11-28 10:40:43,Mild Yawn,0.258,0.345,57,1
2024-11-28 10:40:43,Mild Yawn,0.269,0.321,57,1
2024-11-28 10:40:43,Mild Yawn,0.257,0.287,57,1
2024-11-28 10:40:43,Mild Yawn,0.260,0.345,57,1
2024-11-28 10:40:43,Mild Yawn,0.276,0.338,57,1
2024-11-28 10:40:43,Mild Yawn,0.281,0.353,57,1
2024-11-28 10:40:43,Mild Yawn,0.285,0.353,57,1
2024-11-28 10:40:43,Mild Yawn,0.279,0.362,57,1
2024-11-28 10:40:43,Mild Yawn,0.271,0.358,57,1
2024-11-28 10:40:43,Mild Yawn,0.317,0.383,57,1
2024-11-28 10:40:43,Mild Yawn,0.291,0.380,57,1
2024-11-28 10:40:43,Mild Yawn,0.283,0.385,57,1
2024-11-28 10:40:43,Mild Yawn,0.288,0.384,57,1
2024-11-28 10:40:43,Mild Yawn,0.283,0.370,57,1
2024-11-28 10:40:43,Mild Yawn,0.319,0.339,57,1
2024-11-28 10:40:44,Mild Yawn,0.302,0.365,57,1
2024-11-28 10:40:44,Mild Yawn,0.284,0.381,57,1
2024-11-28 10:40:44,Mild Yawn,0.314,0.360,57,1
2024-11-28 10:40:44,Mild Yawn,0.310,0.380,57,1
2024-11-28 10:40:44,Mild Yawn,0.316,0.367,57,1
2024-11-28 10:40:44,Mild Yawn,0.302,0.372,57,1
2024-11-28 10:40:44,Mild Yawn,0.333,0.371,57,1
2024-11-28 10:40:44,Mild Yawn,0.301,0.376,57,1
2024-11-28 10:40:44,Mild Yawn,0.287,0.371,57,1
2024-11-28 10:40:44,Mild Yawn,0.315,0.398,57,1
2024-11-28 10:40:44,Mild Yawn,0.300,0.381,57,1
2024-11-28 10:40:44,Mild Yawn,0.294,0.376,57,1
2024-11-28 10:40:44,Mild Yawn,0.290,0.373,57,1
2024-11-28 10:40:44,Mild Yawn,0.315,0.408,57,1
2024-11-28 10:40:44,Mild Yawn,0.293,0.393,57,1
2024-11-28 10:40:44,Mild Yawn,0.309,0.378,57,1
2024-11-28 10:40:44,Mild Yawn,0.285,0.352,57,1
2024-11-28 10:40:44,Mild Yawn,0.303,0.362,57,1
2024-11-28 10:40:44,Mild Yawn,0.295,0.394,57,1
2024-11-28 10:40:44,Mild Yawn,0.299,0.375,57,1
2024-11-28 10:40:44,Mild Yawn,0.297,0.363,57,1
2024-11-28 10:40:44,Mild Yawn,0.285,0.364,57,1
2024-11-28 10:40:44,Mild Yawn,0.296,0.373,57,1
2024-11-28 10:40:44,Mild Yawn,0.296,0.387,57,1
2024-11-28 10:40:44,Mild Yawn,0.294,0.371,57,1
2024-11-28 10:40:44,Mild Yawn,0.297,0.379,57,1
2024-11-28 10:40:44,Mild Yawn,0.303,0.368,57,1
2024-11-28 10:40:44,Mild Yawn,0.292,0.376,57,1
2024-11-28 10:40:44,Mild Yawn,0.249,0.375,57,1
2024-11-28 10:40:44,Mild Yawn,0.184,0.373,57,1
2024-11-28 10:40:44,SLEEPING !!!,0.172,0.366,57,1
2024-11-28 10:40:45,SLEEPING !!!,0.170,0.375,57,1
2024-11-28 10:40:45,SLEEPING !!!,0.215,0.393,57,1
2024-11-28 10:40:45,SLEEPING !!!,0.234,0.389,57,1
2024-11-28 10:40:45,SLEEPING !!!,0.240,0.382,57,1
2024-11-28 10:40:45,Mild Yawn,0.259,0.392,58,1
2024-11-28 10:40:45,Mild Yawn,0.258,0.373,58,1
2024-11-28 10:40:45,Mild Yawn,0.270,0.366,58,1
2024-11-28 10:40:45,Mild Yawn,0.282,0.378,58,1
2024-11-28 10:40:45,Mild Yawn,0.282,0.336,58,1
2024-11-28 10:40:45,Mild Yawn,0.300,0.366,58,1
2024-11-28 10:40:45,Mild Yawn,0.297,0.350,58,1
2024-11-28 10:40:45,Mild Yawn,0.318,0.356,58,1
2024-11-28 10:40:45,Mild Yawn,0.296,0.334,58,1
2024-11-28 10:40:45,Mild Yawn,0.307,0.355,58,1
2024-11-28 10:40:45,Mild Yawn,0.291,0.369,58,1
2024-11-28 10:40:45,Mild Yawn,0.319,0.346,58,1
2024-11-28 10:40:45,Mild Yawn,0.316,0.353,58,1
2024-11-28 10:40:45,Mild Yawn,0.298,0.352,58,1
2024-11-28 10:40:45,Mild Yawn,0.323,0.347,58,1
2024-11-28 10:40:45,Mild Yawn,0.309,0.356,58,1
2024-11-28 10:40:45,Mild Yawn,0.319,0.339,58,1
2024-11-28 10:40:45,Mild Yawn,0.314,0.366,58,1
2024-11-28 10:40:45,Mild Yawn,0.320,0.365,58,1
2024-11-28 10:40:45,Mild Yawn,0.308,0.381,58,1
2024-11-28 10:40:45,Mild Yawn,0.294,0.333,58,1
2024-11-28 10:40:45,Mild Yawn,0.297,0.355,58,1
2024-11-28 10:40:45,Mild Yawn,0.301,0.343,58,1
2024-11-28 10:40:45,Mild Yawn,0.297,0.324,58,1
2024-11-28 10:40:45,Mild Yawn,0.295,0.323,58,1
2024-11-28 10:40:45,Mild Yawn,0.235,0.336,58,1
2024-11-28 10:40:45,Mild Yawn,0.208,0.375,58,1
2024-11-28 10:40:46,SLEEPING !!!,0.203,0.348,58,1
2024-11-28 10:40:46,SLEEPING !!!,0.226,0.368,58,1
2024-11-28 10:40:46,SLEEPING !!!,0.227,0.344,58,1
2024-11-28 10:40:46,SLEEPING !!!,0.240,0.286,58,1
2024-11-28 10:40:46,Mild Yawn,0.276,0.325,59,1
2024-11-28 10:40:46,Mild Yawn,0.276,0.307,59,1
2024-11-28 10:40:46,Mild Yawn,0.259,0.310,59,1
2024-11-28 10:40:46,Mild Yawn,0.274,0.303,59,1
2024-11-28 10:40:46,Mild Yawn,0.248,0.294,59,1
2024-11-28 10:40:46,Mild Yawn,0.280,0.303,59,1
2024-11-28 10:40:46,Mild Yawn,0.285,0.319,59,1
2024-11-28 10:40:46,Mild Yawn,0.283,0.313,59,1
2024-11-28 10:40:46,Mild Yawn,0.269,0.326,59,1
2024-11-28 10:40:46,Mild Yawn,0.272,0.365,59,1
2024-11-28 10:40:46,Mild Yawn,0.276,0.346,59,1
2024-11-28 10:40:46,Mild Yawn,0.280,0.306,59,1
2024-11-28 10:40:46,Mild Yawn,0.287,0.314,59,1
2024-11-28 10:40:46,Mild Yawn,0.288,0.305,59,1
2024-11-28 10:40:46,Mild Yawn,0.279,0.304,59,1
2024-11-28 10:40:46,Mild Yawn,0.283,0.305,59,1
2024-11-28 10:40:46,Mild Yawn,0.269,0.331,59,1
2024-11-28 10:40:46,Mild Yawn,0.279,0.334,59,1
2024-11-28 10:40:46,Mild Yawn,0.275,0.354,59,1
2024-11-28 10:40:46,Mild Yawn,0.283,0.320,59,1
2024-11-28 10:40:46,Mild Yawn,0.283,0.324,59,1
2024-11-28 10:40:46,Mild Yawn,0.290,0.331,59,1
2024-11-28 10:40:46,Mild Yawn,0.289,0.324,59,1
2024-11-28 10:40:46,Mild Yawn,0.304,0.326,59,1
2024-11-28 10:40:46,Mild Yawn,0.292,0.346,59,1
2024-11-28 10:40:46,Mild Yawn,0.280,0.354,59,1
2024-11-28 10:40:47,Mild Yawn,0.299,0.316,59,1
2024-11-28 10:40:47,Mild Yawn,0.292,0.366,59,1
2024-11-28 10:40:47,Mild Yawn,0.284,0.315,59,1
2024-11-28 10:40:47,Mild Yawn,0.274,0.335,59,1
2024-11-28 10:40:47,Mild Yawn,0.225,0.341,59,1
2024-11-28 10:40:47,Mild Yawn,0.217,0.344,59,1
2024-11-28 10:40:47,SLEEPING !!!,0.213,0.361,59,1
2024-11-28 10:40:47,SLEEPING !!!,0.238,0.349,59,1
2024-11-28 10:40:47,Mild Yawn,0.263,0.335,60,1
2024-11-28 10:40:47,Mild Yawn,0.244,0.348,60,1
2024-11-28 10:40:47,Mild Yawn,0.269,0.307,60,1
2024-11-28 10:40:47,Mild Yawn,0.298,0.334,60,1
2024-11-28 10:40:47,Mild Yawn,0.289,0.314,60,1
2024-11-28 10:40:47,Mild Yawn,0.294,0.322,60,1
2024-11-28 10:40:47,Mild Yawn,0.292,0.330,60,1
2024-11-28 10:40:47,Mild Yawn,0.304,0.325,60,1
2024-11-28 10:40:47,Mild Yawn,0.300,0.336,60,1
2024-11-28 10:40:47,Mild Yawn,0.311,0.317,60,1
2024-11-28 10:40:47,Mild Yawn,0.304,0.303,60,1
2024-11-28 10:40:47,Mild Yawn,0.311,0.295,60,1
2024-11-28 10:40:47,Mild Yawn,0.304,0.318,60,1
2024-11-28 10:40:47,Mild Yawn,0.300,0.307,60,1
2024-11-28 10:40:47,Mild Yawn,0.317,0.296,60,1
2024-11-28 10:40:47,Mild Yawn,0.296,0.320,60,1
2024-11-28 10:40:47,Mild Yawn,0.269,0.319,60,1
2024-11-28 10:40:47,Mild Yawn,0.231,0.350,60,1
2024-11-28 10:40:47,Mild Yawn,0.271,0.351,60,1
2024-11-28 10:40:47,Mild Yawn,0.235,0.364,60,1
2024-11-28 10:40:47,Mild Yawn,0.217,0.398,60,1
2024-11-28 10:40:47,SLEEPING !!!,0.238,0.387,60,1
2024-11-28 10:40:48,Mild Yawn,0.253,0.335,61,1
2024-11-28 10:40:48,Mild Yawn,0.242,0.342,61,1
2024-11-28 10:40:48,Mild Yawn,0.258,0.358,61,1
2024-11-28 10:40:48,Mild Yawn,0.241,0.357,61,1
2024-11-28 10:40:48,Mild Yawn,0.243,0.360,61,1
2024-11-28 10:40:48,Mild Yawn,0.254,0.372,61,1
2024-11-28 10:40:48,Mild Yawn,0.258,0.374,61,1
2024-11-28 10:40:48,Mild Yawn,0.259,0.397,61,1
2024-11-28 10:40:48,Mild Yawn,0.258,0.398,61,1
2024-11-28 10:40:48,Mild Yawn,0.269,0.388,61,1
2024-11-28 10:40:48,Mild Yawn,0.244,0.397,61,1
2024-11-28 10:40:48,Mild Yawn,0.254,0.397,61,1
2024-11-28 10:40:48,Mild Yawn,0.248,0.383,61,1
2024-11-28 10:40:48,Mild Yawn,0.251,0.384,61,1
2024-11-28 10:40:48,Mild Yawn,0.258,0.405,61,1
2024-11-28 10:40:48,Mild Yawn,0.228,0.410,61,1
2024-11-28 10:40:48,Mild Yawn,0.244,0.427,61,1
2024-11-28 10:40:48,Mild Yawn,0.268,0.406,61,1
2024-11-28 10:40:48,Mild Yawn,0.249,0.404,61,1
2024-11-28 10:40:48,Mild Yawn,0.261,0.395,61,1
2024-11-28 10:40:48,Mild Yawn,0.262,0.406,61,1
2024-11-28 10:40:48,Mild Yawn,0.260,0.366,61,1
2024-11-28 10:40:48,Mild Yawn,0.243,0.388,61,1
2024-11-28 10:40:48,Mild Yawn,0.244,0.400,61,1
2024-11-28 10:40:48,Mild Yawn,0.254,0.384,61,1
2024-11-28 10:40:48,Mild Yawn,0.259,0.410,61,1
2024-11-28 10:40:48,Mild Yawn,0.266,0.404,61,1
2024-11-28 10:40:48,Mild Yawn,0.270,0.418,61,1
2024-11-28 10:40:49,Mild Yawn,0.273,0.404,61,1
2024-11-28 10:40:49,Mild Yawn,0.283,0.386,61,1
2024-11-28 10:40:49,Mild Yawn,0.264,0.379,61,1
2024-11-28 10:40:49,Mild Yawn,0.275,0.411,61,1
2024-11-28 10:40:49,Mild Yawn,0.267,0.377,61,1
2024-11-28 10:40:49,Mild Yawn,0.266,0.396,61,1
2024-11-28 10:40:49,Mild Yawn,0.270,0.379,61,1
2024-11-28 10:40:49,Mild Yawn,0.267,0.383,61,1
2024-11-28 10:40:49,Mild Yawn,0.241,0.407,61,1
2024-11-28 10:40:49,Mild Yawn,0.227,0.373,61,1
2024-11-28 10:40:49,SLEEPING !!!,0.241,0.352,61,1
2024-11-28 10:40:49,SLEEPING !!!,0.244,0.395,61,1
2024-11-28 10:40:49,SLEEPING !!!,0.249,0.405,61,1
2024-11-28 10:40:49,SLEEPING !!!,0.241,0.378,61,1
2024-11-28 10:40:49,SLEEPING !!!,0.237,0.397,61,1
2024-11-28 10:40:49,Mild Yawn,0.253,0.377,62,1
2024-11-28 10:40:49,Mild Yawn,0.253,0.404,62,1
2024-11-28 10:40:49,Mild Yawn,0.257,0.391,62,1
2024-11-28 10:40:49,Mild Yawn,0.232,0.387,62,1
2024-11-28 10:40:49,Mild Yawn,0.237,0.384,62,1
2024-11-28 10:40:49,Mild Yawn,0.253,0.382,62,1
2024-11-28 10:40:49,Mild Yawn,0.245,0.394,62,1
2024-11-28 10:40:49,Mild Yawn,0.244,0.404,62,1
2024-11-28 10:40:49,SLEEPING !!!,0.249,0.391,62,1
2024-11-28 10:40:49,SLEEPING !!!,0.235,0.358,62,1
2024-11-28 10:40:49,SLEEPING !!!,0.235,0.355,62,1
2024-11-28 10:40:49,SLEEPING !!!,0.249,0.386,62,1
2024-11-28 10:40:49,SLEEPING !!!,0.244,0.409,62,1
2024-11-28 10:40:49,SLEEPING !!!,0.231,0.405,62,1
2024-11-28 10:40:49,SLEEPING !!!,0.232,0.331,62,1
2024-11-28 10:40:50,SLEEPING !!!,0.225,0.359,62,1
2024-11-28 10:40:50,SLEEPING !!!,0.218,0.347,62,1
2024-11-28 10:40:50,SLEEPING !!!,0.228,0.356,62,1
2024-11-28 10:40:50,SLEEPING !!!,0.225,0.358,62,1
2024-11-28 10:40:50,SLEEPING !!!,0.225,0.338,62,1
2024-11-28 10:40:50,SLEEPING !!!,0.208,0.355,62,1
2024-11-28 10:40:50,SLEEPING !!!,0.211,0.339,62,1
2024-11-28 10:40:50,SLEEPING !!!,0.239,0.343,62,1
2024-11-28 10:40:50,SLEEPING !!!,0.228,0.341,62,1
2024-11-28 10:40:50,SLEEPING !!!,0.228,0.345,62,1
2024-11-28 10:40:50,SLEEPING !!!,0.218,0.368,62,1
2024-11-28 10:40:50,SLEEPING !!!,0.231,0.332,62,1
2024-11-28 10:40:50,SLEEPING !!!,0.234,0.357,62,1
2024-11-28 10:40:50,SLEEPING !!!,0.226,0.336,62,1
2024-11-28 10:40:50,SLEEPING !!!,0.231,0.360,62,1
2024-11-28 10:40:50,SLEEPING !!!,0.225,0.379,62,1
2024-11-28 10:40:50,SLEEPING !!!,0.179,0.376,62,1
2024-11-28 10:40:50,SLEEPING !!!,0.172,0.373,62,1
2024-11-28 10:40:50,SLEEPING !!!,0.219,0.354,62,1
2024-11-28 10:40:50,SLEEPING !!!,0.222,0.384,62,1
2024-11-28 10:40:50,SLEEPING !!!,0.182,0.379,62,1
2024-11-28 10:40:50,SLEEPING !!!,0.163,0.382,62,1
2024-11-28 10:40:50,SLEEPING !!!,0.192,0.381,62,1
2024-11-28 10:40:50,SLEEPING !!!,0.189,0.382,62,1
2024-11-28 10:40:50,SLEEPING !!!,0.201,0.413,62,1
2024-11-28 10:40:50,SLEEPING !!!,0.191,0.406,62,1
2024-11-28 10:40:50,SLEEPING !!!,0.191,0.388,62,1
2024-11-28 10:40:50,SLEEPING !!!,0.199,0.396,62,1
2024-11-28 10:40:50,SLEEPING !!!,0.191,0.415,62,1
2024-11-28 10:40:50,SLEEPING !!!,0.191,0.418,62,1
2024-11-28 10:40:50,SLEEPING !!!,0.211,0.410,62,1
2024-11-28 10:40:51,SLEEPING !!!,0.179,0.421,62,1
2024-11-28 10:40:51,SLEEPING !!!,0.175,0.404,62,1
2024-11-28 10:40:51,SLEEPING !!!,0.191,0.416,62,1
2024-11-28 10:40:51,SLEEPING !!!,0.188,0.397,62,1
2024-11-28 10:40:51,SLEEPING !!!,0.185,0.406,62,1
2024-11-28 10:40:51,SLEEPING !!!,0.191,0.392,62,1
2024-11-28 10:40:51,SLEEPING !!!,0.204,0.394,62,1
2024-11-28 10:40:51,SLEEPING !!!,0.204,0.390,62,1
2024-11-28 10:40:51,SLEEPING !!!,0.199,0.392,62,1
2024-11-28 10:40:51,SLEEPING !!!,0.205,0.388,62,1
2024-11-28 10:40:51,SLEEPING !!!,0.206,0.396,62,1
2024-11-28 10:40:51,SLEEPING !!!,0.202,0.412,62,1
2024-11-28 10:40:51,SLEEPING !!!,0.209,0.388,62,1
2024-11-28 10:40:51,SLEEPING !!!,0.212,0.397,62,1
2024-11-28 10:40:51,SLEEPING !!!,0.193,0.374,62,1
2024-11-28 10:40:51,SLEEPING !!!,0.192,0.394,62,1
2024-11-28 10:40:51,SLEEPING !!!,0.203,0.399,62,1
2024-11-28 10:40:51,SLEEPING !!!,0.212,0.370,62,1
2024-11-28 10:40:51,SLEEPING !!!,0.212,0.388,62,1
2024-11-28 10:40:51,SLEEPING !!!,0.209,0.376,62,1
2024-11-28 10:40:51,SLEEPING !!!,0.229,0.379,62,1
2024-11-28 10:40:51,SLEEPING !!!,0.205,0.392,62,1
2024-11-28 10:40:51,SLEEPING !!!,0.214,0.383,62,1
2024-11-28 10:40:51,SLEEPING !!!,0.206,0.375,62,1
2024-11-28 10:40:51,SLEEPING !!!,0.193,0.385,62,1
2024-11-28 10:40:51,SLEEPING !!!,0.179,0.377,62,1
2024-11-28 10:40:51,SLEEPING !!!,0.190,0.384,62,1
2024-11-28 10:40:51,SLEEPING !!!,0.193,0.397,62,1
2024-11-28 10:40:51,SLEEPING !!!,0.184,0.380,62,1
2024-11-28 10:40:51,SLEEPING !!!,0.184,0.390,62,1
2024-11-28 10:40:52,SLEEPING !!!,0.195,0.374,62,1
2024-11-28 10:40:52,SLEEPING !!!,0.172,0.385,62,1
2024-11-28 10:40:52,SLEEPING !!!,0.173,0.394,62,1
2024-11-28 10:40:52,SLEEPING !!!,0.169,0.385,62,1
2024-11-28 10:40:52,SLEEPING !!!,0.180,0.422,62,1
2024-11-28 10:40:52,SLEEPING !!!,0.174,0.393,62,1
2024-11-28 10:40:52,SLEEPING !!!,0.159,0.391,62,1
2024-11-28 10:40:52,SLEEPING !!!,0.191,0.402,62,1
2024-11-28 10:40:52,SLEEPING !!!,0.208,0.418,62,1
2024-11-28 10:40:52,SLEEPING !!!,0.222,0.384,62,1
2024-11-28 10:40:52,SLEEPING !!!,0.232,0.398,62,1
2024-11-28 10:40:52,SLEEPING !!!,0.237,0.392,62,1
2024-11-28 10:40:52,SLEEPING !!!,0.215,0.393,62,1
2024-11-28 10:40:52,SLEEPING !!!,0.229,0.412,62,1
2024-11-28 10:40:52,SLEEPING !!!,0.223,0.373,62,1
2024-11-28 10:40:52,SLEEPING !!!,0.240,0.384,62,1
2024-11-28 10:40:52,SLEEPING !!!,0.234,0.376,62,1
2024-11-28 10:40:52,SLEEPING !!!,0.229,0.399,62,1
2024-11-28 10:40:52,SLEEPING !!!,0.229,0.391,62,1
2024-11-28 10:40:52,SLEEPING !!!,0.229,0.385,62,1
2024-11-28 10:40:52,SLEEPING !!!,0.235,0.396,62,1
2024-11-28 10:40:52,SLEEPING !!!,0.218,0.383,62,1
2024-11-28 10:40:52,SLEEPING !!!,0.215,0.403,62,1
2024-11-28 10:40:52,SLEEPING !!!,0.212,0.404,62,1
2024-11-28 10:40:52,SLEEPING !!!,0.213,0.407,62,1
2024-11-28 10:40:52,SLEEPING !!!,0.203,0.384,62,1
2024-11-28 10:40:52,SLEEPING !!!,0.208,0.399,62,1
2024-11-28 10:40:52,SLEEPING !!!,0.216,0.390,62,1
2024-11-28 10:40:52,SLEEPING !!!,0.210,0.401,62,1
2024-11-28 10:40:52,SLEEPING !!!,0.204,0.401,62,1
2024-11-28 10:40:53,SLEEPING !!!,0.218,0.400,62,1
2024-11-28 10:40:53,SLEEPING !!!,0.186,0.405,62,1
2024-11-28 10:40:53,SLEEPING !!!,0.150,0.406,62,1
2024-11-28 10:40:53,SLEEPING !!!,0.201,0.405,62,1
2024-11-28 10:40:53,SLEEPING !!!,0.185,0.413,62,1
2024-11-28 10:40:53,SLEEPING !!!,0.229,0.419,62,1
2024-11-28 10:40:53,SLEEPING !!!,0.208,0.406,62,1
2024-11-28 10:40:53,SLEEPING !!!,0.190,0.410,62,1
2024-11-28 10:40:53,SLEEPING !!!,0.147,0.378,62,1
2024-11-28 10:40:53,SLEEPING !!!,0.159,0.389,62,1
2024-11-28 10:40:53,SLEEPING !!!,0.155,0.406,62,1
2024-11-28 10:40:53,SLEEPING !!!,0.167,0.393,62,1
2024-11-28 10:40:53,SLEEPING !!!,0.174,0.411,62,1
2024-11-28 10:40:53,SLEEPING !!!,0.176,0.424,62,1
2024-11-28 10:40:53,SLEEPING !!!,0.180,0.409,62,1
2024-11-28 10:40:53,SLEEPING !!!,0.180,0.390,62,1
2024-11-28 10:40:53,SLEEPING !!!,0.189,0.399,62,1
2024-11-28 10:40:53,SLEEPING !!!,0.184,0.399,62,1
2024-11-28 10:40:53,SLEEPING !!!,0.183,0.424,62,1
2024-11-28 10:40:53,SLEEPING !!!,0.187,0.404,62,1
2024-11-28 10:40:53,SLEEPING !!!,0.176,0.411,62,1
2024-11-28 10:40:53,SLEEPING !!!,0.182,0.408,62,1
2024-11-28 10:40:53,SLEEPING !!!,0.174,0.398,62,1
2024-11-28 10:40:53,SLEEPING !!!,0.183,0.416,62,1
2024-11-28 10:40:53,SLEEPING !!!,0.181,0.395,62,1
2024-11-28 10:40:53,SLEEPING !!!,0.168,0.407,62,1
2024-11-28 10:40:53,SLEEPING !!!,0.182,0.413,62,1
2024-11-28 10:40:53,SLEEPING !!!,0.180,0.411,62,1
2024-11-28 10:40:54,SLEEPING !!!,0.180,0.420,62,1
2024-11-28 10:40:54,SLEEPING !!!,0.183,0.409,62,1
2024-11-28 10:40:54,SLEEPING !!!,0.181,0.417,62,1
2024-11-28 10:40:54,SLEEPING !!!,0.187,0.413,62,1
2024-11-28 10:40:54,SLEEPING !!!,0.192,0.409,62,1
2024-11-28 10:40:54,SLEEPING !!!,0.185,0.414,62,1
2024-11-28 10:40:54,SLEEPING !!!,0.163,0.396,62,1
2024-11-28 10:40:54,SLEEPING !!!,0.153,0.398,62,1
2024-11-28 10:40:54,SLEEPING !!!,0.188,0.412,62,1
2024-11-28 10:40:54,SLEEPING !!!,0.237,0.406,62,1
2024-11-28 10:40:54,SLEEPING !!!,0.173,0.387,62,1
2024-11-28 10:40:54,SLEEPING !!!,0.195,0.394,62,1
2024-11-28 10:40:54,SLEEPING !!!,0.199,0.401,62,1
2024-11-28 10:40:54,SLEEPING !!!,0.235,0.398,62,1
2024-11-28 10:40:54,SLEEPING !!!,0.220,0.385,62,1
2024-11-28 10:40:54,SLEEPING !!!,0.233,0.400,62,1
2024-11-28 10:40:54,SLEEPING !!!,0.235,0.410,62,1
2024-11-28 10:40:54,SLEEPING !!!,0.248,0.412,62,1
2024-11-28 10:40:54,SLEEPING !!!,0.239,0.393,62,1
2024-11-28 10:40:54,SLEEPING !!!,0.229,0.412,62,1
2024-11-28 10:40:54,SLEEPING !!!,0.219,0.401,62,1
2024-11-28 10:40:54,SLEEPING !!!,0.232,0.406,62,1
2024-11-28 10:40:54,SLEEPING !!!,0.219,0.409,62,1
2024-11-28 10:40:54,SLEEPING !!!,0.223,0.381,62,1
2024-11-28 10:40:54,SLEEPING !!!,0.217,0.409,62,1
2024-11-28 10:40:54,SLEEPING !!!,0.225,0.402,62,1
2024-11-28 10:40:54,SLEEPING !!!,0.223,0.409,62,1
2024-11-28 10:40:54,SLEEPING !!!,0.218,0.406,62,1
2024-11-28 10:40:54,SLEEPING !!!,0.224,0.417,62,1
2024-11-28 10:40:55,SLEEPING !!!,0.220,0.410,62,1
2024-11-28 10:40:55,SLEEPING !!!,0.248,0.400,62,1
2024-11-28 10:40:55,Mild Yawn,0.265,0.395,63,1
2024-11-28 10:40:55,Mild Yawn,0.288,0.409,63,1
2024-11-28 10:40:55,Mild Yawn,0.290,0.393,63,1
2024-11-28 10:40:55,Mild Yawn,0.294,0.387,63,1
2024-11-28 10:40:55,Mild Yawn,0.292,0.404,63,1
2024-11-28 10:40:55,Mild Yawn,0.286,0.401,63,1
2024-11-28 10:40:55,Mild Yawn,0.296,0.383,63,1
2024-11-28 10:40:55,Mild Yawn,0.285,0.387,63,1
2024-11-28 10:40:55,Mild Yawn,0.293,0.395,63,1
2024-11-28 10:40:55,Mild Yawn,0.273,0.406,63,1
2024-11-28 10:40:55,Mild Yawn,0.279,0.387,63,1
2024-11-28 10:40:55,Mild Yawn,0.270,0.412,63,1
2024-11-28 10:40:55,Mild Yawn,0.275,0.397,63,1
2024-11-28 10:40:55,Mild Yawn,0.273,0.409,63,1
2024-11-28 10:40:55,Mild Yawn,0.277,0.393,63,1
2024-11-28 10:40:55,Mild Yawn,0.273,0.413,63,1
2024-11-28 10:40:55,Mild Yawn,0.262,0.402,63,1
2024-11-28 10:40:55,Mild Yawn,0.267,0.399,63,1
2024-11-28 10:40:55,Mild Yawn,0.258,0.403,63,1
2024-11-28 10:40:55,Mild Yawn,0.273,0.376,63,1
2024-11-28 10:40:55,Mild Yawn,0.262,0.380,63,1
2024-11-28 10:40:55,Mild Yawn,0.292,0.389,63,1
2024-11-28 10:40:55,Mild Yawn,0.297,0.393,63,1
2024-11-28 10:40:55,Mild Yawn,0.287,0.397,63,1
2024-11-28 10:40:55,Mild Yawn,0.276,0.414,63,1
2024-11-28 10:40:55,Mild Yawn,0.271,0.406,63,1
2024-11-28 10:40:55,Mild Yawn,0.288,0.394,63,1
2024-11-28 10:40:55,Mild Yawn,0.275,0.392,63,1
2024-11-28 10:40:56,Mild Yawn,0.266,0.412,63,1
2024-11-28 10:40:56,Mild Yawn,0.297,0.394,63,1
2024-11-28 10:40:56,Mild Yawn,0.301,0.391,63,1
2024-11-28 10:40:56,Mild Yawn,0.280,0.411,63,1
2024-11-28 10:40:56,Mild Yawn,0.276,0.401,63,1
2024-11-28 10:40:56,Mild Yawn,0.293,0.393,63,1
2024-11-28 10:40:56,Mild Yawn,0.293,0.407,63,1
2024-11-28 10:40:56,Mild Yawn,0.304,0.399,63,1
2024-11-28 10:40:56,Mild Yawn,0.286,0.412,63,1
2024-11-28 10:40:56,Mild Yawn,0.269,0.409,63,1
2024-11-28 10:40:56,Mild Yawn,0.200,0.411,63,1
2024-11-28 10:40:56,Mild Yawn,0.217,0.404,63,1
2024-11-28 10:40:56,Mild Yawn,0.262,0.435,63,1
2024-11-28 10:40:56,Mild Yawn,0.177,0.414,63,1
2024-11-28 10:40:56,Mild Yawn,0.198,0.406,63,1
2024-11-28 10:40:56,SLEEPING !!!,0.209,0.415,63,1
2024-11-28 10:40:56,SLEEPING !!!,0.229,0.407,63,1
2024-11-28 10:40:56,SLEEPING !!!,0.222,0.410,63,1
2024-11-28 10:40:56,SLEEPING !!!,0.223,0.393,63,1
2024-11-28 10:40:56,Mild Yawn,0.260,0.407,64,1
2024-11-28 10:40:56,Mild Yawn,0.263,0.382,64,1
2024-11-28 10:40:56,Mild Yawn,0.248,0.380,64,1
2024-11-28 10:40:56,Mild Yawn,0.242,0.384,64,1
2024-11-28 10:40:56,SLEEPING !!!,0.248,0.394,64,1
2024-11-28 10:40:56,SLEEPING !!!,0.214,0.378,64,1
2024-11-28 10:40:56,SLEEPING !!!,0.223,0.419,64,1
2024-11-28 10:40:56,Mild Yawn,0.317,0.386,65,1
2024-11-28 10:40:56,Mild Yawn,0.344,0.397,65,1
2024-11-28 10:40:56,Mild Yawn,0.339,0.386,65,1
2024-11-28 10:40:56,Mild Yawn,0.275,0.405,65,1
2024-11-28 10:40:57,Mild Yawn,0.235,0.368,65,1
2024-11-28 10:40:57,Mild Yawn,0.229,0.387,65,1
2024-11-28 10:40:57,SLEEPING !!!,0.222,0.400,65,1
2024-11-28 10:40:57,SLEEPING !!!,0.242,0.419,65,1
2024-11-28 10:40:57,SLEEPING !!!,0.247,0.390,65,1
2024-11-28 10:40:57,SLEEPING !!!,0.232,0.406,65,1
2024-11-28 10:40:57,SLEEPING !!!,0.245,0.406,65,1
2024-11-28 10:40:57,Mild Yawn,0.254,0.421,66,1
2024-11-28 10:40:57,Mild Yawn,0.238,0.413,66,1
2024-11-28 10:40:57,Mild Yawn,0.245,0.411,66,1
2024-11-28 10:40:57,SLEEPING !!!,0.238,0.422,66,1
2024-11-28 10:40:57,SLEEPING !!!,0.239,0.413,66,1
2024-11-28 10:40:57,Mild Yawn,0.255,0.419,67,1
2024-11-28 10:40:57,Mild Yawn,0.245,0.413,67,1
2024-11-28 10:40:57,Mild Yawn,0.258,0.424,67,1
2024-11-28 10:40:57,Mild Yawn,0.264,0.424,67,1
2024-11-28 10:40:57,Mild Yawn,0.270,0.422,67,1
2024-11-28 10:40:57,Mild Yawn,0.265,0.392,67,1
2024-11-28 10:40:57,Mild Yawn,0.270,0.432,67,1
2024-11-28 10:40:57,Mild Yawn,0.241,0.386,67,1
2024-11-28 10:40:57,Mild Yawn,0.197,0.393,67,1
2024-11-28 10:40:57,Mild Yawn,0.259,0.402,67,1
2024-11-28 10:40:57,Mild Yawn,0.260,0.418,67,1
2024-11-28 10:40:57,Mild Yawn,0.223,0.412,67,1
2024-11-28 10:40:57,Mild Yawn,0.173,0.412,67,1
2024-11-28 10:40:57,SLEEPING !!!,0.179,0.383,67,1
2024-11-28 10:40:57,SLEEPING !!!,0.179,0.381,67,1
2024-11-28 10:40:57,SLEEPING !!!,0.197,0.377,67,1
2024-11-28 10:40:57,SLEEPING !!!,0.221,0.403,67,1
2024-11-28 10:40:57,SLEEPING !!!,0.230,0.405,67,1
2024-11-28 10:40:57,SLEEPING !!!,0.224,0.402,67,1
2024-11-28 10:40:58,SLEEPING !!!,0.230,0.412,67,1
2024-11-28 10:40:58,SLEEPING !!!,0.229,0.403,67,1
2024-11-28 10:40:58,SLEEPING !!!,0.223,0.390,67,1
2024-11-28 10:40:58,SLEEPING !!!,0.224,0.399,67,1
2024-11-28 10:40:58,SLEEPING !!!,0.235,0.412,67,1
2024-11-28 10:40:58,SLEEPING !!!,0.236,0.397,67,1
2024-11-28 10:40:58,SLEEPING !!!,0.241,0.409,67,1
2024-11-28 10:40:58,Mild Yawn,0.257,0.390,68,1
2024-11-28 10:40:58,Mild Yawn,0.251,0.412,68,1
2024-11-28 10:40:58,Mild Yawn,0.220,0.415,68,1
2024-11-28 10:40:58,Mild Yawn,0.267,0.406,68,1
2024-11-28 10:40:58,Mild Yawn,0.260,0.404,68,1
2024-11-28 10:40:58,Mild Yawn,0.211,0.424,68,1
2024-11-28 10:40:58,Mild Yawn,0.202,0.422,68,1
2024-11-28 10:40:58,Mild Yawn,0.264,0.402,68,1
2024-11-28 10:40:58,Mild Yawn,0.200,0.415,68,1
2024-11-28 10:40:58,Mild Yawn,0.213,0.411,68,1
2024-11-28 10:40:58,SLEEPING !!!,0.153,0.447,68,1
2024-11-28 10:40:58,Mild Yawn,0.283,0.406,69,1
2024-11-28 10:40:58,Mild Yawn,0.211,0.415,69,1
2024-11-28 10:40:58,Mild Yawn,0.202,0.412,69,1
2024-11-28 10:40:58,SLEEPING !!!,0.191,0.402,69,1
2024-11-28 10:40:58,SLEEPING !!!,0.206,0.404,69,1
2024-11-28 10:40:58,Mild Yawn,0.254,0.384,70,1
2024-11-28 10:40:58,Mild Yawn,0.252,0.423,70,1
2024-11-28 10:40:58,Mild Yawn,0.251,0.411,70,1
2024-11-28 10:40:58,Mild Yawn,0.258,0.416,70,1
2024-11-28 10:40:58,Mild Yawn,0.245,0.437,70,1
2024-11-28 10:40:58,Mild Yawn,0.261,0.412,70,1
2024-11-28 10:40:59,Mild Yawn,0.265,0.417,70,1
2024-11-28 10:40:59,Mild Yawn,0.248,0.397,70,1
2024-11-28 10:40:59,Mild Yawn,0.263,0.412,70,1
2024-11-28 10:40:59,Mild Yawn,0.267,0.390,70,1
2024-11-28 10:40:59,Mild Yawn,0.274,0.413,70,1
2024-11-28 10:40:59,Mild Yawn,0.262,0.407,70,1
2024-11-28 10:40:59,Mild Yawn,0.273,0.402,70,1
2024-11-28 10:40:59,Mild Yawn,0.275,0.420,70,1
2024-11-28 10:40:59,Mild Yawn,0.255,0.399,70,1
2024-11-28 10:40:59,Mild Yawn,0.221,0.417,70,1
2024-11-28 10:40:59,Mild Yawn,0.270,0.431,70,1
2024-11-28 10:40:59,Mild Yawn,0.269,0.422,70,1
2024-11-28 10:40:59,Mild Yawn,0.274,0.417,70,1
2024-11-28 10:40:59,Mild Yawn,0.244,0.412,70,1
2024-11-28 10:40:59,Mild Yawn,0.270,0.413,70,1
2024-11-28 10:40:59,Mild Yawn,0.240,0.425,70,1
2024-11-28 10:40:59,Mild Yawn,0.213,0.402,70,1
2024-11-28 10:40:59,SLEEPING !!!,0.224,0.386,70,1
2024-11-28 10:40:59,Mild Yawn,0.274,0.417,71,1
2024-11-28 10:40:59,Mild Yawn,0.236,0.407,71,1
2024-11-28 10:40:59,Mild Yawn,0.260,0.427,71,1
2024-11-28 10:40:59,Mild Yawn,0.279,0.426,71,1
2024-11-28 10:40:59,Mild Yawn,0.260,0.410,71,1
2024-11-28 10:40:59,Mild Yawn,0.288,0.416,71,1
2024-11-28 10:40:59,Mild Yawn,0.294,0.434,71,1
2024-11-28 10:40:59,Mild Yawn,0.297,0.437,71,1
2024-11-28 10:40:59,Mild Yawn,0.301,0.418,71,1
2024-11-28 10:40:59,Mild Yawn,0.309,0.449,71,1
2024-11-28 10:40:59,Mild Yawn,0.289,0.445,71,1
2024-11-28 10:40:59,Mild Yawn,0.278,0.429,71,1
2024-11-28 10:41:00,Mild Yawn,0.290,0.416,71,1
2024-11-28 10:41:00,Mild Yawn,0.281,0.422,71,1
2024-11-28 10:41:00,Mild Yawn,0.292,0.412,71,1
2024-11-28 10:41:00,Mild Yawn,0.304,0.420,71,1
2024-11-28 10:41:00,Mild Yawn,0.288,0.408,71,1
2024-11-28 10:41:00,Mild Yawn,0.287,0.421,71,1
2024-11-28 10:41:00,Mild Yawn,0.297,0.416,71,1
2024-11-28 10:41:00,Mild Yawn,0.296,0.415,71,1
2024-11-28 10:41:00,Mild Yawn,0.278,0.429,71,1
2024-11-28 10:41:00,Mild Yawn,0.285,0.431,71,1
2024-11-28 10:41:00,Mild Yawn,0.296,0.421,71,1
2024-11-28 10:41:00,Mild Yawn,0.296,0.428,71,1
2024-11-28 10:41:00,Mild Yawn,0.297,0.433,71,1
2024-11-28 10:41:00,Mild Yawn,0.301,0.437,71,1
2024-11-28 10:41:00,Mild Yawn,0.312,0.451,71,1
2024-11-28 10:41:00,Mild Yawn,0.297,0.416,71,1
2024-11-28 10:41:00,Mild Yawn,0.303,0.433,71,1
2024-11-28 10:41:00,Mild Yawn,0.267,0.445,71,1
2024-11-28 10:41:00,Mild Yawn,0.244,0.437,71,1
2024-11-28 10:41:00,Mild Yawn,0.228,0.436,71,1
2024-11-28 10:41:00,SLEEPING !!!,0.238,0.443,71,1
2024-11-28 10:41:00,SLEEPING !!!,0.228,0.440,71,1
2024-11-28 10:41:00,SLEEPING !!!,0.231,0.454,71,1
2024-11-28 10:41:00,SLEEPING !!!,0.212,0.446,71,1
2024-11-28 10:41:00,SLEEPING !!!,0.212,0.442,71,1
2024-11-28 10:41:00,SLEEPING !!!,0.206,0.445,71,1
2024-11-28 10:41:00,SLEEPING !!!,0.219,0.425,71,1
2024-11-28 10:41:00,SLEEPING !!!,0.209,0.458,71,1
2024-11-28 10:41:00,SLEEPING !!!,0.209,0.432,71,1
2024-11-28 10:41:00,SLEEPING !!!,0.206,0.437,71,1
2024-11-28 10:41:00,SLEEPING !!!,0.206,0.431,71,1
2024-11-28 10:41:01,SLEEPING !!!,0.204,0.447,71,1
2024-11-28 10:41:01,SLEEPING !!!,0.194,0.437,71,1
2024-11-28 10:41:01,SLEEPING !!!,0.210,0.448,71,1
2024-11-28 10:41:01,SLEEPING !!!,0.202,0.438,71,1
2024-11-28 10:41:01,SLEEPING !!!,0.203,0.442,71,1
2024-11-28 10:41:01,SLEEPING !!!,0.166,0.448,71,1
2024-11-28 10:41:01,SLEEPING !!!,0.177,0.456,71,1
2024-11-28 10:41:01,SLEEPING !!!,0.154,0.450,71,1
2024-11-28 10:41:01,SLEEPING !!!,0.156,0.465,71,1
2024-11-28 10:41:01,SLEEPING !!!,0.138,0.454,71,1
2024-11-28 10:41:01,SLEEPING !!!,0.145,0.455,71,1
2024-11-28 10:41:01,SLEEPING !!!,0.158,0.452,71,1
2024-11-28 10:41:01,SLEEPING !!!,0.153,0.453,71,1
2024-11-28 10:41:01,SLEEPING !!!,0.157,0.471,71,1
2024-11-28 10:41:01,SLEEPING !!!,0.151,0.488,71,1
2024-11-28 10:41:01,SLEEPING !!!,0.151,0.486,71,1
2024-11-28 10:41:01,SLEEPING !!!,0.160,0.507,71,1
2024-11-28 10:41:01,SLEEPING !!!,0.154,0.509,71,1
2024-11-28 10:41:01,SLEEPING !!!,0.156,0.478,71,1
2024-11-28 10:41:01,SLEEPING !!!,0.164,0.499,71,1
2024-11-28 10:41:01,SLEEPING !!!,0.172,0.474,71,1
2024-11-28 10:41:01,SLEEPING !!!,0.194,0.496,71,1
2024-11-28 10:41:01,SLEEPING !!!,0.209,0.481,71,1
2024-11-28 10:41:01,SLEEPING !!!,0.225,0.488,71,1
2024-11-28 10:41:01,SLEEPING !!!,0.228,0.466,71,1
2024-11-28 10:41:01,SLEEPING !!!,0.230,0.484,71,1
2024-11-28 10:41:01,SLEEPING !!!,0.234,0.488,71,1
2024-11-28 10:41:01,Mild Yawn,0.251,0.476,72,1
2024-11-28 10:41:01,Mild Yawn,0.236,0.478,72,1
2024-11-28 10:41:01,Mild Yawn,0.247,0.487,72,1
2024-11-28 10:41:02,Mild Yawn,0.261,0.488,72,1
2024-11-28 10:41:02,Mild Yawn,0.261,0.467,72,1
2024-11-28 10:41:02,Mild Yawn,0.255,0.482,72,1
2024-11-28 10:41:02,Mild Yawn,0.254,0.448,72,1
2024-11-28 10:41:02,Mild Yawn,0.264,0.456,72,1
2024-11-28 10:41:02,Mild Yawn,0.266,0.476,72,1
2024-11-28 10:41:02,Mild Yawn,0.249,0.453,72,1
2024-11-28 10:41:02,Mild Yawn,0.249,0.480,72,1
2024-11-28 10:41:02,Mild Yawn,0.255,0.467,72,1
2024-11-28 10:41:02,Mild Yawn,0.269,0.462,72,1
2024-11-28 10:41:02,Mild Yawn,0.259,0.473,72,1
2024-11-28 10:41:02,Mild Yawn,0.249,0.480,72,1
2024-11-28 10:41:02,Mild Yawn,0.255,0.451,72,1
2024-11-28 10:41:02,Mild Yawn,0.260,0.447,72,1
2024-11-28 10:41:02,Mild Yawn,0.264,0.437,72,1
2024-11-28 10:41:02,Mild Yawn,0.266,0.439,72,1
2024-11-28 10:41:02,Mild Yawn,0.268,0.462,72,1
2024-11-28 10:41:02,Mild Yawn,0.261,0.456,72,1
2024-11-28 10:41:02,Mild Yawn,0.269,0.484,72,1
2024-11-28 10:41:02,Mild Yawn,0.263,0.488,72,1
2024-11-28 10:41:02,Mild Yawn,0.251,0.484,72,1
2024-11-28 10:41:02,Mild Yawn,0.263,0.476,72,1
2024-11-28 10:41:02,Mild Yawn,0.231,0.478,72,1
2024-11-28 10:41:02,Mild Yawn,0.260,0.474,72,1
2024-11-28 10:41:02,Mild Yawn,0.254,0.465,72,1
2024-11-28 10:41:02,Mild Yawn,0.251,0.457,72,1
2024-11-28 10:41:02,Mild Yawn,0.231,0.455,72,1
2024-11-28 10:41:02,Mild Yawn,0.254,0.463,72,1
2024-11-28 10:41:02,Mild Yawn,0.231,0.454,72,1
2024-11-28 10:41:03,Mild Yawn,0.247,0.456,72,1
2024-11-28 10:41:03,SLEEPING !!!,0.222,0.447,72,1
2024-11-28 10:41:03,SLEEPING !!!,0.225,0.451,72,1
2024-11-28 10:41:03,SLEEPING !!!,0.224,0.474,72,1
2024-11-28 10:41:03,SLEEPING !!!,0.225,0.471,72,1
2024-11-28 10:41:03,SLEEPING !!!,0.231,0.446,72,1
2024-11-28 10:41:03,SLEEPING !!!,0.200,0.452,72,1
2024-11-28 10:41:03,SLEEPING !!!,0.206,0.447,72,1
2024-11-28 10:41:03,SLEEPING !!!,0.209,0.440,72,1
2024-11-28 10:41:03,SLEEPING !!!,0.207,0.454,72,1
2024-11-28 10:41:03,SLEEPING !!!,0.184,0.446,72,1
2024-11-28 10:41:03,SLEEPING !!!,0.196,0.466,72,1
2024-11-28 10:41:03,SLEEPING !!!,0.183,0.471,72,1
2024-11-28 10:41:03,SLEEPING !!!,0.189,0.481,72,1
2024-11-28 10:41:03,SLEEPING !!!,0.184,0.451,72,1
2024-11-28 10:41:03,SLEEPING !!!,0.188,0.482,72,1
2024-11-28 10:41:03,SLEEPING !!!,0.177,0.458,72,1
2024-11-28 10:41:03,SLEEPING !!!,0.171,0.470,72,1
2024-11-28 10:41:03,SLEEPING !!!,0.184,0.470,72,1
2024-11-28 10:41:03,SLEEPING !!!,0.185,0.467,72,1
2024-11-28 10:41:03,SLEEPING !!!,0.183,0.473,72,1
2024-11-28 10:41:03,SLEEPING !!!,0.180,0.467,72,1
2024-11-28 10:41:03,SLEEPING !!!,0.184,0.487,72,1
2024-11-28 10:41:03,SLEEPING !!!,0.183,0.480,72,1
2024-11-28 10:41:03,SLEEPING !!!,0.183,0.481,72,1
2024-11-28 10:41:03,SLEEPING !!!,0.197,0.487,72,1
2024-11-28 10:41:03,SLEEPING !!!,0.183,0.484,72,1
2024-11-28 10:41:03,SLEEPING !!!,0.189,0.467,72,1
2024-11-28 10:41:03,SLEEPING !!!,0.211,0.473,72,1
2024-11-28 10:41:03,SLEEPING !!!,0.203,0.477,72,1
2024-11-28 10:41:04,SLEEPING !!!,0.199,0.460,72,1
2024-11-28 10:41:04,SLEEPING !!!,0.194,0.432,72,1
2024-11-28 10:41:04,SLEEPING !!!,0.196,0.480,72,1
2024-11-28 10:41:04,SLEEPING !!!,0.192,0.449,72,1
2024-11-28 10:41:04,SLEEPING !!!,0.142,0.435,72,1
2024-11-28 10:41:04,SLEEPING !!!,0.157,0.427,72,1
2024-11-28 10:41:04,SLEEPING !!!,0.155,0.408,72,1
2024-11-28 10:41:04,SLEEPING !!!,0.143,0.401,72,1
2024-11-28 10:41:04,SLEEPING !!!,0.173,0.423,72,1
2024-11-28 10:41:04,SLEEPING !!!,0.155,0.397,72,1
2024-11-28 10:41:04,SLEEPING !!!,0.161,0.406,72,1
2024-11-28 10:41:04,SLEEPING !!!,0.170,0.395,72,1
2024-11-28 10:41:04,SLEEPING !!!,0.156,0.394,72,1
2024-11-28 10:41:04,SLEEPING !!!,0.147,0.389,72,1
2024-11-28 10:41:04,SLEEPING !!!,0.170,0.410,72,1
2024-11-28 10:41:04,SLEEPING !!!,0.143,0.441,72,1
2024-11-28 10:41:04,SLEEPING !!!,0.157,0.458,72,1
2024-11-28 10:41:04,SLEEPING !!!,0.162,0.431,72,1
