Timestamp,Status,Eye_Aspect_Ratio,Mouth_Aspect_Ratio,Blink_Count,Yawn_Count
2024-11-28 10:33:29,Active,0.224,0.437,0,0
2024-11-28 10:33:29,Active,0.223,0.447,0,0
2024-11-28 10:33:29,SLEEPING !!!,0.224,0.481,0,0
2024-11-28 10:33:29,Active,0.271,0.434,1,0
2024-11-28 10:33:29,Active,0.227,0.418,1,0
2024-11-28 10:33:29,Active,0.308,0.331,1,0
2024-11-28 10:33:29,Active,0.236,0.390,1,0
2024-11-28 10:33:30,Active,0.275,0.416,1,0
2024-11-28 10:33:30,Active,0.244,0.428,1,0
2024-11-28 10:33:30,Active,0.240,0.422,1,0
2024-11-28 10:33:30,Active,0.257,0.443,1,0
2024-11-28 10:33:30,Active,0.240,0.404,1,0
2024-11-28 10:33:30,Active,0.283,0.368,1,0
2024-11-28 10:33:30,Active,0.248,0.406,1,0
2024-11-28 10:33:30,Active,0.250,0.395,1,0
2024-11-28 10:33:30,Active,0.277,0.358,1,0
2024-11-28 10:33:30,Active,0.234,0.388,1,0
2024-11-28 10:33:30,Active,0.266,0.388,1,0
2024-11-28 10:33:30,Active,0.253,0.366,1,0
2024-11-28 10:33:30,Active,0.274,0.400,1,0
2024-11-28 10:33:30,Active,0.261,0.368,1,0
2024-11-28 10:33:30,Active,0.184,0.366,1,0
2024-11-28 10:33:30,Active,0.206,0.345,1,0
2024-11-28 10:33:30,SLEEPING !!!,0.222,0.348,1,0
2024-11-28 10:33:30,SLEEPING !!!,0.222,0.360,1,0
2024-11-28 10:33:30,Active,0.265,0.412,2,0
2024-11-28 10:33:30,Active,0.254,0.431,2,0
2024-11-28 10:33:30,Active,0.269,0.382,2,0
2024-11-28 10:33:30,Active,0.254,0.439,2,0
2024-11-28 10:33:30,Active,0.250,0.383,2,0
2024-11-28 10:33:30,Active,0.253,0.383,2,0
2024-11-28 10:33:30,Active,0.243,0.391,2,0
2024-11-28 10:33:31,Active,0.209,0.388,2,0
2024-11-28 10:33:31,Active,0.315,0.356,2,0
2024-11-28 10:33:31,Active,0.360,0.373,2,0
2024-11-28 10:33:31,Active,0.314,0.381,2,0
2024-11-28 10:33:31,Active,0.284,0.405,2,0
2024-11-28 10:33:31,Active,0.290,0.391,2,0
2024-11-28 10:33:31,Active,0.247,0.392,2,0
2024-11-28 10:33:31,Active,0.264,0.400,2,0
2024-11-28 10:33:31,Active,0.271,0.404,2,0
2024-11-28 10:33:31,Active,0.367,0.361,2,0
2024-11-28 10:33:31,Active,0.255,0.377,2,0
2024-11-28 10:33:31,Active,0.314,0.360,2,0
2024-11-28 10:33:31,Active,0.298,0.416,2,0
2024-11-28 10:33:31,Active,0.324,0.401,2,0
2024-11-28 10:33:31,Active,0.198,0.403,2,0
2024-11-28 10:33:31,Active,0.230,0.389,2,0
2024-11-28 10:33:31,SLEEPING !!!,0.211,0.397,2,0
2024-11-28 10:33:31,SLEEPING !!!,0.221,0.383,2,0
2024-11-28 10:33:31,SLEEPING !!!,0.205,0.386,2,0
2024-11-28 10:33:31,SLEEPING !!!,0.234,0.372,2,0
2024-11-28 10:33:31,SLEEPING !!!,0.244,0.398,2,0
2024-11-28 10:33:31,SLEEPING !!!,0.229,0.412,2,0
2024-11-28 10:33:31,SLEEPING !!!,0.210,0.372,2,0
2024-11-28 10:33:31,SLEEPING !!!,0.208,0.370,2,0
2024-11-28 10:33:31,SLEEPING !!!,0.170,0.405,2,0
2024-11-28 10:33:31,SLEEPING !!!,0.198,0.391,2,0
2024-11-28 10:33:31,SLEEPING !!!,0.222,0.392,2,0
2024-11-28 10:33:31,SLEEPING !!!,0.250,0.404,2,0
2024-11-28 10:33:31,Active,0.302,0.403,3,0
2024-11-28 10:33:31,Active,0.243,0.414,3,0
2024-11-28 10:33:32,Active,0.217,0.397,3,0
2024-11-28 10:33:32,SLEEPING !!!,0.183,0.406,3,0
2024-11-28 10:33:32,SLEEPING !!!,0.212,0.424,3,0
2024-11-28 10:33:32,SLEEPING !!!,0.233,0.420,3,0
2024-11-28 10:33:32,SLEEPING !!!,0.236,0.427,3,0
2024-11-28 10:33:32,SLEEPING !!!,0.240,0.421,3,0
2024-11-28 10:33:32,SLEEPING !!!,0.237,0.441,3,0
2024-11-28 10:33:32,SLEEPING !!!,0.243,0.453,3,0
2024-11-28 10:33:32,Active,0.254,0.442,4,0
2024-11-28 10:33:32,Active,0.236,0.432,4,0
2024-11-28 10:33:32,Active,0.230,0.440,4,0
2024-11-28 10:33:32,SLEEPING !!!,0.222,0.449,4,0
2024-11-28 10:33:32,SLEEPING !!!,0.225,0.431,4,1
2024-11-28 10:33:32,SLEEPING !!!,0.217,0.432,4,1
2024-11-28 10:33:32,SLEEPING !!!,0.225,0.412,4,1
2024-11-28 10:33:32,SLEEPING !!!,0.213,0.441,4,1
2024-11-28 10:33:32,SLEEPING !!!,0.219,0.436,4,1
2024-11-28 10:33:32,SLEEPING !!!,0.211,0.429,4,1
2024-11-28 10:33:32,SLEEPING !!!,0.211,0.427,4,1
2024-11-28 10:33:32,SLEEPING !!!,0.206,0.438,4,1
2024-11-28 10:33:32,SLEEPING !!!,0.199,0.432,4,1
2024-11-28 10:33:32,SLEEPING !!!,0.210,0.449,4,1
2024-11-28 10:33:32,SLEEPING !!!,0.203,0.449,4,1
2024-11-28 10:33:32,SLEEPING !!!,0.188,0.439,4,1
2024-11-28 10:33:32,SLEEPING !!!,0.205,0.427,4,1
2024-11-28 10:33:32,SLEEPING !!!,0.208,0.457,4,1
2024-11-28 10:33:32,SLEEPING !!!,0.202,0.443,4,1
2024-11-28 10:33:32,SLEEPING !!!,0.193,0.450,4,1
2024-11-28 10:33:32,SLEEPING !!!,0.200,0.439,4,1
2024-11-28 10:33:32,SLEEPING !!!,0.190,0.450,4,1
2024-11-28 10:33:33,SLEEPING !!!,0.213,0.428,4,1
2024-11-28 10:33:33,SLEEPING !!!,0.212,0.441,4,1
2024-11-28 10:33:33,SLEEPING !!!,0.203,0.438,4,1
2024-11-28 10:33:33,SLEEPING !!!,0.183,0.432,4,1
2024-11-28 10:33:33,SLEEPING !!!,0.191,0.423,4,1
2024-11-28 10:33:33,SLEEPING !!!,0.186,0.437,4,1
2024-11-28 10:33:33,SLEEPING !!!,0.192,0.432,4,1
2024-11-28 10:33:33,SLEEPING !!!,0.186,0.426,4,1
2024-11-28 10:33:33,SLEEPING !!!,0.177,0.435,4,1
2024-11-28 10:33:33,SLEEPING !!!,0.177,0.423,4,1
2024-11-28 10:33:33,SLEEPING !!!,0.186,0.406,4,1
2024-11-28 10:33:33,SLEEPING !!!,0.179,0.421,4,1
2024-11-28 10:33:33,SLEEPING !!!,0.180,0.427,4,1
2024-11-28 10:33:33,SLEEPING !!!,0.189,0.429,4,1
2024-11-28 10:33:33,SLEEPING !!!,0.175,0.434,4,1
2024-11-28 10:33:33,SLEEPING !!!,0.168,0.414,4,1
2024-11-28 10:33:33,SLEEPING !!!,0.186,0.432,4,1
2024-11-28 10:33:33,SLEEPING !!!,0.193,0.431,4,1
2024-11-28 10:33:33,SLEEPING !!!,0.189,0.420,4,1
2024-11-28 10:33:33,SLEEPING !!!,0.197,0.434,4,1
2024-11-28 10:33:33,SLEEPING !!!,0.198,0.446,4,1
2024-11-28 10:33:33,SLEEPING !!!,0.179,0.419,4,1
2024-11-28 10:33:33,SLEEPING !!!,0.187,0.436,4,1
2024-11-28 10:33:33,SLEEPING !!!,0.186,0.427,4,1
2024-11-28 10:33:33,SLEEPING !!!,0.184,0.428,4,1
2024-11-28 10:33:33,SLEEPING !!!,0.174,0.413,4,1
2024-11-28 10:33:33,SLEEPING !!!,0.186,0.417,4,1
2024-11-28 10:33:33,SLEEPING !!!,0.179,0.428,4,1
2024-11-28 10:33:33,SLEEPING !!!,0.179,0.431,4,1
2024-11-28 10:33:33,SLEEPING !!!,0.177,0.421,4,1
2024-11-28 10:33:34,SLEEPING !!!,0.185,0.403,4,1
2024-11-28 10:33:34,SLEEPING !!!,0.170,0.416,4,1
2024-11-28 10:33:34,SLEEPING !!!,0.169,0.410,4,1
2024-11-28 10:33:34,SLEEPING !!!,0.183,0.412,4,1
2024-11-28 10:33:34,SLEEPING !!!,0.189,0.407,4,1
2024-11-28 10:33:34,SLEEPING !!!,0.160,0.408,4,1
2024-11-28 10:33:34,SLEEPING !!!,0.178,0.413,4,1
2024-11-28 10:33:34,SLEEPING !!!,0.181,0.413,4,1
2024-11-28 10:33:34,SLEEPING !!!,0.181,0.390,4,1
2024-11-28 10:33:34,SLEEPING !!!,0.168,0.405,4,1
2024-11-28 10:33:34,SLEEPING !!!,0.160,0.394,4,1
2024-11-28 10:33:34,SLEEPING !!!,0.154,0.402,4,1
2024-11-28 10:33:34,SLEEPING !!!,0.141,0.414,4,1
2024-11-28 10:33:34,SLEEPING !!!,0.149,0.411,4,1
2024-11-28 10:33:34,SLEEPING !!!,0.202,0.378,4,1
2024-11-28 10:33:34,SLEEPING !!!,0.182,0.392,4,1
2024-11-28 10:33:34,SLEEPING !!!,0.181,0.388,4,1
2024-11-28 10:33:34,SLEEPING !!!,0.147,0.387,4,1
2024-11-28 10:33:34,SLEEPING !!!,0.161,0.384,4,1
2024-11-28 10:33:34,SLEEPING !!!,0.162,0.399,4,1
2024-11-28 10:33:34,SLEEPING !!!,0.160,0.376,4,1
2024-11-28 10:33:34,SLEEPING !!!,0.163,0.378,4,1
2024-11-28 10:33:34,SLEEPING !!!,0.159,0.376,4,1
2024-11-28 10:33:34,SLEEPING !!!,0.173,0.377,4,1
2024-11-28 10:33:34,SLEEPING !!!,0.159,0.382,4,1
2024-11-28 10:33:34,SLEEPING !!!,0.151,0.373,4,1
2024-11-28 10:33:34,SLEEPING !!!,0.163,0.396,4,1
2024-11-28 10:33:34,SLEEPING !!!,0.163,0.389,4,1
2024-11-28 10:33:34,SLEEPING !!!,0.168,0.397,4,1
2024-11-28 10:33:34,SLEEPING !!!,0.167,0.387,4,1
2024-11-28 10:33:34,SLEEPING !!!,0.186,0.413,4,1
2024-11-28 10:33:35,SLEEPING !!!,0.179,0.420,4,1
2024-11-28 10:33:35,SLEEPING !!!,0.180,0.401,4,1
2024-11-28 10:33:35,SLEEPING !!!,0.200,0.402,4,1
2024-11-28 10:33:35,SLEEPING !!!,0.186,0.389,4,1
2024-11-28 10:33:35,SLEEPING !!!,0.188,0.397,4,1
2024-11-28 10:33:35,SLEEPING !!!,0.197,0.425,4,1
2024-11-28 10:33:35,SLEEPING !!!,0.163,0.423,4,1
2024-11-28 10:33:35,SLEEPING !!!,0.164,0.405,4,1
2024-11-28 10:33:35,SLEEPING !!!,0.163,0.411,4,1
2024-11-28 10:33:35,SLEEPING !!!,0.187,0.404,4,1
2024-11-28 10:33:35,SLEEPING !!!,0.206,0.406,4,1
2024-11-28 10:33:35,SLEEPING !!!,0.225,0.420,4,1
2024-11-28 10:33:35,SLEEPING !!!,0.194,0.403,4,1
2024-11-28 10:33:35,SLEEPING !!!,0.230,0.412,4,1
2024-11-28 10:33:35,SLEEPING !!!,0.233,0.396,4,1
2024-11-28 10:33:35,SLEEPING !!!,0.229,0.415,4,1
2024-11-28 10:33:35,SLEEPING !!!,0.233,0.395,4,1
2024-11-28 10:33:35,SLEEPING !!!,0.227,0.378,4,1
2024-11-28 10:33:35,SLEEPING !!!,0.240,0.398,4,1
2024-11-28 10:33:35,SLEEPING !!!,0.217,0.381,4,1
2024-11-28 10:33:35,Mild Yawn,0.253,0.386,5,1
2024-11-28 10:33:35,Mild Yawn,0.232,0.376,5,1
2024-11-28 10:33:35,Mild Yawn,0.182,0.371,5,1
2024-11-28 10:33:35,SLEEPING !!!,0.157,0.396,5,1
2024-11-28 10:33:35,Mild Yawn,0.254,0.352,6,1
2024-11-28 10:33:35,Mild Yawn,0.170,0.396,6,1
2024-11-28 10:33:35,Mild Yawn,0.186,0.398,6,1
2024-11-28 10:33:35,SLEEPING !!!,0.173,0.387,6,1
2024-11-28 10:33:35,SLEEPING !!!,0.176,0.403,6,1
2024-11-28 10:33:36,SLEEPING !!!,0.188,0.420,6,1
2024-11-28 10:33:36,SLEEPING !!!,0.190,0.394,6,1
2024-11-28 10:33:36,SLEEPING !!!,0.190,0.399,6,1
2024-11-28 10:33:36,SLEEPING !!!,0.187,0.416,6,1
2024-11-28 10:33:36,SLEEPING !!!,0.180,0.390,6,1
2024-11-28 10:33:36,SLEEPING !!!,0.184,0.393,6,1
2024-11-28 10:33:36,SLEEPING !!!,0.199,0.404,6,1
2024-11-28 10:33:36,SLEEPING !!!,0.165,0.417,6,1
2024-11-28 10:33:36,SLEEPING !!!,0.180,0.423,6,1
2024-11-28 10:33:36,SLEEPING !!!,0.202,0.422,6,1
2024-11-28 10:33:36,SLEEPING !!!,0.185,0.413,6,1
2024-11-28 10:33:36,SLEEPING !!!,0.173,0.410,6,1
2024-11-28 10:33:36,SLEEPING !!!,0.191,0.414,6,1
2024-11-28 10:33:36,SLEEPING !!!,0.182,0.410,6,1
2024-11-28 10:33:36,SLEEPING !!!,0.173,0.405,6,1
2024-11-28 10:33:36,SLEEPING !!!,0.164,0.393,6,1
2024-11-28 10:33:36,SLEEPING !!!,0.175,0.407,6,1
2024-11-28 10:33:36,SLEEPING !!!,0.169,0.397,6,1
2024-11-28 10:33:36,SLEEPING !!!,0.179,0.415,6,1
2024-11-28 10:33:36,SLEEPING !!!,0.179,0.408,6,1
2024-11-28 10:33:36,SLEEPING !!!,0.179,0.415,6,1
2024-11-28 10:33:36,SLEEPING !!!,0.176,0.440,6,1
2024-11-28 10:33:36,SLEEPING !!!,0.177,0.423,6,1
2024-11-28 10:33:36,SLEEPING !!!,0.177,0.432,6,1
2024-11-28 10:33:36,SLEEPING !!!,0.176,0.425,6,1
2024-11-28 10:33:36,SLEEPING !!!,0.174,0.435,6,1
2024-11-28 10:33:36,SLEEPING !!!,0.174,0.445,6,1
2024-11-28 10:33:36,SLEEPING !!!,0.184,0.456,6,1
2024-11-28 10:33:36,SLEEPING !!!,0.192,0.431,6,1
2024-11-28 10:33:37,SLEEPING !!!,0.192,0.438,6,1
2024-11-28 10:33:37,SLEEPING !!!,0.183,0.448,6,1
2024-11-28 10:33:37,SLEEPING !!!,0.189,0.452,6,1
2024-11-28 10:33:37,SLEEPING !!!,0.191,0.464,6,1
2024-11-28 10:33:37,SLEEPING !!!,0.215,0.408,6,1
2024-11-28 10:33:37,SLEEPING !!!,0.212,0.385,6,1
2024-11-28 10:33:37,SLEEPING !!!,0.240,0.425,6,1
2024-11-28 10:33:37,Mild Yawn,0.265,0.433,7,1
2024-11-28 10:33:37,Mild Yawn,0.260,0.451,7,1
2024-11-28 10:33:37,Mild Yawn,0.274,0.421,7,1
2024-11-28 10:33:37,Mild Yawn,0.278,0.437,7,1
2024-11-28 10:33:37,Mild Yawn,0.288,0.460,7,1
2024-11-28 10:33:37,Mild Yawn,0.294,0.456,7,1
2024-11-28 10:33:37,Mild Yawn,0.297,0.452,7,1
2024-11-28 10:33:37,Mild Yawn,0.270,0.450,7,1
2024-11-28 10:33:37,Mild Yawn,0.264,0.457,7,1
2024-11-28 10:33:37,Mild Yawn,0.262,0.439,7,1
2024-11-28 10:33:37,Mild Yawn,0.265,0.443,7,1
2024-11-28 10:33:37,Mild Yawn,0.259,0.462,7,1
2024-11-28 10:33:37,Mild Yawn,0.274,0.456,7,1
2024-11-28 10:33:37,Mild Yawn,0.252,0.454,7,1
2024-11-28 10:33:37,Mild Yawn,0.268,0.459,7,1
2024-11-28 10:33:37,Mild Yawn,0.264,0.460,7,1
2024-11-28 10:33:37,Mild Yawn,0.258,0.462,7,1
2024-11-28 10:33:37,Mild Yawn,0.264,0.460,7,1
2024-11-28 10:33:37,Mild Yawn,0.278,0.474,7,1
2024-11-28 10:33:37,Mild Yawn,0.254,0.445,7,1
2024-11-28 10:33:37,Mild Yawn,0.257,0.455,7,1
2024-11-28 10:33:38,Mild Yawn,0.257,0.449,7,1
2024-11-28 10:33:38,Mild Yawn,0.251,0.433,7,1
2024-11-28 10:33:38,Mild Yawn,0.265,0.439,7,1
2024-11-28 10:33:38,Mild Yawn,0.281,0.439,7,1
2024-11-28 10:33:38,Mild Yawn,0.274,0.430,7,1
2024-11-28 10:33:38,Mild Yawn,0.250,0.417,7,1
2024-11-28 10:33:38,Mild Yawn,0.254,0.431,7,1
2024-11-28 10:33:38,Mild Yawn,0.235,0.421,7,1
2024-11-28 10:33:38,Mild Yawn,0.186,0.421,7,1
2024-11-28 10:33:38,SLEEPING !!!,0.229,0.432,7,1
2024-11-28 10:33:38,SLEEPING !!!,0.188,0.427,7,1
2024-11-28 10:33:38,SLEEPING !!!,0.225,0.432,7,1
2024-11-28 10:33:38,SLEEPING !!!,0.188,0.417,7,1
2024-11-28 10:33:38,SLEEPING !!!,0.225,0.436,7,1
2024-11-28 10:33:38,SLEEPING !!!,0.210,0.425,7,1
2024-11-28 10:33:38,SLEEPING !!!,0.192,0.408,7,1
2024-11-28 10:33:38,SLEEPING !!!,0.160,0.416,7,1
2024-11-28 10:33:38,SLEEPING !!!,0.168,0.413,7,1
2024-11-28 10:33:38,SLEEPING !!!,0.183,0.423,7,1
2024-11-28 10:33:38,SLEEPING !!!,0.182,0.415,7,1
2024-11-28 10:33:38,SLEEPING !!!,0.189,0.410,7,1
2024-11-28 10:33:38,SLEEPING !!!,0.184,0.404,7,1
2024-11-28 10:33:38,SLEEPING !!!,0.152,0.396,7,1
2024-11-28 10:33:38,SLEEPING !!!,0.146,0.383,7,1
2024-11-28 10:33:38,SLEEPING !!!,0.136,0.383,7,1
2024-11-28 10:33:38,SLEEPING !!!,0.156,0.395,7,1
2024-11-28 10:33:38,SLEEPING !!!,0.147,0.392,7,1
2024-11-28 10:33:38,SLEEPING !!!,0.149,0.405,7,1
2024-11-28 10:33:38,SLEEPING !!!,0.176,0.403,7,1
2024-11-28 10:33:38,SLEEPING !!!,0.147,0.400,7,1
2024-11-28 10:33:38,SLEEPING !!!,0.148,0.386,7,1
2024-11-28 10:33:38,SLEEPING !!!,0.148,0.381,7,1
2024-11-28 10:33:39,SLEEPING !!!,0.230,0.393,7,1
2024-11-28 10:33:39,Mild Yawn,0.260,0.397,8,1
2024-11-28 10:33:39,Mild Yawn,0.190,0.400,8,1
2024-11-28 10:33:39,Mild Yawn,0.159,0.389,8,1
2024-11-28 10:33:39,SLEEPING !!!,0.163,0.398,8,1
2024-11-28 10:33:39,SLEEPING !!!,0.148,0.392,8,1
2024-11-28 10:33:39,SLEEPING !!!,0.164,0.398,8,1
2024-11-28 10:33:39,SLEEPING !!!,0.187,0.402,8,1
2024-11-28 10:33:39,SLEEPING !!!,0.186,0.390,8,1
2024-11-28 10:33:39,SLEEPING !!!,0.181,0.394,8,1
2024-11-28 10:33:39,SLEEPING !!!,0.183,0.387,8,1
2024-11-28 10:33:39,SLEEPING !!!,0.184,0.390,8,1
2024-11-28 10:33:39,SLEEPING !!!,0.201,0.378,8,1
2024-11-28 10:33:39,SLEEPING !!!,0.167,0.374,8,1
2024-11-28 10:33:39,SLEEPING !!!,0.181,0.388,8,1
2024-11-28 10:33:39,SLEEPING !!!,0.190,0.397,8,1
2024-11-28 10:33:39,SLEEPING !!!,0.188,0.376,8,1
2024-11-28 10:33:39,SLEEPING !!!,0.181,0.390,8,1
2024-11-28 10:33:39,SLEEPING !!!,0.173,0.390,8,1
2024-11-28 10:33:39,SLEEPING !!!,0.191,0.384,8,1
2024-11-28 10:33:39,SLEEPING !!!,0.198,0.396,8,1
2024-11-28 10:33:39,SLEEPING !!!,0.201,0.394,8,1
2024-11-28 10:33:39,SLEEPING !!!,0.197,0.402,8,1
2024-11-28 10:33:39,SLEEPING !!!,0.195,0.388,8,1
2024-11-28 10:33:39,SLEEPING !!!,0.191,0.395,8,1
2024-11-28 10:33:39,SLEEPING !!!,0.187,0.403,8,1
2024-11-28 10:33:39,SLEEPING !!!,0.208,0.382,8,1
2024-11-28 10:33:39,SLEEPING !!!,0.221,0.387,8,1
2024-11-28 10:33:39,SLEEPING !!!,0.191,0.387,8,1
2024-11-28 10:33:39,SLEEPING !!!,0.198,0.388,8,1
2024-11-28 10:33:40,SLEEPING !!!,0.198,0.378,8,1
2024-11-28 10:33:40,SLEEPING !!!,0.192,0.390,8,1
2024-11-28 10:33:40,SLEEPING !!!,0.230,0.386,8,1
2024-11-28 10:33:40,SLEEPING !!!,0.204,0.377,8,1
2024-11-28 10:33:40,SLEEPING !!!,0.211,0.395,8,1
2024-11-28 10:33:40,SLEEPING !!!,0.208,0.375,8,1
2024-11-28 10:33:40,SLEEPING !!!,0.191,0.384,8,1
2024-11-28 10:33:40,SLEEPING !!!,0.204,0.391,8,1
2024-11-28 10:33:40,SLEEPING !!!,0.196,0.399,8,1
2024-11-28 10:33:40,SLEEPING !!!,0.198,0.394,8,1
2024-11-28 10:33:40,SLEEPING !!!,0.194,0.381,8,1
2024-11-28 10:33:40,SLEEPING !!!,0.194,0.394,8,1
2024-11-28 10:33:40,SLEEPING !!!,0.198,0.390,8,1
2024-11-28 10:33:40,SLEEPING !!!,0.201,0.376,8,1
2024-11-28 10:33:40,SLEEPING !!!,0.204,0.401,8,1
2024-11-28 10:33:40,SLEEPING !!!,0.217,0.383,8,1
2024-11-28 10:33:40,SLEEPING !!!,0.212,0.388,8,1
2024-11-28 10:33:40,SLEEPING !!!,0.218,0.396,8,1
2024-11-28 10:33:40,SLEEPING !!!,0.200,0.381,8,1
2024-11-28 10:33:40,SLEEPING !!!,0.184,0.382,8,1
2024-11-28 10:33:40,SLEEPING !!!,0.185,0.389,8,1
2024-11-28 10:33:40,SLEEPING !!!,0.220,0.403,8,1
2024-11-28 10:33:40,SLEEPING !!!,0.198,0.392,8,1
2024-11-28 10:33:40,SLEEPING !!!,0.205,0.390,8,1
2024-11-28 10:33:40,SLEEPING !!!,0.202,0.400,8,1
2024-11-28 10:33:40,SLEEPING !!!,0.209,0.405,8,1
2024-11-28 10:33:40,SLEEPING !!!,0.178,0.387,8,1
2024-11-28 10:33:40,SLEEPING !!!,0.214,0.407,8,1
2024-11-28 10:33:40,SLEEPING !!!,0.205,0.398,8,1
2024-11-28 10:33:40,SLEEPING !!!,0.200,0.402,8,1
2024-11-28 10:33:41,SLEEPING !!!,0.205,0.387,8,1
2024-11-28 10:33:41,SLEEPING !!!,0.201,0.395,8,1
2024-11-28 10:33:41,SLEEPING !!!,0.202,0.406,8,1
2024-11-28 10:33:41,SLEEPING !!!,0.209,0.395,8,1
2024-11-28 10:33:41,SLEEPING !!!,0.198,0.403,8,1
2024-11-28 10:33:41,SLEEPING !!!,0.207,0.395,8,1
2024-11-28 10:33:41,SLEEPING !!!,0.201,0.394,8,1
2024-11-28 10:33:41,SLEEPING !!!,0.210,0.403,8,1
2024-11-28 10:33:41,SLEEPING !!!,0.198,0.407,8,1
2024-11-28 10:33:41,SLEEPING !!!,0.205,0.390,8,1
2024-11-28 10:33:41,SLEEPING !!!,0.192,0.398,8,1
2024-11-28 10:33:41,SLEEPING !!!,0.204,0.404,8,1
2024-11-28 10:33:41,SLEEPING !!!,0.194,0.406,8,1
2024-11-28 10:33:41,SLEEPING !!!,0.200,0.399,8,1
2024-11-28 10:33:41,SLEEPING !!!,0.211,0.416,8,1
2024-11-28 10:33:41,SLEEPING !!!,0.189,0.394,8,1
2024-11-28 10:33:41,SLEEPING !!!,0.185,0.418,8,1
2024-11-28 10:33:41,SLEEPING !!!,0.198,0.400,8,1
2024-11-28 10:33:41,SLEEPING !!!,0.200,0.398,8,1
2024-11-28 10:33:41,SLEEPING !!!,0.187,0.400,8,1
2024-11-28 10:33:41,SLEEPING !!!,0.197,0.419,8,1
2024-11-28 10:33:41,SLEEPING !!!,0.204,0.391,8,1
2024-11-28 10:33:41,SLEEPING !!!,0.198,0.409,8,1
2024-11-28 10:33:41,SLEEPING !!!,0.209,0.392,8,1
2024-11-28 10:33:41,SLEEPING !!!,0.208,0.400,8,1
2024-11-28 10:33:41,SLEEPING !!!,0.200,0.396,8,1
2024-11-28 10:33:41,SLEEPING !!!,0.194,0.412,8,1
2024-11-28 10:33:41,SLEEPING !!!,0.198,0.413,8,1
2024-11-28 10:33:41,SLEEPING !!!,0.181,0.402,8,1
2024-11-28 10:33:41,SLEEPING !!!,0.204,0.432,8,1
2024-11-28 10:33:42,Mild Yawn,0.286,0.393,9,1
2024-11-28 10:33:42,Mild Yawn,0.278,0.399,9,1
2024-11-28 10:33:42,Mild Yawn,0.241,0.422,9,1
2024-11-28 10:33:42,Mild Yawn,0.242,0.390,9,1
2024-11-28 10:33:42,SLEEPING !!!,0.178,0.417,9,1
2024-11-28 10:33:42,SLEEPING !!!,0.167,0.405,9,1
2024-11-28 10:33:42,SLEEPING !!!,0.172,0.418,9,1
2024-11-28 10:33:42,SLEEPING !!!,0.175,0.414,9,1
2024-11-28 10:33:42,SLEEPING !!!,0.185,0.409,9,1
2024-11-28 10:33:42,SLEEPING !!!,0.179,0.411,9,1
2024-11-28 10:33:42,SLEEPING !!!,0.190,0.380,9,1
2024-11-28 10:33:42,SLEEPING !!!,0.174,0.378,9,1
2024-11-28 10:33:42,SLEEPING !!!,0.174,0.376,9,1
2024-11-28 10:33:42,SLEEPING !!!,0.165,0.405,9,1
2024-11-28 10:33:42,SLEEPING !!!,0.163,0.410,9,1
2024-11-28 10:33:42,SLEEPING !!!,0.189,0.402,9,1
2024-11-28 10:33:42,SLEEPING !!!,0.179,0.432,9,1
2024-11-28 10:33:42,SLEEPING !!!,0.183,0.424,9,1
2024-11-28 10:33:42,SLEEPING !!!,0.184,0.435,9,1
2024-11-28 10:33:42,SLEEPING !!!,0.196,0.414,9,1
2024-11-28 10:33:42,SLEEPING !!!,0.182,0.437,9,1
2024-11-28 10:33:42,SLEEPING !!!,0.183,0.425,9,1
2024-11-28 10:33:42,SLEEPING !!!,0.161,0.465,9,1
2024-11-28 10:33:42,SLEEPING !!!,0.175,0.432,9,1
2024-11-28 10:33:42,SLEEPING !!!,0.221,0.475,9,1
2024-11-28 10:33:42,SLEEPING !!!,0.247,0.440,9,1
2024-11-28 10:33:42,Mild Yawn,0.250,0.438,10,1
2024-11-28 10:33:43,Mild Yawn,0.226,0.466,10,1
2024-11-28 10:33:43,Mild Yawn,0.194,0.467,10,1
2024-11-28 10:33:43,SLEEPING !!!,0.213,0.470,10,1
2024-11-28 10:33:43,SLEEPING !!!,0.229,0.445,10,1
2024-11-28 10:33:43,SLEEPING !!!,0.226,0.449,10,1
2024-11-28 10:33:43,SLEEPING !!!,0.227,0.447,10,1
2024-11-28 10:33:43,SLEEPING !!!,0.202,0.430,10,1
2024-11-28 10:33:43,SLEEPING !!!,0.196,0.425,10,1
2024-11-28 10:33:43,SLEEPING !!!,0.209,0.436,10,1
2024-11-28 10:33:43,SLEEPING !!!,0.206,0.424,10,1
2024-11-28 10:33:43,SLEEPING !!!,0.208,0.432,10,1
2024-11-28 10:33:43,SLEEPING !!!,0.221,0.423,10,1
2024-11-28 10:33:43,SLEEPING !!!,0.206,0.429,10,1
2024-11-28 10:33:43,SLEEPING !!!,0.207,0.413,10,1
2024-11-28 10:33:43,SLEEPING !!!,0.216,0.412,10,1
2024-11-28 10:33:43,SLEEPING !!!,0.223,0.400,10,1
2024-11-28 10:33:43,SLEEPING !!!,0.182,0.409,10,1
2024-11-28 10:33:43,SLEEPING !!!,0.202,0.394,10,1
2024-11-28 10:33:43,SLEEPING !!!,0.199,0.394,10,1
2024-11-28 10:33:43,SLEEPING !!!,0.205,0.397,10,1
2024-11-28 10:33:43,SLEEPING !!!,0.233,0.392,10,1
2024-11-28 10:33:43,SLEEPING !!!,0.247,0.387,10,1
2024-11-28 10:33:43,Mild Yawn,0.253,0.392,11,1
2024-11-28 10:33:43,Mild Yawn,0.248,0.390,11,1
2024-11-28 10:33:43,Mild Yawn,0.247,0.392,11,1
2024-11-28 10:33:43,SLEEPING !!!,0.247,0.413,11,1
2024-11-28 10:33:43,SLEEPING !!!,0.226,0.418,11,1
2024-11-28 10:33:43,SLEEPING !!!,0.190,0.421,11,1
2024-11-28 10:33:43,SLEEPING !!!,0.187,0.464,11,1
2024-11-28 10:33:43,SLEEPING !!!,0.173,0.463,11,1
2024-11-28 10:33:43,SLEEPING !!!,0.157,0.457,11,1
2024-11-28 10:33:43,SLEEPING !!!,0.206,0.432,11,1
2024-11-28 10:33:44,SLEEPING !!!,0.227,0.418,11,1
2024-11-28 10:33:44,SLEEPING !!!,0.205,0.386,11,1
2024-11-28 10:33:44,SLEEPING !!!,0.215,0.413,11,1
2024-11-28 10:33:44,SLEEPING !!!,0.229,0.418,11,1
2024-11-28 10:33:44,SLEEPING !!!,0.219,0.424,11,1
2024-11-28 10:33:44,SLEEPING !!!,0.227,0.440,11,1
2024-11-28 10:33:44,SLEEPING !!!,0.196,0.419,11,1
2024-11-28 10:33:44,SLEEPING !!!,0.202,0.439,11,1
2024-11-28 10:33:44,SLEEPING !!!,0.209,0.457,11,1
2024-11-28 10:33:44,SLEEPING !!!,0.189,0.438,11,1
2024-11-28 10:33:44,SLEEPING !!!,0.205,0.451,11,1
2024-11-28 10:33:44,SLEEPING !!!,0.195,0.434,11,1
2024-11-28 10:33:44,SLEEPING !!!,0.208,0.408,11,1
2024-11-28 10:33:44,SLEEPING !!!,0.203,0.421,11,1
2024-11-28 10:33:44,SLEEPING !!!,0.201,0.416,11,1
2024-11-28 10:33:44,SLEEPING !!!,0.223,0.424,11,1
2024-11-28 10:33:44,SLEEPING !!!,0.218,0.427,11,1
2024-11-28 10:33:44,SLEEPING !!!,0.234,0.434,11,1
2024-11-28 10:33:44,SLEEPING !!!,0.201,0.434,11,1
2024-11-28 10:33:44,SLEEPING !!!,0.208,0.423,11,1
2024-11-28 10:33:44,SLEEPING !!!,0.229,0.425,11,1
2024-11-28 10:33:44,SLEEPING !!!,0.214,0.429,11,1
2024-11-28 10:33:44,SLEEPING !!!,0.216,0.408,11,1
2024-11-28 10:33:44,SLEEPING !!!,0.226,0.421,11,1
2024-11-28 10:33:44,SLEEPING !!!,0.219,0.430,11,1
2024-11-28 10:33:44,SLEEPING !!!,0.216,0.442,11,1
2024-11-28 10:33:44,SLEEPING !!!,0.214,0.441,11,1
2024-11-28 10:33:44,SLEEPING !!!,0.219,0.447,11,1
2024-11-28 10:33:44,SLEEPING !!!,0.222,0.430,11,1
2024-11-28 10:33:44,SLEEPING !!!,0.201,0.431,11,1
2024-11-28 10:33:45,SLEEPING !!!,0.199,0.430,11,1
2024-11-28 10:33:45,SLEEPING !!!,0.191,0.425,11,1
2024-11-28 10:33:45,SLEEPING !!!,0.197,0.441,11,1
2024-11-28 10:33:45,SLEEPING !!!,0.203,0.432,11,1
2024-11-28 10:33:45,SLEEPING !!!,0.194,0.440,11,1
2024-11-28 10:33:45,SLEEPING !!!,0.220,0.427,11,1
2024-11-28 10:33:45,SLEEPING !!!,0.199,0.431,11,1
2024-11-28 10:33:45,SLEEPING !!!,0.209,0.431,11,1
2024-11-28 10:33:45,SLEEPING !!!,0.233,0.433,11,1
2024-11-28 10:33:45,SLEEPING !!!,0.215,0.424,11,1
2024-11-28 10:33:45,SLEEPING !!!,0.226,0.444,11,1
2024-11-28 10:33:45,SLEEPING !!!,0.205,0.433,11,1
2024-11-28 10:33:45,SLEEPING !!!,0.223,0.437,11,1
2024-11-28 10:33:45,SLEEPING !!!,0.208,0.426,11,1
2024-11-28 10:33:45,SLEEPING !!!,0.227,0.433,11,1
2024-11-28 10:33:45,SLEEPING !!!,0.198,0.417,11,1
2024-11-28 10:33:45,SLEEPING !!!,0.212,0.438,11,1
2024-11-28 10:33:45,SLEEPING !!!,0.214,0.421,11,1
2024-11-28 10:33:45,SLEEPING !!!,0.203,0.424,11,1
2024-11-28 10:33:45,SLEEPING !!!,0.211,0.425,11,1
2024-11-28 10:33:45,SLEEPING !!!,0.219,0.432,11,1
2024-11-28 10:33:45,SLEEPING !!!,0.226,0.439,11,1
2024-11-28 10:33:45,SLEEPING !!!,0.212,0.434,11,1
2024-11-28 10:33:45,SLEEPING !!!,0.204,0.432,11,1
2024-11-28 10:33:45,SLEEPING !!!,0.207,0.424,11,1
2024-11-28 10:33:45,SLEEPING !!!,0.238,0.432,11,1
2024-11-28 10:33:45,SLEEPING !!!,0.211,0.422,11,1
2024-11-28 10:33:45,SLEEPING !!!,0.234,0.429,11,1
2024-11-28 10:33:45,Mild Yawn,0.253,0.418,12,1
2024-11-28 10:33:45,Mild Yawn,0.234,0.413,12,1
2024-11-28 10:33:46,Mild Yawn,0.250,0.423,12,1
2024-11-28 10:33:46,Mild Yawn,0.248,0.417,12,1
2024-11-28 10:33:46,Mild Yawn,0.249,0.394,12,1
2024-11-28 10:33:46,Mild Yawn,0.259,0.415,12,1
2024-11-28 10:33:46,Mild Yawn,0.247,0.410,12,1
2024-11-28 10:33:46,Mild Yawn,0.250,0.407,12,1
2024-11-28 10:33:46,Mild Yawn,0.252,0.404,12,1
2024-11-28 10:33:46,Mild Yawn,0.210,0.405,12,1
2024-11-28 10:33:46,Mild Yawn,0.213,0.409,12,1
2024-11-28 10:33:46,SLEEPING !!!,0.227,0.424,12,1
2024-11-28 10:33:46,SLEEPING !!!,0.217,0.405,12,1
2024-11-28 10:33:46,SLEEPING !!!,0.216,0.411,12,1
2024-11-28 10:33:46,SLEEPING !!!,0.202,0.410,12,1
2024-11-28 10:33:46,SLEEPING !!!,0.204,0.419,12,1
2024-11-28 10:33:46,SLEEPING !!!,0.208,0.410,12,1
2024-11-28 10:33:46,SLEEPING !!!,0.210,0.417,12,1
2024-11-28 10:33:46,SLEEPING !!!,0.191,0.412,12,1
2024-11-28 10:33:46,SLEEPING !!!,0.199,0.428,12,1
2024-11-28 10:33:46,SLEEPING !!!,0.154,0.415,12,1
2024-11-28 10:33:46,SLEEPING !!!,0.115,0.449,12,1
2024-11-28 10:33:46,SLEEPING !!!,0.196,0.405,12,1
2024-11-28 10:33:46,SLEEPING !!!,0.170,0.438,12,1
2024-11-28 10:33:46,SLEEPING !!!,0.163,0.435,12,1
2024-11-28 10:33:46,SLEEPING !!!,0.205,0.486,12,1
2024-11-28 10:33:46,SLEEPING !!!,0.198,0.488,12,1
2024-11-28 10:33:46,SLEEPING !!!,0.197,0.474,12,1
2024-11-28 10:33:46,SLEEPING !!!,0.214,0.494,12,1
2024-11-28 10:33:46,SLEEPING !!!,0.216,0.457,12,1
2024-11-28 10:33:46,SLEEPING !!!,0.226,0.458,12,1
2024-11-28 10:33:46,SLEEPING !!!,0.200,0.393,12,1
2024-11-28 10:33:47,SLEEPING !!!,0.160,0.407,12,1
2024-11-28 10:33:47,Mild Yawn,0.292,0.415,13,1
2024-11-28 10:33:47,Mild Yawn,0.308,0.434,13,1
2024-11-28 10:33:47,Mild Yawn,0.149,0.437,13,1
2024-11-28 10:33:47,Mild Yawn,0.156,0.426,13,1
2024-11-28 10:33:47,SLEEPING !!!,0.175,0.410,13,1
2024-11-28 10:33:47,SLEEPING !!!,0.170,0.432,13,1
2024-11-28 10:33:47,SLEEPING !!!,0.191,0.436,13,1
2024-11-28 10:33:47,SLEEPING !!!,0.205,0.407,13,1
2024-11-28 10:33:47,SLEEPING !!!,0.199,0.431,13,1
2024-11-28 10:33:47,SLEEPING !!!,0.211,0.421,13,1
2024-11-28 10:33:47,SLEEPING !!!,0.209,0.400,13,1
2024-11-28 10:33:47,SLEEPING !!!,0.207,0.441,13,1
2024-11-28 10:33:47,SLEEPING !!!,0.225,0.450,13,1
2024-11-28 10:33:47,SLEEPING !!!,0.222,0.460,13,1
2024-11-28 10:33:53,SLEEPING !!!,0.243,0.436,13,1
2024-11-28 10:33:53,Mild Yawn,0.301,0.452,14,1
2024-11-28 10:33:53,Mild Yawn,0.304,0.470,14,1
2024-11-28 10:33:53,Mild Yawn,0.294,0.456,14,1
2024-11-28 10:33:53,Mild Yawn,0.303,0.466,14,1
2024-11-28 10:33:53,Mild Yawn,0.271,0.468,14,1
2024-11-28 10:33:53,Mild Yawn,0.344,0.475,14,1
2024-11-28 10:33:53,Mild Yawn,0.328,0.499,14,1
2024-11-28 10:33:53,Mild Yawn,0.350,0.479,14,1
2024-11-28 10:33:53,Mild Yawn,0.328,0.464,14,1
2024-11-28 10:33:53,Mild Yawn,0.301,0.464,14,1
2024-11-28 10:33:53,Mild Yawn,0.314,0.488,14,1
2024-11-28 10:33:53,Mild Yawn,0.301,0.435,14,1
2024-11-28 10:33:53,Mild Yawn,0.319,0.454,14,1
2024-11-28 10:33:53,Mild Yawn,0.321,0.477,14,1
2024-11-28 10:33:53,Mild Yawn,0.324,0.450,14,1
2024-11-28 10:33:54,Mild Yawn,0.299,0.447,14,1
2024-11-28 10:33:54,Mild Yawn,0.305,0.448,14,1
2024-11-28 10:33:54,Mild Yawn,0.307,0.464,14,1
2024-11-28 10:33:54,Mild Yawn,0.297,0.453,14,1
2024-11-28 10:33:54,Mild Yawn,0.322,0.468,14,1
2024-11-28 10:33:54,Mild Yawn,0.297,0.462,14,1
2024-11-28 10:33:54,Mild Yawn,0.336,0.463,14,1
2024-11-28 10:33:54,Mild Yawn,0.275,0.439,14,1
2024-11-28 10:33:54,Mild Yawn,0.274,0.456,14,1
2024-11-28 10:33:54,Mild Yawn,0.285,0.446,14,1
2024-11-28 10:33:54,Mild Yawn,0.313,0.470,14,1
2024-11-28 10:33:54,Mild Yawn,0.318,0.465,14,1
2024-11-28 10:33:54,Mild Yawn,0.314,0.450,14,1
2024-11-28 10:33:54,Mild Yawn,0.316,0.450,14,1
2024-11-28 10:33:54,Mild Yawn,0.286,0.451,14,1
2024-11-28 10:33:54,Mild Yawn,0.315,0.459,14,1
2024-11-28 10:33:54,Mild Yawn,0.344,0.464,14,1
2024-11-28 10:33:54,Mild Yawn,0.356,0.449,14,1
2024-11-28 10:33:54,Mild Yawn,0.322,0.445,14,1
2024-11-28 10:33:54,Mild Yawn,0.321,0.441,14,1
2024-11-28 10:33:54,Mild Yawn,0.298,0.442,14,1
2024-11-28 10:33:54,Mild Yawn,0.334,0.441,14,1
2024-11-28 10:33:54,Mild Yawn,0.339,0.448,14,1
2024-11-28 10:33:54,Mild Yawn,0.339,0.433,14,1
2024-11-28 10:33:54,Mild Yawn,0.326,0.466,14,1
2024-11-28 10:33:54,Mild Yawn,0.362,0.453,14,1
2024-11-28 10:33:54,Mild Yawn,0.316,0.449,14,1
2024-11-28 10:33:54,Mild Yawn,0.353,0.456,14,1
2024-11-28 10:33:54,Mild Yawn,0.354,0.452,14,1
2024-11-28 10:33:54,Mild Yawn,0.335,0.461,14,1
2024-11-28 10:33:55,Mild Yawn,0.346,0.469,14,1
2024-11-28 10:33:55,Mild Yawn,0.309,0.459,14,1
2024-11-28 10:33:55,Mild Yawn,0.310,0.441,14,1
2024-11-28 10:33:55,Mild Yawn,0.228,0.458,14,1
2024-11-28 10:33:55,Mild Yawn,0.182,0.468,14,1
2024-11-28 10:33:55,SLEEPING !!!,0.194,0.470,14,1
2024-11-28 10:33:55,SLEEPING !!!,0.164,0.456,14,1
2024-11-28 10:33:55,SLEEPING !!!,0.210,0.443,14,1
2024-11-28 10:33:55,SLEEPING !!!,0.246,0.468,14,1
2024-11-28 10:33:55,Mild Yawn,0.297,0.441,15,1
2024-11-28 10:33:55,Mild Yawn,0.264,0.454,15,1
2024-11-28 10:33:55,Mild Yawn,0.300,0.466,15,1
2024-11-28 10:33:55,Mild Yawn,0.287,0.461,15,1
2024-11-28 10:33:55,Mild Yawn,0.308,0.435,15,1
2024-11-28 10:33:55,Mild Yawn,0.317,0.450,15,1
2024-11-28 10:33:55,Mild Yawn,0.305,0.449,15,1
2024-11-28 10:33:55,Mild Yawn,0.291,0.442,15,1
2024-11-28 10:33:55,Mild Yawn,0.289,0.463,15,1
2024-11-28 10:33:55,Mild Yawn,0.314,0.461,15,1
2024-11-28 10:33:55,Mild Yawn,0.289,0.463,15,1
2024-11-28 10:33:55,Mild Yawn,0.301,0.422,15,1
2024-11-28 10:33:55,Mild Yawn,0.314,0.442,15,1
2024-11-28 10:33:55,Mild Yawn,0.330,0.458,15,1
2024-11-28 10:33:55,Mild Yawn,0.350,0.446,15,1
2024-11-28 10:33:55,Mild Yawn,0.333,0.474,15,1
2024-11-28 10:33:55,Mild Yawn,0.311,0.464,15,1
2024-11-28 10:33:55,Mild Yawn,0.324,0.460,15,1
2024-11-28 10:33:55,Mild Yawn,0.322,0.450,15,1
2024-11-28 10:33:55,Mild Yawn,0.326,0.458,15,1
2024-11-28 10:33:55,Mild Yawn,0.346,0.458,15,1
2024-11-28 10:33:56,Mild Yawn,0.336,0.450,15,1
2024-11-28 10:33:56,Mild Yawn,0.333,0.442,15,1
2024-11-28 10:33:56,Mild Yawn,0.322,0.442,15,1
2024-11-28 10:33:56,Mild Yawn,0.333,0.440,15,1
2024-11-28 10:33:56,Mild Yawn,0.354,0.432,15,1
2024-11-28 10:33:56,Mild Yawn,0.336,0.458,15,1
2024-11-28 10:33:56,Mild Yawn,0.325,0.465,15,1
2024-11-28 10:33:56,Mild Yawn,0.333,0.462,15,1
2024-11-28 10:33:56,Mild Yawn,0.345,0.440,15,1
2024-11-28 10:33:56,Mild Yawn,0.367,0.448,15,1
2024-11-28 10:33:56,Mild Yawn,0.342,0.464,15,1
2024-11-28 10:33:56,Mild Yawn,0.367,0.466,15,1
2024-11-28 10:33:56,Mild Yawn,0.337,0.443,15,1
2024-11-28 10:33:56,Mild Yawn,0.355,0.430,15,1
2024-11-28 10:33:56,Mild Yawn,0.341,0.436,15,1
2024-11-28 10:33:56,Mild Yawn,0.378,0.422,15,1
2024-11-28 10:33:56,Mild Yawn,0.370,0.405,15,1
2024-11-28 10:33:56,Mild Yawn,0.334,0.417,15,1
2024-11-28 10:33:56,Mild Yawn,0.365,0.427,15,1
2024-11-28 10:33:56,Mild Yawn,0.395,0.423,15,1
2024-11-28 10:33:56,Mild Yawn,0.370,0.398,15,1
2024-11-28 10:33:56,Mild Yawn,0.381,0.418,15,1
2024-11-28 10:33:56,Mild Yawn,0.372,0.446,15,1
2024-11-28 10:33:56,Mild Yawn,0.378,0.421,15,1
2024-11-28 10:33:56,Mild Yawn,0.369,0.427,15,1
2024-11-28 10:33:56,Mild Yawn,0.392,0.405,15,1
2024-11-28 10:33:56,Mild Yawn,0.346,0.416,15,1
2024-11-28 10:33:56,Mild Yawn,0.380,0.413,15,1
2024-11-28 10:33:56,Mild Yawn,0.357,0.421,15,1
2024-11-28 10:33:56,Mild Yawn,0.368,0.396,15,1
2024-11-28 10:33:57,Mild Yawn,0.368,0.398,15,1
2024-11-28 10:33:57,Mild Yawn,0.380,0.407,15,1
2024-11-28 10:33:57,Mild Yawn,0.391,0.384,15,1
2024-11-28 10:33:57,Mild Yawn,0.371,0.371,15,1
2024-11-28 10:33:57,Mild Yawn,0.391,0.369,15,1
2024-11-28 10:33:57,Mild Yawn,0.389,0.357,15,1
2024-11-28 10:33:57,Mild Yawn,0.376,0.365,15,1
2024-11-28 10:33:57,Mild Yawn,0.366,0.356,15,1
2024-11-28 10:33:57,Mild Yawn,0.438,0.356,15,1
2024-11-28 10:33:57,Mild Yawn,0.382,0.371,15,1
2024-11-28 10:33:57,Mild Yawn,0.390,0.420,15,1
2024-11-28 10:33:57,Mild Yawn,0.380,0.500,15,1
2024-11-28 10:33:57,Mild Yawn,0.398,0.509,15,1
2024-11-28 10:33:57,Mild Yawn,0.365,0.508,15,1
2024-11-28 10:33:57,Mild Yawn,0.373,0.533,15,1
2024-11-28 10:33:57,Mild Yawn,0.376,0.531,15,1
2024-11-28 10:33:57,Mild Yawn,0.352,0.543,15,1
2024-11-28 10:33:57,Mild Yawn,0.308,0.530,15,1
2024-11-28 10:33:57,Mild Yawn,0.309,0.524,15,1
2024-11-28 10:33:57,Mild Yawn,0.338,0.547,15,1
2024-11-28 10:33:57,Mild Yawn,0.390,0.538,15,1
2024-11-28 10:33:57,Mild Yawn,0.378,0.579,15,1
2024-11-28 10:33:57,Moderate Yawn !,0.381,0.601,15,1
2024-11-28 10:33:57,Mild Yawn,0.363,0.588,15,1
2024-11-28 10:33:57,Mild Yawn,0.330,0.538,15,1
2024-11-28 10:33:57,Mild Yawn,0.352,0.485,15,1
2024-11-28 10:33:57,Mild Yawn,0.321,0.446,15,1
2024-11-28 10:33:57,Mild Yawn,0.348,0.432,15,1
2024-11-28 10:33:57,Mild Yawn,0.359,0.452,15,1
2024-11-28 10:33:57,Mild Yawn,0.334,0.485,15,1
2024-11-28 10:33:58,Mild Yawn,0.311,0.482,15,1
2024-11-28 10:33:58,Mild Yawn,0.316,0.522,15,1
2024-11-28 10:33:58,Mild Yawn,0.312,0.525,15,1
2024-11-28 10:33:58,Mild Yawn,0.307,0.506,15,1
2024-11-28 10:33:58,Mild Yawn,0.294,0.519,15,1
2024-11-28 10:33:58,Mild Yawn,0.312,0.529,15,1
2024-11-28 10:33:58,Mild Yawn,0.271,0.545,15,1
2024-11-28 10:33:58,Mild Yawn,0.278,0.547,15,1
2024-11-28 10:33:58,Mild Yawn,0.323,0.539,15,1
2024-11-28 10:33:58,Mild Yawn,0.334,0.564,15,1
2024-11-28 10:33:58,Mild Yawn,0.318,0.555,15,1
2024-11-28 10:33:58,Mild Yawn,0.304,0.577,15,1
2024-11-28 10:33:58,Mild Yawn,0.323,0.564,15,1
2024-11-28 10:33:58,Mild Yawn,0.329,0.573,15,1
2024-11-28 10:33:58,Mild Yawn,0.321,0.595,15,1
2024-11-28 10:33:58,Mild Yawn,0.274,0.575,15,1
2024-11-28 10:33:58,Mild Yawn,0.268,0.573,15,1
2024-11-28 10:33:58,Mild Yawn,0.345,0.591,15,1
2024-11-28 10:33:58,Mild Yawn,0.345,0.568,15,1
2024-11-28 10:33:58,Mild Yawn,0.346,0.514,15,1
2024-11-28 10:33:58,Mild Yawn,0.312,0.493,15,1
2024-11-28 10:33:58,Mild Yawn,0.367,0.472,15,1
2024-11-28 10:33:58,Mild Yawn,0.348,0.442,15,1
2024-11-28 10:33:58,Mild Yawn,0.290,0.462,15,1
2024-11-28 10:33:58,Mild Yawn,0.318,0.563,15,1
2024-11-28 10:33:58,Mild Yawn,0.316,0.588,15,1
2024-11-28 10:33:58,Mild Yawn,0.318,0.597,15,1
2024-11-28 10:33:58,Mild Yawn,0.319,0.559,15,1
2024-11-28 10:33:58,Mild Yawn,0.302,0.568,15,1
2024-11-28 10:33:58,Mild Yawn,0.334,0.558,15,1
2024-11-28 10:33:59,Mild Yawn,0.353,0.569,15,1
2024-11-28 10:33:59,Mild Yawn,0.301,0.547,15,1
2024-11-28 10:33:59,Mild Yawn,0.307,0.554,15,1
2024-11-28 10:33:59,Moderate Yawn !,0.326,0.604,15,1
2024-11-28 10:33:59,Moderate Yawn !,0.322,0.641,15,1
2024-11-28 10:33:59,Moderate Yawn !,0.267,0.643,15,1
2024-11-28 10:33:59,Moderate Yawn !,0.324,0.656,15,1
2024-11-28 10:33:59,Moderate Yawn !,0.312,0.627,15,1
2024-11-28 10:33:59,Mild Yawn,0.263,0.597,15,1
2024-11-28 10:33:59,Mild Yawn,0.273,0.593,15,1
2024-11-28 10:33:59,Mild Yawn,0.284,0.561,15,1
2024-11-28 10:33:59,Mild Yawn,0.274,0.493,15,1
2024-11-28 10:33:59,Mild Yawn,0.281,0.497,15,1
2024-11-28 10:33:59,Mild Yawn,0.289,0.523,15,1
2024-11-28 10:33:59,Mild Yawn,0.326,0.593,15,1
2024-11-28 10:33:59,Moderate Yawn !,0.321,0.650,15,1
2024-11-28 10:33:59,Moderate Yawn !,0.342,0.635,15,1
2024-11-28 10:33:59,Moderate Yawn !,0.333,0.620,15,1
2024-11-28 10:33:59,Moderate Yawn !,0.352,0.605,15,1
2024-11-28 10:33:59,Mild Yawn,0.323,0.570,15,1
2024-11-28 10:33:59,Mild Yawn,0.322,0.557,15,1
2024-11-28 10:33:59,Mild Yawn,0.356,0.557,15,1
2024-11-28 10:33:59,Mild Yawn,0.333,0.570,15,1
2024-11-28 10:33:59,Mild Yawn,0.330,0.564,15,1
2024-11-28 10:33:59,Mild Yawn,0.337,0.558,15,1
2024-11-28 10:33:59,Mild Yawn,0.334,0.518,15,1
2024-11-28 10:33:59,Mild Yawn,0.341,0.512,15,1
2024-11-28 10:33:59,Mild Yawn,0.351,0.537,15,1
2024-11-28 10:33:59,Mild Yawn,0.319,0.549,15,1
2024-11-28 10:33:59,Mild Yawn,0.295,0.556,15,1
2024-11-28 10:34:00,Mild Yawn,0.321,0.560,15,1
2024-11-28 10:34:00,Mild Yawn,0.315,0.542,15,1
2024-11-28 10:34:00,Mild Yawn,0.315,0.525,15,1
2024-11-28 10:34:00,Mild Yawn,0.326,0.496,15,1
2024-11-28 10:34:00,Mild Yawn,0.337,0.482,15,1
2024-11-28 10:34:00,Mild Yawn,0.338,0.530,15,1
2024-11-28 10:34:00,Mild Yawn,0.347,0.585,15,1
2024-11-28 10:34:00,Mild Yawn,0.326,0.559,15,1
2024-11-28 10:34:00,Mild Yawn,0.337,0.581,15,1
2024-11-28 10:34:00,Mild Yawn,0.305,0.545,15,1
2024-11-28 10:34:00,Mild Yawn,0.343,0.563,15,1
2024-11-28 10:34:00,Mild Yawn,0.318,0.542,15,1
2024-11-28 10:34:00,Mild Yawn,0.353,0.538,15,1
2024-11-28 10:34:00,Mild Yawn,0.306,0.548,15,1
2024-11-28 10:34:00,Mild Yawn,0.356,0.526,15,1
2024-11-28 10:34:00,Mild Yawn,0.356,0.521,15,1
2024-11-28 10:34:00,Mild Yawn,0.349,0.511,15,1
2024-11-28 10:34:00,Mild Yawn,0.362,0.511,15,1
2024-11-28 10:34:00,Mild Yawn,0.358,0.522,15,1
2024-11-28 10:34:00,Mild Yawn,0.367,0.504,15,1
2024-11-28 10:34:00,Mild Yawn,0.347,0.522,15,1
2024-11-28 10:34:00,Mild Yawn,0.369,0.504,15,1
2024-11-28 10:34:00,Mild Yawn,0.368,0.518,15,1
2024-11-28 10:34:00,Mild Yawn,0.348,0.538,15,1
2024-11-28 10:34:00,Mild Yawn,0.358,0.492,15,1
2024-11-28 10:34:00,Mild Yawn,0.356,0.530,15,1
2024-11-28 10:34:00,Mild Yawn,0.249,0.511,15,1
2024-11-28 10:34:00,Mild Yawn,0.218,0.534,15,1
2024-11-28 10:34:00,SLEEPING !!!,0.183,0.516,15,1
2024-11-28 10:34:00,SLEEPING !!!,0.222,0.512,15,1
2024-11-28 10:34:01,SLEEPING !!!,0.195,0.505,15,1
2024-11-28 10:34:01,SLEEPING !!!,0.203,0.538,15,1
2024-11-28 10:34:01,SLEEPING !!!,0.216,0.508,15,1
2024-11-28 10:34:01,Mild Yawn,0.252,0.503,16,1
2024-11-28 10:34:01,Mild Yawn,0.216,0.531,16,1
2024-11-28 10:34:01,Mild Yawn,0.273,0.509,16,1
2024-11-28 10:34:01,Mild Yawn,0.256,0.491,16,1
2024-11-28 10:34:01,Mild Yawn,0.285,0.501,16,1
2024-11-28 10:34:01,Mild Yawn,0.326,0.497,16,1
2024-11-28 10:34:01,Mild Yawn,0.320,0.505,16,1
2024-11-28 10:34:01,Mild Yawn,0.345,0.502,16,1
2024-11-28 10:34:01,Mild Yawn,0.306,0.497,16,1
2024-11-28 10:34:01,Mild Yawn,0.337,0.490,16,1
2024-11-28 10:34:01,Mild Yawn,0.325,0.463,16,1
2024-11-28 10:34:01,Mild Yawn,0.337,0.427,16,1
2024-11-28 10:34:01,Mild Yawn,0.352,0.425,16,1
2024-11-28 10:34:01,Mild Yawn,0.336,0.442,16,1
2024-11-28 10:34:01,Mild Yawn,0.354,0.438,16,1
2024-11-28 10:34:01,Mild Yawn,0.383,0.432,16,1
2024-11-28 10:34:01,Mild Yawn,0.358,0.439,16,1
2024-11-28 10:34:01,Mild Yawn,0.354,0.422,16,1
2024-11-28 10:34:01,Mild Yawn,0.351,0.439,16,1
2024-11-28 10:34:01,Mild Yawn,0.352,0.439,16,1
2024-11-28 10:34:01,Mild Yawn,0.348,0.442,16,1
2024-11-28 10:34:01,Mild Yawn,0.340,0.435,16,1
2024-11-28 10:34:01,Mild Yawn,0.337,0.438,16,1
2024-11-28 10:34:01,Mild Yawn,0.330,0.425,16,1
2024-11-28 10:34:01,Mild Yawn,0.314,0.427,16,1
2024-11-28 10:34:01,Mild Yawn,0.343,0.425,16,1
2024-11-28 10:34:01,Mild Yawn,0.359,0.421,16,1
2024-11-28 10:34:02,Mild Yawn,0.325,0.403,16,1
2024-11-28 10:34:02,Mild Yawn,0.271,0.460,16,1
2024-11-28 10:34:02,Mild Yawn,0.324,0.429,16,1
2024-11-28 10:34:02,Mild Yawn,0.333,0.425,16,1
2024-11-28 10:34:02,Mild Yawn,0.311,0.441,16,1
2024-11-28 10:34:02,Mild Yawn,0.323,0.437,16,1
2024-11-28 10:34:02,Mild Yawn,0.326,0.475,16,1
2024-11-28 10:34:02,Mild Yawn,0.312,0.468,16,1
2024-11-28 10:34:02,Mild Yawn,0.311,0.440,16,1
2024-11-28 10:34:02,Mild Yawn,0.367,0.491,16,1
2024-11-28 10:34:02,Mild Yawn,0.274,0.431,16,1
2024-11-28 10:34:02,Mild Yawn,0.355,0.524,16,1
2024-11-28 10:34:02,Mild Yawn,0.297,0.421,16,1
2024-11-28 10:34:02,Mild Yawn,0.253,0.555,16,1
2024-11-28 10:34:02,Mild Yawn,0.159,0.577,16,1
2024-11-28 10:34:02,Mild Yawn,0.178,0.587,16,1
2024-11-28 10:34:02,SLEEPING !!!,0.139,0.610,16,1
2024-11-28 10:34:02,SLEEPING !!!,0.139,0.596,16,1
2024-11-28 10:34:02,Mild Yawn,0.328,0.440,17,1
2024-11-28 10:34:02,Moderate Yawn !,0.188,0.619,17,1
2024-11-28 10:34:02,Moderate Yawn !,0.234,0.624,17,1
2024-11-28 10:34:02,Moderate Yawn !,0.256,0.636,17,1
2024-11-28 10:34:02,Moderate Yawn !,0.250,0.645,17,1
2024-11-28 10:34:02,Moderate Yawn !,0.277,0.621,17,1
2024-11-28 10:34:02,Moderate Yawn !,0.290,0.610,17,1
2024-11-28 10:34:02,Moderate Yawn !,0.290,0.606,17,1
2024-11-28 10:34:02,Mild Yawn,0.285,0.554,17,1
2024-11-28 10:34:02,Mild Yawn,0.290,0.488,17,1
2024-11-28 10:34:02,Mild Yawn,0.218,0.468,17,1
2024-11-28 10:34:02,Mild Yawn,0.284,0.466,17,1
2024-11-28 10:34:02,Mild Yawn,0.235,0.506,17,1
2024-11-28 10:34:02,Mild Yawn,0.285,0.491,17,1
2024-11-28 10:34:02,Mild Yawn,0.300,0.508,17,1
2024-11-28 10:34:02,Mild Yawn,0.278,0.487,17,1
2024-11-28 10:34:02,Mild Yawn,0.289,0.466,17,1
2024-11-28 10:34:02,Mild Yawn,0.314,0.463,17,1
2024-11-28 10:34:02,Mild Yawn,0.301,0.474,17,1
2024-11-28 10:34:02,Mild Yawn,0.328,0.484,17,1
2024-11-28 10:34:02,Mild Yawn,0.288,0.487,17,1
2024-11-28 10:34:02,Mild Yawn,0.302,0.444,17,1
2024-11-28 10:34:03,Mild Yawn,0.286,0.517,17,1
2024-11-28 10:34:03,Mild Yawn,0.281,0.453,17,1
2024-11-28 10:34:03,Mild Yawn,0.284,0.515,17,1
2024-11-28 10:34:03,Mild Yawn,0.305,0.453,17,1
2024-11-28 10:34:03,Mild Yawn,0.310,0.460,17,1
2024-11-28 10:34:03,Mild Yawn,0.310,0.468,17,1
2024-11-28 10:34:03,Mild Yawn,0.314,0.453,17,1
2024-11-28 10:34:03,Mild Yawn,0.329,0.463,17,1
2024-11-28 10:34:03,Mild Yawn,0.320,0.473,17,1
2024-11-28 10:34:03,Mild Yawn,0.307,0.448,17,1
2024-11-28 10:34:03,Mild Yawn,0.316,0.515,17,1
2024-11-28 10:34:03,Mild Yawn,0.311,0.541,17,1
2024-11-28 10:34:03,Mild Yawn,0.319,0.476,17,1
2024-11-28 10:34:03,Mild Yawn,0.309,0.555,17,1
2024-11-28 10:34:03,Mild Yawn,0.307,0.437,17,1
2024-11-28 10:34:03,Mild Yawn,0.314,0.574,17,1
2024-11-28 10:34:03,Mild Yawn,0.306,0.453,17,1
2024-11-28 10:34:03,Mild Yawn,0.324,0.574,17,1
2024-11-28 10:34:03,Mild Yawn,0.355,0.458,17,1
2024-11-28 10:34:03,Mild Yawn,0.353,0.577,17,1
2024-11-28 10:34:03,Mild Yawn,0.325,0.439,17,1
2024-11-28 10:34:03,Mild Yawn,0.342,0.558,17,1
2024-11-28 10:34:03,Mild Yawn,0.340,0.421,17,1
2024-11-28 10:34:03,Mild Yawn,0.338,0.540,17,1
2024-11-28 10:34:03,Mild Yawn,0.312,0.422,17,1
2024-11-28 10:34:03,Mild Yawn,0.348,0.527,17,1
2024-11-28 10:34:03,Mild Yawn,0.345,0.421,17,1
2024-11-28 10:34:03,Mild Yawn,0.335,0.510,17,1
2024-11-28 10:34:03,Mild Yawn,0.297,0.478,17,1
2024-11-28 10:34:03,Mild Yawn,0.350,0.526,17,1
2024-11-28 10:34:03,Mild Yawn,0.307,0.433,17,1
2024-11-28 10:34:03,Mild Yawn,0.349,0.523,17,1
2024-11-28 10:34:03,Mild Yawn,0.292,0.431,17,1
2024-11-28 10:34:03,Mild Yawn,0.339,0.519,17,1
2024-11-28 10:34:03,Mild Yawn,0.319,0.458,17,1
2024-11-28 10:34:03,Mild Yawn,0.343,0.519,17,1
2024-11-28 10:34:03,Mild Yawn,0.323,0.486,17,1
2024-11-28 10:34:03,Mild Yawn,0.342,0.523,17,1
2024-11-28 10:34:03,Mild Yawn,0.339,0.413,17,1
2024-11-28 10:34:03,Mild Yawn,0.355,0.523,17,1
2024-11-28 10:34:03,Mild Yawn,0.322,0.392,17,1
2024-11-28 10:34:03,Mild Yawn,0.292,0.539,17,1
2024-11-28 10:34:03,Mild Yawn,0.296,0.517,17,1
2024-11-28 10:34:03,Mild Yawn,0.218,0.562,17,1
2024-11-28 10:34:03,Mild Yawn,0.296,0.448,17,1
2024-11-28 10:34:03,Mild Yawn,0.241,0.564,17,1
2024-11-28 10:34:03,Mild Yawn,0.328,0.455,17,1
2024-11-28 10:34:03,Mild Yawn,0.222,0.549,17,1
2024-11-28 10:34:03,Mild Yawn,0.201,0.518,17,1
2024-11-28 10:34:03,SLEEPING !!!,0.192,0.513,17,1
2024-11-28 10:34:03,Mild Yawn,0.253,0.537,18,1
2024-11-28 10:34:03,Mild Yawn,0.291,0.545,18,1
2024-11-28 10:34:03,Mild Yawn,0.334,0.492,18,1
2024-11-28 10:34:03,Mild Yawn,0.306,0.570,18,1
2024-11-28 10:34:03,Mild Yawn,0.323,0.506,18,1
2024-11-28 10:34:04,Mild Yawn,0.351,0.568,18,1
2024-11-28 10:34:04,Mild Yawn,0.341,0.476,18,1
2024-11-28 10:34:04,Mild Yawn,0.355,0.568,18,1
2024-11-28 10:34:04,Mild Yawn,0.324,0.494,18,1
2024-11-28 10:34:04,Mild Yawn,0.357,0.573,18,1
2024-11-28 10:34:04,Mild Yawn,0.326,0.477,18,1
2024-11-28 10:34:04,Mild Yawn,0.357,0.553,18,1
2024-11-28 10:34:04,Mild Yawn,0.337,0.495,18,1
2024-11-28 10:34:04,Mild Yawn,0.348,0.544,18,1
2024-11-28 10:34:04,Mild Yawn,0.323,0.496,18,1
2024-11-28 10:34:04,Mild Yawn,0.364,0.519,18,1
2024-11-28 10:34:04,Mild Yawn,0.324,0.504,18,1
2024-11-28 10:34:04,Mild Yawn,0.358,0.511,18,1
2024-11-28 10:34:04,Mild Yawn,0.333,0.520,18,1
2024-11-28 10:34:04,Mild Yawn,0.365,0.524,18,1
2024-11-28 10:34:04,Mild Yawn,0.336,0.547,18,1
2024-11-28 10:34:04,Mild Yawn,0.377,0.529,18,1
2024-11-28 10:34:04,Mild Yawn,0.333,0.443,18,1
2024-11-28 10:34:04,Mild Yawn,0.353,0.532,18,1
2024-11-28 10:34:04,Mild Yawn,0.320,0.449,18,1
2024-11-28 10:34:04,Mild Yawn,0.361,0.522,18,1
2024-11-28 10:34:04,Mild Yawn,0.339,0.436,18,1
2024-11-28 10:34:04,Mild Yawn,0.375,0.543,18,1
2024-11-28 10:34:04,Mild Yawn,0.339,0.400,18,1
2024-11-28 10:34:04,Mild Yawn,0.378,0.519,18,1
2024-11-28 10:34:04,Mild Yawn,0.326,0.428,18,1
2024-11-28 10:34:04,Mild Yawn,0.365,0.523,18,1
2024-11-28 10:34:04,Mild Yawn,0.311,0.457,18,1
2024-11-28 10:34:04,Mild Yawn,0.355,0.534,18,1
2024-11-28 10:34:04,Mild Yawn,0.328,0.469,18,1
2024-11-28 10:34:04,Mild Yawn,0.377,0.523,18,1
2024-11-28 10:34:04,Mild Yawn,0.300,0.480,18,1
2024-11-28 10:34:04,Mild Yawn,0.370,0.509,18,1
2024-11-28 10:34:04,Mild Yawn,0.319,0.480,18,1
2024-11-28 10:34:04,Mild Yawn,0.377,0.468,18,1
2024-11-28 10:34:04,Mild Yawn,0.294,0.451,18,1
2024-11-28 10:34:04,Mild Yawn,0.304,0.474,18,1
2024-11-28 10:34:04,Mild Yawn,0.379,0.465,18,1
2024-11-28 10:34:04,Mild Yawn,0.325,0.452,18,1
2024-11-28 10:34:04,Mild Yawn,0.359,0.491,18,1
2024-11-28 10:34:04,Mild Yawn,0.374,0.509,18,1
2024-11-28 10:34:04,Mild Yawn,0.294,0.465,18,1
2024-11-28 10:34:04,Mild Yawn,0.362,0.491,18,1
2024-11-28 10:34:04,Mild Yawn,0.286,0.469,18,1
2024-11-28 10:34:04,Mild Yawn,0.373,0.505,18,1
2024-11-28 10:34:04,Mild Yawn,0.306,0.474,18,1
2024-11-28 10:34:04,Mild Yawn,0.306,0.498,18,1
2024-11-28 10:34:04,Mild Yawn,0.371,0.487,18,1
2024-11-28 10:34:04,Mild Yawn,0.330,0.480,18,1
2024-11-28 10:34:04,Mild Yawn,0.408,0.499,18,1
2024-11-28 10:34:04,Mild Yawn,0.306,0.469,18,1
2024-11-28 10:34:04,Mild Yawn,0.405,0.509,18,1
2024-11-28 10:34:04,Mild Yawn,0.340,0.485,18,1
2024-11-28 10:34:04,Mild Yawn,0.363,0.508,18,1
2024-11-28 10:34:04,Mild Yawn,0.296,0.497,18,1
2024-11-28 10:34:04,Mild Yawn,0.382,0.516,18,1
2024-11-28 10:34:04,Mild Yawn,0.306,0.496,18,1
2024-11-28 10:34:04,Mild Yawn,0.385,0.497,18,1
2024-11-28 10:34:04,Mild Yawn,0.311,0.479,18,1
2024-11-28 10:34:04,Mild Yawn,0.382,0.496,18,1
2024-11-28 10:34:04,Mild Yawn,0.384,0.511,18,1
2024-11-28 10:34:05,Mild Yawn,0.325,0.468,18,1
2024-11-28 10:34:05,Mild Yawn,0.360,0.500,18,1
2024-11-28 10:34:05,Mild Yawn,0.355,0.497,18,1
2024-11-28 10:34:05,Mild Yawn,0.383,0.502,18,1
2024-11-28 10:34:05,Mild Yawn,0.324,0.509,18,1
2024-11-28 10:34:05,Mild Yawn,0.269,0.517,18,1
2024-11-28 10:34:05,Mild Yawn,0.384,0.514,18,1
2024-11-28 10:34:05,Mild Yawn,0.249,0.505,18,1
2024-11-28 10:34:05,Mild Yawn,0.371,0.503,18,1
2024-11-28 10:34:05,Mild Yawn,0.194,0.495,18,1
2024-11-28 10:34:05,Mild Yawn,0.385,0.489,18,1
2024-11-28 10:34:05,Mild Yawn,0.229,0.489,18,1
2024-11-28 10:34:05,Mild Yawn,0.366,0.464,18,1
2024-11-28 10:34:05,Mild Yawn,0.259,0.505,18,1
2024-11-28 10:34:05,Mild Yawn,0.360,0.510,18,1
2024-11-28 10:34:05,Mild Yawn,0.374,0.509,18,1
2024-11-28 10:34:05,Mild Yawn,0.255,0.481,18,1
2024-11-28 10:34:05,Mild Yawn,0.290,0.480,18,1
2024-11-28 10:34:05,Mild Yawn,0.346,0.470,18,1
2024-11-28 10:34:05,Mild Yawn,0.310,0.458,18,1
2024-11-28 10:34:05,Mild Yawn,0.354,0.448,18,1
2024-11-28 10:34:05,Mild Yawn,0.310,0.473,18,1
2024-11-28 10:34:05,Mild Yawn,0.349,0.455,18,1
2024-11-28 10:34:05,Mild Yawn,0.349,0.479,18,1
2024-11-28 10:34:05,Mild Yawn,0.290,0.486,18,1
2024-11-28 10:34:05,Mild Yawn,0.363,0.513,18,1
2024-11-28 10:34:05,Mild Yawn,0.281,0.488,18,1
2024-11-28 10:34:05,Mild Yawn,0.310,0.463,18,1
2024-11-28 10:34:05,Mild Yawn,0.370,0.505,18,1
2024-11-28 10:34:05,Mild Yawn,0.310,0.469,18,1
2024-11-28 10:34:05,Mild Yawn,0.378,0.500,18,1
2024-11-28 10:34:05,Mild Yawn,0.310,0.487,18,1
2024-11-28 10:34:05,Mild Yawn,0.344,0.495,18,1
2024-11-28 10:34:05,Mild Yawn,0.288,0.482,18,1
2024-11-28 10:34:05,Mild Yawn,0.354,0.493,18,1
2024-11-28 10:34:05,Mild Yawn,0.290,0.487,18,1
2024-11-28 10:34:05,Mild Yawn,0.357,0.521,18,1
2024-11-28 10:34:05,Mild Yawn,0.287,0.495,18,1
2024-11-28 10:34:05,Mild Yawn,0.357,0.500,18,1
2024-11-28 10:34:05,Mild Yawn,0.357,0.529,18,1
2024-11-28 10:34:05,Mild Yawn,0.310,0.514,18,1
2024-11-28 10:34:05,Mild Yawn,0.366,0.518,18,1
2024-11-28 10:34:05,Mild Yawn,0.289,0.481,18,1
2024-11-28 10:34:05,Mild Yawn,0.358,0.541,18,1
2024-11-28 10:34:05,Mild Yawn,0.287,0.481,18,1
2024-11-28 10:34:05,Mild Yawn,0.308,0.455,18,1
2024-11-28 10:34:05,Mild Yawn,0.367,0.513,18,1
2024-11-28 10:34:05,Mild Yawn,0.333,0.517,18,1
2024-11-28 10:34:05,Mild Yawn,0.320,0.467,18,1
2024-11-28 10:34:05,Mild Yawn,0.380,0.524,18,1
2024-11-28 10:34:05,Mild Yawn,0.306,0.474,18,1
2024-11-28 10:34:05,Mild Yawn,0.296,0.468,18,1
2024-11-28 10:34:05,Mild Yawn,0.341,0.529,18,1
2024-11-28 10:34:05,Mild Yawn,0.365,0.526,18,1
2024-11-28 10:34:05,Mild Yawn,0.296,0.470,18,1
2024-11-28 10:34:05,Mild Yawn,0.345,0.513,18,1
2024-11-28 10:34:05,Mild Yawn,0.339,0.425,18,1
2024-11-28 10:34:05,Mild Yawn,0.361,0.530,18,1
2024-11-28 10:34:05,Mild Yawn,0.278,0.461,18,1
2024-11-28 10:34:05,Mild Yawn,0.379,0.528,18,1
2024-11-28 10:34:05,Mild Yawn,0.303,0.425,18,1
2024-11-28 10:34:06,Mild Yawn,0.380,0.513,18,1
2024-11-28 10:34:06,Mild Yawn,0.313,0.438,18,1
2024-11-28 10:34:06,Mild Yawn,0.373,0.507,18,1
2024-11-28 10:34:06,Mild Yawn,0.342,0.402,18,1
2024-11-28 10:34:06,Mild Yawn,0.366,0.516,18,1
2024-11-28 10:34:06,Mild Yawn,0.358,0.469,18,1
2024-11-28 10:34:06,Mild Yawn,0.334,0.486,18,1
2024-11-28 10:34:06,Mild Yawn,0.370,0.515,18,1
2024-11-28 10:34:06,Mild Yawn,0.321,0.465,18,1
2024-11-28 10:34:06,Mild Yawn,0.379,0.508,18,1
2024-11-28 10:34:06,Mild Yawn,0.341,0.485,18,1
2024-11-28 10:34:06,Mild Yawn,0.392,0.526,18,1
2024-11-28 10:34:06,Mild Yawn,0.292,0.478,18,1
2024-11-28 10:34:06,Mild Yawn,0.402,0.521,18,1
2024-11-28 10:34:06,Mild Yawn,0.330,0.478,18,1
2024-11-28 10:34:06,Mild Yawn,0.338,0.518,18,1
2024-11-28 10:34:06,Mild Yawn,0.305,0.475,18,1
2024-11-28 10:34:06,Mild Yawn,0.357,0.513,18,1
2024-11-28 10:34:06,Mild Yawn,0.365,0.499,18,1
2024-11-28 10:34:06,Mild Yawn,0.327,0.458,18,1
2024-11-28 10:34:06,Mild Yawn,0.349,0.494,18,1
2024-11-28 10:34:06,Mild Yawn,0.285,0.457,18,1
2024-11-28 10:34:06,Mild Yawn,0.356,0.514,18,1
2024-11-28 10:34:06,Mild Yawn,0.287,0.483,18,1
2024-11-28 10:34:06,Mild Yawn,0.370,0.505,18,1
2024-11-28 10:34:06,Mild Yawn,0.300,0.478,18,1
2024-11-28 10:34:06,Mild Yawn,0.345,0.479,18,1
2024-11-28 10:34:06,Mild Yawn,0.289,0.469,18,1
2024-11-28 10:34:06,Mild Yawn,0.358,0.516,18,1
2024-11-28 10:34:06,Mild Yawn,0.285,0.465,18,1
2024-11-28 10:34:06,Mild Yawn,0.331,0.502,18,1
2024-11-28 10:34:06,Mild Yawn,0.285,0.483,18,1
2024-11-28 10:34:06,Mild Yawn,0.330,0.515,18,1
2024-11-28 10:34:06,Mild Yawn,0.294,0.452,18,1
2024-11-28 10:34:06,Mild Yawn,0.335,0.543,18,1
2024-11-28 10:34:06,Mild Yawn,0.287,0.465,18,1
2024-11-28 10:34:06,Mild Yawn,0.334,0.516,18,1
2024-11-28 10:34:06,Mild Yawn,0.276,0.442,18,1
2024-11-28 10:34:06,Mild Yawn,0.342,0.543,18,1
2024-11-28 10:34:06,Mild Yawn,0.325,0.465,18,1
2024-11-28 10:34:06,Mild Yawn,0.345,0.493,18,1
2024-11-28 10:34:06,Mild Yawn,0.278,0.468,18,1
2024-11-28 10:34:06,Mild Yawn,0.330,0.440,18,1
2024-11-28 10:34:06,Mild Yawn,0.305,0.460,18,1
2024-11-28 10:34:06,Mild Yawn,0.324,0.436,18,1
2024-11-28 10:34:06,Mild Yawn,0.278,0.458,18,1
2024-11-28 10:34:06,Mild Yawn,0.358,0.476,18,1
2024-11-28 10:34:06,Mild Yawn,0.357,0.468,18,1
2024-11-28 10:34:06,Mild Yawn,0.344,0.505,18,1
2024-11-28 10:34:06,Mild Yawn,0.315,0.472,18,1
2024-11-28 10:34:06,Mild Yawn,0.341,0.544,18,1
2024-11-28 10:34:06,Mild Yawn,0.285,0.479,18,1
2024-11-28 10:34:06,Mild Yawn,0.337,0.523,18,1
2024-11-28 10:34:06,Mild Yawn,0.327,0.457,18,1
2024-11-28 10:34:06,Mild Yawn,0.310,0.525,18,1
2024-11-28 10:34:06,Mild Yawn,0.321,0.445,18,1
2024-11-28 10:34:06,Mild Yawn,0.310,0.517,18,1
2024-11-28 10:34:06,Mild Yawn,0.292,0.493,18,1
2024-11-28 10:34:06,Mild Yawn,0.343,0.501,18,1
2024-11-28 10:34:06,Mild Yawn,0.357,0.468,18,1
2024-11-28 10:34:07,Mild Yawn,0.330,0.499,18,1
2024-11-28 10:34:07,Mild Yawn,0.287,0.458,18,1
2024-11-28 10:34:07,Mild Yawn,0.351,0.495,18,1
2024-11-28 10:34:07,Mild Yawn,0.285,0.478,18,1
2024-11-28 10:34:07,Mild Yawn,0.327,0.498,18,1
2024-11-28 10:34:07,Mild Yawn,0.289,0.497,18,1
2024-11-28 10:34:07,Mild Yawn,0.332,0.506,18,1
2024-11-28 10:34:07,Mild Yawn,0.329,0.479,18,1
2024-11-28 10:34:07,Mild Yawn,0.312,0.513,18,1
2024-11-28 10:34:07,Mild Yawn,0.308,0.470,18,1
2024-11-28 10:34:07,Mild Yawn,0.315,0.509,18,1
2024-11-28 10:34:07,Mild Yawn,0.303,0.486,18,1
2024-11-28 10:34:07,Mild Yawn,0.301,0.517,18,1
2024-11-28 10:34:07,Mild Yawn,0.317,0.491,18,1
2024-11-28 10:34:07,Mild Yawn,0.312,0.509,18,1
2024-11-28 10:34:07,Mild Yawn,0.321,0.469,18,1
2024-11-28 10:34:07,Mild Yawn,0.297,0.494,18,1
2024-11-28 10:34:07,Mild Yawn,0.315,0.445,18,1
2024-11-28 10:34:07,Mild Yawn,0.326,0.502,18,1
2024-11-28 10:34:07,Mild Yawn,0.303,0.479,18,1
2024-11-28 10:34:07,Mild Yawn,0.326,0.479,18,1
2024-11-28 10:34:07,Mild Yawn,0.315,0.486,18,1
2024-11-28 10:34:07,Mild Yawn,0.338,0.466,18,1
2024-11-28 10:34:07,Mild Yawn,0.327,0.486,18,1
2024-11-28 10:34:07,Mild Yawn,0.326,0.462,18,1
2024-11-28 10:34:07,Mild Yawn,0.278,0.494,18,1
2024-11-28 10:34:07,Mild Yawn,0.326,0.462,18,1
2024-11-28 10:34:07,Mild Yawn,0.325,0.481,18,1
2024-11-28 10:34:07,Mild Yawn,0.327,0.480,18,1
2024-11-28 10:34:07,Mild Yawn,0.330,0.455,18,1
2024-11-28 10:34:07,Mild Yawn,0.292,0.469,18,1
2024-11-28 10:34:07,Mild Yawn,0.337,0.466,18,1
2024-11-28 10:34:07,Mild Yawn,0.270,0.421,18,1
2024-11-28 10:34:07,Mild Yawn,0.314,0.466,18,1
2024-11-28 10:34:07,Mild Yawn,0.272,0.449,18,1
2024-11-28 10:34:07,Mild Yawn,0.312,0.427,18,1
2024-11-28 10:34:07,Mild Yawn,0.304,0.475,18,1
2024-11-28 10:34:07,Mild Yawn,0.335,0.400,18,1
2024-11-28 10:34:07,Mild Yawn,0.322,0.465,18,1
2024-11-28 10:34:07,Mild Yawn,0.356,0.423,18,1
2024-11-28 10:34:07,Mild Yawn,0.289,0.463,18,1
2024-11-28 10:34:07,Mild Yawn,0.337,0.431,18,1
2024-11-28 10:34:07,Mild Yawn,0.289,0.458,18,1
2024-11-28 10:34:07,Mild Yawn,0.337,0.476,18,1
2024-11-28 10:34:07,Mild Yawn,0.316,0.445,18,1
2024-11-28 10:34:07,Mild Yawn,0.290,0.476,18,1
2024-11-28 10:34:07,Mild Yawn,0.287,0.470,18,1
2024-11-28 10:34:07,Mild Yawn,0.322,0.437,18,1
2024-11-28 10:34:07,Mild Yawn,0.292,0.486,18,1
2024-11-28 10:34:07,Mild Yawn,0.310,0.403,18,1
2024-11-28 10:34:07,Mild Yawn,0.296,0.468,18,1
2024-11-28 10:34:07,Mild Yawn,0.288,0.433,18,1
2024-11-28 10:34:07,Mild Yawn,0.335,0.497,18,1
2024-11-28 10:34:07,Mild Yawn,0.297,0.466,18,1
2024-11-28 10:34:07,Mild Yawn,0.362,0.498,18,1
2024-11-28 10:34:07,Mild Yawn,0.283,0.444,18,1
2024-11-28 10:34:07,Mild Yawn,0.353,0.479,18,1
2024-11-28 10:34:07,Mild Yawn,0.311,0.429,18,1
2024-11-28 10:34:07,Mild Yawn,0.369,0.479,18,1
2024-11-28 10:34:08,Mild Yawn,0.296,0.451,18,1
2024-11-28 10:34:08,Mild Yawn,0.280,0.463,18,1
2024-11-28 10:34:08,Mild Yawn,0.275,0.476,18,1
2024-11-28 10:34:08,Mild Yawn,0.289,0.479,18,1
2024-11-28 10:34:08,Mild Yawn,0.277,0.544,18,1
2024-11-28 10:34:08,Mild Yawn,0.289,0.479,18,1
2024-11-28 10:34:08,Mild Yawn,0.251,0.561,18,1
2024-11-28 10:34:08,Mild Yawn,0.315,0.457,18,1
2024-11-28 10:34:08,Mild Yawn,0.290,0.576,18,1
2024-11-28 10:34:08,Mild Yawn,0.289,0.462,18,1
2024-11-28 10:34:08,Mild Yawn,0.286,0.546,18,1
2024-11-28 10:34:08,Mild Yawn,0.303,0.486,18,1
2024-11-28 10:34:08,Mild Yawn,0.310,0.537,18,1
2024-11-28 10:34:08,Mild Yawn,0.289,0.491,18,1
2024-11-28 10:34:08,Mild Yawn,0.309,0.529,18,1
2024-11-28 10:34:08,Mild Yawn,0.289,0.498,18,1
2024-11-28 10:34:08,Mild Yawn,0.312,0.494,18,1
2024-11-28 10:34:08,Mild Yawn,0.303,0.485,18,1
2024-11-28 10:34:08,Mild Yawn,0.276,0.454,18,1
2024-11-28 10:34:08,Mild Yawn,0.297,0.462,18,1
2024-11-28 10:34:08,Mild Yawn,0.244,0.443,18,1
2024-11-28 10:34:08,Mild Yawn,0.321,0.462,18,1
2024-11-28 10:34:08,Mild Yawn,0.257,0.463,18,1
2024-11-28 10:34:08,Mild Yawn,0.307,0.488,18,1
2024-11-28 10:34:08,Mild Yawn,0.223,0.479,18,1
2024-11-28 10:34:08,Mild Yawn,0.339,0.473,18,1
2024-11-28 10:34:08,Mild Yawn,0.186,0.540,18,1
2024-11-28 10:34:08,Mild Yawn,0.285,0.483,18,1
2024-11-28 10:34:08,Moderate Yawn !,0.202,0.642,18,1
2024-11-28 10:34:08,Mild Yawn,0.321,0.483,18,1
2024-11-28 10:34:08,Mild Yawn,0.177,0.588,18,1
2024-11-28 10:34:08,Mild Yawn,0.325,0.479,18,1
2024-11-28 10:34:08,Mild Yawn,0.194,0.553,18,1
2024-11-28 10:34:08,Mild Yawn,0.321,0.485,18,1
2024-11-28 10:34:08,Mild Yawn,0.233,0.518,18,1
2024-11-28 10:34:08,Mild Yawn,0.289,0.462,18,1
2024-11-28 10:34:08,Mild Yawn,0.180,0.507,18,1
2024-11-28 10:34:08,Mild Yawn,0.325,0.469,18,1
2024-11-28 10:34:08,Mild Yawn,0.238,0.501,18,1
2024-11-28 10:34:08,Mild Yawn,0.306,0.485,18,1
2024-11-28 10:34:08,Mild Yawn,0.234,0.489,18,1
2024-11-28 10:34:08,Mild Yawn,0.319,0.446,18,1
2024-11-28 10:34:08,Mild Yawn,0.234,0.515,18,1
2024-11-28 10:34:08,Mild Yawn,0.307,0.487,18,1
2024-11-28 10:34:08,Mild Yawn,0.245,0.501,18,1
2024-11-28 10:34:08,Mild Yawn,0.327,0.458,18,1
2024-11-28 10:34:08,Mild Yawn,0.244,0.515,18,1
2024-11-28 10:34:08,Mild Yawn,0.296,0.479,18,1
2024-11-28 10:34:08,Mild Yawn,0.246,0.502,18,1
2024-11-28 10:34:08,Mild Yawn,0.301,0.468,18,1
2024-11-28 10:34:08,Mild Yawn,0.233,0.484,18,1
2024-11-28 10:34:08,Mild Yawn,0.296,0.485,18,1
2024-11-28 10:34:08,Mild Yawn,0.230,0.498,18,1
2024-11-28 10:34:08,Mild Yawn,0.311,0.504,18,1
2024-11-28 10:34:08,Mild Yawn,0.272,0.494,18,1
2024-11-28 10:34:08,Mild Yawn,0.287,0.482,18,1
2024-11-28 10:34:08,Mild Yawn,0.278,0.503,18,1
2024-11-28 10:34:08,Mild Yawn,0.307,0.494,18,1
2024-11-28 10:34:08,Mild Yawn,0.290,0.506,18,1
2024-11-28 10:34:08,Mild Yawn,0.306,0.464,18,1
2024-11-28 10:34:09,Mild Yawn,0.264,0.492,18,1
2024-11-28 10:34:09,Mild Yawn,0.343,0.462,18,1
2024-11-28 10:34:09,Mild Yawn,0.257,0.514,18,1
2024-11-28 10:34:09,Mild Yawn,0.285,0.486,18,1
2024-11-28 10:34:09,Mild Yawn,0.279,0.541,18,1
2024-11-28 10:34:09,Mild Yawn,0.276,0.436,18,1
2024-11-28 10:34:09,Mild Yawn,0.285,0.537,18,1
2024-11-28 10:34:09,Mild Yawn,0.307,0.457,18,1
2024-11-28 10:34:09,Mild Yawn,0.339,0.529,18,1
2024-11-28 10:34:09,Mild Yawn,0.300,0.441,18,1
2024-11-28 10:34:09,Mild Yawn,0.289,0.540,18,1
2024-11-28 10:34:09,Mild Yawn,0.285,0.428,18,1
2024-11-28 10:34:09,Mild Yawn,0.276,0.404,18,1
2024-11-28 10:34:09,Mild Yawn,0.330,0.540,18,1
2024-11-28 10:34:09,Mild Yawn,0.325,0.437,18,1
2024-11-28 10:34:09,Mild Yawn,0.297,0.503,18,1
2024-11-28 10:34:09,Mild Yawn,0.304,0.511,18,1
2024-11-28 10:34:09,Mild Yawn,0.324,0.410,18,1
2024-11-28 10:34:09,Mild Yawn,0.324,0.448,18,1
2024-11-28 10:34:09,Mild Yawn,0.310,0.519,18,1
2024-11-28 10:34:09,Mild Yawn,0.303,0.415,18,1
2024-11-28 10:34:09,Mild Yawn,0.291,0.518,18,1
2024-11-28 10:34:09,Mild Yawn,0.327,0.436,18,1
2024-11-28 10:34:09,Mild Yawn,0.264,0.551,18,1
2024-11-28 10:34:09,Mild Yawn,0.270,0.574,18,1
2024-11-28 10:34:09,Mild Yawn,0.310,0.421,18,1
2024-11-28 10:34:09,Mild Yawn,0.286,0.556,18,1
2024-11-28 10:34:09,Mild Yawn,0.355,0.430,18,1
2024-11-28 10:34:09,Mild Yawn,0.295,0.535,18,1
2024-11-28 10:34:09,Mild Yawn,0.284,0.421,18,1
2024-11-28 10:34:09,Mild Yawn,0.321,0.530,18,1
2024-11-28 10:34:09,Mild Yawn,0.306,0.430,18,1
2024-11-28 10:34:09,Mild Yawn,0.299,0.513,18,1
2024-11-28 10:34:09,Mild Yawn,0.329,0.421,18,1
2024-11-28 10:34:09,Mild Yawn,0.321,0.522,18,1
2024-11-28 10:34:09,Mild Yawn,0.318,0.421,18,1
2024-11-28 10:34:09,Mild Yawn,0.298,0.518,18,1
2024-11-28 10:34:09,Mild Yawn,0.285,0.404,18,1
2024-11-28 10:34:09,Mild Yawn,0.275,0.521,18,1
2024-11-28 10:34:09,Mild Yawn,0.288,0.396,18,1
2024-11-28 10:34:09,Mild Yawn,0.341,0.394,18,1
2024-11-28 10:34:09,Mild Yawn,0.335,0.510,18,1
2024-11-28 10:34:09,Mild Yawn,0.320,0.526,18,1
2024-11-28 10:34:09,Mild Yawn,0.306,0.442,18,1
2024-11-28 10:34:09,Mild Yawn,0.285,0.417,18,1
2024-11-28 10:34:09,Mild Yawn,0.313,0.517,18,1
2024-11-28 10:34:09,Mild Yawn,0.294,0.503,18,1
2024-11-28 10:34:09,Mild Yawn,0.303,0.403,18,1
2024-11-28 10:34:09,Mild Yawn,0.290,0.403,18,1
2024-11-28 10:34:09,Mild Yawn,0.325,0.535,18,1
2024-11-28 10:34:09,Mild Yawn,0.301,0.518,18,1
2024-11-28 10:34:09,Mild Yawn,0.323,0.402,18,1
2024-11-28 10:34:09,Mild Yawn,0.289,0.525,18,1
2024-11-28 10:34:09,Mild Yawn,0.300,0.392,18,1
2024-11-28 10:34:09,Mild Yawn,0.320,0.514,18,1
2024-11-28 10:34:09,Mild Yawn,0.287,0.436,18,1
2024-11-28 10:34:09,Mild Yawn,0.271,0.514,18,1
2024-11-28 10:34:09,Mild Yawn,0.287,0.396,18,1
2024-11-28 10:34:09,Mild Yawn,0.302,0.518,18,1
2024-11-28 10:34:09,Mild Yawn,0.289,0.402,18,1
2024-11-28 10:34:10,Mild Yawn,0.313,0.522,18,1
2024-11-28 10:34:10,Mild Yawn,0.353,0.398,18,1
2024-11-28 10:34:10,Mild Yawn,0.321,0.531,18,1
2024-11-28 10:34:10,Mild Yawn,0.296,0.425,18,1
2024-11-28 10:34:10,Mild Yawn,0.297,0.535,18,1
2024-11-28 10:34:10,Mild Yawn,0.306,0.445,18,1
2024-11-28 10:34:10,Mild Yawn,0.321,0.511,18,1
2024-11-28 10:34:10,Mild Yawn,0.289,0.432,18,1
2024-11-28 10:34:10,Mild Yawn,0.326,0.522,18,1
2024-11-28 10:34:10,Mild Yawn,0.334,0.436,18,1
2024-11-28 10:34:10,Mild Yawn,0.312,0.514,18,1
2024-11-28 10:34:10,Mild Yawn,0.303,0.417,18,1
2024-11-28 10:34:10,Mild Yawn,0.331,0.550,18,1
2024-11-28 10:34:10,Mild Yawn,0.302,0.417,18,1
2024-11-28 10:34:10,Mild Yawn,0.361,0.511,18,1
2024-11-28 10:34:10,Mild Yawn,0.302,0.438,18,1
2024-11-28 10:34:10,Mild Yawn,0.339,0.521,18,1
2024-11-28 10:34:10,Mild Yawn,0.323,0.455,18,1
2024-11-28 10:34:10,Mild Yawn,0.336,0.506,18,1
2024-11-28 10:34:10,Mild Yawn,0.324,0.452,18,1
2024-11-28 10:34:10,Mild Yawn,0.321,0.523,18,1
2024-11-28 10:34:10,Mild Yawn,0.330,0.425,18,1
2024-11-28 10:34:10,Mild Yawn,0.347,0.534,18,1
2024-11-28 10:34:10,Mild Yawn,0.304,0.424,18,1
2024-11-28 10:34:10,Mild Yawn,0.326,0.510,18,1
2024-11-28 10:34:10,Mild Yawn,0.294,0.429,18,1
2024-11-28 10:34:10,Mild Yawn,0.312,0.534,18,1
2024-11-28 10:34:10,Mild Yawn,0.339,0.428,18,1
2024-11-28 10:34:10,Mild Yawn,0.347,0.522,18,1
2024-11-28 10:34:10,Mild Yawn,0.319,0.449,18,1
2024-11-28 10:34:10,Mild Yawn,0.283,0.533,18,1
2024-11-28 10:34:10,Mild Yawn,0.306,0.403,18,1
2024-11-28 10:34:10,Mild Yawn,0.231,0.537,18,1
2024-11-28 10:34:10,Mild Yawn,0.323,0.409,18,1
2024-11-28 10:34:10,Mild Yawn,0.183,0.560,18,1
2024-11-28 10:34:10,Mild Yawn,0.325,0.429,18,1
2024-11-28 10:34:10,Mild Yawn,0.178,0.576,18,1
2024-11-28 10:34:10,Mild Yawn,0.339,0.448,18,1
2024-11-28 10:34:10,Moderate Yawn !,0.302,0.628,18,1
2024-11-28 10:34:10,Mild Yawn,0.308,0.437,18,1
2024-11-28 10:34:10,Moderate Yawn !,0.278,0.624,18,1
2024-11-28 10:34:10,Mild Yawn,0.295,0.426,18,1
2024-11-28 10:34:10,Mild Yawn,0.155,0.558,18,1
2024-11-28 10:34:10,Mild Yawn,0.306,0.445,18,1
2024-11-28 10:34:10,Mild Yawn,0.154,0.514,18,1
2024-11-28 10:34:10,Mild Yawn,0.370,0.453,18,1
2024-11-28 10:34:10,Mild Yawn,0.221,0.516,18,1
2024-11-28 10:34:10,Mild Yawn,0.306,0.430,18,1
2024-11-28 10:34:10,Mild Yawn,0.239,0.509,18,1
2024-11-28 10:34:10,Mild Yawn,0.324,0.437,18,1
2024-11-28 10:34:10,Mild Yawn,0.239,0.539,18,1
2024-11-28 10:34:10,Mild Yawn,0.321,0.442,18,1
2024-11-28 10:34:10,Mild Yawn,0.289,0.538,18,1
2024-11-28 10:34:10,Mild Yawn,0.350,0.452,18,1
2024-11-28 10:34:10,Mild Yawn,0.309,0.541,18,1
2024-11-28 10:34:10,Mild Yawn,0.324,0.442,18,1
2024-11-28 10:34:10,Mild Yawn,0.309,0.529,18,1
2024-11-28 10:34:10,Mild Yawn,0.289,0.445,18,1
2024-11-28 10:34:10,Mild Yawn,0.311,0.506,18,1
2024-11-28 10:34:10,Mild Yawn,0.285,0.476,18,1
2024-11-28 10:34:11,Mild Yawn,0.322,0.522,18,1
2024-11-28 10:34:11,Mild Yawn,0.307,0.485,18,1
2024-11-28 10:34:11,Mild Yawn,0.330,0.515,18,1
2024-11-28 10:34:11,Mild Yawn,0.303,0.435,18,1
2024-11-28 10:34:11,Mild Yawn,0.324,0.500,18,1
2024-11-28 10:34:11,Mild Yawn,0.308,0.448,18,1
2024-11-28 10:34:11,Mild Yawn,0.299,0.496,18,1
2024-11-28 10:34:11,Mild Yawn,0.323,0.454,18,1
2024-11-28 10:34:11,Mild Yawn,0.337,0.522,18,1
2024-11-28 10:34:11,Mild Yawn,0.324,0.466,18,1
2024-11-28 10:34:11,Mild Yawn,0.334,0.447,18,1
2024-11-28 10:34:11,Mild Yawn,0.342,0.439,18,1
2024-11-28 10:34:11,Mild Yawn,0.322,0.417,18,1
2024-11-28 10:34:11,Mild Yawn,0.285,0.453,18,1
2024-11-28 10:34:11,Mild Yawn,0.337,0.458,18,1
2024-11-28 10:34:11,Mild Yawn,0.298,0.442,18,1
2024-11-28 10:34:11,Mild Yawn,0.324,0.575,18,1
2024-11-28 10:34:11,Mild Yawn,0.323,0.425,18,1
2024-11-28 10:34:11,Mild Yawn,0.330,0.589,18,1
2024-11-28 10:34:11,Mild Yawn,0.323,0.458,18,1
2024-11-28 10:34:11,Moderate Yawn !,0.318,0.605,18,1
2024-11-28 10:34:11,Mild Yawn,0.306,0.440,18,1
2024-11-28 10:34:11,Mild Yawn,0.321,0.574,18,1
2024-11-28 10:34:11,Mild Yawn,0.342,0.430,18,1
2024-11-28 10:34:11,Mild Yawn,0.311,0.567,18,1
2024-11-28 10:34:11,Mild Yawn,0.341,0.485,18,1
2024-11-28 10:34:11,Mild Yawn,0.310,0.533,18,1
2024-11-28 10:34:11,Mild Yawn,0.354,0.465,18,1
2024-11-28 10:34:11,Mild Yawn,0.314,0.518,18,1
2024-11-28 10:34:11,Mild Yawn,0.292,0.410,18,1
2024-11-28 10:34:11,Mild Yawn,0.313,0.528,18,1
2024-11-28 10:34:11,Mild Yawn,0.302,0.427,18,1
2024-11-28 10:34:11,Mild Yawn,0.335,0.507,18,1
2024-11-28 10:34:11,Mild Yawn,0.312,0.436,18,1
2024-11-28 10:34:11,Mild Yawn,0.322,0.514,18,1
2024-11-28 10:34:11,Mild Yawn,0.292,0.429,18,1
2024-11-28 10:34:11,Mild Yawn,0.357,0.531,18,1
2024-11-28 10:34:11,Mild Yawn,0.320,0.442,18,1
2024-11-28 10:34:11,Mild Yawn,0.362,0.517,18,1
2024-11-28 10:34:11,Mild Yawn,0.285,0.441,18,1
2024-11-28 10:34:11,Mild Yawn,0.337,0.497,18,1
2024-11-28 10:34:11,Mild Yawn,0.285,0.410,18,1
2024-11-28 10:34:11,Mild Yawn,0.339,0.497,18,1
2024-11-28 10:34:11,Mild Yawn,0.289,0.433,18,1
2024-11-28 10:34:11,Mild Yawn,0.333,0.525,18,1
2024-11-28 10:34:11,Mild Yawn,0.299,0.409,18,1
2024-11-28 10:34:11,Mild Yawn,0.325,0.572,18,1
2024-11-28 10:34:11,Mild Yawn,0.303,0.429,18,1
2024-11-28 10:34:11,Mild Yawn,0.325,0.557,18,1
2024-11-28 10:34:11,Mild Yawn,0.354,0.430,18,1
2024-11-28 10:34:11,Mild Yawn,0.322,0.551,18,1
2024-11-28 10:34:11,Mild Yawn,0.302,0.429,18,1
2024-11-28 10:34:11,Mild Yawn,0.337,0.554,18,1
2024-11-28 10:34:11,Mild Yawn,0.289,0.445,18,1
2024-11-28 10:34:11,Mild Yawn,0.306,0.531,18,1
2024-11-28 10:34:11,Mild Yawn,0.309,0.410,18,1
2024-11-28 10:34:11,Mild Yawn,0.337,0.561,18,1
2024-11-28 10:34:11,Mild Yawn,0.290,0.455,18,1
2024-11-28 10:34:11,Mild Yawn,0.373,0.536,18,1
2024-11-28 10:34:11,Mild Yawn,0.285,0.441,18,1
2024-11-28 10:34:12,Mild Yawn,0.337,0.554,18,1
2024-11-28 10:34:12,Mild Yawn,0.318,0.437,18,1
2024-11-28 10:34:12,Mild Yawn,0.312,0.531,18,1
2024-11-28 10:34:12,Mild Yawn,0.338,0.429,18,1
2024-11-28 10:34:12,Mild Yawn,0.313,0.515,18,1
2024-11-28 10:34:12,Mild Yawn,0.325,0.442,18,1
2024-11-28 10:34:12,Mild Yawn,0.331,0.451,18,1
2024-11-28 10:34:12,Mild Yawn,0.336,0.451,18,1
2024-11-28 10:34:12,Mild Yawn,0.347,0.462,18,1
2024-11-28 10:34:12,Mild Yawn,0.349,0.441,18,1
2024-11-28 10:34:12,Mild Yawn,0.323,0.465,18,1
2024-11-28 10:34:12,Mild Yawn,0.359,0.448,18,1
2024-11-28 10:34:12,Mild Yawn,0.352,0.481,18,1
2024-11-28 10:34:12,Mild Yawn,0.311,0.452,18,1
2024-11-28 10:34:12,Mild Yawn,0.312,0.505,18,1
2024-11-28 10:34:12,Mild Yawn,0.355,0.430,18,1
2024-11-28 10:34:12,Mild Yawn,0.236,0.513,18,1
2024-11-28 10:34:12,Mild Yawn,0.359,0.429,18,1
2024-11-28 10:34:12,Mild Yawn,0.216,0.488,18,1
2024-11-28 10:34:12,Mild Yawn,0.284,0.435,18,1
2024-11-28 10:34:12,Mild Yawn,0.198,0.505,18,1
2024-11-28 10:34:12,Mild Yawn,0.361,0.410,18,1
2024-11-28 10:34:12,Mild Yawn,0.203,0.505,18,1
2024-11-28 10:34:12,Mild Yawn,0.321,0.465,18,1
2024-11-28 10:34:12,Mild Yawn,0.239,0.527,18,1
2024-11-28 10:34:12,Mild Yawn,0.321,0.446,18,1
2024-11-28 10:34:12,Mild Yawn,0.315,0.500,18,1
2024-11-28 10:34:12,Mild Yawn,0.322,0.446,18,1
2024-11-28 10:34:12,Mild Yawn,0.320,0.507,18,1
2024-11-28 10:34:12,Mild Yawn,0.340,0.455,18,1
2024-11-28 10:34:12,Mild Yawn,0.323,0.492,18,1
2024-11-28 10:34:12,Mild Yawn,0.302,0.427,18,1
2024-11-28 10:34:12,Mild Yawn,0.325,0.523,18,1
2024-11-28 10:34:12,Mild Yawn,0.300,0.418,18,1
2024-11-28 10:34:12,Mild Yawn,0.322,0.523,18,1
2024-11-28 10:34:12,Mild Yawn,0.354,0.453,18,1
2024-11-28 10:34:12,Mild Yawn,0.360,0.508,18,1
2024-11-28 10:34:12,Mild Yawn,0.304,0.442,18,1
2024-11-28 10:34:12,Mild Yawn,0.343,0.523,18,1
2024-11-28 10:34:12,Mild Yawn,0.353,0.410,18,1
2024-11-28 10:34:12,Mild Yawn,0.327,0.535,18,1
2024-11-28 10:34:12,Mild Yawn,0.319,0.453,18,1
2024-11-28 10:34:12,Mild Yawn,0.324,0.523,18,1
2024-11-28 10:34:12,Mild Yawn,0.323,0.431,18,1
2024-11-28 10:34:12,Mild Yawn,0.339,0.545,18,1
2024-11-28 10:34:12,Mild Yawn,0.306,0.433,18,1
2024-11-28 10:34:12,Mild Yawn,0.347,0.524,18,1
2024-11-28 10:34:12,Mild Yawn,0.306,0.426,18,1
2024-11-28 10:34:12,Mild Yawn,0.350,0.544,18,1
2024-11-28 10:34:12,Mild Yawn,0.338,0.525,18,1
2024-11-28 10:34:12,Mild Yawn,0.300,0.435,18,1
2024-11-28 10:34:12,Mild Yawn,0.351,0.545,18,1
2024-11-28 10:34:12,Mild Yawn,0.325,0.437,18,1
2024-11-28 10:34:12,Mild Yawn,0.325,0.527,18,1
2024-11-28 10:34:12,Mild Yawn,0.341,0.436,18,1
2024-11-28 10:34:12,Mild Yawn,0.362,0.527,18,1
2024-11-28 10:34:12,Mild Yawn,0.355,0.437,18,1
2024-11-28 10:34:12,Mild Yawn,0.314,0.541,18,1
2024-11-28 10:34:12,Mild Yawn,0.342,0.436,18,1
2024-11-28 10:34:13,Mild Yawn,0.335,0.541,18,1
2024-11-28 10:34:13,Mild Yawn,0.337,0.436,18,1
2024-11-28 10:34:13,Mild Yawn,0.357,0.446,18,1
2024-11-28 10:34:13,Mild Yawn,0.324,0.545,18,1
2024-11-28 10:34:13,Mild Yawn,0.357,0.433,18,1
2024-11-28 10:34:13,Mild Yawn,0.336,0.523,18,1
2024-11-28 10:34:13,Mild Yawn,0.319,0.533,18,1
2024-11-28 10:34:13,Mild Yawn,0.341,0.417,18,1
2024-11-28 10:34:13,Mild Yawn,0.286,0.453,18,1
2024-11-28 10:34:13,Mild Yawn,0.315,0.572,18,1
2024-11-28 10:34:13,Mild Yawn,0.310,0.531,18,1
2024-11-28 10:34:13,Mild Yawn,0.327,0.442,18,1
2024-11-28 10:34:13,Mild Yawn,0.290,0.552,18,1
2024-11-28 10:34:13,Mild Yawn,0.360,0.429,18,1
2024-11-28 10:34:13,Mild Yawn,0.333,0.534,18,1
2024-11-28 10:34:13,Mild Yawn,0.326,0.485,18,1
2024-11-28 10:34:13,Mild Yawn,0.308,0.534,18,1
2024-11-28 10:34:13,Mild Yawn,0.306,0.422,18,1
2024-11-28 10:34:13,Mild Yawn,0.307,0.523,18,1
2024-11-28 10:34:13,Mild Yawn,0.320,0.529,18,1
2024-11-28 10:34:13,Mild Yawn,0.314,0.527,18,1
2024-11-28 10:34:13,Mild Yawn,0.345,0.479,18,1
2024-11-28 10:34:13,Mild Yawn,0.318,0.536,18,1
2024-11-28 10:34:13,Mild Yawn,0.351,0.536,18,1
2024-11-28 10:34:13,Mild Yawn,0.277,0.438,18,1
2024-11-28 10:34:13,Mild Yawn,0.295,0.534,18,1
2024-11-28 10:34:13,Mild Yawn,0.329,0.437,18,1
2024-11-28 10:34:13,Mild Yawn,0.300,0.523,18,1
2024-11-28 10:34:13,Mild Yawn,0.357,0.436,18,1
2024-11-28 10:34:13,Mild Yawn,0.318,0.507,18,1
2024-11-28 10:34:13,Mild Yawn,0.345,0.464,18,1
2024-11-28 10:34:13,Mild Yawn,0.309,0.508,18,1
2024-11-28 10:34:13,Mild Yawn,0.311,0.459,18,1
2024-11-28 10:34:13,Mild Yawn,0.344,0.527,18,1
2024-11-28 10:34:13,Mild Yawn,0.334,0.453,18,1
2024-11-28 10:34:13,Mild Yawn,0.331,0.513,18,1
2024-11-28 10:34:13,Mild Yawn,0.348,0.432,18,1
2024-11-28 10:34:13,Mild Yawn,0.301,0.513,18,1
2024-11-28 10:34:13,Mild Yawn,0.311,0.448,18,1
2024-11-28 10:34:13,Mild Yawn,0.298,0.511,18,1
2024-11-28 10:34:13,Mild Yawn,0.292,0.448,18,1
2024-11-28 10:34:13,Mild Yawn,0.301,0.517,18,1
2024-11-28 10:34:13,Mild Yawn,0.328,0.436,18,1
2024-11-28 10:34:13,Mild Yawn,0.310,0.511,18,1
2024-11-28 10:34:13,Mild Yawn,0.292,0.436,18,1
2024-11-28 10:34:13,Mild Yawn,0.298,0.525,18,1
2024-11-28 10:34:13,Mild Yawn,0.357,0.436,18,1
2024-11-28 10:34:13,Mild Yawn,0.298,0.509,18,1
2024-11-28 10:34:13,Mild Yawn,0.347,0.448,18,1
2024-11-28 10:34:13,Mild Yawn,0.270,0.524,18,1
2024-11-28 10:34:13,Mild Yawn,0.304,0.439,18,1
2024-11-28 10:34:13,Mild Yawn,0.307,0.511,18,1
2024-11-28 10:34:13,Mild Yawn,0.311,0.448,18,1
2024-11-28 10:34:13,Mild Yawn,0.287,0.512,18,1
2024-11-28 10:34:13,Mild Yawn,0.277,0.436,18,1
2024-11-28 10:34:13,Mild Yawn,0.313,0.503,18,1
2024-11-28 10:34:13,Mild Yawn,0.302,0.464,18,1
2024-11-28 10:34:14,Mild Yawn,0.322,0.511,18,1
2024-11-28 10:34:14,Mild Yawn,0.341,0.436,18,1
2024-11-28 10:34:14,Mild Yawn,0.302,0.507,18,1
2024-11-28 10:34:14,Mild Yawn,0.329,0.421,18,1
2024-11-28 10:34:14,Mild Yawn,0.341,0.510,18,1
2024-11-28 10:34:14,Mild Yawn,0.332,0.436,18,1
2024-11-28 10:34:14,Mild Yawn,0.325,0.517,18,1
2024-11-28 10:34:14,Mild Yawn,0.329,0.452,18,1
2024-11-28 10:34:14,Mild Yawn,0.314,0.524,18,1
2024-11-28 10:34:14,Mild Yawn,0.341,0.458,18,1
2024-11-28 10:34:14,Mild Yawn,0.306,0.523,18,1
2024-11-28 10:34:14,Mild Yawn,0.347,0.430,18,1
2024-11-28 10:34:14,Mild Yawn,0.315,0.507,18,1
2024-11-28 10:34:14,Mild Yawn,0.340,0.437,18,1
2024-11-28 10:34:14,Mild Yawn,0.339,0.534,18,1
2024-11-28 10:34:14,Mild Yawn,0.333,0.448,18,1
2024-11-28 10:34:14,Mild Yawn,0.339,0.511,18,1
2024-11-28 10:34:14,Mild Yawn,0.360,0.500,18,1
2024-11-28 10:34:14,Mild Yawn,0.340,0.526,18,1
2024-11-28 10:34:14,Mild Yawn,0.329,0.501,18,1
2024-11-28 10:34:14,Mild Yawn,0.333,0.511,18,1
2024-11-28 10:34:14,Mild Yawn,0.357,0.480,18,1
2024-11-28 10:34:14,Mild Yawn,0.313,0.516,18,1
2024-11-28 10:34:14,Mild Yawn,0.318,0.506,18,1
2024-11-28 10:34:14,Mild Yawn,0.343,0.540,18,1
2024-11-28 10:34:14,Mild Yawn,0.335,0.469,18,1
2024-11-28 10:34:14,Mild Yawn,0.350,0.528,18,1
2024-11-28 10:34:14,Mild Yawn,0.344,0.479,18,1
2024-11-28 10:34:14,Mild Yawn,0.333,0.536,18,1
2024-11-28 10:34:14,Mild Yawn,0.330,0.480,18,1
2024-11-28 10:34:14,Mild Yawn,0.324,0.529,18,1
2024-11-28 10:34:14,Mild Yawn,0.340,0.464,18,1
2024-11-28 10:34:14,Mild Yawn,0.337,0.532,18,1
2024-11-28 10:34:14,Mild Yawn,0.357,0.485,18,1
2024-11-28 10:34:14,Mild Yawn,0.351,0.515,18,1
2024-11-28 10:34:14,Mild Yawn,0.357,0.448,18,1
2024-11-28 10:34:14,Mild Yawn,0.326,0.507,18,1
2024-11-28 10:34:14,Mild Yawn,0.343,0.468,18,1
2024-11-28 10:34:14,Mild Yawn,0.320,0.536,18,1
2024-11-28 10:34:14,Mild Yawn,0.345,0.446,18,1
2024-11-28 10:34:14,Mild Yawn,0.351,0.536,18,1
2024-11-28 10:34:14,Mild Yawn,0.327,0.446,18,1
2024-11-28 10:34:14,Mild Yawn,0.363,0.536,18,1
2024-11-28 10:34:14,Mild Yawn,0.357,0.448,18,1
2024-11-28 10:34:14,Mild Yawn,0.355,0.555,18,1
2024-11-28 10:34:14,Mild Yawn,0.355,0.457,18,1
2024-11-28 10:34:14,Mild Yawn,0.356,0.522,18,1
2024-11-28 10:34:14,Mild Yawn,0.359,0.475,18,1
2024-11-28 10:34:14,Mild Yawn,0.309,0.465,18,1
2024-11-28 10:34:14,Mild Yawn,0.344,0.556,18,1
2024-11-28 10:34:14,Mild Yawn,0.330,0.537,18,1
2024-11-28 10:34:14,Mild Yawn,0.358,0.458,18,1
2024-11-28 10:34:14,Mild Yawn,0.349,0.522,18,1
2024-11-28 10:34:14,Mild Yawn,0.329,0.479,18,1
2024-11-28 10:34:14,Mild Yawn,0.337,0.550,18,1
2024-11-28 10:34:14,Mild Yawn,0.338,0.465,18,1
2024-11-28 10:34:14,Mild Yawn,0.368,0.548,18,1
2024-11-28 10:34:14,Mild Yawn,0.329,0.465,18,1
2024-11-28 10:34:14,Mild Yawn,0.343,0.544,18,1
2024-11-28 10:34:14,Mild Yawn,0.341,0.436,18,1
2024-11-28 10:34:15,Mild Yawn,0.388,0.548,18,1
2024-11-28 10:34:15,Mild Yawn,0.360,0.492,18,1
2024-11-28 10:34:15,Mild Yawn,0.328,0.452,18,1
2024-11-28 10:34:15,Mild Yawn,0.376,0.536,18,1
2024-11-28 10:34:15,Mild Yawn,0.367,0.536,18,1
2024-11-28 10:34:15,Mild Yawn,0.338,0.429,18,1
2024-11-28 10:34:15,Mild Yawn,0.345,0.525,18,1
2024-11-28 10:34:15,Mild Yawn,0.357,0.429,18,1
2024-11-28 10:34:15,Mild Yawn,0.370,0.535,18,1
2024-11-28 10:34:15,Mild Yawn,0.345,0.436,18,1
2024-11-28 10:34:15,Mild Yawn,0.359,0.536,18,1
2024-11-28 10:34:15,Mild Yawn,0.328,0.452,18,1
2024-11-28 10:34:15,Mild Yawn,0.363,0.535,18,1
2024-11-28 10:34:15,Mild Yawn,0.336,0.443,18,1
2024-11-28 10:34:15,Mild Yawn,0.376,0.525,18,1
2024-11-28 10:34:15,Mild Yawn,0.357,0.429,18,1
2024-11-28 10:34:15,Mild Yawn,0.355,0.523,18,1
2024-11-28 10:34:15,Mild Yawn,0.304,0.445,18,1
2024-11-28 10:34:15,Mild Yawn,0.380,0.524,18,1
2024-11-28 10:34:15,Mild Yawn,0.344,0.445,18,1
2024-11-28 10:34:15,Mild Yawn,0.341,0.507,18,1
2024-11-28 10:34:15,Mild Yawn,0.341,0.452,18,1
2024-11-28 10:34:15,Mild Yawn,0.353,0.544,18,1
2024-11-28 10:34:15,Mild Yawn,0.321,0.427,18,1
2024-11-28 10:34:15,Mild Yawn,0.376,0.536,18,1
2024-11-28 10:34:15,Mild Yawn,0.341,0.465,18,1
2024-11-28 10:34:15,Mild Yawn,0.359,0.520,18,1
2024-11-28 10:34:15,Mild Yawn,0.340,0.469,18,1
2024-11-28 10:34:15,Mild Yawn,0.313,0.529,18,1
2024-11-28 10:34:15,Mild Yawn,0.331,0.436,18,1
2024-11-28 10:34:15,Mild Yawn,0.289,0.520,18,1
2024-11-28 10:34:15,Mild Yawn,0.358,0.465,18,1
2024-11-28 10:34:15,Mild Yawn,0.244,0.523,18,1
2024-11-28 10:34:15,Mild Yawn,0.341,0.458,18,1
2024-11-28 10:34:15,Mild Yawn,0.214,0.520,18,1
2024-11-28 10:34:15,Mild Yawn,0.342,0.448,18,1
2024-11-28 10:34:15,Mild Yawn,0.218,0.511,18,1
2024-11-28 10:34:15,Mild Yawn,0.343,0.455,18,1
2024-11-28 10:34:15,Mild Yawn,0.210,0.507,18,1
2024-11-28 10:34:15,Mild Yawn,0.374,0.479,18,1
2024-11-28 10:34:15,Mild Yawn,0.207,0.513,18,1
2024-11-28 10:34:15,Mild Yawn,0.321,0.448,18,1
2024-11-28 10:34:15,Mild Yawn,0.258,0.517,18,1
2024-11-28 10:34:15,Mild Yawn,0.357,0.475,18,1
2024-11-28 10:34:15,Mild Yawn,0.250,0.532,18,1
2024-11-28 10:34:15,Mild Yawn,0.307,0.441,18,1
2024-11-28 10:34:15,Mild Yawn,0.256,0.533,18,1
2024-11-28 10:34:15,Mild Yawn,0.357,0.448,18,1
2024-11-28 10:34:15,Mild Yawn,0.276,0.522,18,1
2024-11-28 10:34:15,Mild Yawn,0.331,0.505,18,1
2024-11-28 10:34:15,Mild Yawn,0.251,0.499,18,1
2024-11-28 10:34:15,Mild Yawn,0.273,0.501,18,1
2024-11-28 10:34:15,Mild Yawn,0.283,0.523,18,1
2024-11-28 10:34:15,Mild Yawn,0.293,0.443,18,1
2024-11-28 10:34:15,Mild Yawn,0.310,0.512,18,1
2024-11-28 10:34:15,Mild Yawn,0.299,0.448,18,1
2024-11-28 10:34:15,Mild Yawn,0.274,0.505,18,1
2024-11-28 10:34:15,Mild Yawn,0.288,0.495,18,1
2024-11-28 10:34:15,Mild Yawn,0.278,0.500,18,1
2024-11-28 10:34:15,Mild Yawn,0.176,0.493,18,1
2024-11-28 10:34:16,Mild Yawn,0.274,0.507,18,1
2024-11-28 10:34:16,Mild Yawn,0.234,0.479,18,1
2024-11-28 10:34:16,Mild Yawn,0.272,0.499,18,1
2024-11-28 10:34:16,Mild Yawn,0.252,0.468,18,1
2024-11-28 10:34:16,Mild Yawn,0.300,0.457,18,1
2024-11-28 10:34:16,Mild Yawn,0.280,0.484,18,1
2024-11-28 10:34:16,Mild Yawn,0.289,0.468,18,1
2024-11-28 10:34:16,Mild Yawn,0.268,0.491,18,1
2024-11-28 10:34:16,Mild Yawn,0.251,0.485,18,1
2024-11-28 10:34:16,Mild Yawn,0.346,0.511,18,1
2024-11-28 10:34:16,Mild Yawn,0.237,0.465,18,1
2024-11-28 10:34:16,Mild Yawn,0.289,0.492,18,1
2024-11-28 10:34:16,Mild Yawn,0.312,0.479,18,1
2024-11-28 10:34:16,Mild Yawn,0.320,0.461,18,1
2024-11-28 10:34:16,Mild Yawn,0.400,0.477,18,1
2024-11-28 10:34:16,Mild Yawn,0.309,0.468,18,1
2024-11-28 10:34:16,Mild Yawn,0.392,0.512,18,1
2024-11-28 10:34:16,Mild Yawn,0.290,0.463,18,1
2024-11-28 10:34:16,Mild Yawn,0.400,0.489,18,1
2024-11-28 10:34:16,Mild Yawn,0.309,0.499,18,1
2024-11-28 10:34:16,Mild Yawn,0.376,0.463,18,1
2024-11-28 10:34:16,Mild Yawn,0.301,0.506,18,1
2024-11-28 10:34:16,Mild Yawn,0.400,0.481,18,1
2024-11-28 10:34:16,Mild Yawn,0.310,0.517,18,1
2024-11-28 10:34:16,Mild Yawn,0.303,0.506,18,1
2024-11-28 10:34:16,Mild Yawn,0.328,0.475,18,1
2024-11-28 10:34:16,Mild Yawn,0.313,0.485,18,1
2024-11-28 10:34:16,Mild Yawn,0.307,0.463,18,1
2024-11-28 10:34:16,Mild Yawn,0.377,0.503,18,1
2024-11-28 10:34:16,Mild Yawn,0.309,0.499,18,1
2024-11-28 10:34:16,Mild Yawn,0.348,0.492,18,1
2024-11-28 10:34:16,Mild Yawn,0.250,0.441,18,1
2024-11-28 10:34:16,Mild Yawn,0.339,0.499,18,1
2024-11-28 10:34:16,Mild Yawn,0.323,0.511,18,1
2024-11-28 10:34:16,Mild Yawn,0.269,0.507,18,1
2024-11-28 10:34:16,Mild Yawn,0.363,0.512,18,1
2024-11-28 10:34:16,Mild Yawn,0.269,0.524,18,1
2024-11-28 10:34:16,Mild Yawn,0.349,0.495,18,1
2024-11-28 10:34:16,Mild Yawn,0.288,0.527,18,1
2024-11-28 10:34:16,Mild Yawn,0.361,0.522,18,1
2024-11-28 10:34:16,Mild Yawn,0.285,0.524,18,1
2024-11-28 10:34:16,Mild Yawn,0.360,0.507,18,1
2024-11-28 10:34:16,Mild Yawn,0.307,0.467,18,1
2024-11-28 10:34:16,Mild Yawn,0.388,0.531,18,1
2024-11-28 10:34:16,Mild Yawn,0.345,0.530,18,1
2024-11-28 10:34:16,Mild Yawn,0.301,0.499,18,1
2024-11-28 10:34:16,Mild Yawn,0.278,0.522,18,1
2024-11-28 10:34:16,Mild Yawn,0.352,0.530,18,1
2024-11-28 10:34:16,Mild Yawn,0.310,0.500,18,1
2024-11-28 10:34:16,Mild Yawn,0.331,0.505,18,1
2024-11-28 10:34:16,Mild Yawn,0.284,0.497,18,1
2024-11-28 10:34:16,Mild Yawn,0.281,0.482,18,1
2024-11-28 10:34:16,Mild Yawn,0.300,0.530,18,1
2024-11-28 10:34:16,Mild Yawn,0.298,0.479,18,1
2024-11-28 10:34:16,Mild Yawn,0.253,0.404,18,1
2024-11-28 10:34:16,Mild Yawn,0.326,0.494,18,1
2024-11-28 10:34:16,Mild Yawn,0.272,0.395,18,1
2024-11-28 10:34:16,Mild Yawn,0.316,0.525,18,1
2024-11-28 10:34:16,Mild Yawn,0.318,0.536,18,1
2024-11-28 10:34:16,Mild Yawn,0.324,0.412,18,1
2024-11-28 10:34:17,Mild Yawn,0.287,0.502,18,1
2024-11-28 10:34:17,Mild Yawn,0.294,0.422,18,1
2024-11-28 10:34:17,Mild Yawn,0.367,0.513,18,1
2024-11-28 10:34:17,Mild Yawn,0.270,0.482,18,1
2024-11-28 10:34:17,Mild Yawn,0.297,0.444,18,1
2024-11-28 10:34:17,Mild Yawn,0.338,0.552,18,1
2024-11-28 10:34:17,Mild Yawn,0.298,0.537,18,1
2024-11-28 10:34:17,Mild Yawn,0.250,0.535,18,1
2024-11-28 10:34:17,Mild Yawn,0.306,0.570,18,1
2024-11-28 10:34:17,Mild Yawn,0.351,0.558,18,1
2024-11-28 10:34:17,Mild Yawn,0.311,0.534,18,1
2024-11-28 10:34:17,Mild Yawn,0.290,0.544,18,1
2024-11-28 10:34:17,Mild Yawn,0.357,0.583,18,1
2024-11-28 10:34:17,Mild Yawn,0.363,0.568,18,1
2024-11-28 10:34:17,Mild Yawn,0.307,0.476,18,1
2024-11-28 10:34:17,Mild Yawn,0.244,0.504,18,1
2024-11-28 10:34:17,Mild Yawn,0.272,0.517,18,1
2024-11-28 10:34:17,Mild Yawn,0.315,0.552,18,1
2024-11-28 10:34:17,Mild Yawn,0.334,0.537,18,1
2024-11-28 10:34:17,Mild Yawn,0.301,0.415,18,1
2024-11-28 10:34:17,Mild Yawn,0.336,0.534,18,1
2024-11-28 10:34:17,Mild Yawn,0.363,0.512,18,1
2024-11-28 10:34:17,Mild Yawn,0.232,0.511,18,1
2024-11-28 10:34:17,Mild Yawn,0.250,0.468,18,1
2024-11-28 10:34:17,SLEEPING !!!,0.193,0.506,18,1
2024-11-28 10:34:17,SLEEPING !!!,0.247,0.545,18,1
2024-11-28 10:34:17,SLEEPING !!!,0.198,0.543,18,1
2024-11-28 10:34:17,Mild Yawn,0.262,0.554,19,1
2024-11-28 10:34:17,Moderate Yawn !,0.226,0.650,19,1
2024-11-28 10:34:17,Moderate Yawn !,0.158,0.606,19,1
2024-11-28 10:34:18,SLEEPING !!!,0.199,0.457,19,1
2024-11-28 10:34:18,SLEEPING !!!,0.211,0.444,19,1
2024-11-28 10:34:18,SLEEPING !!!,0.212,0.422,19,1
2024-11-28 10:34:18,SLEEPING !!!,0.196,0.440,19,1
2024-11-28 10:34:18,SLEEPING !!!,0.210,0.414,19,1
2024-11-28 10:34:18,SLEEPING !!!,0.197,0.302,19,1
2024-11-28 10:34:18,SLEEPING !!!,0.205,0.357,19,1
2024-11-28 10:34:18,SLEEPING !!!,0.220,0.299,19,1
2024-11-28 10:34:19,SLEEPING !!!,0.224,0.338,19,1
2024-11-28 10:34:19,SLEEPING !!!,0.229,0.268,19,1
2024-11-28 10:34:19,SLEEPING !!!,0.237,0.296,19,1
2024-11-28 10:34:19,SLEEPING !!!,0.239,0.304,19,1
2024-11-28 10:34:19,SLEEPING !!!,0.206,0.338,19,1
2024-11-28 10:34:19,SLEEPING !!!,0.198,0.368,19,1
2024-11-28 10:34:19,SLEEPING !!!,0.220,0.372,19,1
2024-11-28 10:34:19,SLEEPING !!!,0.243,0.390,19,1
2024-11-28 10:34:19,SLEEPING !!!,0.220,0.387,19,1
2024-11-28 10:34:19,Mild Yawn,0.251,0.372,20,1
2024-11-28 10:34:19,Mild Yawn,0.236,0.391,20,1
2024-11-28 10:34:19,Mild Yawn,0.243,0.408,20,1
2024-11-28 10:34:19,Mild Yawn,0.293,0.412,20,1
2024-11-28 10:34:19,Mild Yawn,0.343,0.379,20,1
2024-11-28 10:34:19,Mild Yawn,0.331,0.392,20,1
2024-11-28 10:34:19,Mild Yawn,0.316,0.371,20,1
2024-11-28 10:34:19,Mild Yawn,0.192,0.397,20,1
2024-11-28 10:34:19,Mild Yawn,0.215,0.403,20,1
2024-11-28 10:34:19,SLEEPING !!!,0.132,0.437,20,1
2024-11-28 10:34:19,SLEEPING !!!,0.170,0.420,20,1
2024-11-28 10:34:19,SLEEPING !!!,0.126,0.419,20,1
2024-11-28 10:34:19,SLEEPING !!!,0.211,0.421,20,1
2024-11-28 10:34:19,SLEEPING !!!,0.181,0.431,20,1
2024-11-28 10:34:19,SLEEPING !!!,0.167,0.427,20,1
2024-11-28 10:34:19,SLEEPING !!!,0.150,0.440,20,1
2024-11-28 10:34:19,SLEEPING !!!,0.122,0.463,20,1
2024-11-28 10:34:19,SLEEPING !!!,0.142,0.458,20,1
2024-11-28 10:34:19,SLEEPING !!!,0.165,0.448,20,1
2024-11-28 10:34:19,SLEEPING !!!,0.168,0.453,20,1
2024-11-28 10:34:19,SLEEPING !!!,0.157,0.467,20,1
2024-11-28 10:34:20,SLEEPING !!!,0.173,0.445,20,1
2024-11-28 10:34:20,SLEEPING !!!,0.155,0.429,20,1
2024-11-28 10:34:20,SLEEPING !!!,0.186,0.466,20,1
2024-11-28 10:34:20,SLEEPING !!!,0.220,0.474,20,1
2024-11-28 10:34:20,SLEEPING !!!,0.250,0.474,20,1
2024-11-28 10:34:20,Mild Yawn,0.262,0.485,21,1
2024-11-28 10:34:20,Mild Yawn,0.254,0.473,21,1
2024-11-28 10:34:20,Mild Yawn,0.217,0.476,21,1
2024-11-28 10:34:20,Mild Yawn,0.239,0.474,21,1
2024-11-28 10:34:20,SLEEPING !!!,0.216,0.500,21,1
2024-11-28 10:34:20,SLEEPING !!!,0.243,0.487,21,1
2024-11-28 10:34:20,SLEEPING !!!,0.247,0.493,21,1
2024-11-28 10:34:20,Mild Yawn,0.265,0.480,22,1
2024-11-28 10:34:20,Mild Yawn,0.229,0.466,22,1
2024-11-28 10:34:20,Mild Yawn,0.255,0.496,22,1
2024-11-28 10:34:20,Mild Yawn,0.244,0.501,22,1
2024-11-28 10:34:20,Mild Yawn,0.259,0.509,22,1
2024-11-28 10:34:20,Mild Yawn,0.247,0.503,22,1
2024-11-28 10:34:20,Mild Yawn,0.243,0.521,22,1
2024-11-28 10:34:20,Mild Yawn,0.251,0.507,22,1
2024-11-28 10:34:20,Mild Yawn,0.229,0.513,22,1
2024-11-28 10:34:20,Mild Yawn,0.251,0.516,22,1
2024-11-28 10:34:20,Mild Yawn,0.221,0.524,22,1
2024-11-28 10:34:20,Mild Yawn,0.220,0.511,22,1
2024-11-28 10:34:20,SLEEPING !!!,0.232,0.521,22,1
2024-11-28 10:34:20,SLEEPING !!!,0.231,0.506,22,1
2024-11-28 10:34:20,SLEEPING !!!,0.225,0.535,22,1
2024-11-28 10:34:20,SLEEPING !!!,0.224,0.511,22,1
2024-11-28 10:34:20,SLEEPING !!!,0.236,0.522,22,1
2024-11-28 10:34:20,SLEEPING !!!,0.216,0.523,22,1
2024-11-28 10:34:21,SLEEPING !!!,0.216,0.520,22,1
2024-11-28 10:34:21,SLEEPING !!!,0.213,0.506,22,1
2024-11-28 10:34:21,SLEEPING !!!,0.217,0.520,22,1
2024-11-28 10:34:21,SLEEPING !!!,0.215,0.518,22,1
2024-11-28 10:34:21,SLEEPING !!!,0.223,0.528,22,1
2024-11-28 10:34:21,SLEEPING !!!,0.201,0.507,22,1
2024-11-28 10:34:21,SLEEPING !!!,0.201,0.510,22,1
2024-11-28 10:34:21,SLEEPING !!!,0.208,0.499,22,1
2024-11-28 10:34:21,SLEEPING !!!,0.213,0.495,22,1
2024-11-28 10:34:21,SLEEPING !!!,0.215,0.518,22,1
2024-11-28 10:34:21,SLEEPING !!!,0.206,0.523,22,1
2024-11-28 10:34:21,SLEEPING !!!,0.178,0.527,22,1
2024-11-28 10:34:21,SLEEPING !!!,0.213,0.503,22,1
2024-11-28 10:34:21,SLEEPING !!!,0.173,0.504,22,1
2024-11-28 10:34:21,SLEEPING !!!,0.180,0.527,22,1
2024-11-28 10:34:21,SLEEPING !!!,0.185,0.518,22,1
2024-11-28 10:34:21,SLEEPING !!!,0.213,0.503,22,1
2024-11-28 10:34:21,SLEEPING !!!,0.210,0.471,22,1
2024-11-28 10:34:21,SLEEPING !!!,0.232,0.462,22,1
2024-11-28 10:34:21,SLEEPING !!!,0.238,0.471,22,1
2024-11-28 10:34:21,SLEEPING !!!,0.236,0.465,22,1
2024-11-28 10:34:21,SLEEPING !!!,0.231,0.471,22,1
2024-11-28 10:34:21,SLEEPING !!!,0.224,0.474,22,1
2024-11-28 10:34:21,SLEEPING !!!,0.217,0.487,22,1
2024-11-28 10:34:21,SLEEPING !!!,0.213,0.511,22,1
2024-11-28 10:34:21,SLEEPING !!!,0.231,0.525,22,1
2024-11-28 10:34:21,SLEEPING !!!,0.232,0.541,22,1
2024-11-28 10:34:21,SLEEPING !!!,0.240,0.516,22,1
2024-11-28 10:34:21,SLEEPING !!!,0.228,0.512,22,1
2024-11-28 10:34:21,SLEEPING !!!,0.227,0.495,22,1
2024-11-28 10:34:22,SLEEPING !!!,0.212,0.442,22,1
2024-11-28 10:34:22,SLEEPING !!!,0.235,0.482,22,1
2024-11-28 10:34:22,SLEEPING !!!,0.240,0.487,22,1
2024-11-28 10:34:22,SLEEPING !!!,0.229,0.491,22,1
2024-11-28 10:34:22,SLEEPING !!!,0.213,0.468,22,1
2024-11-28 10:34:22,SLEEPING !!!,0.208,0.467,22,1
2024-11-28 10:34:22,SLEEPING !!!,0.209,0.442,22,1
2024-11-28 10:34:22,SLEEPING !!!,0.185,0.430,22,1
2024-11-28 10:34:22,SLEEPING !!!,0.200,0.467,22,1
2024-11-28 10:34:22,SLEEPING !!!,0.199,0.501,22,1
2024-11-28 10:34:22,SLEEPING !!!,0.196,0.499,22,1
2024-11-28 10:34:22,SLEEPING !!!,0.195,0.538,22,1
2024-11-28 10:34:22,SLEEPING !!!,0.203,0.537,22,1
2024-11-28 10:34:22,SLEEPING !!!,0.188,0.563,22,1
2024-11-28 10:34:22,SLEEPING !!!,0.188,0.560,22,1
2024-11-28 10:34:22,SLEEPING !!!,0.197,0.574,22,1
2024-11-28 10:34:22,SLEEPING !!!,0.183,0.543,22,1
2024-11-28 10:34:22,SLEEPING !!!,0.175,0.564,22,1
2024-11-28 10:34:22,SLEEPING !!!,0.189,0.499,22,1
2024-11-28 10:34:22,SLEEPING !!!,0.177,0.436,22,1
2024-11-28 10:34:22,SLEEPING !!!,0.185,0.449,22,1
2024-11-28 10:34:22,SLEEPING !!!,0.187,0.426,22,1
2024-11-28 10:34:22,SLEEPING !!!,0.183,0.418,22,1
2024-11-28 10:34:22,SLEEPING !!!,0.163,0.466,22,1
2024-11-28 10:34:22,SLEEPING !!!,0.176,0.514,22,1
2024-11-28 10:34:22,SLEEPING !!!,0.188,0.537,22,1
2024-11-28 10:34:22,SLEEPING !!!,0.185,0.514,22,1
2024-11-28 10:34:22,SLEEPING !!!,0.177,0.536,22,1
2024-11-28 10:34:22,SLEEPING !!!,0.162,0.548,22,1
2024-11-28 10:34:22,SLEEPING !!!,0.169,0.543,22,1
2024-11-28 10:34:23,SLEEPING !!!,0.168,0.530,22,1
2024-11-28 10:34:23,SLEEPING !!!,0.154,0.507,22,1
2024-11-28 10:34:23,SLEEPING !!!,0.172,0.489,22,1
2024-11-28 10:34:23,SLEEPING !!!,0.154,0.492,22,1
2024-11-28 10:34:23,SLEEPING !!!,0.187,0.524,22,1
2024-11-28 10:34:23,SLEEPING !!!,0.195,0.526,22,1
2024-11-28 10:34:23,SLEEPING !!!,0.180,0.535,22,1
2024-11-28 10:34:23,SLEEPING !!!,0.193,0.554,22,1
2024-11-28 10:34:23,SLEEPING !!!,0.178,0.547,22,1
2024-11-28 10:34:23,SLEEPING !!!,0.188,0.578,22,1
2024-11-28 10:34:23,SLEEPING !!!,0.198,0.583,22,1
2024-11-28 10:34:23,SLEEPING !!!,0.182,0.533,22,1
2024-11-28 10:34:23,SLEEPING !!!,0.170,0.503,22,1
2024-11-28 10:34:23,SLEEPING !!!,0.175,0.439,22,1
2024-11-28 10:34:23,SLEEPING !!!,0.173,0.445,22,1
2024-11-28 10:34:23,SLEEPING !!!,0.172,0.484,22,1
2024-11-28 10:34:23,SLEEPING !!!,0.218,0.508,22,1
2024-11-28 10:34:23,SLEEPING !!!,0.218,0.514,22,1
2024-11-28 10:34:23,SLEEPING !!!,0.209,0.517,22,1
2024-11-28 10:34:23,SLEEPING !!!,0.208,0.515,22,1
2024-11-28 10:34:23,SLEEPING !!!,0.203,0.499,22,1
2024-11-28 10:34:23,SLEEPING !!!,0.192,0.476,22,1
2024-11-28 10:34:23,SLEEPING !!!,0.214,0.488,22,1
2024-11-28 10:34:23,SLEEPING !!!,0.233,0.476,22,1
2024-11-28 10:34:23,SLEEPING !!!,0.218,0.436,22,1
2024-11-28 10:34:23,SLEEPING !!!,0.199,0.432,22,1
2024-11-28 10:34:23,SLEEPING !!!,0.182,0.390,22,1
2024-11-28 10:34:23,SLEEPING !!!,0.203,0.395,22,1
2024-11-28 10:34:23,SLEEPING !!!,0.200,0.384,22,1
2024-11-28 10:34:24,SLEEPING !!!,0.195,0.386,22,1
2024-11-28 10:34:24,SLEEPING !!!,0.199,0.390,22,1
2024-11-28 10:34:24,SLEEPING !!!,0.192,0.376,22,1
2024-11-28 10:34:24,SLEEPING !!!,0.197,0.392,22,1
2024-11-28 10:34:24,SLEEPING !!!,0.184,0.400,22,1
2024-11-28 10:34:24,SLEEPING !!!,0.192,0.387,22,1
2024-11-28 10:34:24,SLEEPING !!!,0.203,0.398,22,1
2024-11-28 10:34:24,SLEEPING !!!,0.206,0.401,22,1
2024-11-28 10:34:24,SLEEPING !!!,0.208,0.398,22,1
2024-11-28 10:34:24,SLEEPING !!!,0.211,0.398,22,1
2024-11-28 10:34:24,SLEEPING !!!,0.182,0.413,22,1
2024-11-28 10:34:24,SLEEPING !!!,0.211,0.412,22,1
2024-11-28 10:34:24,SLEEPING !!!,0.206,0.420,22,1
2024-11-28 10:34:24,SLEEPING !!!,0.210,0.442,22,1
2024-11-28 10:34:24,SLEEPING !!!,0.198,0.473,22,1
2024-11-28 10:34:24,SLEEPING !!!,0.199,0.492,22,1
2024-11-28 10:34:24,SLEEPING !!!,0.177,0.484,22,1
2024-11-28 10:34:24,SLEEPING !!!,0.143,0.486,22,1
2024-11-28 10:34:24,SLEEPING !!!,0.109,0.492,22,1
2024-11-28 10:34:24,SLEEPING !!!,0.112,0.490,22,1
2024-11-28 10:34:24,SLEEPING !!!,0.168,0.510,22,1
2024-11-28 10:34:24,SLEEPING !!!,0.180,0.500,22,1
2024-11-28 10:34:24,SLEEPING !!!,0.229,0.491,22,1
2024-11-28 10:34:24,SLEEPING !!!,0.236,0.483,22,1
2024-11-28 10:34:24,SLEEPING !!!,0.232,0.470,22,1
2024-11-28 10:34:24,SLEEPING !!!,0.232,0.480,22,1
2024-11-28 10:34:24,Mild Yawn,0.261,0.452,23,1
2024-11-28 10:34:24,Mild Yawn,0.257,0.421,23,1
2024-11-28 10:34:24,Mild Yawn,0.243,0.426,23,1
2024-11-28 10:34:24,Mild Yawn,0.262,0.394,23,1
2024-11-28 10:34:24,Mild Yawn,0.265,0.399,23,1
2024-11-28 10:34:25,Mild Yawn,0.213,0.341,23,1
2024-11-28 10:34:25,Mild Yawn,0.240,0.355,23,1
2024-11-28 10:34:25,SLEEPING !!!,0.244,0.371,23,1
2024-11-28 10:34:25,Mild Yawn,0.273,0.374,24,1
2024-11-28 10:34:25,Mild Yawn,0.276,0.366,24,1
2024-11-28 10:34:25,Mild Yawn,0.291,0.356,24,1
2024-11-28 10:34:25,Mild Yawn,0.294,0.355,24,1
2024-11-28 10:34:25,Mild Yawn,0.295,0.360,24,1
2024-11-28 10:34:25,Mild Yawn,0.293,0.365,24,1
2024-11-28 10:34:25,Mild Yawn,0.294,0.355,24,1
2024-11-28 10:34:25,Mild Yawn,0.296,0.349,24,1
2024-11-28 10:34:25,Mild Yawn,0.287,0.352,24,1
2024-11-28 10:34:25,Mild Yawn,0.310,0.341,24,1
2024-11-28 10:34:25,Mild Yawn,0.306,0.308,24,1
2024-11-28 10:34:25,Mild Yawn,0.287,0.307,24,1
2024-11-28 10:34:25,Mild Yawn,0.281,0.308,24,1
2024-11-28 10:34:25,Mild Yawn,0.295,0.317,24,1
2024-11-28 10:34:25,Mild Yawn,0.287,0.312,24,1
2024-11-28 10:34:25,Mild Yawn,0.280,0.314,24,1
2024-11-28 10:34:25,Mild Yawn,0.294,0.327,24,1
2024-11-28 10:34:25,Mild Yawn,0.283,0.312,24,1
2024-11-28 10:34:25,Mild Yawn,0.294,0.326,24,1
2024-11-28 10:34:25,Mild Yawn,0.287,0.318,24,1
2024-11-28 10:34:25,Mild Yawn,0.269,0.325,24,1
2024-11-28 10:34:25,Mild Yawn,0.284,0.329,24,1
2024-11-28 10:34:25,Mild Yawn,0.280,0.318,24,1
2024-11-28 10:34:25,Mild Yawn,0.288,0.318,24,1
2024-11-28 10:34:25,Mild Yawn,0.294,0.318,24,1
2024-11-28 10:34:25,Mild Yawn,0.280,0.325,24,1
2024-11-28 10:34:25,Mild Yawn,0.280,0.319,24,1
2024-11-28 10:34:26,Mild Yawn,0.273,0.311,24,1
2024-11-28 10:34:26,Mild Yawn,0.288,0.326,24,1
2024-11-28 10:34:26,Mild Yawn,0.279,0.312,24,1
2024-11-28 10:34:26,Mild Yawn,0.301,0.315,24,1
2024-11-28 10:34:26,Mild Yawn,0.284,0.304,24,1
2024-11-28 10:34:26,Mild Yawn,0.239,0.287,24,1
2024-11-28 10:34:26,Mild Yawn,0.355,0.294,24,1
2024-11-28 10:34:26,Mild Yawn,0.122,0.338,24,1
2024-11-28 10:34:26,Mild Yawn,0.102,0.335,24,1
2024-11-28 10:34:26,SLEEPING !!!,0.116,0.332,24,1
2024-11-28 10:34:26,SLEEPING !!!,0.163,0.339,24,1
2024-11-28 10:34:26,SLEEPING !!!,0.197,0.333,24,1
2024-11-28 10:34:26,SLEEPING !!!,0.232,0.328,24,1
2024-11-28 10:34:26,SLEEPING !!!,0.240,0.328,24,1
2024-11-28 10:34:26,SLEEPING !!!,0.214,0.311,24,1
2024-11-28 10:34:26,SLEEPING !!!,0.217,0.330,24,1
2024-11-28 10:34:26,SLEEPING !!!,0.240,0.320,24,1
2024-11-28 10:34:26,SLEEPING !!!,0.248,0.310,24,1
2024-11-28 10:34:26,Mild Yawn,0.257,0.321,25,1
2024-11-28 10:34:26,Mild Yawn,0.266,0.314,25,1
2024-11-28 10:34:26,Mild Yawn,0.295,0.303,25,1
2024-11-28 10:34:26,Mild Yawn,0.317,0.321,25,1
2024-11-28 10:34:26,Mild Yawn,0.310,0.310,25,1
2024-11-28 10:34:26,Mild Yawn,0.290,0.301,25,1
2024-11-28 10:34:26,Mild Yawn,0.333,0.328,25,1
2024-11-28 10:34:26,Mild Yawn,0.322,0.346,25,1
2024-11-28 10:34:26,Mild Yawn,0.299,0.297,25,1
2024-11-28 10:34:26,Mild Yawn,0.326,0.327,25,1
2024-11-28 10:34:26,Mild Yawn,0.291,0.300,25,1
2024-11-28 10:34:26,Mild Yawn,0.315,0.333,25,1
2024-11-28 10:34:27,Mild Yawn,0.320,0.337,25,1
2024-11-28 10:34:27,Mild Yawn,0.321,0.355,25,1
2024-11-28 10:34:27,Mild Yawn,0.315,0.333,25,1
2024-11-28 10:34:27,Mild Yawn,0.318,0.346,25,1
2024-11-28 10:34:27,Mild Yawn,0.325,0.338,25,1
2024-11-28 10:34:27,Mild Yawn,0.314,0.339,25,1
2024-11-28 10:34:27,Mild Yawn,0.317,0.355,25,1
2024-11-28 10:34:27,Mild Yawn,0.315,0.341,25,1
2024-11-28 10:34:27,Mild Yawn,0.315,0.343,25,1
2024-11-28 10:34:27,Mild Yawn,0.269,0.321,25,1
2024-11-28 10:34:27,Mild Yawn,0.232,0.332,25,1
2024-11-28 10:34:27,Mild Yawn,0.255,0.330,25,1
2024-11-28 10:34:27,Mild Yawn,0.276,0.355,25,1
2024-11-28 10:34:27,Mild Yawn,0.239,0.339,25,1
2024-11-28 10:34:27,Mild Yawn,0.250,0.361,25,1
2024-11-28 10:34:27,Mild Yawn,0.270,0.375,25,1
2024-11-28 10:34:27,Mild Yawn,0.254,0.358,25,1
2024-11-28 10:34:27,Mild Yawn,0.281,0.356,25,1
2024-11-28 10:34:27,Mild Yawn,0.279,0.369,25,1
2024-11-28 10:34:27,Mild Yawn,0.274,0.389,25,1
2024-11-28 10:34:27,Mild Yawn,0.265,0.379,25,1
2024-11-28 10:34:27,Mild Yawn,0.269,0.379,25,1
2024-11-28 10:34:27,Mild Yawn,0.276,0.394,25,1
2024-11-28 10:34:27,Mild Yawn,0.273,0.393,25,1
2024-11-28 10:34:27,Mild Yawn,0.258,0.390,25,1
2024-11-28 10:34:27,Mild Yawn,0.277,0.382,25,1
2024-11-28 10:34:27,Mild Yawn,0.265,0.391,25,1
2024-11-28 10:34:27,Mild Yawn,0.265,0.391,25,1
2024-11-28 10:34:27,Mild Yawn,0.263,0.390,25,1
2024-11-28 10:34:27,Mild Yawn,0.264,0.403,25,1
2024-11-28 10:34:28,Mild Yawn,0.256,0.399,25,1
2024-11-28 10:34:28,Mild Yawn,0.264,0.390,25,1
2024-11-28 10:34:28,Mild Yawn,0.267,0.396,25,1
2024-11-28 10:34:28,Mild Yawn,0.254,0.387,25,1
2024-11-28 10:34:28,Mild Yawn,0.258,0.403,25,1
2024-11-28 10:34:28,Mild Yawn,0.244,0.402,25,1
2024-11-28 10:34:28,Mild Yawn,0.227,0.404,25,1
2024-11-28 10:34:28,Mild Yawn,0.255,0.393,25,1
2024-11-28 10:34:28,Mild Yawn,0.242,0.406,25,1
2024-11-28 10:34:28,Mild Yawn,0.250,0.409,25,1
2024-11-28 10:34:28,Mild Yawn,0.243,0.402,25,1
2024-11-28 10:34:28,Mild Yawn,0.212,0.411,25,1
2024-11-28 10:34:28,SLEEPING !!!,0.235,0.417,25,1
2024-11-28 10:34:28,Mild Yawn,0.250,0.398,26,1
2024-11-28 10:34:28,Mild Yawn,0.251,0.428,26,1
2024-11-28 10:34:28,Mild Yawn,0.247,0.409,26,1
2024-11-28 10:34:28,Mild Yawn,0.240,0.408,26,1
2024-11-28 10:34:28,SLEEPING !!!,0.247,0.413,26,1
2024-11-28 10:34:28,SLEEPING !!!,0.244,0.409,26,1
2024-11-28 10:34:28,SLEEPING !!!,0.248,0.413,26,1
2024-11-28 10:34:28,SLEEPING !!!,0.221,0.412,26,1
2024-11-28 10:34:28,SLEEPING !!!,0.247,0.411,26,1
2024-11-28 10:34:28,SLEEPING !!!,0.232,0.423,26,1
2024-11-28 10:34:28,SLEEPING !!!,0.239,0.415,26,1
2024-11-28 10:34:28,SLEEPING !!!,0.246,0.431,26,1
2024-11-28 10:34:28,SLEEPING !!!,0.247,0.406,26,1
2024-11-28 10:34:28,SLEEPING !!!,0.240,0.421,26,1
2024-11-28 10:34:28,SLEEPING !!!,0.250,0.432,26,1
2024-11-28 10:34:28,Mild Yawn,0.258,0.423,27,1
2024-11-28 10:34:29,Mild Yawn,0.239,0.434,27,1
2024-11-28 10:34:29,Mild Yawn,0.220,0.418,27,1
2024-11-28 10:34:29,SLEEPING !!!,0.162,0.430,27,1
2024-11-28 10:34:29,SLEEPING !!!,0.162,0.439,27,1
2024-11-28 10:34:29,SLEEPING !!!,0.203,0.443,27,1
2024-11-28 10:34:29,SLEEPING !!!,0.183,0.439,27,1
2024-11-28 10:34:29,SLEEPING !!!,0.205,0.432,27,1
2024-11-28 10:34:29,SLEEPING !!!,0.233,0.434,27,1
2024-11-28 10:34:29,Mild Yawn,0.250,0.434,28,1
2024-11-28 10:34:29,Mild Yawn,0.231,0.423,28,1
2024-11-28 10:34:29,Mild Yawn,0.246,0.419,28,1
2024-11-28 10:34:29,Mild Yawn,0.258,0.430,28,1
2024-11-28 10:34:29,Mild Yawn,0.238,0.436,28,1
2024-11-28 10:34:29,Mild Yawn,0.259,0.422,28,1
2024-11-28 10:34:29,Mild Yawn,0.250,0.407,28,1
2024-11-28 10:34:29,Mild Yawn,0.248,0.409,28,1
2024-11-28 10:34:29,Mild Yawn,0.250,0.396,28,1
2024-11-28 10:34:29,Mild Yawn,0.250,0.396,28,1
2024-11-28 10:34:29,Mild Yawn,0.261,0.390,28,1
2024-11-28 10:34:29,Mild Yawn,0.252,0.390,28,1
2024-11-28 10:34:29,Mild Yawn,0.240,0.373,28,1
2024-11-28 10:34:29,Mild Yawn,0.240,0.380,28,1
2024-11-28 10:34:29,Mild Yawn,0.251,0.382,28,1
2024-11-28 10:34:29,Mild Yawn,0.226,0.386,28,1
2024-11-28 10:34:29,Mild Yawn,0.221,0.384,28,1
2024-11-28 10:34:29,SLEEPING !!!,0.225,0.401,28,1
2024-11-28 10:34:30,SLEEPING !!!,0.215,0.387,28,1
2024-11-28 10:34:30,SLEEPING !!!,0.225,0.406,28,1
2024-11-28 10:34:30,SLEEPING !!!,0.208,0.401,28,1
2024-11-28 10:34:30,SLEEPING !!!,0.214,0.398,28,1
2024-11-28 10:34:30,SLEEPING !!!,0.198,0.417,28,1
2024-11-28 10:34:30,SLEEPING !!!,0.144,0.408,28,1
2024-11-28 10:34:30,SLEEPING !!!,0.144,0.417,28,1
2024-11-28 10:34:30,SLEEPING !!!,0.142,0.428,28,1
2024-11-28 10:34:30,SLEEPING !!!,0.150,0.435,28,1
2024-11-28 10:34:30,SLEEPING !!!,0.165,0.413,28,1
2024-11-28 10:34:30,SLEEPING !!!,0.174,0.424,28,1
2024-11-28 10:34:30,SLEEPING !!!,0.170,0.420,28,1
2024-11-28 10:34:30,SLEEPING !!!,0.146,0.423,28,1
2024-11-28 10:34:30,SLEEPING !!!,0.168,0.443,28,1
2024-11-28 10:34:30,SLEEPING !!!,0.151,0.432,28,1
2024-11-28 10:34:30,SLEEPING !!!,0.150,0.432,28,1
2024-11-28 10:34:30,SLEEPING !!!,0.155,0.438,28,1
2024-11-28 10:34:30,SLEEPING !!!,0.180,0.444,28,1
2024-11-28 10:34:30,SLEEPING !!!,0.150,0.446,28,1
2024-11-28 10:34:30,SLEEPING !!!,0.152,0.443,28,1
2024-11-28 10:34:30,SLEEPING !!!,0.144,0.473,28,1
2024-11-28 10:34:30,SLEEPING !!!,0.156,0.486,28,1
2024-11-28 10:34:30,SLEEPING !!!,0.151,0.514,28,1
2024-11-28 10:34:30,SLEEPING !!!,0.175,0.505,28,1
2024-11-28 10:34:30,SLEEPING !!!,0.152,0.505,28,1
2024-11-28 10:34:30,SLEEPING !!!,0.168,0.476,28,1
2024-11-28 10:34:30,SLEEPING !!!,0.192,0.492,28,1
2024-11-28 10:34:30,SLEEPING !!!,0.183,0.466,28,1
2024-11-28 10:34:30,SLEEPING !!!,0.209,0.465,28,1
2024-11-28 10:34:30,SLEEPING !!!,0.211,0.501,28,1
2024-11-28 10:34:30,SLEEPING !!!,0.214,0.498,28,1
2024-11-28 10:34:30,SLEEPING !!!,0.191,0.466,28,1
2024-11-28 10:34:30,SLEEPING !!!,0.199,0.454,28,1
2024-11-28 10:34:31,SLEEPING !!!,0.243,0.496,28,1
2024-11-28 10:34:31,SLEEPING !!!,0.243,0.463,28,1
2024-11-28 10:34:31,SLEEPING !!!,0.235,0.475,28,1
2024-11-28 10:34:31,Mild Yawn,0.258,0.409,29,1
2024-11-28 10:34:31,Mild Yawn,0.276,0.476,29,1
2024-11-28 10:34:31,Mild Yawn,0.280,0.457,29,1
2024-11-28 10:34:31,Mild Yawn,0.294,0.433,29,1
2024-11-28 10:34:31,Mild Yawn,0.269,0.454,29,1
2024-11-28 10:34:31,Mild Yawn,0.247,0.452,29,1
2024-11-28 10:34:31,Mild Yawn,0.284,0.433,29,1
2024-11-28 10:34:31,Mild Yawn,0.254,0.438,29,1
2024-11-28 10:34:31,Mild Yawn,0.262,0.443,29,1
2024-11-28 10:34:31,Mild Yawn,0.254,0.447,29,1
2024-11-28 10:34:31,Mild Yawn,0.259,0.427,29,1
2024-11-28 10:34:31,Mild Yawn,0.243,0.422,29,1
2024-11-28 10:34:31,Mild Yawn,0.298,0.469,29,1
2024-11-28 10:34:31,Mild Yawn,0.295,0.458,29,1
2024-11-28 10:34:31,Mild Yawn,0.297,0.443,29,1
2024-11-28 10:34:31,Mild Yawn,0.324,0.443,29,1
2024-11-28 10:34:31,Mild Yawn,0.309,0.456,29,1
2024-11-28 10:34:31,Mild Yawn,0.307,0.443,29,1
2024-11-28 10:34:31,Mild Yawn,0.265,0.440,29,1
2024-11-28 10:34:31,Mild Yawn,0.269,0.428,29,1
2024-11-28 10:34:31,Mild Yawn,0.280,0.435,29,1
2024-11-28 10:34:31,Mild Yawn,0.258,0.449,29,1
2024-11-28 10:34:31,Mild Yawn,0.254,0.432,29,1
2024-11-28 10:34:31,Mild Yawn,0.258,0.442,29,1
2024-11-28 10:34:31,Mild Yawn,0.231,0.425,29,1
2024-11-28 10:34:31,Mild Yawn,0.246,0.451,29,1
2024-11-28 10:34:31,Mild Yawn,0.262,0.460,29,1
2024-11-28 10:34:31,Mild Yawn,0.239,0.436,29,1
2024-11-28 10:34:32,Mild Yawn,0.232,0.441,29,1
2024-11-28 10:34:32,SLEEPING !!!,0.243,0.451,29,1
2024-11-28 10:34:32,SLEEPING !!!,0.239,0.436,29,1
2024-11-28 10:34:32,SLEEPING !!!,0.235,0.450,29,1
2024-11-28 10:34:32,SLEEPING !!!,0.228,0.440,29,1
2024-11-28 10:34:32,SLEEPING !!!,0.232,0.450,29,1
2024-11-28 10:34:32,SLEEPING !!!,0.222,0.449,29,1
2024-11-28 10:34:32,SLEEPING !!!,0.232,0.449,29,1
2024-11-28 10:34:32,SLEEPING !!!,0.236,0.445,29,1
2024-11-28 10:34:32,SLEEPING !!!,0.224,0.450,29,1
2024-11-28 10:34:32,SLEEPING !!!,0.216,0.457,29,1
2024-11-28 10:34:32,SLEEPING !!!,0.147,0.468,29,1
2024-11-28 10:34:32,SLEEPING !!!,0.122,0.455,29,1
2024-11-28 10:34:32,SLEEPING !!!,0.130,0.458,29,1
2024-11-28 10:34:32,SLEEPING !!!,0.160,0.463,29,1
2024-11-28 10:34:32,SLEEPING !!!,0.165,0.457,29,1
2024-11-28 10:34:32,SLEEPING !!!,0.183,0.458,29,1
2024-11-28 10:34:32,SLEEPING !!!,0.199,0.439,29,1
2024-11-28 10:34:32,SLEEPING !!!,0.210,0.441,29,1
2024-11-28 10:34:32,SLEEPING !!!,0.213,0.417,29,1
2024-11-28 10:34:32,SLEEPING !!!,0.225,0.428,29,1
2024-11-28 10:34:32,SLEEPING !!!,0.218,0.413,29,1
2024-11-28 10:34:32,SLEEPING !!!,0.226,0.403,29,1
2024-11-28 10:34:32,SLEEPING !!!,0.233,0.433,29,1
2024-11-28 10:34:32,SLEEPING !!!,0.205,0.437,29,1
2024-11-28 10:34:32,Mild Yawn,0.251,0.416,30,1
2024-11-28 10:34:32,Mild Yawn,0.233,0.413,30,1
2024-11-28 10:34:32,Mild Yawn,0.243,0.427,30,1
2024-11-28 10:34:32,Mild Yawn,0.266,0.420,30,1
2024-11-28 10:34:32,Mild Yawn,0.278,0.388,30,1
2024-11-28 10:34:33,Mild Yawn,0.290,0.385,30,1
2024-11-28 10:34:33,Mild Yawn,0.278,0.356,30,1
2024-11-28 10:34:33,Mild Yawn,0.216,0.377,30,1
2024-11-28 10:34:33,Mild Yawn,0.139,0.387,30,1
2024-11-28 10:34:33,SLEEPING !!!,0.131,0.373,30,1
2024-11-28 10:34:33,SLEEPING !!!,0.110,0.367,30,1
2024-11-28 10:34:33,SLEEPING !!!,0.128,0.371,30,1
2024-11-28 10:34:33,Mild Yawn,0.303,0.356,31,1
2024-11-28 10:34:33,Mild Yawn,0.243,0.361,31,1
2024-11-28 10:34:33,Mild Yawn,0.218,0.384,31,1
2024-11-28 10:34:33,SLEEPING !!!,0.222,0.378,31,1
2024-11-28 10:34:33,SLEEPING !!!,0.211,0.374,31,1
2024-11-28 10:34:33,SLEEPING !!!,0.190,0.396,31,1
2024-11-28 10:34:33,SLEEPING !!!,0.240,0.423,31,1
2024-11-28 10:34:33,Mild Yawn,0.265,0.400,32,1
2024-11-28 10:34:33,Mild Yawn,0.258,0.400,32,1
2024-11-28 10:34:33,Mild Yawn,0.265,0.371,32,1
2024-11-28 10:34:33,Mild Yawn,0.265,0.384,32,1
2024-11-28 10:34:33,Mild Yawn,0.261,0.362,32,1
2024-11-28 10:34:33,Mild Yawn,0.239,0.387,32,1
2024-11-28 10:34:33,Mild Yawn,0.261,0.389,32,1
2024-11-28 10:34:33,Mild Yawn,0.239,0.384,32,1
2024-11-28 10:34:33,Mild Yawn,0.261,0.350,32,1
2024-11-28 10:34:33,Mild Yawn,0.287,0.358,32,1
2024-11-28 10:34:33,Mild Yawn,0.271,0.424,32,1
2024-11-28 10:34:33,Mild Yawn,0.265,0.345,32,1
2024-11-28 10:34:33,Mild Yawn,0.253,0.359,32,1
2024-11-28 10:34:33,Mild Yawn,0.286,0.414,32,1
2024-11-28 10:34:33,Mild Yawn,0.254,0.387,32,1
2024-11-28 10:34:34,Mild Yawn,0.254,0.361,32,1
2024-11-28 10:34:34,Mild Yawn,0.261,0.369,32,1
2024-11-28 10:34:34,Mild Yawn,0.255,0.385,32,1
2024-11-28 10:34:34,Mild Yawn,0.262,0.369,32,1
2024-11-28 10:34:34,Mild Yawn,0.247,0.389,32,1
2024-11-28 10:34:34,Mild Yawn,0.243,0.387,32,1
2024-11-28 10:34:34,SLEEPING !!!,0.243,0.389,32,1
2024-11-28 10:34:34,SLEEPING !!!,0.232,0.421,32,1
2024-11-28 10:34:34,Mild Yawn,0.258,0.432,33,1
2024-11-28 10:34:34,Mild Yawn,0.214,0.409,33,1
2024-11-28 10:34:34,Mild Yawn,0.184,0.397,33,1
2024-11-28 10:34:34,SLEEPING !!!,0.230,0.424,33,1
2024-11-28 10:34:34,SLEEPING !!!,0.230,0.398,33,1
2024-11-28 10:34:34,SLEEPING !!!,0.187,0.398,33,1
2024-11-28 10:34:34,SLEEPING !!!,0.185,0.401,33,1
2024-11-28 10:34:34,SLEEPING !!!,0.230,0.407,33,1
2024-11-28 10:34:34,SLEEPING !!!,0.243,0.387,33,1
2024-11-28 10:34:34,SLEEPING !!!,0.237,0.392,33,1
2024-11-28 10:34:34,SLEEPING !!!,0.240,0.402,33,1
2024-11-28 10:34:34,Mild Yawn,0.271,0.397,34,1
2024-11-28 10:34:34,Mild Yawn,0.261,0.393,34,1
2024-11-28 10:34:34,Mild Yawn,0.254,0.395,34,1
2024-11-28 10:34:34,Mild Yawn,0.251,0.389,34,1
2024-11-28 10:34:34,Mild Yawn,0.271,0.392,34,1
2024-11-28 10:34:34,Mild Yawn,0.250,0.400,34,1
2024-11-28 10:34:34,Mild Yawn,0.258,0.406,34,1
2024-11-28 10:34:34,Mild Yawn,0.268,0.402,34,1
2024-11-28 10:34:34,Mild Yawn,0.261,0.377,34,1
2024-11-28 10:34:34,Mild Yawn,0.265,0.401,34,1
2024-11-28 10:34:34,Mild Yawn,0.265,0.397,34,1
2024-11-28 10:34:35,Mild Yawn,0.272,0.404,34,1
2024-11-28 10:34:35,Mild Yawn,0.258,0.401,34,1
2024-11-28 10:34:35,Mild Yawn,0.254,0.402,34,1
2024-11-28 10:34:35,Mild Yawn,0.256,0.401,34,1
2024-11-28 10:34:35,Mild Yawn,0.269,0.407,34,1
2024-11-28 10:34:35,Mild Yawn,0.266,0.409,34,1
2024-11-28 10:34:35,Mild Yawn,0.262,0.420,34,1
2024-11-28 10:34:35,Mild Yawn,0.270,0.412,34,1
2024-11-28 10:34:35,Mild Yawn,0.264,0.396,34,1
2024-11-28 10:34:35,Mild Yawn,0.269,0.395,34,1
2024-11-28 10:34:35,Mild Yawn,0.269,0.391,34,1
2024-11-28 10:34:35,Mild Yawn,0.269,0.408,34,1
2024-11-28 10:34:35,Mild Yawn,0.283,0.408,34,1
2024-11-28 10:34:35,Mild Yawn,0.280,0.409,34,1
2024-11-28 10:34:35,Mild Yawn,0.244,0.400,34,1
2024-11-28 10:34:35,Mild Yawn,0.263,0.416,34,1
2024-11-28 10:34:35,Mild Yawn,0.258,0.414,34,1
2024-11-28 10:34:35,Mild Yawn,0.266,0.402,34,1
2024-11-28 10:34:35,Mild Yawn,0.265,0.403,34,1
2024-11-28 10:34:35,Mild Yawn,0.276,0.392,34,1
2024-11-28 10:34:35,Mild Yawn,0.258,0.401,34,1
2024-11-28 10:34:35,Mild Yawn,0.254,0.423,34,1
2024-11-28 10:34:35,Mild Yawn,0.254,0.403,34,1
2024-11-28 10:34:35,Mild Yawn,0.240,0.411,34,1
2024-11-28 10:34:35,Mild Yawn,0.258,0.406,34,1
2024-11-28 10:34:35,Mild Yawn,0.233,0.415,34,1
2024-11-28 10:34:35,Mild Yawn,0.251,0.414,34,1
2024-11-28 10:34:35,Mild Yawn,0.257,0.398,34,1
2024-11-28 10:34:35,Mild Yawn,0.273,0.404,34,1
2024-11-28 10:34:35,Mild Yawn,0.273,0.411,34,1
2024-11-28 10:34:35,Mild Yawn,0.258,0.407,34,1
2024-11-28 10:34:36,Mild Yawn,0.265,0.427,34,1
2024-11-28 10:34:36,Mild Yawn,0.258,0.421,34,1
2024-11-28 10:34:36,Mild Yawn,0.261,0.411,34,1
2024-11-28 10:34:36,Mild Yawn,0.254,0.395,34,1
2024-11-28 10:34:36,Mild Yawn,0.261,0.408,34,1
2024-11-28 10:34:36,Mild Yawn,0.250,0.420,34,1
2024-11-28 10:34:36,Mild Yawn,0.268,0.427,34,1
2024-11-28 10:34:36,Mild Yawn,0.278,0.418,34,1
2024-11-28 10:34:36,Mild Yawn,0.265,0.436,34,1
2024-11-28 10:34:36,Mild Yawn,0.268,0.423,34,1
2024-11-28 10:34:36,Mild Yawn,0.286,0.421,34,1
2024-11-28 10:34:36,Mild Yawn,0.265,0.445,34,1
2024-11-28 10:34:36,Mild Yawn,0.257,0.420,34,1
2024-11-28 10:34:36,Mild Yawn,0.258,0.421,34,1
2024-11-28 10:34:36,Mild Yawn,0.250,0.417,34,1
2024-11-28 10:34:36,Mild Yawn,0.244,0.421,34,1
2024-11-28 10:34:36,Mild Yawn,0.187,0.417,34,1
2024-11-28 10:34:36,SLEEPING !!!,0.218,0.429,34,1
2024-11-28 10:34:36,SLEEPING !!!,0.235,0.443,34,1
2024-11-28 10:34:36,SLEEPING !!!,0.233,0.434,34,1
2024-11-28 10:34:36,SLEEPING !!!,0.242,0.438,34,1
2024-11-28 10:34:36,Mild Yawn,0.251,0.441,35,1
2024-11-28 10:34:36,Mild Yawn,0.182,0.441,35,1
2024-11-28 10:34:36,Mild Yawn,0.196,0.423,35,1
2024-11-28 10:34:36,SLEEPING !!!,0.203,0.415,35,1
2024-11-28 10:34:36,SLEEPING !!!,0.204,0.421,35,1
2024-11-28 10:34:36,SLEEPING !!!,0.232,0.426,35,1
2024-11-28 10:34:36,SLEEPING !!!,0.240,0.406,35,1
2024-11-28 10:34:36,Mild Yawn,0.261,0.424,36,1
2024-11-28 10:34:36,Mild Yawn,0.250,0.411,36,1
2024-11-28 10:34:37,Mild Yawn,0.254,0.413,36,1
2024-11-28 10:34:37,Mild Yawn,0.258,0.422,36,1
2024-11-28 10:34:37,Mild Yawn,0.262,0.430,36,1
2024-11-28 10:34:37,Mild Yawn,0.268,0.424,36,1
2024-11-28 10:34:37,Mild Yawn,0.275,0.418,36,1
2024-11-28 10:34:37,Mild Yawn,0.268,0.418,36,1
2024-11-28 10:34:37,Mild Yawn,0.267,0.423,36,1
2024-11-28 10:34:37,Mild Yawn,0.261,0.417,36,1
2024-11-28 10:34:37,Mild Yawn,0.233,0.424,36,1
2024-11-28 10:34:37,Mild Yawn,0.186,0.439,36,1
2024-11-28 10:34:37,SLEEPING !!!,0.216,0.431,36,1
2024-11-28 10:34:37,SLEEPING !!!,0.239,0.426,36,1
2024-11-28 10:34:37,SLEEPING !!!,0.236,0.430,36,1
2024-11-28 10:34:37,SLEEPING !!!,0.188,0.428,36,1
2024-11-28 10:34:37,SLEEPING !!!,0.197,0.426,36,1
2024-11-28 10:34:37,SLEEPING !!!,0.195,0.415,36,1
2024-11-28 10:34:37,SLEEPING !!!,0.214,0.432,36,1
2024-11-28 10:34:37,SLEEPING !!!,0.225,0.412,36,1
2024-11-28 10:34:37,SLEEPING !!!,0.241,0.435,36,1
2024-11-28 10:34:37,Mild Yawn,0.254,0.426,37,1
2024-11-28 10:34:37,Mild Yawn,0.243,0.427,37,1
2024-11-28 10:34:37,Mild Yawn,0.254,0.424,37,1
2024-11-28 10:34:37,Mild Yawn,0.261,0.423,37,1
2024-11-28 10:34:37,Mild Yawn,0.275,0.438,37,1
2024-11-28 10:34:37,Mild Yawn,0.251,0.436,37,1
2024-11-28 10:34:37,Mild Yawn,0.254,0.450,37,1
2024-11-28 10:34:37,Mild Yawn,0.272,0.445,37,1
2024-11-28 10:34:37,Mild Yawn,0.240,0.412,37,1
2024-11-28 10:34:37,Mild Yawn,0.262,0.455,37,1
2024-11-28 10:34:37,Mild Yawn,0.268,0.474,37,1
2024-11-28 10:34:38,Mild Yawn,0.258,0.498,37,1
2024-11-28 10:34:38,Mild Yawn,0.279,0.512,37,1
2024-11-28 10:34:38,Mild Yawn,0.260,0.528,37,1
2024-11-28 10:34:38,Mild Yawn,0.287,0.575,37,1
2024-11-28 10:34:38,Moderate Yawn !,0.279,0.604,37,1
2024-11-28 10:34:38,Moderate Yawn !,0.282,0.632,37,1
2024-11-28 10:34:38,Moderate Yawn !,0.261,0.683,37,1
2024-11-28 10:34:38,Moderate Yawn !,0.264,0.702,37,1
2024-11-28 10:34:38,Moderate Yawn !,0.265,0.661,37,1
2024-11-28 10:34:38,Moderate Yawn !,0.265,0.620,37,1
2024-11-28 10:34:38,Moderate Yawn !,0.254,0.643,37,1
2024-11-28 10:34:38,Moderate Yawn !,0.261,0.646,37,1
2024-11-28 10:34:38,Moderate Yawn !,0.268,0.633,37,1
2024-11-28 10:34:38,Moderate Yawn !,0.290,0.633,37,1
2024-11-28 10:34:38,Moderate Yawn !,0.269,0.641,37,1
2024-11-28 10:34:38,Moderate Yawn !,0.290,0.639,37,1
2024-11-28 10:34:38,Moderate Yawn !,0.287,0.662,37,1
2024-11-28 10:34:38,Moderate Yawn !,0.265,0.639,37,1
2024-11-28 10:34:38,Moderate Yawn !,0.271,0.657,37,1
2024-11-28 10:34:38,Moderate Yawn !,0.271,0.664,37,1
2024-11-28 10:34:38,Moderate Yawn !,0.262,0.649,37,1
2024-11-28 10:34:38,Moderate Yawn !,0.265,0.668,37,1
2024-11-28 10:34:38,Moderate Yawn !,0.257,0.661,37,1
2024-11-28 10:34:38,Moderate Yawn !,0.254,0.651,37,1
2024-11-28 10:34:38,Moderate Yawn !,0.276,0.660,37,1
2024-11-28 10:34:38,Moderate Yawn !,0.265,0.637,37,1
2024-11-28 10:34:38,Moderate Yawn !,0.283,0.643,37,1
2024-11-28 10:34:38,Moderate Yawn !,0.272,0.642,37,1
2024-11-28 10:34:38,Moderate Yawn !,0.268,0.675,37,1
2024-11-28 10:34:39,Moderate Yawn !,0.273,0.649,37,1
2024-11-28 10:34:39,Moderate Yawn !,0.283,0.662,37,1
2024-11-28 10:34:39,Moderate Yawn !,0.273,0.647,37,1
2024-11-28 10:34:39,Moderate Yawn !,0.258,0.699,37,1
2024-11-28 10:34:39,Moderate Yawn !,0.258,0.696,37,1
2024-11-28 10:34:39,Moderate Yawn !,0.251,0.680,37,1
2024-11-28 10:34:39,Moderate Yawn !,0.232,0.686,37,1
2024-11-28 10:34:39,Moderate Yawn !,0.247,0.695,37,1
2024-11-28 10:34:39,Moderate Yawn !,0.259,0.700,37,1
2024-11-28 10:34:39,Moderate Yawn !,0.269,0.702,37,1
2024-11-28 10:34:39,Moderate Yawn !,0.236,0.706,37,1
2024-11-28 10:34:39,Moderate Yawn !,0.269,0.693,37,1
2024-11-28 10:34:39,Moderate Yawn !,0.250,0.716,37,1
2024-11-28 10:34:39,Moderate Yawn !,0.220,0.677,37,1
2024-11-28 10:34:39,Moderate Yawn !,0.262,0.718,37,1
2024-11-28 10:34:39,Moderate Yawn !,0.250,0.737,37,1
2024-11-28 10:34:39,Moderate Yawn !,0.251,0.749,37,1
2024-11-28 10:34:39,Moderate Yawn !,0.273,0.756,37,1
2024-11-28 10:34:39,Moderate Yawn !,0.243,0.740,37,1
2024-11-28 10:34:39,Moderate Yawn !,0.228,0.737,37,1
2024-11-28 10:34:39,SLEEPING !!!,0.188,0.755,37,1
2024-11-28 10:34:39,SLEEPING !!!,0.194,0.787,37,1
2024-11-28 10:34:39,SLEEPING !!!,0.163,0.776,37,1
2024-11-28 10:34:39,SLEEPING !!!,0.177,0.774,37,1
2024-11-28 10:34:39,SLEEPING !!!,0.199,0.727,37,1
2024-11-28 10:34:39,SLEEPING !!!,0.205,0.716,37,1
2024-11-28 10:34:39,SLEEPING !!!,0.188,0.724,37,1
2024-11-28 10:34:39,SLEEPING !!!,0.220,0.758,37,1
2024-11-28 10:34:39,SLEEPING !!!,0.220,0.713,37,1
2024-11-28 10:34:39,SLEEPING !!!,0.221,0.709,37,1
2024-11-28 10:34:39,SLEEPING !!!,0.205,0.699,37,1
2024-11-28 10:34:40,SLEEPING !!!,0.219,0.704,37,1
2024-11-28 10:34:40,SLEEPING !!!,0.217,0.711,37,1
2024-11-28 10:34:40,SLEEPING !!!,0.220,0.696,37,1
2024-11-28 10:34:40,SLEEPING !!!,0.231,0.675,37,1
2024-11-28 10:34:40,SLEEPING !!!,0.243,0.678,37,1
2024-11-28 10:34:40,SLEEPING !!!,0.209,0.673,37,1
2024-11-28 10:34:40,SLEEPING !!!,0.216,0.677,37,1
2024-11-28 10:34:40,SLEEPING !!!,0.203,0.662,37,1
2024-11-28 10:34:40,SLEEPING !!!,0.183,0.691,37,1
2024-11-28 10:34:40,SLEEPING !!!,0.194,0.674,37,1
2024-11-28 10:34:40,SLEEPING !!!,0.207,0.678,37,1
2024-11-28 10:34:40,SLEEPING !!!,0.179,0.636,37,1
2024-11-28 10:34:40,SLEEPING !!!,0.185,0.653,37,1
2024-11-28 10:34:40,SLEEPING !!!,0.190,0.685,37,1
2024-11-28 10:34:40,SLEEPING !!!,0.203,0.685,37,1
2024-11-28 10:34:40,SLEEPING !!!,0.172,0.658,37,1
2024-11-28 10:34:40,Moderate Yawn !,0.255,0.689,38,1
2024-11-28 10:34:40,Moderate Yawn !,0.129,0.654,38,1
2024-11-28 10:34:40,Moderate Yawn !,0.171,0.656,38,1
2024-11-28 10:34:40,SLEEPING !!!,0.183,0.638,38,1
2024-11-28 10:34:40,SLEEPING !!!,0.203,0.636,38,1
2024-11-28 10:34:40,SLEEPING !!!,0.203,0.637,38,1
2024-11-28 10:34:40,SLEEPING !!!,0.213,0.631,38,1
2024-11-28 10:34:40,SLEEPING !!!,0.220,0.678,38,1
2024-11-28 10:34:40,SLEEPING !!!,0.229,0.631,38,1
2024-11-28 10:34:40,SLEEPING !!!,0.226,0.610,38,1
2024-11-28 10:34:40,SLEEPING !!!,0.229,0.601,38,1
2024-11-28 10:34:40,SLEEPING !!!,0.215,0.575,38,1
2024-11-28 10:34:40,SLEEPING !!!,0.227,0.551,38,1
2024-11-28 10:34:40,SLEEPING !!!,0.230,0.558,38,1
2024-11-28 10:34:41,SLEEPING !!!,0.243,0.540,38,1
2024-11-28 10:34:41,SLEEPING !!!,0.224,0.518,38,1
2024-11-28 10:34:41,SLEEPING !!!,0.209,0.506,38,1
2024-11-28 10:34:41,SLEEPING !!!,0.214,0.520,38,1
2024-11-28 10:34:41,SLEEPING !!!,0.209,0.513,38,1
2024-11-28 10:34:41,SLEEPING !!!,0.200,0.505,38,1
2024-11-28 10:34:41,SLEEPING !!!,0.198,0.491,38,1
2024-11-28 10:34:41,SLEEPING !!!,0.202,0.506,38,1
2024-11-28 10:34:41,SLEEPING !!!,0.202,0.495,38,1
2024-11-28 10:34:41,SLEEPING !!!,0.208,0.528,38,1
2024-11-28 10:34:41,SLEEPING !!!,0.199,0.536,38,1
2024-11-28 10:34:41,SLEEPING !!!,0.217,0.555,38,1
2024-11-28 10:34:41,SLEEPING !!!,0.226,0.536,38,1
2024-11-28 10:34:41,SLEEPING !!!,0.221,0.554,38,1
2024-11-28 10:34:41,SLEEPING !!!,0.219,0.561,38,1
2024-11-28 10:34:41,SLEEPING !!!,0.217,0.509,38,1
2024-11-28 10:34:41,SLEEPING !!!,0.223,0.550,38,1
2024-11-28 10:34:41,SLEEPING !!!,0.235,0.539,38,1
2024-11-28 10:34:41,SLEEPING !!!,0.217,0.578,38,1
2024-11-28 10:34:41,SLEEPING !!!,0.239,0.631,38,1
2024-11-28 10:34:41,SLEEPING !!!,0.210,0.579,38,1
2024-11-28 10:34:41,SLEEPING !!!,0.236,0.579,38,1
2024-11-28 10:34:41,SLEEPING !!!,0.209,0.587,38,1
2024-11-28 10:34:41,SLEEPING !!!,0.216,0.604,38,1
2024-11-28 10:34:41,SLEEPING !!!,0.222,0.567,38,1
2024-11-28 10:34:41,SLEEPING !!!,0.222,0.611,38,1
2024-11-28 10:34:41,SLEEPING !!!,0.178,0.579,38,1
2024-11-28 10:34:41,SLEEPING !!!,0.122,0.580,38,1
2024-11-28 10:34:41,Mild Yawn,0.306,0.570,39,1
2024-11-28 10:34:41,Mild Yawn,0.353,0.584,39,1
2024-11-28 10:34:42,Mild Yawn,0.242,0.515,39,1
2024-11-28 10:34:42,Mild Yawn,0.261,0.574,39,1
2024-11-28 10:34:43,Mild Yawn,0.147,0.418,39,1
2024-11-28 10:34:44,Mild Yawn,0.134,0.424,39,1
2024-11-28 10:34:44,SLEEPING !!!,0.146,0.439,39,1
2024-11-28 10:34:44,SLEEPING !!!,0.137,0.452,39,1
2024-11-28 10:34:44,SLEEPING !!!,0.144,0.413,39,1
2024-11-28 10:34:44,SLEEPING !!!,0.126,0.442,39,1
2024-11-28 10:34:44,SLEEPING !!!,0.129,0.405,39,1
2024-11-28 10:34:44,SLEEPING !!!,0.167,0.361,39,1
2024-11-28 10:34:44,SLEEPING !!!,0.137,0.426,39,1
2024-11-28 10:34:44,SLEEPING !!!,0.124,0.542,39,1
2024-11-28 10:34:44,SLEEPING !!!,0.110,0.498,39,1
2024-11-28 10:34:44,SLEEPING !!!,0.134,0.442,39,1
2024-11-28 10:34:44,SLEEPING !!!,0.124,0.437,39,1
2024-11-28 10:34:44,SLEEPING !!!,0.140,0.332,39,1
2024-11-28 10:34:44,SLEEPING !!!,0.133,0.410,39,1
2024-11-28 10:34:44,SLEEPING !!!,0.129,0.385,39,1
2024-11-28 10:34:44,SLEEPING !!!,0.127,0.349,39,1
2024-11-28 10:34:44,SLEEPING !!!,0.130,0.367,39,1
2024-11-28 10:34:44,SLEEPING !!!,0.149,0.342,39,1
2024-11-28 10:34:44,SLEEPING !!!,0.105,0.409,39,1
2024-11-28 10:34:44,SLEEPING !!!,0.110,0.361,39,1
2024-11-28 10:34:44,SLEEPING !!!,0.127,0.348,39,1
2024-11-28 10:34:44,SLEEPING !!!,0.115,0.370,39,1
2024-11-28 10:34:44,SLEEPING !!!,0.137,0.364,39,1
2024-11-28 10:34:44,SLEEPING !!!,0.135,0.363,39,1
2024-11-28 10:34:44,SLEEPING !!!,0.153,0.396,39,1
2024-11-28 10:34:45,SLEEPING !!!,0.156,0.449,39,1
2024-11-28 10:34:45,SLEEPING !!!,0.148,0.566,39,1
2024-11-28 10:34:45,SLEEPING !!!,0.144,0.551,39,1
2024-11-28 10:34:45,SLEEPING !!!,0.137,0.574,39,1
2024-11-28 10:34:45,SLEEPING !!!,0.137,0.569,39,1
2024-11-28 10:34:45,SLEEPING !!!,0.125,0.592,39,1
2024-11-28 10:34:45,SLEEPING !!!,0.140,0.581,39,1
2024-11-28 10:34:45,SLEEPING !!!,0.187,0.537,39,1
2024-11-28 10:34:45,Mild Yawn,0.253,0.509,40,1
2024-11-28 10:34:45,Mild Yawn,0.236,0.449,40,1
2024-11-28 10:34:45,Mild Yawn,0.221,0.457,40,1
2024-11-28 10:34:45,SLEEPING !!!,0.200,0.397,40,1
2024-11-28 10:34:45,SLEEPING !!!,0.211,0.403,40,1
2024-11-28 10:34:45,SLEEPING !!!,0.188,0.392,40,1
2024-11-28 10:34:45,SLEEPING !!!,0.204,0.403,40,1
2024-11-28 10:34:45,SLEEPING !!!,0.196,0.395,40,1
2024-11-28 10:34:45,SLEEPING !!!,0.212,0.375,40,1
2024-11-28 10:34:45,SLEEPING !!!,0.217,0.367,40,1
2024-11-28 10:34:45,SLEEPING !!!,0.195,0.364,40,1
2024-11-28 10:34:45,SLEEPING !!!,0.197,0.366,40,1
2024-11-28 10:34:45,SLEEPING !!!,0.205,0.387,40,1
2024-11-28 10:34:45,SLEEPING !!!,0.211,0.422,40,1
2024-11-28 10:34:45,SLEEPING !!!,0.215,0.443,40,1
2024-11-28 10:34:45,SLEEPING !!!,0.195,0.470,40,1
2024-11-28 10:34:45,SLEEPING !!!,0.202,0.457,40,1
2024-11-28 10:34:45,SLEEPING !!!,0.197,0.461,40,1
2024-11-28 10:34:45,SLEEPING !!!,0.179,0.456,40,1
2024-11-28 10:34:45,SLEEPING !!!,0.209,0.413,40,1
2024-11-28 10:34:45,SLEEPING !!!,0.148,0.432,40,1
2024-11-28 10:34:45,SLEEPING !!!,0.172,0.416,40,1
2024-11-28 10:34:45,SLEEPING !!!,0.172,0.445,40,1
2024-11-28 10:34:46,SLEEPING !!!,0.182,0.464,40,1
2024-11-28 10:34:46,SLEEPING !!!,0.197,0.451,40,1
2024-11-28 10:34:46,SLEEPING !!!,0.222,0.443,40,1
2024-11-28 10:34:46,SLEEPING !!!,0.221,0.417,40,1
2024-11-28 10:34:46,SLEEPING !!!,0.217,0.427,40,1
2024-11-28 10:34:46,SLEEPING !!!,0.219,0.422,40,1
2024-11-28 10:34:46,SLEEPING !!!,0.222,0.438,40,1
2024-11-28 10:34:46,SLEEPING !!!,0.210,0.452,40,1
2024-11-28 10:34:46,SLEEPING !!!,0.232,0.474,40,1
2024-11-28 10:34:46,SLEEPING !!!,0.229,0.457,40,1
2024-11-28 10:34:46,SLEEPING !!!,0.243,0.442,40,1
2024-11-28 10:34:46,SLEEPING !!!,0.219,0.404,40,1
2024-11-28 10:34:46,SLEEPING !!!,0.219,0.403,40,1
2024-11-28 10:34:46,SLEEPING !!!,0.199,0.451,40,1
2024-11-28 10:34:46,Mild Yawn,0.299,0.332,41,1
