Timestamp,Status,Eye_Aspect_Ratio,Mouth_Aspect_Ratio,Blink_Count,Yawn_Count
2024-12-01 21:56:43,Active,0.237,0.353,0,0
2024-12-01 21:56:43,Active,0.213,0.343,0,0
2024-12-01 21:56:43,SLEEPING !!!,0.209,0.340,0,0
2024-12-01 21:56:43,SLEEPING !!!,0.227,0.346,0,0
2024-12-01 21:56:43,Active,0.259,0.340,1,0
2024-12-01 21:56:44,Active,0.278,0.338,1,0
2024-12-01 21:56:44,Active,0.282,0.340,1,0
2024-12-01 21:56:44,Active,0.287,0.332,1,0
2024-12-01 21:56:44,Active,0.291,0.351,1,0
2024-12-01 21:56:44,Active,0.268,0.359,1,0
2024-12-01 21:56:44,Active,0.268,0.368,1,0
2024-12-01 21:56:44,Active,0.268,0.367,1,0
2024-12-01 21:56:44,Active,0.282,0.360,1,0
2024-12-01 21:56:44,Active,0.277,0.354,1,0
2024-12-01 21:56:44,Active,0.303,0.346,1,0
2024-12-01 21:56:45,Active,0.300,0.338,1,0
2024-12-01 21:56:45,Active,0.268,0.335,1,0
2024-12-01 21:56:45,Active,0.295,0.343,1,0
2024-12-01 21:56:45,Active,0.295,0.341,1,0
2024-12-01 21:56:45,Active,0.286,0.351,1,0
2024-12-01 21:56:45,Active,0.296,0.346,1,0
2024-12-01 21:56:45,Active,0.286,0.364,1,0
2024-12-01 21:56:45,Active,0.273,0.337,1,0
2024-12-01 21:56:45,Active,0.296,0.355,1,0
2024-12-01 21:56:45,Active,0.314,0.357,1,0
2024-12-01 21:56:46,Active,0.286,0.346,1,0
2024-12-01 21:56:46,Active,0.193,0.369,1,0
2024-12-01 21:56:46,Active,0.175,0.340,1,0
2024-12-01 21:56:46,SLEEPING !!!,0.246,0.327,1,0
2024-12-01 21:56:46,Active,0.268,0.284,2,0
2024-12-01 21:56:46,Active,0.290,0.312,2,0
2024-12-01 21:56:46,Active,0.277,0.322,2,0
2024-12-01 21:56:46,Active,0.268,0.306,2,0
2024-12-01 21:56:46,Active,0.273,0.317,2,0
2024-12-01 21:56:46,Active,0.272,0.350,2,0
2024-12-01 21:56:47,Active,0.290,0.311,2,0
2024-12-01 21:56:47,Active,0.291,0.308,2,0
2024-12-01 21:56:47,Active,0.290,0.302,2,0
2024-12-01 21:56:47,Active,0.281,0.308,2,0
2024-12-01 21:56:47,Active,0.313,0.296,2,0
2024-12-01 21:56:47,Active,0.305,0.303,2,0
2024-12-01 21:56:47,Active,0.289,0.309,2,0
2024-12-01 21:56:47,Active,0.276,0.316,2,0
2024-12-01 21:56:47,Active,0.307,0.335,2,0
2024-12-01 21:56:47,Active,0.295,0.309,2,0
2024-12-01 21:56:48,Active,0.298,0.320,2,0
2024-12-01 21:56:48,Active,0.281,0.317,2,0
2024-12-01 21:56:48,Active,0.272,0.318,2,0
2024-12-01 21:56:48,Active,0.309,0.313,2,0
2024-12-01 21:56:48,Active,0.281,0.304,2,0
2024-12-01 21:56:48,Active,0.312,0.329,2,0
2024-12-01 21:56:48,Active,0.281,0.325,2,0
2024-12-01 21:56:48,Active,0.281,0.326,2,0
2024-12-01 21:56:48,Active,0.298,0.330,2,0
2024-12-01 21:56:48,Active,0.298,0.318,2,0
2024-12-01 21:56:49,Active,0.191,0.304,2,0
2024-12-01 21:56:49,Active,0.237,0.324,2,0
2024-12-01 21:56:49,SLEEPING !!!,0.241,0.326,2,0
2024-12-01 21:56:49,Active,0.264,0.314,3,0
2024-12-01 21:56:49,Active,0.273,0.320,3,0
2024-12-01 21:56:49,Active,0.286,0.299,3,0
2024-12-01 21:56:49,Active,0.286,0.326,3,0
2024-12-01 21:56:49,Active,0.199,0.321,3,0
2024-12-01 21:56:49,Active,0.152,0.310,3,0
2024-12-01 21:56:49,SLEEPING !!!,0.222,0.326,3,0
2024-12-01 21:56:50,SLEEPING !!!,0.245,0.322,3,0
2024-12-01 21:56:50,SLEEPING !!!,0.204,0.322,3,0
2024-12-01 21:56:50,SLEEPING !!!,0.173,0.337,3,0
2024-12-01 21:56:50,Active,0.250,0.341,4,0
2024-12-01 21:56:50,Active,0.250,0.330,4,0
2024-12-01 21:56:50,Active,0.304,0.315,4,0
2024-12-01 21:56:50,Active,0.296,0.322,4,0
2024-12-01 21:56:50,Active,0.277,0.296,4,0
2024-12-01 21:56:50,Active,0.273,0.320,4,0
2024-12-01 21:56:50,Active,0.268,0.313,4,0
2024-12-01 21:56:51,Active,0.282,0.309,4,0
2024-12-01 21:56:51,Active,0.176,0.340,4,0
2024-12-01 21:56:51,Active,0.140,0.327,4,0
2024-12-01 21:56:51,SLEEPING !!!,0.170,0.317,4,0
2024-12-01 21:56:51,SLEEPING !!!,0.203,0.330,4,0
2024-12-01 21:56:51,SLEEPING !!!,0.231,0.340,4,0
2024-12-01 21:56:51,Active,0.251,0.316,5,0
2024-12-01 21:56:51,Active,0.263,0.318,5,0
2024-12-01 21:56:51,Active,0.287,0.317,5,0
2024-12-01 21:56:51,Active,0.280,0.326,5,0
2024-12-01 21:56:52,Active,0.273,0.325,5,0
2024-12-01 21:56:52,Active,0.290,0.327,5,0
2024-12-01 21:56:52,Active,0.276,0.331,5,0
2024-12-01 21:56:52,Active,0.281,0.313,5,0
2024-12-01 21:56:52,Active,0.299,0.313,5,0
2024-12-01 21:56:52,Active,0.322,0.316,5,0
2024-12-01 21:56:52,Active,0.286,0.326,5,0
2024-12-01 21:56:52,Active,0.268,0.318,5,0
2024-12-01 21:56:52,Active,0.277,0.330,5,0
2024-12-01 21:56:52,Active,0.298,0.331,5,0
2024-12-01 21:56:53,Active,0.319,0.330,5,0
2024-12-01 21:56:53,Active,0.313,0.348,5,0
2024-12-01 21:56:53,Active,0.313,0.330,5,0
2024-12-01 21:56:53,Active,0.325,0.314,5,0
2024-12-01 21:56:53,Active,0.331,0.309,5,0
2024-12-01 21:56:53,Active,0.316,0.313,5,0
2024-12-01 21:56:53,Active,0.313,0.342,5,0
2024-12-01 21:56:53,Active,0.308,0.305,5,0
2024-12-01 21:56:53,Active,0.286,0.333,5,0
2024-12-01 21:56:53,Active,0.261,0.318,5,0
2024-12-01 21:56:54,Active,0.259,0.314,5,0
2024-12-01 21:56:54,Active,0.268,0.331,5,0
2024-12-01 21:56:54,Active,0.268,0.326,5,0
2024-12-01 21:56:54,Active,0.281,0.317,5,0
2024-12-01 21:56:54,Active,0.283,0.325,5,0
2024-12-01 21:56:54,Active,0.165,0.345,5,0
2024-12-01 21:56:54,Active,0.142,0.326,5,0
2024-12-01 21:56:54,SLEEPING !!!,0.165,0.319,5,0
2024-12-01 21:56:54,SLEEPING !!!,0.152,0.284,5,0
2024-12-01 21:56:54,SLEEPING !!!,0.154,0.310,5,0
2024-12-01 21:56:55,SLEEPING !!!,0.139,0.287,5,0
2024-12-01 21:56:55,SLEEPING !!!,0.164,0.299,5,0
2024-12-01 21:56:55,SLEEPING !!!,0.154,0.297,5,0
2024-12-01 21:56:55,SLEEPING !!!,0.136,0.314,5,0
2024-12-01 21:56:55,SLEEPING !!!,0.145,0.321,5,0
2024-12-01 21:56:55,SLEEPING !!!,0.162,0.287,5,0
2024-12-01 21:56:55,SLEEPING !!!,0.117,0.307,5,0
2024-12-01 21:56:55,SLEEPING !!!,0.148,0.300,5,0
2024-12-01 21:56:55,SLEEPING !!!,0.134,0.281,5,0
2024-12-01 21:56:55,SLEEPING !!!,0.179,0.325,5,0
2024-12-01 21:56:56,SLEEPING !!!,0.127,0.303,5,0
2024-12-01 21:56:56,SLEEPING !!!,0.146,0.274,5,0
2024-12-01 21:56:56,SLEEPING !!!,0.138,0.296,5,0
2024-12-01 21:56:56,SLEEPING !!!,0.146,0.321,5,0
2024-12-01 21:56:56,SLEEPING !!!,0.146,0.304,5,0
2024-12-01 21:56:56,SLEEPING !!!,0.124,0.304,5,0
2024-12-01 21:56:56,SLEEPING !!!,0.163,0.302,5,0
2024-12-01 21:56:56,Active,0.251,0.302,6,0
2024-12-01 21:56:56,Active,0.295,0.292,6,0
2024-12-01 21:56:56,Active,0.282,0.308,6,0
2024-12-01 21:56:57,Active,0.289,0.302,6,0
2024-12-01 21:56:57,Active,0.303,0.289,6,0
2024-12-01 21:56:57,Active,0.283,0.290,6,0
2024-12-01 21:56:57,Active,0.278,0.299,6,0
2024-12-01 21:56:57,Active,0.259,0.316,6,0
2024-12-01 21:56:57,Active,0.273,0.299,6,0
2024-12-01 21:56:57,Active,0.277,0.324,6,0
2024-12-01 21:56:57,Active,0.268,0.313,6,0
2024-12-01 21:56:57,Active,0.205,0.325,6,0
2024-12-01 21:56:57,Active,0.145,0.311,6,0
2024-12-01 21:56:58,SLEEPING !!!,0.157,0.328,6,0
2024-12-01 21:56:58,SLEEPING !!!,0.194,0.289,6,0
2024-12-01 21:56:58,Active,0.251,0.303,7,0
2024-12-01 21:56:58,Active,0.242,0.326,7,0
2024-12-01 21:56:58,Active,0.255,0.305,7,0
2024-12-01 21:56:58,Active,0.241,0.312,7,0
2024-12-01 21:56:58,Active,0.255,0.313,7,0
2024-12-01 21:56:58,Active,0.250,0.324,7,0
2024-12-01 21:56:58,Active,0.254,0.335,7,0
2024-12-01 21:56:58,Active,0.155,0.320,7,0
2024-12-01 21:56:59,Active,0.210,0.312,7,0
2024-12-01 21:56:59,SLEEPING !!!,0.242,0.328,7,0
2024-12-01 21:56:59,Active,0.268,0.312,8,0
2024-12-01 21:56:59,Active,0.255,0.296,8,0
2024-12-01 21:56:59,Active,0.255,0.314,8,0
2024-12-01 21:56:59,Active,0.263,0.309,8,0
2024-12-01 21:56:59,Active,0.254,0.319,8,0
2024-12-01 21:56:59,Active,0.289,0.327,8,0
2024-12-01 21:56:59,Active,0.282,0.319,8,0
2024-12-01 21:56:59,Active,0.298,0.312,8,0
2024-12-01 21:57:00,Active,0.307,0.314,8,0
2024-12-01 21:57:00,Active,0.277,0.294,8,0
2024-12-01 21:57:00,Active,0.295,0.304,8,0
2024-12-01 21:57:00,Active,0.296,0.308,8,0
2024-12-01 21:57:00,Active,0.281,0.322,8,0
2024-12-01 21:57:00,Active,0.286,0.304,8,0
2024-12-01 21:57:00,Active,0.277,0.316,8,0
2024-12-01 21:57:00,Active,0.284,0.320,8,0
2024-12-01 21:57:00,Active,0.281,0.321,8,0
2024-12-01 21:57:00,Active,0.286,0.329,8,0
2024-12-01 21:57:01,Active,0.281,0.318,8,0
2024-12-01 21:57:01,Active,0.236,0.314,8,0
2024-12-01 21:57:01,Active,0.149,0.335,8,0
2024-12-01 21:57:01,SLEEPING !!!,0.223,0.316,8,0
2024-12-01 21:57:01,SLEEPING !!!,0.245,0.313,8,0
2024-12-01 21:57:01,SLEEPING !!!,0.246,0.319,8,0
2024-12-01 21:57:01,Active,0.264,0.320,9,0
2024-12-01 21:57:01,Active,0.286,0.304,9,0
2024-12-01 21:57:01,Active,0.304,0.371,9,0
2024-12-01 21:57:01,Active,0.291,0.337,9,0
2024-12-01 21:57:02,Active,0.288,0.276,9,0
2024-12-01 21:57:02,Active,0.199,0.319,9,0
2024-12-01 21:57:02,Active,0.273,0.342,9,0
2024-12-01 21:57:02,Active,0.273,0.327,9,0
2024-12-01 21:57:02,Active,0.304,0.343,9,0
2024-12-01 21:57:02,Active,0.295,0.368,9,0
2024-12-01 21:57:02,Active,0.288,0.334,9,0
2024-12-01 21:57:02,Active,0.288,0.355,9,0
2024-12-01 21:57:02,Active,0.297,0.332,9,0
2024-12-01 21:57:02,Active,0.297,0.353,9,0
2024-12-01 21:57:03,Active,0.285,0.314,9,0
2024-12-01 21:57:03,Active,0.175,0.309,9,0
2024-12-01 21:57:03,Active,0.217,0.348,9,0
2024-12-01 21:57:03,SLEEPING !!!,0.237,0.348,9,0
2024-12-01 21:57:03,Active,0.292,0.340,10,0
2024-12-01 21:57:03,Active,0.297,0.340,10,0
2024-12-01 21:57:03,Active,0.300,0.350,10,0
2024-12-01 21:57:03,Active,0.286,0.340,10,0
2024-12-01 21:57:03,Active,0.296,0.363,10,0
2024-12-01 21:57:03,Active,0.201,0.383,10,0
2024-12-01 21:57:04,Active,0.203,0.419,10,0
2024-12-01 21:57:04,Active,0.267,0.340,10,0
2024-12-01 21:57:05,Active,0.383,0.412,10,0
2024-12-01 21:57:05,Active,0.254,0.545,10,0
2024-12-01 21:57:05,Active,0.261,0.448,10,0
2024-12-01 21:57:05,Active,0.273,0.418,10,0
2024-12-01 21:57:05,Active,0.286,0.460,10,0
2024-12-01 21:57:05,Active,0.302,0.416,10,0
2024-12-01 21:57:05,Active,0.326,0.367,10,0
2024-12-01 21:57:05,Active,0.329,0.388,10,0
2024-12-01 21:57:05,Active,0.346,0.379,10,0
2024-12-01 21:57:05,Active,0.346,0.439,10,0
2024-12-01 21:57:06,Active,0.339,0.505,10,0
2024-12-01 21:57:06,Active,0.359,0.454,10,0
2024-12-01 21:57:06,Active,0.353,0.404,10,0
2024-12-01 21:57:06,Active,0.345,0.411,10,0
2024-12-01 21:57:06,Active,0.366,0.396,10,0
2024-12-01 21:57:06,Active,0.342,0.395,10,0
2024-12-01 21:57:06,Active,0.323,0.403,10,0
2024-12-01 21:57:06,Active,0.282,0.449,10,0
2024-12-01 21:57:06,Active,0.152,0.393,10,0
2024-12-01 21:57:06,Active,0.183,0.440,10,0
2024-12-01 21:57:07,SLEEPING !!!,0.227,0.342,10,0
2024-12-01 21:57:07,Active,0.299,0.287,11,0
2024-12-01 21:57:07,Active,0.208,0.357,11,0
2024-12-01 21:57:07,Active,0.209,0.356,11,0
2024-12-01 21:57:07,SLEEPING !!!,0.209,0.417,11,0
2024-12-01 21:57:07,SLEEPING !!!,0.229,0.346,11,0
2024-12-01 21:57:07,SLEEPING !!!,0.217,0.357,11,0
2024-12-01 21:57:07,SLEEPING !!!,0.171,0.416,11,0
2024-12-01 21:57:07,SLEEPING !!!,0.168,0.384,11,0
2024-12-01 21:57:07,SLEEPING !!!,0.157,0.370,11,0
2024-12-01 21:57:08,SLEEPING !!!,0.163,0.459,11,0
2024-12-01 21:57:08,SLEEPING !!!,0.118,0.479,11,0
2024-12-01 21:57:08,SLEEPING !!!,0.183,0.373,11,0
2024-12-01 21:57:08,SLEEPING !!!,0.158,0.407,11,0
2024-12-01 21:57:08,SLEEPING !!!,0.185,0.400,11,0
2024-12-01 21:57:08,SLEEPING !!!,0.207,0.370,11,0
2024-12-01 21:57:08,SLEEPING !!!,0.185,0.390,11,0
2024-12-01 21:57:08,SLEEPING !!!,0.197,0.413,11,0
2024-12-01 21:57:08,SLEEPING !!!,0.196,0.396,11,0
2024-12-01 21:57:08,SLEEPING !!!,0.134,0.439,11,0
2024-12-01 21:57:09,SLEEPING !!!,0.127,0.411,11,0
2024-12-01 21:57:09,SLEEPING !!!,0.142,0.385,11,0
2024-12-01 21:57:09,SLEEPING !!!,0.159,0.420,11,0
2024-12-01 21:57:09,SLEEPING !!!,0.188,0.405,11,0
2024-12-01 21:57:09,SLEEPING !!!,0.189,0.399,11,0
2024-12-01 21:57:09,SLEEPING !!!,0.202,0.394,11,0
2024-12-01 21:57:09,SLEEPING !!!,0.207,0.384,11,0
2024-12-01 21:57:09,SLEEPING !!!,0.195,0.405,11,0
2024-12-01 21:57:09,SLEEPING !!!,0.189,0.347,11,0
2024-12-01 21:57:09,SLEEPING !!!,0.195,0.379,11,0
2024-12-01 21:57:10,SLEEPING !!!,0.207,0.402,11,0
2024-12-01 21:57:10,SLEEPING !!!,0.222,0.390,11,0
2024-12-01 21:57:10,SLEEPING !!!,0.231,0.411,11,0
2024-12-01 21:57:10,SLEEPING !!!,0.235,0.397,11,0
2024-12-01 21:57:10,SLEEPING !!!,0.234,0.386,11,0
2024-12-01 21:57:10,Active,0.251,0.390,12,0
2024-12-01 21:57:10,Active,0.227,0.423,12,0
2024-12-01 21:57:10,Active,0.220,0.404,12,0
2024-12-01 21:57:10,SLEEPING !!!,0.210,0.344,12,0
2024-12-01 21:57:10,SLEEPING !!!,0.214,0.401,12,0
2024-12-01 21:57:11,SLEEPING !!!,0.233,0.436,12,0
2024-12-01 21:57:11,SLEEPING !!!,0.202,0.458,12,1
2024-12-01 21:57:11,SLEEPING !!!,0.233,0.397,12,1
2024-12-01 21:57:11,Active,0.265,0.374,13,1
2024-12-01 21:57:11,Active,0.152,0.348,13,1
2024-12-01 21:57:11,Active,0.196,0.349,13,1
2024-12-01 21:57:11,SLEEPING !!!,0.216,0.361,13,1
2024-12-01 21:57:11,SLEEPING !!!,0.238,0.382,13,1
2024-12-01 21:57:11,Active,0.255,0.374,14,1
2024-12-01 21:57:11,Active,0.250,0.390,14,1
2024-12-01 21:57:12,Active,0.310,0.394,14,1
2024-12-01 21:57:12,Active,0.319,0.379,14,1
2024-12-01 21:57:12,Active,0.342,0.394,14,1
2024-12-01 21:57:12,Active,0.334,0.399,14,1
2024-12-01 21:57:12,Active,0.347,0.397,14,1
2024-12-01 21:57:12,Active,0.339,0.402,14,1
2024-12-01 21:57:12,Active,0.314,0.362,14,1
2024-12-01 21:57:12,Active,0.326,0.352,14,1
2024-12-01 21:57:12,Active,0.331,0.390,14,1
2024-12-01 21:57:12,Active,0.339,0.389,14,1
2024-12-01 21:57:13,Active,0.310,0.354,14,1
2024-12-01 21:57:13,Active,0.316,0.387,14,1
2024-12-01 21:57:13,Active,0.310,0.358,14,1
2024-12-01 21:57:13,Active,0.150,0.360,14,1
2024-12-01 21:57:13,Active,0.118,0.348,14,1
2024-12-01 21:57:13,SLEEPING !!!,0.136,0.366,14,1
2024-12-01 21:57:13,SLEEPING !!!,0.115,0.351,14,1
2024-12-01 21:57:13,SLEEPING !!!,0.133,0.349,14,1
2024-12-01 21:57:13,SLEEPING !!!,0.096,0.343,14,1
2024-12-01 21:57:13,SLEEPING !!!,0.087,0.333,14,1
2024-12-01 21:57:14,SLEEPING !!!,0.100,0.367,14,1
2024-12-01 21:57:14,SLEEPING !!!,0.125,0.351,14,1
2024-12-01 21:57:14,SLEEPING !!!,0.136,0.374,14,1
2024-12-01 21:57:14,SLEEPING !!!,0.124,0.345,14,1
2024-12-01 21:57:14,SLEEPING !!!,0.143,0.346,14,1
2024-12-01 21:57:14,SLEEPING !!!,0.136,0.345,14,1
2024-12-01 21:57:14,SLEEPING !!!,0.140,0.354,14,1
2024-12-01 21:57:14,SLEEPING !!!,0.159,0.347,14,1
2024-12-01 21:57:14,SLEEPING !!!,0.175,0.354,14,1
2024-12-01 21:57:14,SLEEPING !!!,0.123,0.350,14,1
2024-12-01 21:57:15,SLEEPING !!!,0.141,0.351,14,1
2024-12-01 21:57:15,SLEEPING !!!,0.159,0.360,14,1
2024-12-01 21:57:15,SLEEPING !!!,0.158,0.341,14,1
2024-12-01 21:57:15,SLEEPING !!!,0.158,0.333,14,1
2024-12-01 21:57:15,SLEEPING !!!,0.158,0.360,14,1
2024-12-01 21:57:15,SLEEPING !!!,0.150,0.337,14,1
2024-12-01 21:57:15,SLEEPING !!!,0.176,0.345,14,1
2024-12-01 21:57:15,SLEEPING !!!,0.145,0.341,14,1
2024-12-01 21:57:15,SLEEPING !!!,0.153,0.349,14,1
2024-12-01 21:57:15,SLEEPING !!!,0.119,0.352,14,1
2024-12-01 21:57:16,SLEEPING !!!,0.151,0.345,14,1
2024-12-01 21:57:16,SLEEPING !!!,0.177,0.350,14,1
2024-12-01 21:57:16,SLEEPING !!!,0.160,0.364,14,1
2024-12-01 21:57:16,SLEEPING !!!,0.177,0.356,14,1
2024-12-01 21:57:16,SLEEPING !!!,0.163,0.354,14,1
2024-12-01 21:57:16,SLEEPING !!!,0.150,0.348,14,1
2024-12-01 21:57:16,SLEEPING !!!,0.110,0.345,14,1
2024-12-01 21:57:16,SLEEPING !!!,0.116,0.347,14,1
2024-12-01 21:57:16,SLEEPING !!!,0.141,0.352,14,1
2024-12-01 21:57:16,SLEEPING !!!,0.187,0.332,14,1
2024-12-01 21:57:17,Active,0.276,0.341,15,1
2024-12-01 21:57:17,Active,0.314,0.356,15,1
2024-12-01 21:57:17,Active,0.308,0.349,15,1
2024-12-01 21:57:17,Active,0.333,0.358,15,1
2024-12-01 21:57:17,Active,0.341,0.339,15,1
2024-12-01 21:57:17,Active,0.325,0.361,15,1
2024-12-01 21:57:17,Active,0.336,0.371,15,1
2024-12-01 21:57:17,Active,0.350,0.345,15,1
2024-12-01 21:57:17,Active,0.339,0.341,15,1
2024-12-01 21:57:17,Active,0.320,0.354,15,1
2024-12-01 21:57:18,Active,0.334,0.354,15,1
2024-12-01 21:57:18,Active,0.304,0.351,15,1
2024-12-01 21:57:18,Active,0.300,0.339,15,1
2024-12-01 21:57:18,Active,0.317,0.332,15,1
2024-12-01 21:57:18,Active,0.328,0.374,15,1
2024-12-01 21:57:18,Active,0.308,0.345,15,1
2024-12-01 21:57:18,Active,0.255,0.327,15,1
2024-12-01 21:57:18,Active,0.276,0.354,15,1
2024-12-01 21:57:18,Active,0.268,0.358,15,1
2024-12-01 21:57:18,Active,0.294,0.343,15,1
2024-12-01 21:57:19,Active,0.246,0.334,15,1
2024-12-01 21:57:19,Active,0.129,0.351,15,1
2024-12-01 21:57:19,SLEEPING !!!,0.129,0.373,15,1
2024-12-01 21:57:19,SLEEPING !!!,0.197,0.352,15,1
2024-12-01 21:57:19,SLEEPING !!!,0.236,0.354,15,1
2024-12-01 21:57:19,Active,0.259,0.344,16,1
2024-12-01 21:57:19,Active,0.268,0.337,16,1
2024-12-01 21:57:19,Active,0.260,0.337,16,1
2024-12-01 21:57:19,Active,0.259,0.364,16,1
2024-12-01 21:57:19,Active,0.268,0.336,16,1
2024-12-01 21:57:20,Active,0.246,0.299,16,1
2024-12-01 21:57:20,Active,0.159,0.316,16,1
2024-12-01 21:57:20,SLEEPING !!!,0.168,0.291,16,1
2024-12-01 21:57:20,SLEEPING !!!,0.177,0.358,16,1
2024-12-01 21:57:20,SLEEPING !!!,0.209,0.347,16,1
2024-12-01 21:57:20,Active,0.264,0.403,17,1
2024-12-01 21:57:20,Active,0.250,0.459,17,1
2024-12-01 21:57:20,Active,0.277,0.511,17,1
2024-12-01 21:57:20,Active,0.268,0.507,17,1
2024-12-01 21:57:21,Active,0.265,0.538,17,1
2024-12-01 21:57:21,Active,0.277,0.558,17,1
2024-12-01 21:57:21,Active,0.291,0.566,17,1
2024-12-01 21:57:21,Active,0.250,0.631,17,1
2024-12-01 21:57:21,Active,0.158,0.739,17,1
2024-12-01 21:57:21,Active,0.185,0.758,17,1
2024-12-01 21:57:21,SLEEPING !!!,0.227,0.789,17,1
2024-12-01 21:57:21,SLEEPING !!!,0.242,0.780,17,1
2024-12-01 21:57:21,Severe Yawn !!!,0.256,0.812,18,2
2024-12-01 21:57:21,Severe Yawn !!!,0.163,0.808,18,2
2024-12-01 21:57:22,Severe Yawn !!!,0.181,0.824,18,2
2024-12-01 21:57:22,SLEEPING !!!,0.245,0.777,18,2
2024-12-01 21:57:22,Moderate Yawn !,0.264,0.753,19,2
2024-12-01 21:57:22,Moderate Yawn !,0.246,0.643,19,2
2024-12-01 21:57:22,Mild Yawn,0.236,0.381,19,2
2024-12-01 21:57:22,Mild Yawn,0.251,0.345,19,2
2024-12-01 21:57:22,Mild Yawn,0.232,0.355,19,2
2024-12-01 21:57:22,Mild Yawn,0.227,0.365,19,2
2024-12-01 21:57:22,SLEEPING !!!,0.228,0.353,19,2
2024-12-01 21:57:22,SLEEPING !!!,0.223,0.354,19,2
2024-12-01 21:57:23,SLEEPING !!!,0.224,0.335,19,2
2024-12-01 21:57:23,SLEEPING !!!,0.205,0.331,19,2
2024-12-01 21:57:23,SLEEPING !!!,0.223,0.326,19,2
2024-12-01 21:57:23,SLEEPING !!!,0.205,0.307,19,2
2024-12-01 21:57:23,SLEEPING !!!,0.187,0.306,19,2
2024-12-01 21:57:23,SLEEPING !!!,0.217,0.347,19,2
2024-12-01 21:57:23,SLEEPING !!!,0.239,0.347,19,2
2024-12-01 21:57:23,SLEEPING !!!,0.223,0.346,19,2
2024-12-01 21:57:23,Mild Yawn,0.279,0.323,20,2
2024-12-01 21:57:23,Mild Yawn,0.195,0.320,20,2
2024-12-01 21:57:24,Mild Yawn,0.164,0.336,20,2
2024-12-01 21:57:24,SLEEPING !!!,0.149,0.299,20,2
2024-12-01 21:57:24,SLEEPING !!!,0.140,0.342,20,2
2024-12-01 21:57:24,SLEEPING !!!,0.144,0.342,20,2
2024-12-01 21:57:24,SLEEPING !!!,0.160,0.326,20,2
2024-12-01 21:57:24,SLEEPING !!!,0.187,0.310,20,2
2024-12-01 21:57:24,SLEEPING !!!,0.215,0.312,20,2
2024-12-01 21:57:24,SLEEPING !!!,0.241,0.289,20,2
2024-12-01 21:57:24,SLEEPING !!!,0.216,0.338,20,2
2024-12-01 21:57:24,SLEEPING !!!,0.238,0.371,20,2
2024-12-01 21:57:25,Mild Yawn,0.250,0.320,21,2
2024-12-01 21:57:25,Mild Yawn,0.234,0.357,21,2
2024-12-01 21:57:25,Mild Yawn,0.246,0.338,21,2
2024-12-01 21:57:25,SLEEPING !!!,0.250,0.361,21,2
2024-12-01 21:57:25,SLEEPING !!!,0.233,0.342,21,2
2024-12-01 21:57:25,SLEEPING !!!,0.215,0.350,21,2
2024-12-01 21:57:25,SLEEPING !!!,0.250,0.357,21,2
2024-12-01 21:57:25,SLEEPING !!!,0.223,0.376,21,2
2024-12-01 21:57:25,SLEEPING !!!,0.206,0.340,21,2
2024-12-01 21:57:25,SLEEPING !!!,0.236,0.365,21,2
2024-12-01 21:57:26,SLEEPING !!!,0.219,0.371,21,2
2024-12-01 21:57:26,SLEEPING !!!,0.232,0.346,21,2
2024-12-01 21:57:26,SLEEPING !!!,0.233,0.363,21,2
2024-12-01 21:57:26,SLEEPING !!!,0.206,0.372,21,2
2024-12-01 21:57:26,SLEEPING !!!,0.245,0.360,21,2
2024-12-01 21:57:26,SLEEPING !!!,0.142,0.371,21,2
2024-12-01 21:57:26,SLEEPING !!!,0.195,0.351,21,2
2024-12-01 21:57:26,SLEEPING !!!,0.216,0.364,21,2
2024-12-01 21:57:26,SLEEPING !!!,0.192,0.369,21,2
2024-12-01 21:57:26,SLEEPING !!!,0.216,0.345,21,2
2024-12-01 21:57:27,SLEEPING !!!,0.227,0.351,21,2
2024-12-01 21:57:27,SLEEPING !!!,0.214,0.382,21,2
2024-12-01 21:57:27,SLEEPING !!!,0.219,0.350,21,2
2024-12-01 21:57:27,SLEEPING !!!,0.213,0.356,21,2
2024-12-01 21:57:27,SLEEPING !!!,0.138,0.353,21,2
2024-12-01 21:57:27,SLEEPING !!!,0.183,0.369,21,2
2024-12-01 21:57:27,SLEEPING !!!,0.205,0.356,21,2
2024-12-01 21:57:27,SLEEPING !!!,0.137,0.355,21,2
2024-12-01 21:57:27,SLEEPING !!!,0.161,0.353,21,2
2024-12-01 21:57:27,SLEEPING !!!,0.189,0.375,21,2
2024-12-01 21:57:28,SLEEPING !!!,0.214,0.353,21,2
2024-12-01 21:57:28,SLEEPING !!!,0.196,0.343,21,2
2024-12-01 21:57:28,SLEEPING !!!,0.216,0.340,21,2
2024-12-01 21:57:28,SLEEPING !!!,0.182,0.334,21,2
2024-12-01 21:57:28,SLEEPING !!!,0.200,0.340,21,2
2024-12-01 21:57:28,SLEEPING !!!,0.214,0.364,21,2
2024-12-01 21:57:28,Active,0.259,0.334,22,2
2024-12-01 21:57:28,Active,0.301,0.360,22,2
2024-12-01 21:57:28,Active,0.330,0.344,22,2
2024-12-01 21:57:28,Active,0.347,0.370,22,2
2024-12-01 21:57:29,Active,0.309,0.361,22,2
2024-12-01 21:57:29,Active,0.336,0.383,22,2
2024-12-01 21:57:29,Active,0.325,0.391,22,2
2024-12-01 21:57:29,Active,0.331,0.388,22,2
2024-12-01 21:57:29,Active,0.322,0.383,22,2
2024-12-01 21:57:29,Active,0.317,0.349,22,2
2024-12-01 21:57:29,Active,0.317,0.391,22,2
2024-12-01 21:57:29,Active,0.325,0.362,22,2
2024-12-01 21:57:29,Active,0.300,0.384,22,2
2024-12-01 21:57:29,Active,0.325,0.378,22,2
2024-12-01 21:57:30,Active,0.300,0.373,22,2
2024-12-01 21:57:30,Active,0.325,0.380,22,2
2024-12-01 21:57:30,Active,0.276,0.353,22,2
2024-12-01 21:57:30,Active,0.110,0.374,22,2
2024-12-01 21:57:30,Active,0.242,0.363,22,2
2024-12-01 21:57:30,Active,0.254,0.378,22,2
2024-12-01 21:57:30,Active,0.281,0.363,22,2
2024-12-01 21:57:30,Active,0.284,0.365,22,2
2024-12-01 21:57:30,Active,0.296,0.382,22,2
2024-12-01 21:57:30,Active,0.276,0.354,22,2
2024-12-01 21:57:31,Active,0.285,0.376,22,2
2024-12-01 21:57:31,Active,0.290,0.349,22,2
2024-12-01 21:57:31,Active,0.271,0.349,22,2
2024-12-01 21:57:31,Active,0.284,0.335,22,2
2024-12-01 21:57:31,Active,0.303,0.375,22,2
2024-12-01 21:57:31,Active,0.298,0.359,22,2
2024-12-01 21:57:31,Active,0.310,0.350,22,2
2024-12-01 21:57:31,Active,0.313,0.356,22,2
2024-12-01 21:57:31,Active,0.325,0.362,22,2
2024-12-01 21:57:31,Active,0.313,0.344,22,2
2024-12-01 21:57:32,Active,0.318,0.371,22,2
2024-12-01 21:57:32,Active,0.314,0.340,22,2
2024-12-01 21:57:32,Active,0.290,0.342,22,2
2024-12-01 21:57:32,Active,0.281,0.342,22,2
2024-12-01 21:57:32,Active,0.272,0.370,22,2
2024-12-01 21:57:32,Active,0.293,0.389,22,2
2024-12-01 21:57:32,Active,0.247,0.378,22,2
2024-12-01 21:57:32,Active,0.105,0.363,22,2
2024-12-01 21:57:32,SLEEPING !!!,0.223,0.356,22,2
2024-12-01 21:57:32,Active,0.317,0.355,23,2
2024-12-01 21:57:33,Active,0.345,0.352,23,2
2024-12-01 21:57:33,Active,0.361,0.318,23,2
2024-12-01 21:57:33,Active,0.344,0.336,23,2
2024-12-01 21:57:33,Active,0.362,0.511,23,2
2024-12-01 21:57:33,Active,0.211,0.317,23,2
2024-12-01 21:57:33,Active,0.287,0.357,23,2
2024-12-01 21:57:34,Active,0.294,0.534,23,2
2024-12-01 21:57:34,Active,0.174,0.337,23,2
2024-12-01 21:57:34,Active,0.181,0.305,23,2
2024-12-01 21:57:34,SLEEPING !!!,0.170,0.324,23,2
2024-12-01 21:57:34,SLEEPING !!!,0.149,0.339,23,2
2024-12-01 21:57:34,SLEEPING !!!,0.159,0.358,23,2
2024-12-01 21:57:34,SLEEPING !!!,0.174,0.309,23,2
2024-12-01 21:57:34,SLEEPING !!!,0.162,0.310,23,2
2024-12-01 21:57:35,SLEEPING !!!,0.178,0.295,23,2
2024-12-01 21:57:35,SLEEPING !!!,0.187,0.286,23,2
2024-12-01 21:57:35,SLEEPING !!!,0.196,0.246,23,2
2024-12-01 21:57:35,SLEEPING !!!,0.163,0.295,23,2
2024-12-01 21:57:35,SLEEPING !!!,0.181,0.301,23,2
2024-12-01 21:57:35,SLEEPING !!!,0.179,0.269,23,2
2024-12-01 21:57:35,SLEEPING !!!,0.205,0.236,23,2
2024-12-01 21:57:35,SLEEPING !!!,0.197,0.242,23,2
2024-12-01 21:57:35,SLEEPING !!!,0.184,0.360,23,2
2024-12-01 21:57:35,SLEEPING !!!,0.225,0.258,23,2
2024-12-01 21:57:36,SLEEPING !!!,0.202,0.281,23,2
2024-12-01 21:57:36,SLEEPING !!!,0.168,0.268,23,2
2024-12-01 21:57:36,SLEEPING !!!,0.182,0.272,23,2
2024-12-01 21:57:36,SLEEPING !!!,0.207,0.341,23,2
2024-12-01 21:57:36,SLEEPING !!!,0.186,0.272,23,2
2024-12-01 21:57:36,SLEEPING !!!,0.162,0.309,23,2
2024-12-01 21:57:36,SLEEPING !!!,0.183,0.362,23,2
2024-12-01 21:57:36,SLEEPING !!!,0.182,0.318,23,2
2024-12-01 21:57:36,SLEEPING !!!,0.195,0.295,23,2
2024-12-01 21:57:36,SLEEPING !!!,0.210,0.278,23,2
2024-12-01 21:57:37,SLEEPING !!!,0.184,0.260,23,2
2024-12-01 21:57:37,SLEEPING !!!,0.197,0.342,23,2
2024-12-01 21:57:37,Active,0.274,0.323,24,2
2024-12-01 21:57:37,Active,0.328,0.383,24,2
2024-12-01 21:57:37,Active,0.313,0.364,24,2
2024-12-01 21:57:37,Active,0.335,0.368,24,2
2024-12-01 21:57:37,Active,0.331,0.429,24,2
2024-12-01 21:57:37,Active,0.342,0.375,24,2
2024-12-01 21:57:37,Active,0.330,0.378,24,2
2024-12-01 21:57:37,Active,0.325,0.382,24,2
2024-12-01 21:57:38,Active,0.310,0.395,24,2
2024-12-01 21:57:38,Active,0.333,0.382,24,2
2024-12-01 21:57:38,Active,0.314,0.344,24,2
2024-12-01 21:57:38,Active,0.304,0.386,24,2
2024-12-01 21:57:38,Active,0.308,0.374,24,2
2024-12-01 21:57:38,Active,0.328,0.388,24,2
2024-12-01 21:57:38,Active,0.287,0.406,24,2
2024-12-01 21:57:38,Active,0.275,0.395,24,2
2024-12-01 21:57:38,Active,0.306,0.381,24,2
2024-12-01 21:57:38,Active,0.327,0.359,24,2
2024-12-01 21:57:39,Active,0.352,0.378,24,2
2024-12-01 21:57:39,Active,0.350,0.376,24,2
2024-12-01 21:57:39,Active,0.355,0.374,24,2
2024-12-01 21:57:39,Active,0.319,0.392,24,2
2024-12-01 21:57:39,Active,0.331,0.408,24,2
2024-12-01 21:57:39,Active,0.317,0.365,24,2
2024-12-01 21:57:39,Active,0.352,0.356,24,2
2024-12-01 21:57:39,Active,0.345,0.396,24,2
2024-12-01 21:57:39,Active,0.362,0.373,24,2
2024-12-01 21:57:39,Active,0.344,0.364,24,2
2024-12-01 21:57:40,Active,0.341,0.356,24,2
2024-12-01 21:57:40,Active,0.347,0.388,24,2
2024-12-01 21:57:40,Active,0.354,0.388,24,2
2024-12-01 21:57:40,Active,0.346,0.362,24,2
2024-12-01 21:57:40,Active,0.184,0.378,24,2
2024-12-01 21:57:40,Active,0.134,0.345,24,2
2024-12-01 21:57:40,SLEEPING !!!,0.170,0.330,24,2
2024-12-01 21:57:40,SLEEPING !!!,0.169,0.276,24,2
2024-12-01 21:57:40,SLEEPING !!!,0.158,0.335,24,2
2024-12-01 21:57:40,SLEEPING !!!,0.162,0.374,24,2
2024-12-01 21:57:41,SLEEPING !!!,0.182,0.248,24,2
2024-12-01 21:57:41,SLEEPING !!!,0.179,0.249,24,2
2024-12-01 21:57:41,SLEEPING !!!,0.168,0.263,24,2
2024-12-01 21:57:41,SLEEPING !!!,0.179,0.298,24,2
2024-12-01 21:57:41,SLEEPING !!!,0.166,0.319,24,2
2024-12-01 21:57:41,SLEEPING !!!,0.195,0.320,24,2
2024-12-01 21:57:41,SLEEPING !!!,0.205,0.329,24,2
2024-12-01 21:57:41,SLEEPING !!!,0.169,0.320,24,2
2024-12-01 21:57:41,SLEEPING !!!,0.155,0.305,24,2
2024-12-01 21:57:41,SLEEPING !!!,0.176,0.274,24,2
2024-12-01 21:57:42,SLEEPING !!!,0.175,0.294,24,2
2024-12-01 21:57:42,SLEEPING !!!,0.169,0.309,24,2
2024-12-01 21:57:42,SLEEPING !!!,0.182,0.305,24,2
2024-12-01 21:57:42,SLEEPING !!!,0.169,0.306,24,2
2024-12-01 21:57:42,SLEEPING !!!,0.188,0.314,24,2
2024-12-01 21:57:42,SLEEPING !!!,0.169,0.297,24,2
2024-12-01 21:57:42,SLEEPING !!!,0.158,0.362,24,2
2024-12-01 21:57:42,SLEEPING !!!,0.153,0.237,24,2
2024-12-01 21:57:42,SLEEPING !!!,0.165,0.306,24,2
2024-12-01 21:57:42,SLEEPING !!!,0.168,0.272,24,2
2024-12-01 21:57:43,SLEEPING !!!,0.136,0.299,24,2
2024-12-01 21:57:43,SLEEPING !!!,0.155,0.352,24,2
2024-12-01 21:57:43,SLEEPING !!!,0.117,0.285,24,2
2024-12-01 21:57:43,Active,0.279,0.263,25,2
2024-12-01 21:57:43,Active,0.294,0.301,25,2
2024-12-01 21:57:43,Active,0.338,0.354,25,2
2024-12-01 21:57:43,Active,0.335,0.361,25,2
2024-12-01 21:57:43,Active,0.323,0.389,25,2
2024-12-01 21:57:43,Active,0.330,0.412,25,2
2024-12-01 21:57:43,Active,0.301,0.406,25,2
2024-12-01 21:57:44,Active,0.350,0.349,25,2
2024-12-01 21:57:44,Active,0.336,0.380,25,2
2024-12-01 21:57:44,Active,0.344,0.382,25,2
2024-12-01 21:57:44,Active,0.359,0.376,25,2
2024-12-01 21:57:44,Active,0.356,0.378,25,2
2024-12-01 21:57:44,Active,0.351,0.377,25,2
2024-12-01 21:57:44,Active,0.367,0.400,25,2
2024-12-01 21:57:44,Active,0.341,0.376,25,2
2024-12-01 21:57:44,Active,0.349,0.401,25,2
2024-12-01 21:57:44,Active,0.350,0.381,25,2
2024-12-01 21:57:45,Active,0.336,0.371,25,2
2024-12-01 21:57:45,Active,0.347,0.394,25,2
2024-12-01 21:57:45,Active,0.352,0.379,25,2
2024-12-01 21:57:45,Active,0.331,0.396,25,2
2024-12-01 21:57:45,Active,0.361,0.374,25,2
2024-12-01 21:57:45,Active,0.331,0.373,25,2
2024-12-01 21:57:45,Active,0.333,0.371,25,2
2024-12-01 21:57:45,Active,0.325,0.392,25,2
2024-12-01 21:57:45,Active,0.279,0.408,25,2
2024-12-01 21:57:45,Active,0.297,0.377,25,2
2024-12-01 21:57:46,Active,0.267,0.367,25,2
2024-12-01 21:57:46,Active,0.281,0.358,25,2
2024-12-01 21:57:46,Active,0.271,0.381,25,2
2024-12-01 21:57:46,Active,0.289,0.370,25,2
2024-12-01 21:57:46,Active,0.272,0.367,25,2
2024-12-01 21:57:46,Active,0.280,0.353,25,2
2024-12-01 21:57:46,Active,0.298,0.354,25,2
2024-12-01 21:57:46,Active,0.271,0.377,25,2
2024-12-01 21:57:46,Active,0.210,0.364,25,2
2024-12-01 21:57:46,Active,0.084,0.376,25,2
2024-12-01 21:57:47,Active,0.259,0.398,25,2
2024-12-01 21:57:47,Active,0.308,0.360,25,2
2024-12-01 21:57:47,Active,0.325,0.339,25,2
2024-12-01 21:57:47,Active,0.287,0.374,25,2
2024-12-01 21:57:47,Active,0.300,0.375,25,2
2024-12-01 21:57:47,Active,0.301,0.376,25,2
2024-12-01 21:57:47,Active,0.292,0.384,25,2
2024-12-01 21:57:47,Active,0.300,0.347,25,2
2024-12-01 21:57:47,Active,0.315,0.366,25,2
2024-12-01 21:57:47,Active,0.292,0.355,25,2
2024-12-01 21:57:48,Active,0.310,0.381,25,2
2024-12-01 21:57:48,Active,0.323,0.341,25,2
2024-12-01 21:57:48,Active,0.336,0.355,25,2
2024-12-01 21:57:48,Active,0.328,0.368,25,2
2024-12-01 21:57:48,Active,0.345,0.371,25,2
2024-12-01 21:57:48,Active,0.318,0.370,25,2
2024-12-01 21:57:48,Active,0.334,0.363,25,2
2024-12-01 21:57:48,Active,0.323,0.381,25,2
2024-12-01 21:57:48,Active,0.331,0.397,25,2
2024-12-01 21:57:48,Active,0.339,0.357,25,2
2024-12-01 21:57:49,Active,0.348,0.385,25,2
2024-12-01 21:57:49,Active,0.148,0.360,25,2
2024-12-01 21:57:49,Active,0.243,0.361,25,2
2024-12-01 21:57:49,Active,0.288,0.347,25,2
2024-12-01 21:57:49,Active,0.334,0.355,25,2
2024-12-01 21:57:49,Active,0.326,0.359,25,2
2024-12-01 21:57:49,Active,0.337,0.331,25,2
2024-12-01 21:57:49,Active,0.336,0.336,25,2
2024-12-01 21:57:49,Active,0.325,0.375,25,2
2024-12-01 21:57:49,Active,0.320,0.354,25,2
2024-12-01 21:57:50,Active,0.320,0.357,25,2
2024-12-01 21:57:50,Active,0.323,0.356,25,2
2024-12-01 21:57:50,Active,0.328,0.347,25,2
2024-12-01 21:57:50,Active,0.331,0.349,25,2
2024-12-01 21:57:50,Active,0.334,0.360,25,2
2024-12-01 21:57:50,Active,0.334,0.379,25,2
2024-12-01 21:57:50,Active,0.328,0.332,25,2
2024-12-01 21:57:50,Active,0.331,0.345,25,2
2024-12-01 21:57:50,Active,0.344,0.331,25,2
2024-12-01 21:57:50,Active,0.323,0.329,25,2
2024-12-01 21:57:51,Active,0.179,0.355,25,2
2024-12-01 21:57:51,Active,0.246,0.338,25,2
2024-12-01 21:57:51,Active,0.302,0.340,25,2
2024-12-01 21:57:51,Active,0.313,0.336,25,2
2024-12-01 21:57:51,Active,0.309,0.330,25,2
2024-12-01 21:57:51,Active,0.317,0.345,25,2
2024-12-01 21:57:51,Active,0.345,0.331,25,2
2024-12-01 21:57:51,Active,0.315,0.332,25,2
2024-12-01 21:57:51,Active,0.319,0.333,25,2
2024-12-01 21:57:51,Active,0.334,0.370,25,2
2024-12-01 21:57:52,Active,0.341,0.364,25,2
2024-12-01 21:57:52,Active,0.336,0.351,25,2
2024-12-01 21:57:52,Active,0.317,0.339,25,2
2024-12-01 21:57:52,Active,0.334,0.313,25,2
2024-12-01 21:57:52,Active,0.347,0.345,25,2
2024-12-01 21:57:52,Active,0.346,0.323,25,2
2024-12-01 21:57:52,Active,0.326,0.334,25,2
2024-12-01 21:57:52,Active,0.342,0.354,25,2
2024-12-01 21:57:52,Active,0.339,0.358,25,2
2024-12-01 21:57:52,Active,0.342,0.351,25,2
2024-12-01 21:57:53,Active,0.330,0.349,25,2
2024-12-01 21:57:53,Active,0.260,0.369,25,2
2024-12-01 21:57:53,Active,0.170,0.351,25,2
2024-12-01 21:57:53,Active,0.251,0.370,25,2
2024-12-01 21:57:53,Active,0.264,0.360,25,2
2024-12-01 21:57:53,Active,0.277,0.344,25,2
2024-12-01 21:57:53,Active,0.282,0.321,25,2
2024-12-01 21:57:53,Active,0.277,0.362,25,2
2024-12-01 21:57:53,Active,0.281,0.339,25,2
2024-12-01 21:57:53,Active,0.262,0.345,25,2
2024-12-01 21:57:54,Active,0.281,0.345,25,2
2024-12-01 21:57:54,Active,0.268,0.347,25,2
2024-12-01 21:57:54,Active,0.277,0.395,25,2
2024-12-01 21:57:54,Active,0.277,0.346,25,2
2024-12-01 21:57:54,Active,0.281,0.364,25,2
2024-12-01 21:57:54,Active,0.277,0.359,25,2
2024-12-01 21:57:54,Active,0.247,0.344,25,2
2024-12-01 21:57:54,Active,0.268,0.329,25,2
2024-12-01 21:57:54,Active,0.282,0.355,25,2
2024-12-01 21:57:54,Active,0.277,0.347,25,2
2024-12-01 21:57:55,Active,0.256,0.355,25,2
2024-12-01 21:57:55,Active,0.263,0.352,25,2
2024-12-01 21:57:55,Active,0.247,0.358,25,2
2024-12-01 21:57:55,Active,0.265,0.402,25,2
2024-12-01 21:57:55,Active,0.276,0.419,25,2
2024-12-01 21:57:55,Active,0.317,0.354,25,2
2024-12-01 21:57:55,Active,0.356,0.375,25,2
2024-12-01 21:57:55,Active,0.353,0.399,25,2
2024-12-01 21:57:55,Active,0.349,0.351,25,2
2024-12-01 21:57:55,Active,0.336,0.395,25,2
2024-12-01 21:57:56,Active,0.356,0.392,25,2
2024-12-01 21:57:56,Active,0.348,0.371,25,2
2024-12-01 21:57:56,Active,0.339,0.390,25,2
2024-12-01 21:57:56,Active,0.331,0.351,25,2
2024-12-01 21:57:56,Active,0.269,0.380,25,2
2024-12-01 21:57:56,Active,0.186,0.406,25,2
2024-12-01 21:57:56,Active,0.283,0.371,25,2
2024-12-01 21:57:56,Active,0.306,0.396,25,2
2024-12-01 21:57:56,Active,0.313,0.339,25,2
2024-12-01 21:57:56,Active,0.133,0.356,25,2
2024-12-01 21:57:57,Active,0.191,0.389,25,2
2024-12-01 21:57:57,Active,0.306,0.366,25,2
2024-12-01 21:57:57,Active,0.316,0.398,25,2
2024-12-01 21:57:57,Active,0.315,0.391,25,2
2024-12-01 21:57:57,Active,0.300,0.388,25,2
2024-12-01 21:57:57,Active,0.300,0.392,25,2
2024-12-01 21:57:57,Active,0.283,0.371,25,2
2024-12-01 21:57:57,Active,0.334,0.398,25,2
2024-12-01 21:57:57,Active,0.307,0.377,25,2
2024-12-01 21:57:57,Active,0.306,0.360,25,2
2024-12-01 21:57:58,Active,0.317,0.406,25,2
2024-12-01 21:57:58,Active,0.325,0.382,25,2
2024-12-01 21:57:58,Active,0.331,0.387,25,2
2024-12-01 21:57:58,Active,0.320,0.367,25,2
2024-12-01 21:57:58,Active,0.342,0.388,25,2
2024-12-01 21:57:58,Active,0.333,0.405,25,2
2024-12-01 21:57:58,Active,0.337,0.379,25,2
2024-12-01 21:57:58,Active,0.323,0.378,25,2
2024-12-01 21:57:58,Active,0.328,0.402,25,2
2024-12-01 21:57:58,Active,0.318,0.353,25,2
2024-12-01 21:57:59,Active,0.331,0.357,25,2
2024-12-01 21:57:59,Active,0.315,0.391,25,2
2024-12-01 21:57:59,Active,0.327,0.381,25,2
2024-12-01 21:57:59,Active,0.315,0.365,25,2
2024-12-01 21:57:59,Active,0.345,0.377,25,2
2024-12-01 21:57:59,Active,0.331,0.366,25,2
2024-12-01 21:57:59,Active,0.330,0.372,25,2
2024-12-01 21:57:59,Active,0.307,0.372,25,2
2024-12-01 21:57:59,Active,0.334,0.367,25,2
2024-12-01 21:57:59,Active,0.237,0.375,25,2
2024-12-01 21:58:00,Active,0.173,0.368,25,2
2024-12-01 21:58:00,SLEEPING !!!,0.215,0.419,25,2
2024-12-01 21:58:00,Active,0.281,0.395,26,2
2024-12-01 21:58:00,Active,0.305,0.405,26,2
2024-12-01 21:58:00,Active,0.312,0.381,26,2
2024-12-01 21:58:00,Active,0.312,0.405,26,2
2024-12-01 21:58:00,Active,0.323,0.412,26,2
2024-12-01 21:58:00,Active,0.309,0.391,26,2
2024-12-01 21:58:00,Active,0.328,0.377,26,2
2024-12-01 21:58:00,Active,0.328,0.379,26,2
2024-12-01 21:58:01,Active,0.328,0.372,26,2
2024-12-01 21:58:01,Active,0.312,0.363,26,2
2024-12-01 21:58:01,Active,0.307,0.383,26,2
2024-12-01 21:58:01,Active,0.312,0.385,26,2
2024-12-01 21:58:01,Active,0.325,0.407,26,2
2024-12-01 21:58:01,Active,0.319,0.375,26,2
2024-12-01 21:58:01,Active,0.323,0.370,26,2
2024-12-01 21:58:01,Active,0.331,0.375,26,2
2024-12-01 21:58:01,Active,0.342,0.401,26,2
2024-12-01 21:58:01,Active,0.352,0.383,26,2
2024-12-01 21:58:02,Active,0.331,0.368,26,2
2024-12-01 21:58:02,Active,0.328,0.374,26,2
2024-12-01 21:58:02,Active,0.323,0.365,26,2
2024-12-01 21:58:02,Active,0.318,0.385,26,2
2024-12-01 21:58:02,Active,0.347,0.386,26,2
2024-12-01 21:58:02,Active,0.328,0.390,26,2
2024-12-01 21:58:02,Active,0.326,0.421,26,2
2024-12-01 21:58:02,Active,0.331,0.428,26,2
2024-12-01 21:58:02,Active,0.336,0.386,26,2
2024-12-01 21:58:02,Active,0.350,0.377,26,2
2024-12-01 21:58:03,Active,0.246,0.406,26,2
2024-12-01 21:58:03,Active,0.165,0.386,26,2
2024-12-01 21:58:03,SLEEPING !!!,0.246,0.382,26,2
2024-12-01 21:58:03,Active,0.297,0.394,27,2
2024-12-01 21:58:03,Active,0.293,0.382,27,2
2024-12-01 21:58:03,Active,0.308,0.415,27,2
2024-12-01 21:58:03,Active,0.309,0.383,27,2
2024-12-01 21:58:03,Active,0.305,0.386,27,2
2024-12-01 21:58:03,Active,0.312,0.360,27,2
2024-12-01 21:58:03,Active,0.325,0.391,27,2
2024-12-01 21:58:04,Active,0.316,0.358,27,2
2024-12-01 21:58:04,Active,0.311,0.382,27,2
2024-12-01 21:58:04,Active,0.320,0.381,27,2
2024-12-01 21:58:04,Active,0.322,0.385,27,2
2024-12-01 21:58:04,Active,0.328,0.351,27,2
2024-12-01 21:58:04,Active,0.325,0.368,27,2
2024-12-01 21:58:04,Active,0.331,0.381,27,2
2024-12-01 21:58:04,Active,0.317,0.398,27,2
2024-12-01 21:58:04,Active,0.326,0.381,27,2
2024-12-01 21:58:04,Active,0.351,0.406,27,2
2024-12-01 21:58:05,Active,0.334,0.395,27,2
2024-12-01 21:58:05,Active,0.328,0.364,27,2
2024-12-01 21:58:05,Active,0.328,0.356,27,2
2024-12-01 21:58:05,Active,0.326,0.365,27,2
2024-12-01 21:58:05,Active,0.334,0.375,27,2
2024-12-01 21:58:05,Active,0.312,0.388,27,2
2024-12-01 21:58:05,Active,0.283,0.373,27,2
2024-12-01 21:58:05,Active,0.287,0.382,27,2
2024-12-01 21:58:05,Active,0.285,0.381,27,2
2024-12-01 21:58:05,Active,0.288,0.358,27,2
2024-12-01 21:58:06,Active,0.287,0.385,27,2
2024-12-01 21:58:06,Active,0.255,0.353,27,2
2024-12-01 21:58:06,Active,0.067,0.380,27,2
2024-12-01 21:58:06,Active,0.095,0.399,27,2
2024-12-01 21:58:06,SLEEPING !!!,0.169,0.383,27,2
2024-12-01 21:58:06,SLEEPING !!!,0.191,0.368,27,2
2024-12-01 21:58:06,SLEEPING !!!,0.207,0.373,27,2
2024-12-01 21:58:06,SLEEPING !!!,0.210,0.398,27,2
2024-12-01 21:58:06,SLEEPING !!!,0.228,0.371,27,2
2024-12-01 21:58:06,SLEEPING !!!,0.193,0.378,27,2
2024-12-01 21:58:07,SLEEPING !!!,0.220,0.377,27,2
2024-12-01 21:58:07,SLEEPING !!!,0.212,0.391,27,2
2024-12-01 21:58:07,SLEEPING !!!,0.228,0.374,27,2
2024-12-01 21:58:07,SLEEPING !!!,0.246,0.401,27,2
2024-12-01 21:58:07,SLEEPING !!!,0.220,0.408,27,2
2024-12-01 21:58:07,SLEEPING !!!,0.234,0.378,27,2
2024-12-01 21:58:07,Active,0.263,0.369,28,2
2024-12-01 21:58:07,Active,0.247,0.367,28,2
2024-12-01 21:58:07,Active,0.213,0.356,28,2
2024-12-01 21:58:07,SLEEPING !!!,0.238,0.373,28,2
2024-12-01 21:58:08,SLEEPING !!!,0.247,0.352,28,2
2024-12-01 21:58:08,SLEEPING !!!,0.237,0.353,28,2
2024-12-01 21:58:08,Active,0.257,0.344,29,2
2024-12-01 21:58:08,Active,0.214,0.363,29,2
2024-12-01 21:58:08,Active,0.124,0.344,29,2
2024-12-01 21:58:08,Active,0.268,0.368,29,2
2024-12-01 21:58:08,Active,0.324,0.337,29,2
2024-12-01 21:58:08,Active,0.329,0.376,29,2
2024-12-01 21:58:08,Active,0.354,0.401,29,2
2024-12-01 21:58:08,Active,0.335,0.418,29,2
2024-12-01 21:58:09,Active,0.190,0.376,29,2
2024-12-01 21:58:09,Active,0.240,0.420,29,2
2024-12-01 21:58:09,SLEEPING !!!,0.235,0.355,29,2
2024-12-01 21:58:09,Active,0.297,0.400,30,2
2024-12-01 21:58:09,Active,0.289,0.373,30,2
2024-12-01 21:58:09,Active,0.348,0.381,30,2
2024-12-01 21:58:09,Active,0.304,0.375,30,2
2024-12-01 21:58:09,Active,0.157,0.362,30,2
2024-12-01 21:58:09,Active,0.167,0.362,30,2
2024-12-01 21:58:09,SLEEPING !!!,0.148,0.423,30,2
2024-12-01 21:58:10,Active,0.256,0.398,31,2
2024-12-01 21:58:10,Active,0.306,0.402,31,2
2024-12-01 21:58:10,Active,0.283,0.388,31,2
2024-12-01 21:58:10,Active,0.311,0.395,31,2
2024-12-01 21:58:10,Active,0.311,0.424,31,2
2024-12-01 21:58:10,Active,0.202,0.415,31,2
2024-12-01 21:58:10,Active,0.119,0.425,31,2
2024-12-01 21:58:10,SLEEPING !!!,0.126,0.383,31,2
2024-12-01 21:58:10,SLEEPING !!!,0.137,0.348,31,2
2024-12-01 21:58:10,SLEEPING !!!,0.218,0.334,31,2
2024-12-01 21:58:11,SLEEPING !!!,0.224,0.355,31,2
2024-12-01 21:58:11,SLEEPING !!!,0.242,0.354,31,2
2024-12-01 21:58:11,Active,0.285,0.336,32,2
2024-12-01 21:58:11,Active,0.280,0.361,32,2
2024-12-01 21:58:11,Active,0.271,0.379,32,2
2024-12-01 21:58:11,Active,0.310,0.378,32,2
2024-12-01 21:58:11,Active,0.234,0.343,32,2
2024-12-01 21:58:11,Active,0.100,0.351,32,2
2024-12-01 21:58:11,SLEEPING !!!,0.098,0.353,32,2
2024-12-01 21:58:11,SLEEPING !!!,0.206,0.318,32,2
2024-12-01 21:58:12,SLEEPING !!!,0.210,0.374,32,2
2024-12-01 21:58:12,SLEEPING !!!,0.247,0.353,32,2
2024-12-01 21:58:12,Active,0.257,0.336,33,2
2024-12-01 21:58:12,Active,0.206,0.325,33,2
2024-12-01 21:58:13,Active,0.169,0.358,33,2
2024-12-01 21:58:13,Active,0.270,0.384,33,2
2024-12-01 21:58:13,Active,0.339,0.322,33,2
2024-12-01 21:58:13,Active,0.325,0.301,33,2
2024-12-01 21:58:13,Active,0.342,0.326,33,2
2024-12-01 21:58:14,Active,0.359,0.330,33,2
2024-12-01 21:58:14,Active,0.379,0.274,33,2
2024-12-01 21:58:14,Active,0.355,0.343,33,2
2024-12-01 21:58:14,Active,0.339,0.348,33,2
2024-12-01 21:58:14,Active,0.340,0.333,33,2
2024-12-01 21:58:14,Active,0.369,0.412,33,2
2024-12-01 21:58:14,Active,0.338,0.396,33,2
2024-12-01 21:58:14,Active,0.364,0.393,33,2
2024-12-01 21:58:14,Active,0.356,0.385,33,2
2024-12-01 21:58:14,Active,0.332,0.392,33,2
2024-12-01 21:58:15,Active,0.344,0.389,33,2
2024-12-01 21:58:15,Active,0.353,0.376,33,2
2024-12-01 21:58:15,Active,0.348,0.373,33,2
2024-12-01 21:58:15,Active,0.338,0.403,33,2
2024-12-01 21:58:15,Active,0.317,0.373,33,2
2024-12-01 21:58:15,Active,0.315,0.374,33,2
2024-12-01 21:58:15,Active,0.296,0.369,33,2
2024-12-01 21:58:15,Active,0.299,0.367,33,2
2024-12-01 21:58:15,Active,0.309,0.373,33,2
2024-12-01 21:58:15,Active,0.303,0.346,33,2
2024-12-01 21:58:16,Active,0.320,0.371,33,2
2024-12-01 21:58:16,Active,0.309,0.346,33,2
2024-12-01 21:58:16,Active,0.309,0.384,33,2
2024-12-01 21:58:16,Active,0.314,0.376,33,2
2024-12-01 21:58:16,Active,0.330,0.355,33,2
2024-12-01 21:58:16,Active,0.317,0.337,33,2
2024-12-01 21:58:16,Active,0.314,0.343,33,2
2024-12-01 21:58:16,Active,0.292,0.374,33,2
2024-12-01 21:58:16,Active,0.285,0.377,33,2
2024-12-01 21:58:16,Active,0.288,0.385,33,2
2024-12-01 21:58:17,Active,0.292,0.363,33,2
2024-12-01 21:58:17,Active,0.272,0.382,33,2
2024-12-01 21:58:17,Active,0.297,0.378,33,2
2024-12-01 21:58:17,Active,0.264,0.396,33,2
2024-12-01 21:58:17,Active,0.297,0.371,33,2
2024-12-01 21:58:17,Active,0.293,0.390,33,2
2024-12-01 21:58:17,Active,0.267,0.373,33,2
2024-12-01 21:58:17,Active,0.280,0.365,33,2
2024-12-01 21:58:17,Active,0.263,0.384,33,2
2024-12-01 21:58:17,Active,0.271,0.379,33,2
2024-12-01 21:58:18,Active,0.280,0.367,33,2
2024-12-01 21:58:18,Active,0.297,0.383,33,2
2024-12-01 21:58:18,Active,0.289,0.391,33,2
2024-12-01 21:58:18,Active,0.297,0.367,33,2
2024-12-01 21:58:18,Active,0.284,0.408,33,2
2024-12-01 21:58:18,Active,0.297,0.376,33,2
2024-12-01 21:58:18,Active,0.300,0.372,33,2
2024-12-01 21:58:18,Active,0.296,0.367,33,2
2024-12-01 21:58:18,Active,0.305,0.359,33,2
2024-12-01 21:58:19,Active,0.296,0.392,33,2
2024-12-01 21:58:19,Active,0.306,0.382,33,2
2024-12-01 21:58:19,Active,0.293,0.391,33,2
2024-12-01 21:58:19,Active,0.300,0.378,33,2
2024-12-01 21:58:19,Active,0.331,0.381,33,2
2024-12-01 21:58:19,Active,0.297,0.405,33,2
2024-12-01 21:58:19,Active,0.302,0.369,33,2
2024-12-01 21:58:19,Active,0.296,0.363,33,2
2024-12-01 21:58:19,Active,0.312,0.385,33,2
2024-12-01 21:58:19,Active,0.305,0.378,33,2
2024-12-01 21:58:20,Active,0.306,0.386,33,2
2024-12-01 21:58:20,Active,0.309,0.375,33,2
2024-12-01 21:58:20,Active,0.329,0.349,33,2
2024-12-01 21:58:20,Active,0.318,0.361,33,2
2024-12-01 21:58:20,Active,0.309,0.376,33,2
2024-12-01 21:58:20,Active,0.312,0.364,33,2
2024-12-01 21:58:20,Active,0.308,0.367,33,2
2024-12-01 21:58:20,Active,0.314,0.376,33,2
2024-12-01 21:58:20,Active,0.291,0.375,33,2
2024-12-01 21:58:20,Active,0.312,0.367,33,2
2024-12-01 21:58:21,Active,0.312,0.330,33,2
2024-12-01 21:58:21,Active,0.321,0.376,33,2
2024-12-01 21:58:21,Active,0.331,0.389,33,2
2024-12-01 21:58:21,Active,0.345,0.363,33,2
2024-12-01 21:58:21,Active,0.337,0.360,33,2
2024-12-01 21:58:21,Active,0.323,0.371,33,2
2024-12-01 21:58:21,Active,0.127,0.416,33,2
2024-12-01 21:58:21,Active,0.120,0.452,33,2
2024-12-01 21:58:21,SLEEPING !!!,0.233,0.362,33,2
2024-12-01 21:58:21,Active,0.287,0.377,34,2
2024-12-01 21:58:22,Active,0.279,0.392,34,2
2024-12-01 21:58:22,Active,0.298,0.380,34,2
2024-12-01 21:58:22,Active,0.301,0.395,34,2
2024-12-01 21:58:22,Active,0.290,0.400,34,2
2024-12-01 21:58:22,Active,0.298,0.402,34,2
2024-12-01 21:58:22,Active,0.287,0.381,34,2
2024-12-01 21:58:22,Active,0.295,0.385,34,2
2024-12-01 21:58:22,Active,0.301,0.372,34,2
2024-12-01 21:58:22,Active,0.271,0.366,34,2
2024-12-01 21:58:22,Active,0.275,0.385,34,2
2024-12-01 21:58:23,Active,0.297,0.349,34,2
2024-12-01 21:58:23,Active,0.266,0.369,34,2
2024-12-01 21:58:23,Active,0.296,0.368,34,2
2024-12-01 21:58:23,Active,0.292,0.382,34,2
2024-12-01 21:58:23,Active,0.285,0.375,34,2
2024-12-01 21:58:23,Active,0.263,0.359,34,2
2024-12-01 21:58:23,Active,0.271,0.371,34,2
2024-12-01 21:58:23,Active,0.287,0.357,34,2
2024-12-01 21:58:23,Active,0.314,0.344,34,2
2024-12-01 21:58:23,Active,0.309,0.373,34,2
2024-12-01 21:58:24,Active,0.303,0.396,34,2
2024-12-01 21:58:24,Active,0.299,0.385,34,2
2024-12-01 21:58:24,Active,0.325,0.388,34,2
2024-12-01 21:58:24,Active,0.323,0.423,34,2
2024-12-01 21:58:24,Active,0.336,0.406,34,2
2024-12-01 21:58:24,Active,0.250,0.453,34,2
2024-12-01 21:58:24,Active,0.111,0.502,34,2
2024-12-01 21:58:24,Active,0.255,0.545,34,2
2024-12-01 21:58:24,Active,0.293,0.631,34,2
2024-12-01 21:58:24,Active,0.314,0.625,34,2
2024-12-01 21:58:25,Active,0.292,0.737,34,2
2024-12-01 21:58:25,Active,0.314,0.777,34,2
2024-12-01 21:58:25,Active,0.303,0.814,34,2
2024-12-01 21:58:25,Severe Yawn !!!,0.322,0.887,34,3
2024-12-01 21:58:25,Severe Yawn !!!,0.312,0.817,34,3
2024-12-01 21:58:25,Severe Yawn !!!,0.326,0.827,34,3
2024-12-01 21:58:25,Severe Yawn !!!,0.125,0.811,34,3
2024-12-01 21:58:25,Severe Yawn !!!,0.192,0.811,34,3
2024-12-01 21:58:25,Severe Yawn !!!,0.259,0.882,34,3
2024-12-01 21:58:25,Severe Yawn !!!,0.254,0.830,34,3
2024-12-01 21:58:26,Severe Yawn !!!,0.275,0.830,34,3
2024-12-01 21:58:26,Severe Yawn !!!,0.301,0.844,34,3
2024-12-01 21:58:26,Moderate Yawn !,0.297,0.796,34,3
2024-12-01 21:58:26,Moderate Yawn !,0.302,0.765,34,3
2024-12-01 21:58:26,Moderate Yawn !,0.299,0.749,34,3
2024-12-01 21:58:26,Moderate Yawn !,0.293,0.662,34,3
2024-12-01 21:58:26,Mild Yawn,0.298,0.516,34,3
2024-12-01 21:58:26,Mild Yawn,0.293,0.388,34,3
2024-12-01 21:58:26,Mild Yawn,0.305,0.343,34,3
2024-12-01 21:58:26,Mild Yawn,0.306,0.371,34,3
2024-12-01 21:58:27,Mild Yawn,0.306,0.335,34,3
2024-12-01 21:58:27,Mild Yawn,0.319,0.356,34,3
2024-12-01 21:58:27,Mild Yawn,0.308,0.355,34,3
2024-12-01 21:58:27,Mild Yawn,0.278,0.331,34,3
2024-12-01 21:58:27,Mild Yawn,0.308,0.347,34,3
2024-12-01 21:58:27,Mild Yawn,0.308,0.331,34,3
2024-12-01 21:58:27,Mild Yawn,0.297,0.341,34,3
2024-12-01 21:58:27,Mild Yawn,0.314,0.352,34,3
2024-12-01 21:58:27,Mild Yawn,0.306,0.372,34,3
2024-12-01 21:58:27,Mild Yawn,0.292,0.351,34,3
2024-12-01 21:58:28,Mild Yawn,0.292,0.348,34,3
2024-12-01 21:58:28,Mild Yawn,0.276,0.358,34,3
2024-12-01 21:58:28,Mild Yawn,0.300,0.359,34,3
2024-12-01 21:58:28,Mild Yawn,0.241,0.391,34,3
2024-12-01 21:58:28,Mild Yawn,0.122,0.374,34,3
2024-12-01 21:58:28,SLEEPING !!!,0.229,0.356,34,3
2024-12-01 21:58:28,SLEEPING !!!,0.250,0.343,34,3
2024-12-01 21:58:28,Mild Yawn,0.276,0.328,35,3
2024-12-01 21:58:28,Mild Yawn,0.242,0.362,35,3
2024-12-01 21:58:28,Mild Yawn,0.263,0.352,35,3
2024-12-01 21:58:29,Mild Yawn,0.268,0.361,35,3
2024-12-01 21:58:29,Mild Yawn,0.268,0.365,35,3
2024-12-01 21:58:29,Mild Yawn,0.260,0.345,35,3
2024-12-01 21:58:29,Mild Yawn,0.259,0.375,35,3
2024-12-01 21:58:29,Mild Yawn,0.284,0.350,35,3
2024-12-01 21:58:29,Mild Yawn,0.275,0.327,35,3
2024-12-01 21:58:29,Mild Yawn,0.276,0.346,35,3
2024-12-01 21:58:29,Mild Yawn,0.300,0.364,35,3
2024-12-01 21:58:29,Mild Yawn,0.306,0.355,35,3
2024-12-01 21:58:29,Mild Yawn,0.272,0.374,35,3
2024-12-01 21:58:30,Mild Yawn,0.296,0.374,35,3
2024-12-01 21:58:30,Mild Yawn,0.283,0.380,35,3
2024-12-01 21:58:30,Mild Yawn,0.317,0.367,35,3
2024-12-01 21:58:30,Mild Yawn,0.322,0.349,35,3
2024-12-01 21:58:30,Mild Yawn,0.292,0.330,35,3
2024-12-01 21:58:30,Mild Yawn,0.293,0.345,35,3
2024-12-01 21:58:30,Mild Yawn,0.317,0.372,35,3
2024-12-01 21:58:30,Mild Yawn,0.284,0.341,35,3
2024-12-01 21:58:30,Mild Yawn,0.300,0.384,35,3
2024-12-01 21:58:30,Mild Yawn,0.292,0.393,35,3
2024-12-01 21:58:31,Mild Yawn,0.300,0.345,35,3
2024-12-01 21:58:31,Mild Yawn,0.304,0.381,35,3
2024-12-01 21:58:31,Mild Yawn,0.317,0.346,35,3
2024-12-01 21:58:31,Mild Yawn,0.317,0.382,35,3
2024-12-01 21:58:31,Mild Yawn,0.320,0.356,35,3
2024-12-01 21:58:31,Mild Yawn,0.312,0.382,35,3
2024-12-01 21:58:31,Mild Yawn,0.317,0.364,35,3
2024-12-01 21:58:31,Mild Yawn,0.330,0.361,35,3
2024-12-01 21:58:31,Mild Yawn,0.320,0.371,35,3
2024-12-01 21:58:31,Mild Yawn,0.308,0.373,35,3
2024-12-01 21:58:32,Mild Yawn,0.325,0.353,35,3
2024-12-01 21:58:32,Mild Yawn,0.320,0.434,35,3
2024-12-01 21:58:32,Mild Yawn,0.320,0.394,35,3
2024-12-01 21:58:32,Mild Yawn,0.326,0.371,35,3
2024-12-01 21:58:32,Mild Yawn,0.319,0.347,35,3
2024-12-01 21:58:32,Mild Yawn,0.325,0.409,35,3
2024-12-01 21:58:32,Mild Yawn,0.336,0.365,35,3
2024-12-01 21:58:32,Mild Yawn,0.322,0.372,35,3
2024-12-01 21:58:32,Mild Yawn,0.303,0.333,35,3
2024-12-01 21:58:32,Mild Yawn,0.333,0.334,35,3
2024-12-01 21:58:33,Mild Yawn,0.325,0.373,35,3
2024-12-01 21:58:33,Mild Yawn,0.328,0.378,35,3
2024-12-01 21:58:33,Mild Yawn,0.325,0.383,35,3
2024-12-01 21:58:33,Mild Yawn,0.305,0.328,35,3
2024-12-01 21:58:33,Mild Yawn,0.300,0.307,35,3
2024-12-01 21:58:33,Mild Yawn,0.306,0.366,35,3
2024-12-01 21:58:33,Mild Yawn,0.347,0.529,35,3
2024-12-01 21:58:33,Mild Yawn,0.336,0.567,35,3
2024-12-01 21:58:33,Moderate Yawn !,0.347,0.619,35,3
2024-12-01 21:58:33,Moderate Yawn !,0.333,0.659,35,3
2024-12-01 21:58:34,Moderate Yawn !,0.325,0.708,35,3
2024-12-01 21:58:34,Moderate Yawn !,0.319,0.686,35,3
2024-12-01 21:58:34,Moderate Yawn !,0.334,0.712,35,3
2024-12-01 21:58:34,Moderate Yawn !,0.334,0.731,35,3
2024-12-01 21:58:34,Moderate Yawn !,0.342,0.749,35,3
2024-12-01 21:58:34,Moderate Yawn !,0.342,0.784,35,3
2024-12-01 21:58:34,Moderate Yawn !,0.309,0.786,35,3
2024-12-01 21:58:34,Moderate Yawn !,0.326,0.795,35,3
2024-12-01 21:58:34,Moderate Yawn !,0.325,0.793,35,3
2024-12-01 21:58:34,Moderate Yawn !,0.348,0.784,35,3
2024-12-01 21:58:35,Severe Yawn !!!,0.326,0.841,35,3
2024-12-01 21:58:35,Severe Yawn !!!,0.361,0.822,35,3
2024-12-01 21:58:35,Severe Yawn !!!,0.325,0.834,35,3
2024-12-01 21:58:35,Severe Yawn !!!,0.325,0.875,35,3
2024-12-01 21:58:35,Severe Yawn !!!,0.320,0.840,35,3
2024-12-01 21:58:35,Severe Yawn !!!,0.334,0.885,35,3
2024-12-01 21:58:35,Severe Yawn !!!,0.320,0.865,35,3
2024-12-01 21:58:35,Severe Yawn !!!,0.342,0.884,35,3
2024-12-01 21:58:35,Severe Yawn !!!,0.325,0.874,35,3
2024-12-01 21:58:35,Severe Yawn !!!,0.325,0.829,35,3
2024-12-01 21:58:36,Severe Yawn !!!,0.339,0.909,35,3
2024-12-01 21:58:36,Severe Yawn !!!,0.328,0.904,35,3
2024-12-01 21:58:36,Severe Yawn !!!,0.339,0.861,35,3
2024-12-01 21:58:36,Severe Yawn !!!,0.328,0.849,35,3
2024-12-01 21:58:36,Severe Yawn !!!,0.342,0.865,35,3
2024-12-01 21:58:36,Severe Yawn !!!,0.358,0.874,35,3
2024-12-01 21:58:36,Severe Yawn !!!,0.356,0.841,35,3
2024-12-01 21:58:36,Severe Yawn !!!,0.186,0.803,35,3
2024-12-01 21:58:36,Moderate Yawn !,0.201,0.731,35,3
2024-12-01 21:58:36,Moderate Yawn !,0.254,0.656,35,3
2024-12-01 21:58:37,Moderate Yawn !,0.282,0.730,35,3
2024-12-01 21:58:37,Moderate Yawn !,0.289,0.778,35,3
2024-12-01 21:58:37,Moderate Yawn !,0.298,0.731,35,3
2024-12-01 21:58:37,Moderate Yawn !,0.298,0.701,35,3
2024-12-01 21:58:37,Moderate Yawn !,0.310,0.620,35,3
2024-12-01 21:58:37,Moderate Yawn !,0.312,0.640,35,3
2024-12-01 21:58:37,Moderate Yawn !,0.307,0.664,35,3
2024-12-01 21:58:37,Moderate Yawn !,0.312,0.733,35,3
2024-12-01 21:58:37,Severe Yawn !!!,0.311,0.828,35,3
2024-12-01 21:58:37,Moderate Yawn !,0.297,0.753,35,3
2024-12-01 21:58:38,Moderate Yawn !,0.280,0.742,35,3
2024-12-01 21:58:38,Moderate Yawn !,0.306,0.762,35,3
2024-12-01 21:58:38,Moderate Yawn !,0.288,0.702,35,3
2024-12-01 21:58:38,Moderate Yawn !,0.314,0.750,35,3
2024-12-01 21:58:38,Moderate Yawn !,0.333,0.756,35,3
2024-12-01 21:58:38,Moderate Yawn !,0.363,0.735,35,3
2024-12-01 21:58:38,Moderate Yawn !,0.402,0.785,35,3
2024-12-01 21:58:38,Severe Yawn !!!,0.419,0.839,35,3
2024-12-01 21:58:38,Severe Yawn !!!,0.430,0.889,35,3
2024-12-01 21:58:38,Severe Yawn !!!,0.452,0.831,35,3
2024-12-01 21:58:39,Severe Yawn !!!,0.396,0.815,35,3
2024-12-01 21:58:39,Severe Yawn !!!,0.393,0.935,35,3
2024-12-01 21:58:39,Moderate Yawn !,0.359,0.785,35,3
2024-12-01 21:58:39,Severe Yawn !!!,0.383,0.931,35,3
2024-12-01 21:58:39,Severe Yawn !!!,0.415,0.936,35,3
2024-12-01 21:58:39,Severe Yawn !!!,0.398,0.988,35,3
2024-12-01 21:58:39,Severe Yawn !!!,0.395,0.960,35,3
2024-12-01 21:58:39,Severe Yawn !!!,0.379,0.890,35,3
2024-12-01 21:58:39,Moderate Yawn !,0.390,0.722,35,3
2024-12-01 21:58:39,Mild Yawn,0.398,0.406,35,3
2024-12-01 21:58:40,Mild Yawn,0.398,0.361,35,3
2024-12-01 21:58:40,Mild Yawn,0.381,0.330,35,3
2024-12-01 21:58:40,Mild Yawn,0.357,0.329,35,3
2024-12-01 21:58:40,Mild Yawn,0.387,0.354,35,3
2024-12-01 21:58:40,Mild Yawn,0.419,0.369,35,3
2024-12-01 21:58:40,Mild Yawn,0.379,0.356,35,3
2024-12-01 21:58:40,Mild Yawn,0.375,0.345,35,3
2024-12-01 21:58:40,Mild Yawn,0.379,0.331,35,3
2024-12-01 21:58:40,Mild Yawn,0.357,0.350,35,3
2024-12-01 21:58:40,Mild Yawn,0.328,0.365,35,3
2024-12-01 21:58:41,Mild Yawn,0.293,0.343,35,3
2024-12-01 21:58:41,Mild Yawn,0.325,0.373,35,3
2024-12-01 21:58:41,Mild Yawn,0.317,0.376,35,3
2024-12-01 21:58:41,Mild Yawn,0.334,0.367,35,3
2024-12-01 21:58:41,Mild Yawn,0.315,0.393,35,3
2024-12-01 21:58:41,Mild Yawn,0.331,0.396,35,3
2024-12-01 21:58:41,Mild Yawn,0.334,0.373,35,3
2024-12-01 21:58:41,Mild Yawn,0.319,0.373,35,3
2024-12-01 21:58:41,Mild Yawn,0.312,0.358,35,3
2024-12-01 21:58:41,Mild Yawn,0.164,0.354,35,3
2024-12-01 21:58:42,Mild Yawn,0.210,0.370,35,3
2024-12-01 21:58:42,Mild Yawn,0.254,0.343,35,3
2024-12-01 21:58:42,Mild Yawn,0.284,0.365,35,3
2024-12-01 21:58:42,Mild Yawn,0.322,0.363,35,3
2024-12-01 21:58:42,Mild Yawn,0.306,0.374,35,3
2024-12-01 21:58:42,Mild Yawn,0.314,0.366,35,3
2024-12-01 21:58:42,Mild Yawn,0.276,0.354,35,3
2024-12-01 21:58:42,Mild Yawn,0.114,0.338,35,3
2024-12-01 21:58:42,Mild Yawn,0.106,0.367,35,3
2024-12-01 21:58:42,SLEEPING !!!,0.123,0.378,35,3
2024-12-01 21:58:43,SLEEPING !!!,0.215,0.370,35,3
2024-12-01 21:58:43,Mild Yawn,0.259,0.372,36,3
2024-12-01 21:58:43,Mild Yawn,0.285,0.387,36,3
2024-12-01 21:58:43,Mild Yawn,0.300,0.371,36,3
2024-12-01 21:58:43,Mild Yawn,0.319,0.376,36,3
2024-12-01 21:58:43,Mild Yawn,0.309,0.380,36,3
2024-12-01 21:58:43,Mild Yawn,0.317,0.361,36,3
2024-12-01 21:58:43,Mild Yawn,0.311,0.370,36,3
2024-12-01 21:58:43,Mild Yawn,0.321,0.382,36,3
2024-12-01 21:58:43,Mild Yawn,0.317,0.372,36,3
2024-12-01 21:58:44,Mild Yawn,0.321,0.385,36,3
2024-12-01 21:58:44,Mild Yawn,0.333,0.367,36,3
2024-12-01 21:58:44,Mild Yawn,0.326,0.378,36,3
2024-12-01 21:58:44,Mild Yawn,0.334,0.386,36,3
2024-12-01 21:58:44,Mild Yawn,0.334,0.367,36,3
2024-12-01 21:58:44,Mild Yawn,0.312,0.404,36,3
2024-12-01 21:58:44,Mild Yawn,0.322,0.380,36,3
2024-12-01 21:58:44,Mild Yawn,0.333,0.350,36,3
2024-12-01 21:58:44,Mild Yawn,0.326,0.378,36,3
2024-12-01 21:58:44,Mild Yawn,0.317,0.360,36,3
2024-12-01 21:58:45,Mild Yawn,0.325,0.372,36,3
2024-12-01 21:58:45,Mild Yawn,0.320,0.360,36,3
2024-12-01 21:58:45,Mild Yawn,0.321,0.376,36,3
2024-12-01 21:58:45,Mild Yawn,0.320,0.365,36,3
2024-12-01 21:58:45,Mild Yawn,0.325,0.382,36,3
2024-12-01 21:58:45,Mild Yawn,0.311,0.370,36,3
2024-12-01 21:58:45,Mild Yawn,0.309,0.385,36,3
2024-12-01 21:58:45,Mild Yawn,0.325,0.380,36,3
2024-12-01 21:58:45,Mild Yawn,0.308,0.360,36,3
2024-12-01 21:58:45,Mild Yawn,0.317,0.379,36,3
2024-12-01 21:58:46,Mild Yawn,0.317,0.367,36,3
2024-12-01 21:58:46,Mild Yawn,0.333,0.414,36,3
2024-12-01 21:58:46,Mild Yawn,0.311,0.372,36,3
2024-12-01 21:58:46,Mild Yawn,0.325,0.386,36,3
2024-12-01 21:58:46,Mild Yawn,0.331,0.384,36,3
2024-12-01 21:58:46,Mild Yawn,0.334,0.376,36,3
2024-12-01 21:58:46,Mild Yawn,0.333,0.389,36,3
2024-12-01 21:58:46,Mild Yawn,0.318,0.380,36,3
2024-12-01 21:58:46,Mild Yawn,0.326,0.405,36,3
2024-12-01 21:58:46,Mild Yawn,0.325,0.371,36,3
2024-12-01 21:58:47,Mild Yawn,0.317,0.395,36,3
2024-12-01 21:58:47,Mild Yawn,0.326,0.387,36,3
2024-12-01 21:58:47,Mild Yawn,0.317,0.395,36,3
2024-12-01 21:58:47,Mild Yawn,0.328,0.391,36,3
2024-12-01 21:58:47,Mild Yawn,0.334,0.416,36,3
2024-12-01 21:58:47,Mild Yawn,0.326,0.389,36,3
2024-12-01 21:58:47,Mild Yawn,0.313,0.413,36,3
2024-12-01 21:58:47,Mild Yawn,0.351,0.382,36,3
2024-12-01 21:58:47,Mild Yawn,0.326,0.387,36,3
2024-12-01 21:58:47,Mild Yawn,0.331,0.358,36,3
2024-12-01 21:58:48,Mild Yawn,0.333,0.370,36,3
2024-12-01 21:58:48,Mild Yawn,0.320,0.359,36,3
2024-12-01 21:58:48,Mild Yawn,0.246,0.389,36,3
2024-12-01 21:58:48,Mild Yawn,0.276,0.366,36,3
2024-12-01 21:58:48,Mild Yawn,0.289,0.376,36,3
2024-12-01 21:58:48,Mild Yawn,0.259,0.402,36,3
2024-12-01 21:58:48,Mild Yawn,0.139,0.345,36,3
2024-12-01 21:58:48,Mild Yawn,0.237,0.342,36,3
2024-12-01 21:58:48,Mild Yawn,0.280,0.369,36,3
2024-12-01 21:58:48,Mild Yawn,0.294,0.403,36,3
2024-12-01 21:58:49,Mild Yawn,0.280,0.379,36,3
2024-12-01 21:58:49,Mild Yawn,0.271,0.366,36,3
2024-12-01 21:58:49,Mild Yawn,0.246,0.378,36,3
2024-12-01 21:58:49,Mild Yawn,0.263,0.369,36,3
2024-12-01 21:58:49,Mild Yawn,0.234,0.356,36,3
2024-12-01 21:58:49,Mild Yawn,0.125,0.387,36,3
2024-12-01 21:58:49,SLEEPING !!!,0.150,0.369,36,3
2024-12-01 21:58:49,SLEEPING !!!,0.220,0.369,36,3
2024-12-01 21:58:49,SLEEPING !!!,0.215,0.356,36,3
2024-12-01 21:58:49,SLEEPING !!!,0.201,0.317,36,3
2024-12-01 21:58:50,SLEEPING !!!,0.145,0.282,36,3
2024-12-01 21:58:50,SLEEPING !!!,0.136,0.293,36,3
2024-12-01 21:58:50,SLEEPING !!!,0.137,0.290,36,3
2024-12-01 21:58:50,SLEEPING !!!,0.129,0.307,36,3
2024-12-01 21:58:50,SLEEPING !!!,0.158,0.330,36,3
2024-12-01 21:58:50,SLEEPING !!!,0.159,0.328,36,3
2024-12-01 21:58:50,SLEEPING !!!,0.157,0.304,36,3
2024-12-01 21:58:50,SLEEPING !!!,0.147,0.247,36,3
2024-12-01 21:58:50,SLEEPING !!!,0.149,0.311,36,3
2024-12-01 21:58:50,Mild Yawn,0.298,0.402,37,3
2024-12-01 21:58:51,Mild Yawn,0.339,0.418,37,3
2024-12-01 21:58:51,Mild Yawn,0.372,0.363,37,3
2024-12-01 21:58:51,Mild Yawn,0.359,0.345,37,3
2024-12-01 21:58:51,Mild Yawn,0.361,0.381,37,3
2024-12-01 21:58:51,Mild Yawn,0.368,0.381,37,3
2024-12-01 21:58:51,Mild Yawn,0.331,0.355,37,3
2024-12-01 21:58:51,Mild Yawn,0.296,0.379,37,3
2024-12-01 21:58:51,Mild Yawn,0.296,0.368,37,3
2024-12-01 21:58:51,Mild Yawn,0.303,0.366,37,3
2024-12-01 21:58:51,Mild Yawn,0.336,0.365,37,3
2024-12-01 21:58:52,Mild Yawn,0.317,0.395,37,3
2024-12-01 21:58:52,Mild Yawn,0.325,0.360,37,3
2024-12-01 21:58:52,Mild Yawn,0.292,0.347,37,3
2024-12-01 21:58:52,Mild Yawn,0.292,0.366,37,3
2024-12-01 21:58:52,Mild Yawn,0.296,0.382,37,3
2024-12-01 21:58:52,Mild Yawn,0.288,0.392,37,3
2024-12-01 21:58:52,Mild Yawn,0.302,0.371,37,3
2024-12-01 21:58:52,Mild Yawn,0.275,0.369,37,3
2024-12-01 21:58:52,Mild Yawn,0.271,0.345,37,3
2024-12-01 21:58:52,Mild Yawn,0.288,0.387,37,3
2024-12-01 21:58:53,Mild Yawn,0.272,0.402,37,3
2024-12-01 21:58:53,Mild Yawn,0.267,0.407,37,3
2024-12-01 21:58:53,Mild Yawn,0.267,0.368,37,3
2024-12-01 21:58:53,Mild Yawn,0.263,0.361,37,3
2024-12-01 21:58:53,Mild Yawn,0.296,0.395,37,3
2024-12-01 21:58:53,Mild Yawn,0.305,0.362,37,3
2024-12-01 21:58:53,Mild Yawn,0.272,0.385,37,3
2024-12-01 21:58:53,Mild Yawn,0.289,0.362,37,3
2024-12-01 21:58:53,Mild Yawn,0.268,0.372,37,3
2024-12-01 21:58:53,Mild Yawn,0.296,0.365,37,3
2024-12-01 21:58:54,Mild Yawn,0.289,0.374,37,3
2024-12-01 21:58:54,Mild Yawn,0.262,0.378,37,3
2024-12-01 21:58:54,Mild Yawn,0.272,0.384,37,3
2024-12-01 21:58:54,Mild Yawn,0.301,0.364,37,3
2024-12-01 21:58:54,Mild Yawn,0.317,0.349,37,3
2024-12-01 21:58:54,Mild Yawn,0.333,0.362,37,3
2024-12-01 21:58:54,Mild Yawn,0.342,0.373,37,3
2024-12-01 21:58:54,Mild Yawn,0.334,0.360,37,3
2024-12-01 21:58:54,Mild Yawn,0.317,0.378,37,3
2024-12-01 21:58:54,Mild Yawn,0.325,0.364,37,3
2024-12-01 21:58:55,Mild Yawn,0.337,0.352,37,3
2024-12-01 21:58:55,Mild Yawn,0.331,0.367,37,3
2024-12-01 21:58:55,Mild Yawn,0.342,0.374,37,3
2024-12-01 21:58:55,Mild Yawn,0.334,0.385,37,3
2024-12-01 21:58:55,Mild Yawn,0.336,0.385,37,3
2024-12-01 21:58:55,Mild Yawn,0.325,0.380,37,3
2024-12-01 21:58:55,Mild Yawn,0.320,0.372,37,3
2024-12-01 21:58:55,Mild Yawn,0.328,0.381,37,3
2024-12-01 21:58:55,Mild Yawn,0.326,0.385,37,3
2024-12-01 21:58:55,Mild Yawn,0.317,0.349,37,3
2024-12-01 21:58:56,Mild Yawn,0.301,0.379,37,3
2024-12-01 21:58:56,Mild Yawn,0.333,0.361,37,3
2024-12-01 21:58:56,Mild Yawn,0.321,0.372,37,3
2024-12-01 21:58:56,Mild Yawn,0.320,0.361,37,3
2024-12-01 21:58:56,Mild Yawn,0.312,0.371,37,3
2024-12-01 21:58:56,Mild Yawn,0.303,0.362,37,3
2024-12-01 21:58:56,Mild Yawn,0.325,0.369,37,3
2024-12-01 21:58:56,Mild Yawn,0.322,0.395,37,3
2024-12-01 21:58:56,Mild Yawn,0.317,0.365,37,3
2024-12-01 21:58:56,Mild Yawn,0.323,0.362,37,3
2024-12-01 21:58:57,Mild Yawn,0.329,0.395,37,3
2024-12-01 21:58:57,Mild Yawn,0.326,0.367,37,3
2024-12-01 21:58:57,Mild Yawn,0.312,0.366,37,3
2024-12-01 21:58:57,Mild Yawn,0.337,0.366,37,3
2024-12-01 21:58:57,Mild Yawn,0.337,0.365,37,3
2024-12-01 21:58:57,Mild Yawn,0.259,0.356,37,3
2024-12-01 21:58:57,Mild Yawn,0.094,0.372,37,3
2024-12-01 21:58:57,Mild Yawn,0.114,0.364,37,3
2024-12-01 21:58:57,SLEEPING !!!,0.238,0.345,37,3
2024-12-01 21:58:57,Mild Yawn,0.276,0.360,38,3
2024-12-01 21:58:58,Mild Yawn,0.297,0.356,38,3
2024-12-01 21:58:58,Mild Yawn,0.292,0.343,38,3
2024-12-01 21:58:58,Mild Yawn,0.264,0.343,38,3
2024-12-01 21:58:58,Mild Yawn,0.255,0.370,38,3
2024-12-01 21:58:58,Mild Yawn,0.269,0.365,38,3
2024-12-01 21:58:58,Mild Yawn,0.264,0.356,38,3
2024-12-01 21:58:58,Mild Yawn,0.247,0.362,38,3
2024-12-01 21:58:58,Mild Yawn,0.278,0.376,38,3
2024-12-01 21:58:58,Mild Yawn,0.261,0.379,38,3
2024-12-01 21:58:58,Mild Yawn,0.252,0.375,38,3
2024-12-01 21:58:59,Mild Yawn,0.251,0.367,38,3
2024-12-01 21:58:59,Mild Yawn,0.255,0.384,38,3
2024-12-01 21:58:59,Mild Yawn,0.254,0.367,38,3
2024-12-01 21:58:59,Mild Yawn,0.247,0.383,38,3
2024-12-01 21:58:59,Mild Yawn,0.255,0.362,38,3
2024-12-01 21:58:59,Mild Yawn,0.280,0.373,38,3
2024-12-01 21:58:59,Mild Yawn,0.268,0.360,38,3
2024-12-01 21:58:59,Mild Yawn,0.281,0.388,38,3
2024-12-01 21:58:59,Mild Yawn,0.277,0.341,38,3
2024-12-01 21:58:59,Mild Yawn,0.264,0.385,38,3
2024-12-01 21:59:00,Mild Yawn,0.268,0.355,38,3
2024-12-01 21:59:00,Mild Yawn,0.283,0.352,38,3
2024-12-01 21:59:00,Mild Yawn,0.307,0.365,38,3
2024-12-01 21:59:00,Mild Yawn,0.290,0.359,38,3
2024-12-01 21:59:00,Mild Yawn,0.285,0.366,38,3
2024-12-01 21:59:00,Mild Yawn,0.280,0.344,38,3
2024-12-01 21:59:00,Mild Yawn,0.297,0.348,38,3
2024-12-01 21:59:00,Mild Yawn,0.284,0.351,38,3
2024-12-01 21:59:00,Mild Yawn,0.288,0.365,38,3
2024-12-01 21:59:00,Mild Yawn,0.310,0.360,38,3
2024-12-01 21:59:01,Mild Yawn,0.277,0.347,38,3
2024-12-01 21:59:01,Mild Yawn,0.314,0.339,38,3
2024-12-01 21:59:01,Mild Yawn,0.327,0.361,38,3
2024-12-01 21:59:01,Mild Yawn,0.306,0.356,38,3
2024-12-01 21:59:01,Mild Yawn,0.186,0.374,38,3
2024-12-01 21:59:01,Mild Yawn,0.210,0.352,38,3
2024-12-01 21:59:01,SLEEPING !!!,0.241,0.383,38,3
2024-12-01 21:59:01,Mild Yawn,0.268,0.351,39,3
2024-12-01 21:59:01,Mild Yawn,0.245,0.341,39,3
2024-12-01 21:59:01,Mild Yawn,0.265,0.349,39,3
2024-12-01 21:59:02,Mild Yawn,0.183,0.377,39,3
2024-12-01 21:59:02,Mild Yawn,0.198,0.352,39,3
2024-12-01 21:59:02,Mild Yawn,0.286,0.370,39,3
2024-12-01 21:59:02,Mild Yawn,0.297,0.352,39,3
2024-12-01 21:59:02,Mild Yawn,0.301,0.345,39,3
2024-12-01 21:59:02,Mild Yawn,0.297,0.370,39,3
2024-12-01 21:59:02,Mild Yawn,0.309,0.352,39,3
2024-12-01 21:59:02,Mild Yawn,0.313,0.366,39,3
2024-12-01 21:59:02,Mild Yawn,0.314,0.368,39,3
2024-12-01 21:59:02,Mild Yawn,0.153,0.377,39,3
2024-12-01 21:59:03,Mild Yawn,0.134,0.349,39,3
2024-12-01 21:59:03,SLEEPING !!!,0.131,0.368,39,3
2024-12-01 21:59:03,SLEEPING !!!,0.157,0.343,39,3
2024-12-01 21:59:03,SLEEPING !!!,0.232,0.355,39,3
2024-12-01 21:59:03,Mild Yawn,0.296,0.359,40,3
2024-12-01 21:59:03,Mild Yawn,0.319,0.353,40,3
2024-12-01 21:59:03,Mild Yawn,0.308,0.373,40,3
2024-12-01 21:59:03,Mild Yawn,0.337,0.343,40,3
2024-12-01 21:59:03,Mild Yawn,0.320,0.350,40,3
2024-12-01 21:59:03,Mild Yawn,0.333,0.398,40,3
2024-12-01 21:59:04,Mild Yawn,0.361,0.384,40,3
2024-12-01 21:59:04,Mild Yawn,0.351,0.426,40,3
2024-12-01 21:59:04,Mild Yawn,0.356,0.444,40,3
2024-12-01 21:59:04,Mild Yawn,0.373,0.415,40,3
2024-12-01 21:59:04,Mild Yawn,0.363,0.396,40,3
2024-12-01 21:59:04,Mild Yawn,0.371,0.416,40,3
2024-12-01 21:59:04,Mild Yawn,0.350,0.420,40,3
2024-12-01 21:59:04,Mild Yawn,0.370,0.396,40,3
2024-12-01 21:59:04,Mild Yawn,0.347,0.393,40,3
2024-12-01 21:59:04,Mild Yawn,0.378,0.395,40,3
2024-12-01 21:59:05,Mild Yawn,0.361,0.391,40,3
2024-12-01 21:59:05,Mild Yawn,0.347,0.409,40,3
2024-12-01 21:59:05,Mild Yawn,0.353,0.398,40,3
2024-12-01 21:59:05,Mild Yawn,0.347,0.394,40,3
2024-12-01 21:59:05,Mild Yawn,0.344,0.373,40,3
2024-12-01 21:59:05,Mild Yawn,0.346,0.396,40,3
2024-12-01 21:59:05,Mild Yawn,0.359,0.395,40,3
2024-12-01 21:59:05,Mild Yawn,0.317,0.358,40,3
2024-12-01 21:59:05,Mild Yawn,0.325,0.383,40,3
2024-12-01 21:59:05,Mild Yawn,0.297,0.370,40,3
2024-12-01 21:59:06,Mild Yawn,0.308,0.391,40,3
2024-12-01 21:59:06,Mild Yawn,0.322,0.345,40,3
2024-12-01 21:59:06,Mild Yawn,0.309,0.342,40,3
2024-12-01 21:59:06,Mild Yawn,0.188,0.366,40,3
2024-12-01 21:59:06,Mild Yawn,0.131,0.357,40,3
2024-12-01 21:59:06,SLEEPING !!!,0.193,0.346,40,3
2024-12-01 21:59:06,SLEEPING !!!,0.237,0.348,40,3
2024-12-01 21:59:06,Mild Yawn,0.276,0.379,41,3
2024-12-01 21:59:06,Mild Yawn,0.302,0.385,41,3
2024-12-01 21:59:06,Mild Yawn,0.314,0.369,41,3
2024-12-01 21:59:07,Mild Yawn,0.271,0.375,41,3
2024-12-01 21:59:07,Mild Yawn,0.282,0.367,41,3
2024-12-01 21:59:07,Mild Yawn,0.280,0.367,41,3
2024-12-01 21:59:07,Mild Yawn,0.259,0.397,41,3
2024-12-01 21:59:07,Mild Yawn,0.247,0.348,41,3
2024-12-01 21:59:07,Mild Yawn,0.275,0.371,41,3
2024-12-01 21:59:07,Mild Yawn,0.245,0.376,41,3
2024-12-01 21:59:07,Mild Yawn,0.180,0.366,41,3
2024-12-01 21:59:07,SLEEPING !!!,0.175,0.377,41,3
2024-12-01 21:59:07,SLEEPING !!!,0.224,0.401,41,3
2024-12-01 21:59:08,SLEEPING !!!,0.250,0.370,41,3
2024-12-01 21:59:08,Mild Yawn,0.276,0.366,42,3
2024-12-01 21:59:08,Mild Yawn,0.201,0.350,42,3
2024-12-01 21:59:08,Mild Yawn,0.163,0.347,42,3
2024-12-01 21:59:08,SLEEPING !!!,0.157,0.341,42,3
2024-12-01 21:59:08,SLEEPING !!!,0.174,0.347,42,3
2024-12-01 21:59:08,SLEEPING !!!,0.157,0.364,42,3
2024-12-01 21:59:08,SLEEPING !!!,0.147,0.341,42,3
2024-12-01 21:59:08,SLEEPING !!!,0.148,0.368,42,3
2024-12-01 21:59:08,SLEEPING !!!,0.111,0.334,42,3
2024-12-01 21:59:09,SLEEPING !!!,0.229,0.350,42,3
2024-12-01 21:59:09,Mild Yawn,0.314,0.388,43,3
2024-12-01 21:59:09,Mild Yawn,0.355,0.388,43,3
2024-12-01 21:59:09,Mild Yawn,0.363,0.382,43,3
2024-12-01 21:59:09,Mild Yawn,0.371,0.400,43,3
2024-12-01 21:59:09,Mild Yawn,0.353,0.380,43,3
2024-12-01 21:59:09,Mild Yawn,0.350,0.390,43,3
2024-12-01 21:59:09,Mild Yawn,0.381,0.364,43,3
2024-12-01 21:59:09,Mild Yawn,0.311,0.333,43,3
2024-12-01 21:59:09,Mild Yawn,0.322,0.376,43,3
2024-12-01 21:59:10,Mild Yawn,0.314,0.362,43,3
2024-12-01 21:59:10,Mild Yawn,0.337,0.287,43,3
2024-12-01 21:59:10,Mild Yawn,0.339,0.331,43,3
2024-12-01 21:59:10,Mild Yawn,0.345,0.346,43,3
2024-12-01 21:59:10,Mild Yawn,0.362,0.303,43,3
2024-12-01 21:59:10,Mild Yawn,0.331,0.323,43,3
2024-12-01 21:59:10,Mild Yawn,0.336,0.344,43,3
2024-12-01 21:59:10,Mild Yawn,0.345,0.362,43,3
2024-12-01 21:59:10,Mild Yawn,0.351,0.344,43,3
2024-12-01 21:59:10,Mild Yawn,0.347,0.381,43,3
2024-12-01 21:59:11,Mild Yawn,0.356,0.377,43,3
2024-12-01 21:59:11,Mild Yawn,0.348,0.354,43,3
2024-12-01 21:59:11,Mild Yawn,0.199,0.370,43,3
2024-12-01 21:59:11,Mild Yawn,0.209,0.345,43,3
2024-12-01 21:59:11,Mild Yawn,0.299,0.357,43,3
2024-12-01 21:59:11,Mild Yawn,0.314,0.359,43,3
2024-12-01 21:59:11,Mild Yawn,0.306,0.352,43,3
2024-12-01 21:59:11,Mild Yawn,0.331,0.375,43,3
2024-12-01 21:59:11,Mild Yawn,0.339,0.361,43,3
2024-12-01 21:59:11,Mild Yawn,0.342,0.346,43,3
2024-12-01 21:59:12,Mild Yawn,0.356,0.365,43,3
2024-12-01 21:59:12,Mild Yawn,0.339,0.355,43,3
2024-12-01 21:59:12,Mild Yawn,0.339,0.348,43,3
2024-12-01 21:59:12,Mild Yawn,0.359,0.358,43,3
2024-12-01 21:59:12,Mild Yawn,0.357,0.375,43,3
2024-12-01 21:59:12,Mild Yawn,0.347,0.368,43,3
2024-12-01 21:59:12,Mild Yawn,0.325,0.340,43,3
2024-12-01 21:59:12,Mild Yawn,0.147,0.366,43,3
2024-12-01 21:59:12,Mild Yawn,0.218,0.333,43,3
2024-12-01 21:59:12,Mild Yawn,0.255,0.331,43,3
2024-12-01 21:59:13,Mild Yawn,0.290,0.358,43,3
2024-12-01 21:59:13,Mild Yawn,0.305,0.341,43,3
2024-12-01 21:59:13,Mild Yawn,0.314,0.370,43,3
2024-12-01 21:59:13,Mild Yawn,0.361,0.366,43,3
2024-12-01 21:59:13,Mild Yawn,0.371,0.337,43,3
2024-12-01 21:59:13,Mild Yawn,0.381,0.358,43,3
2024-12-01 21:59:13,Mild Yawn,0.377,0.338,43,3
2024-12-01 21:59:13,Mild Yawn,0.402,0.345,43,3
2024-12-01 21:59:13,Mild Yawn,0.401,0.360,43,3
2024-12-01 21:59:13,Mild Yawn,0.402,0.323,43,3
2024-12-01 21:59:14,Mild Yawn,0.375,0.356,43,3
2024-12-01 21:59:14,Mild Yawn,0.387,0.382,43,3
2024-12-01 21:59:14,Mild Yawn,0.379,0.354,43,3
2024-12-01 21:59:14,Mild Yawn,0.409,0.350,43,3
2024-12-01 21:59:14,Mild Yawn,0.394,0.383,43,3
2024-12-01 21:59:14,Mild Yawn,0.381,0.405,43,3
2024-12-01 21:59:14,Mild Yawn,0.377,0.411,43,3
2024-12-01 21:59:14,Mild Yawn,0.384,0.378,43,3
2024-12-01 21:59:14,Mild Yawn,0.385,0.357,43,3
2024-12-01 21:59:14,Mild Yawn,0.384,0.379,43,3
2024-12-01 21:59:15,Mild Yawn,0.391,0.358,43,3
2024-12-01 21:59:15,Mild Yawn,0.383,0.383,43,3
2024-12-01 21:59:15,Mild Yawn,0.383,0.358,43,3
2024-12-01 21:59:15,Mild Yawn,0.390,0.384,43,3
2024-12-01 21:59:15,Mild Yawn,0.382,0.336,43,3
2024-12-01 21:59:15,Mild Yawn,0.359,0.354,43,3
2024-12-01 21:59:15,Mild Yawn,0.374,0.347,43,3
2024-12-01 21:59:15,Mild Yawn,0.375,0.358,43,3
2024-12-01 21:59:15,Mild Yawn,0.177,0.341,43,3
2024-12-01 21:59:16,Mild Yawn,0.218,0.324,43,3
2024-12-01 21:59:16,Mild Yawn,0.284,0.303,43,3
2024-12-01 21:59:16,Mild Yawn,0.313,0.324,43,3
2024-12-01 21:59:16,Mild Yawn,0.340,0.295,43,3
2024-12-01 21:59:16,Mild Yawn,0.330,0.273,43,3
2024-12-01 21:59:16,Mild Yawn,0.364,0.327,43,3
2024-12-01 21:59:16,Mild Yawn,0.377,0.349,43,3
2024-12-01 21:59:16,Mild Yawn,0.402,0.367,43,3
2024-12-01 21:59:16,Mild Yawn,0.402,0.395,43,3
2024-12-01 21:59:16,Mild Yawn,0.377,0.364,43,3
2024-12-01 21:59:17,Mild Yawn,0.402,0.385,43,3
2024-12-01 21:59:17,Mild Yawn,0.369,0.393,43,3
2024-12-01 21:59:17,Mild Yawn,0.386,0.373,43,3
2024-12-01 21:59:17,Mild Yawn,0.409,0.389,43,3
2024-12-01 21:59:17,Mild Yawn,0.318,0.381,43,3
2024-12-01 21:59:17,Mild Yawn,0.159,0.369,43,3
2024-12-01 21:59:17,Mild Yawn,0.303,0.377,43,3
2024-12-01 21:59:17,Mild Yawn,0.342,0.394,43,3
2024-12-01 21:59:17,Mild Yawn,0.359,0.401,43,3
2024-12-01 21:59:17,Mild Yawn,0.383,0.407,43,3
2024-12-01 21:59:18,Mild Yawn,0.375,0.477,43,3
2024-12-01 21:59:18,Mild Yawn,0.353,0.458,43,3
2024-12-01 21:59:18,Mild Yawn,0.344,0.445,43,3
2024-12-01 21:59:18,Mild Yawn,0.358,0.442,43,3
2024-12-01 21:59:18,Mild Yawn,0.375,0.429,43,3
2024-12-01 21:59:18,Mild Yawn,0.359,0.422,43,3
2024-12-01 21:59:18,Mild Yawn,0.371,0.424,43,3
2024-12-01 21:59:18,Mild Yawn,0.365,0.433,43,3
2024-12-01 21:59:18,Mild Yawn,0.367,0.398,43,3
2024-12-01 21:59:18,Mild Yawn,0.367,0.422,43,3
2024-12-01 21:59:19,Mild Yawn,0.384,0.314,43,3
2024-12-01 21:59:19,Mild Yawn,0.384,0.280,43,3
2024-12-01 21:59:19,Mild Yawn,0.400,0.318,43,3
2024-12-01 21:59:19,Mild Yawn,0.392,0.360,43,3
2024-12-01 21:59:19,Mild Yawn,0.400,0.379,43,3
2024-12-01 21:59:19,Mild Yawn,0.370,0.368,43,3
2024-12-01 21:59:19,Mild Yawn,0.364,0.375,43,3
2024-12-01 21:59:19,Mild Yawn,0.364,0.472,43,3
2024-12-01 21:59:19,Mild Yawn,0.357,0.583,43,3
2024-12-01 21:59:19,Moderate Yawn !,0.371,0.726,43,3
2024-12-01 21:59:20,Moderate Yawn !,0.347,0.763,43,3
2024-12-01 21:59:20,Moderate Yawn !,0.342,0.672,43,3
2024-12-01 21:59:20,Moderate Yawn !,0.342,0.697,43,3
2024-12-01 21:59:20,Moderate Yawn !,0.353,0.739,43,3
2024-12-01 21:59:20,Moderate Yawn !,0.356,0.760,43,3
2024-12-01 21:59:20,Moderate Yawn !,0.362,0.726,43,3
2024-12-01 21:59:20,Moderate Yawn !,0.356,0.729,43,3
2024-12-01 21:59:20,Moderate Yawn !,0.360,0.711,43,3
2024-12-01 21:59:20,Severe Yawn !!!,0.345,0.840,43,3
2024-12-01 21:59:20,Moderate Yawn !,0.322,0.724,43,3
2024-12-01 21:59:21,Moderate Yawn !,0.328,0.722,43,3
2024-12-01 21:59:21,Severe Yawn !!!,0.353,0.817,43,3
2024-12-01 21:59:21,Severe Yawn !!!,0.362,0.820,43,3
2024-12-01 21:59:21,Moderate Yawn !,0.331,0.789,43,3
2024-12-01 21:59:21,Moderate Yawn !,0.156,0.744,43,3
2024-12-01 21:59:21,Moderate Yawn !,0.157,0.717,43,3
2024-12-01 21:59:21,Moderate Yawn !,0.255,0.686,43,3
2024-12-01 21:59:21,Moderate Yawn !,0.298,0.689,43,3
2024-12-01 21:59:21,Moderate Yawn !,0.312,0.667,43,3
2024-12-01 21:59:21,Moderate Yawn !,0.326,0.668,43,3
2024-12-01 21:59:22,Moderate Yawn !,0.330,0.632,43,3
2024-12-01 21:59:22,Moderate Yawn !,0.334,0.625,43,3
2024-12-01 21:59:22,Moderate Yawn !,0.342,0.601,43,3
2024-12-01 21:59:22,Mild Yawn,0.328,0.393,43,3
2024-12-01 21:59:22,Mild Yawn,0.328,0.352,43,3
2024-12-01 21:59:22,Mild Yawn,0.345,0.321,43,3
2024-12-01 21:59:22,Mild Yawn,0.333,0.329,43,3
2024-12-01 21:59:22,Mild Yawn,0.350,0.349,43,3
2024-12-01 21:59:22,Mild Yawn,0.357,0.360,43,3
2024-12-01 21:59:22,Mild Yawn,0.351,0.368,43,3
2024-12-01 21:59:23,Mild Yawn,0.368,0.385,43,3
2024-12-01 21:59:23,Mild Yawn,0.378,0.360,43,3
2024-12-01 21:59:23,Mild Yawn,0.382,0.395,43,3
2024-12-01 21:59:23,Mild Yawn,0.389,0.378,43,3
2024-12-01 21:59:23,Mild Yawn,0.405,0.418,43,3
2024-12-01 21:59:23,Mild Yawn,0.382,0.385,43,3
2024-12-01 21:59:23,Mild Yawn,0.376,0.387,43,3
2024-12-01 21:59:23,Mild Yawn,0.404,0.373,43,3
2024-12-01 21:59:23,Mild Yawn,0.399,0.366,43,3
2024-12-01 21:59:23,Mild Yawn,0.364,0.418,43,3
2024-12-01 21:59:24,Mild Yawn,0.399,0.399,43,3
2024-12-01 21:59:24,Mild Yawn,0.396,0.404,43,3
2024-12-01 21:59:24,Mild Yawn,0.365,0.375,43,3
2024-12-01 21:59:24,Mild Yawn,0.431,0.366,43,3
2024-12-01 21:59:24,Mild Yawn,0.381,0.368,43,3
2024-12-01 21:59:24,Mild Yawn,0.394,0.350,43,3
2024-12-01 21:59:24,Mild Yawn,0.417,0.369,43,3
2024-12-01 21:59:24,Mild Yawn,0.419,0.363,43,3
2024-12-01 21:59:24,Mild Yawn,0.412,0.380,43,3
2024-12-01 21:59:24,Mild Yawn,0.419,0.367,43,3
2024-12-01 21:59:25,Mild Yawn,0.407,0.381,43,3
2024-12-01 21:59:25,Mild Yawn,0.397,0.352,43,3
2024-12-01 21:59:25,Mild Yawn,0.413,0.365,43,3
2024-12-01 21:59:25,Mild Yawn,0.428,0.375,43,3
2024-12-01 21:59:25,Mild Yawn,0.419,0.350,43,3
2024-12-01 21:59:25,Mild Yawn,0.411,0.367,43,3
2024-12-01 21:59:25,Mild Yawn,0.414,0.385,43,3
2024-12-01 21:59:25,Mild Yawn,0.403,0.336,43,3
2024-12-01 21:59:25,Mild Yawn,0.403,0.390,43,3
2024-12-01 21:59:25,Mild Yawn,0.403,0.337,43,3
2024-12-01 21:59:26,Mild Yawn,0.380,0.382,43,3
2024-12-01 21:59:26,Mild Yawn,0.386,0.354,43,3
2024-12-01 21:59:26,Mild Yawn,0.394,0.356,43,3
2024-12-01 21:59:26,Mild Yawn,0.394,0.360,43,3
2024-12-01 21:59:26,Mild Yawn,0.381,0.328,43,3
2024-12-01 21:59:26,Mild Yawn,0.393,0.356,43,3
2024-12-01 21:59:26,Mild Yawn,0.387,0.381,43,3
2024-12-01 21:59:26,Mild Yawn,0.393,0.328,43,3
2024-12-01 21:59:26,Mild Yawn,0.409,0.337,43,3
2024-12-01 21:59:26,Mild Yawn,0.417,0.362,43,3
2024-12-01 21:59:27,Mild Yawn,0.409,0.324,43,3
2024-12-01 21:59:27,Mild Yawn,0.403,0.349,43,3
2024-12-01 21:59:27,Mild Yawn,0.403,0.333,43,3
2024-12-01 21:59:27,Mild Yawn,0.418,0.358,43,3
2024-12-01 21:59:27,Mild Yawn,0.393,0.350,43,3
2024-12-01 21:59:27,Mild Yawn,0.385,0.360,43,3
2024-12-01 21:59:27,Mild Yawn,0.314,0.367,43,3
2024-12-01 21:59:27,Mild Yawn,0.224,0.354,43,3
2024-12-01 21:59:27,Mild Yawn,0.310,0.365,43,3
2024-12-01 21:59:27,Mild Yawn,0.339,0.354,43,3
2024-12-01 21:59:28,Mild Yawn,0.380,0.364,43,3
2024-12-01 21:59:28,Mild Yawn,0.344,0.362,43,3
2024-12-01 21:59:28,Mild Yawn,0.385,0.362,43,3
2024-12-01 21:59:28,Mild Yawn,0.385,0.354,43,3
2024-12-01 21:59:28,Mild Yawn,0.385,0.336,43,3
2024-12-01 21:59:28,Mild Yawn,0.363,0.345,43,3
2024-12-01 21:59:28,Mild Yawn,0.363,0.348,43,3
2024-12-01 21:59:28,Mild Yawn,0.394,0.339,43,3
2024-12-01 21:59:28,Mild Yawn,0.386,0.361,43,3
2024-12-01 21:59:28,Mild Yawn,0.385,0.336,43,3
2024-12-01 21:59:29,Mild Yawn,0.377,0.346,43,3
2024-12-01 21:59:29,Mild Yawn,0.376,0.367,43,3
2024-12-01 21:59:29,Mild Yawn,0.372,0.360,43,3
2024-12-01 21:59:29,Mild Yawn,0.379,0.362,43,3
2024-12-01 21:59:29,Mild Yawn,0.402,0.364,43,3
2024-12-01 21:59:29,Mild Yawn,0.402,0.347,43,3
2024-12-01 21:59:29,Mild Yawn,0.410,0.350,43,3
2024-12-01 21:59:29,Mild Yawn,0.387,0.382,43,3
2024-12-01 21:59:29,Mild Yawn,0.381,0.391,43,3
2024-12-01 21:59:29,Mild Yawn,0.394,0.381,43,3
2024-12-01 21:59:30,Mild Yawn,0.380,0.391,43,3
2024-12-01 21:59:30,Mild Yawn,0.380,0.400,43,3
2024-12-01 21:59:30,Mild Yawn,0.387,0.381,43,3
2024-12-01 21:59:30,Mild Yawn,0.396,0.370,43,3
2024-12-01 21:59:30,Mild Yawn,0.393,0.385,43,3
2024-12-01 21:59:30,Mild Yawn,0.427,0.369,43,3
2024-12-01 21:59:30,Mild Yawn,0.396,0.359,43,3
2024-12-01 21:59:30,Mild Yawn,0.401,0.361,43,3
2024-12-01 21:59:30,Mild Yawn,0.410,0.373,43,3
2024-12-01 21:59:30,Mild Yawn,0.395,0.369,43,3
2024-12-01 21:59:31,Mild Yawn,0.395,0.337,43,3
2024-12-01 21:59:31,Mild Yawn,0.395,0.360,43,3
2024-12-01 21:59:31,Mild Yawn,0.389,0.361,43,3
2024-12-01 21:59:31,Mild Yawn,0.409,0.362,43,3
2024-12-01 21:59:31,Mild Yawn,0.401,0.353,43,3
2024-12-01 21:59:31,Mild Yawn,0.387,0.358,43,3
2024-12-01 21:59:31,Mild Yawn,0.370,0.348,43,3
2024-12-01 21:59:31,Mild Yawn,0.394,0.354,43,3
2024-12-01 21:59:31,Mild Yawn,0.373,0.367,43,3
2024-12-01 21:59:31,Mild Yawn,0.369,0.405,43,3
2024-12-01 21:59:32,Mild Yawn,0.397,0.358,43,3
2024-12-01 21:59:32,Mild Yawn,0.363,0.375,43,3
2024-12-01 21:59:32,Mild Yawn,0.396,0.378,43,3
2024-12-01 21:59:32,Mild Yawn,0.370,0.343,43,3
2024-12-01 21:59:32,Mild Yawn,0.410,0.381,43,3
2024-12-01 21:59:32,Mild Yawn,0.356,0.345,43,3
2024-12-01 21:59:32,Mild Yawn,0.225,0.377,43,3
2024-12-01 21:59:32,Mild Yawn,0.140,0.353,43,3
2024-12-01 21:59:32,SLEEPING !!!,0.120,0.358,43,3
2024-12-01 21:59:32,SLEEPING !!!,0.205,0.351,43,3
2024-12-01 21:59:33,Mild Yawn,0.259,0.328,44,3
2024-12-01 21:59:33,Mild Yawn,0.316,0.420,44,3
2024-12-01 21:59:33,Mild Yawn,0.331,0.461,44,3
2024-12-01 21:59:33,Mild Yawn,0.331,0.411,44,3
2024-12-01 21:59:33,Mild Yawn,0.285,0.359,44,3
2024-12-01 21:59:33,Mild Yawn,0.096,0.370,44,3
2024-12-01 21:59:33,Mild Yawn,0.108,0.369,44,3
2024-12-01 21:59:33,SLEEPING !!!,0.117,0.336,44,3
2024-12-01 21:59:33,SLEEPING !!!,0.123,0.349,44,3
2024-12-01 21:59:33,SLEEPING !!!,0.116,0.336,44,3
2024-12-01 21:59:34,SLEEPING !!!,0.115,0.352,44,3
2024-12-01 21:59:34,SLEEPING !!!,0.125,0.349,44,3
2024-12-01 21:59:34,SLEEPING !!!,0.109,0.318,44,3
2024-12-01 21:59:34,SLEEPING !!!,0.101,0.326,44,3
2024-12-01 21:59:34,SLEEPING !!!,0.125,0.324,44,3
2024-12-01 21:59:34,SLEEPING !!!,0.105,0.312,44,3
2024-12-01 21:59:34,SLEEPING !!!,0.126,0.326,44,3
2024-12-01 21:59:34,SLEEPING !!!,0.136,0.331,44,3
2024-12-01 21:59:34,SLEEPING !!!,0.138,0.310,44,3
2024-12-01 21:59:34,SLEEPING !!!,0.146,0.325,44,3
2024-12-01 21:59:35,SLEEPING !!!,0.146,0.332,44,3
2024-12-01 21:59:35,SLEEPING !!!,0.122,0.312,44,3
2024-12-01 21:59:35,SLEEPING !!!,0.122,0.332,44,3
2024-12-01 21:59:35,SLEEPING !!!,0.126,0.318,44,3
2024-12-01 21:59:35,SLEEPING !!!,0.155,0.336,44,3
2024-12-01 21:59:35,SLEEPING !!!,0.155,0.333,44,3
2024-12-01 21:59:35,SLEEPING !!!,0.135,0.315,44,3
2024-12-01 21:59:35,SLEEPING !!!,0.136,0.350,44,3
2024-12-01 21:59:35,SLEEPING !!!,0.168,0.326,44,3
2024-12-01 21:59:35,SLEEPING !!!,0.154,0.368,44,3
2024-12-01 21:59:36,SLEEPING !!!,0.146,0.345,44,3
2024-12-01 21:59:36,SLEEPING !!!,0.164,0.359,44,3
2024-12-01 21:59:36,SLEEPING !!!,0.161,0.333,44,3
2024-12-01 21:59:36,SLEEPING !!!,0.143,0.336,44,3
2024-12-01 21:59:36,SLEEPING !!!,0.144,0.326,44,3
2024-12-01 21:59:36,SLEEPING !!!,0.139,0.330,44,3
2024-12-01 21:59:36,SLEEPING !!!,0.113,0.330,44,3
2024-12-01 21:59:36,SLEEPING !!!,0.115,0.345,44,3
2024-12-01 21:59:36,SLEEPING !!!,0.109,0.350,44,3
2024-12-01 21:59:36,SLEEPING !!!,0.114,0.343,44,3
2024-12-01 21:59:37,SLEEPING !!!,0.073,0.362,44,3
2024-12-01 21:59:37,SLEEPING !!!,0.096,0.362,44,3
2024-12-01 21:59:37,SLEEPING !!!,0.109,0.347,44,3
2024-12-01 21:59:37,SLEEPING !!!,0.108,0.356,44,3
2024-12-01 21:59:37,SLEEPING !!!,0.114,0.347,44,3
2024-12-01 21:59:37,SLEEPING !!!,0.118,0.340,44,3
2024-12-01 21:59:37,SLEEPING !!!,0.108,0.340,44,3
2024-12-01 21:59:37,SLEEPING !!!,0.113,0.328,44,3
2024-12-01 21:59:37,SLEEPING !!!,0.107,0.343,44,3
2024-12-01 21:59:37,SLEEPING !!!,0.123,0.324,44,3
2024-12-01 21:59:38,SLEEPING !!!,0.115,0.337,44,3
2024-12-01 21:59:38,SLEEPING !!!,0.139,0.331,44,3
2024-12-01 21:59:38,SLEEPING !!!,0.100,0.312,44,3
2024-12-01 21:59:38,SLEEPING !!!,0.110,0.340,44,3
2024-12-01 21:59:38,SLEEPING !!!,0.184,0.309,44,3
2024-12-01 21:59:38,SLEEPING !!!,0.102,0.332,44,3
2024-12-01 21:59:38,SLEEPING !!!,0.132,0.337,44,3
2024-12-01 21:59:38,SLEEPING !!!,0.114,0.341,44,3
2024-12-01 21:59:38,SLEEPING !!!,0.111,0.332,44,3
2024-12-01 21:59:38,SLEEPING !!!,0.093,0.330,44,3
2024-12-01 21:59:39,SLEEPING !!!,0.115,0.338,44,3
2024-12-01 21:59:39,SLEEPING !!!,0.113,0.330,44,3
2024-12-01 21:59:39,SLEEPING !!!,0.102,0.327,44,3
2024-12-01 21:59:39,SLEEPING !!!,0.132,0.328,44,3
2024-12-01 21:59:39,SLEEPING !!!,0.114,0.314,44,3
2024-12-01 21:59:39,SLEEPING !!!,0.114,0.336,44,3
2024-12-01 21:59:39,SLEEPING !!!,0.103,0.324,44,3
2024-12-01 21:59:39,SLEEPING !!!,0.130,0.322,44,3
2024-12-01 21:59:39,SLEEPING !!!,0.106,0.336,44,3
2024-12-01 21:59:39,SLEEPING !!!,0.155,0.343,44,3
2024-12-01 21:59:40,SLEEPING !!!,0.196,0.352,44,3
2024-12-01 21:59:40,Mild Yawn,0.251,0.345,45,3
2024-12-01 21:59:40,Mild Yawn,0.255,0.306,45,3
2024-12-01 21:59:40,Mild Yawn,0.264,0.336,45,3
2024-12-01 21:59:40,Mild Yawn,0.302,0.322,45,3
2024-12-01 21:59:40,Mild Yawn,0.310,0.301,45,3
2024-12-01 21:59:40,Mild Yawn,0.243,0.333,45,3
2024-12-01 21:59:40,Mild Yawn,0.154,0.381,45,3
2024-12-01 21:59:40,SLEEPING !!!,0.202,0.294,45,3
2024-12-01 21:59:40,SLEEPING !!!,0.147,0.342,45,3
2024-12-01 21:59:41,SLEEPING !!!,0.179,0.316,45,3
2024-12-01 21:59:41,SLEEPING !!!,0.149,0.310,45,3
2024-12-01 21:59:41,SLEEPING !!!,0.146,0.305,45,3
2024-12-01 21:59:41,SLEEPING !!!,0.156,0.330,45,3
2024-12-01 21:59:41,SLEEPING !!!,0.182,0.334,45,3
2024-12-01 21:59:41,SLEEPING !!!,0.177,0.329,45,3
2024-12-01 21:59:41,SLEEPING !!!,0.178,0.314,45,3
2024-12-01 21:59:41,SLEEPING !!!,0.158,0.325,45,3
2024-12-01 21:59:41,Mild Yawn,0.250,0.330,46,3
2024-12-01 21:59:41,Mild Yawn,0.311,0.364,46,3
2024-12-01 21:59:42,Mild Yawn,0.363,0.375,46,3
2024-12-01 21:59:42,Mild Yawn,0.350,0.367,46,3
2024-12-01 21:59:42,Mild Yawn,0.339,0.377,46,3
2024-12-01 21:59:42,Mild Yawn,0.320,0.353,46,3
2024-12-01 21:59:42,Mild Yawn,0.356,0.351,46,3
2024-12-01 21:59:42,Mild Yawn,0.158,0.375,46,3
2024-12-01 21:59:42,Mild Yawn,0.209,0.398,46,3
2024-12-01 21:59:42,SLEEPING !!!,0.246,0.392,46,3
2024-12-01 21:59:42,Mild Yawn,0.284,0.377,47,3
2024-12-01 21:59:42,Mild Yawn,0.215,0.360,47,3
2024-12-01 21:59:43,Mild Yawn,0.156,0.331,47,3
2024-12-01 21:59:43,Mild Yawn,0.276,0.353,47,3
2024-12-01 21:59:43,Mild Yawn,0.303,0.364,47,3
2024-12-01 21:59:43,Mild Yawn,0.193,0.339,47,3
2024-12-01 21:59:43,Mild Yawn,0.170,0.354,47,3
2024-12-01 21:59:43,SLEEPING !!!,0.171,0.368,47,3
2024-12-01 21:59:43,SLEEPING !!!,0.151,0.338,47,3
2024-12-01 21:59:43,SLEEPING !!!,0.118,0.322,47,3
2024-12-01 21:59:43,SLEEPING !!!,0.089,0.343,47,3
2024-12-01 21:59:43,SLEEPING !!!,0.106,0.332,47,3
2024-12-01 21:59:44,SLEEPING !!!,0.131,0.342,47,3
2024-12-01 21:59:44,SLEEPING !!!,0.202,0.330,47,3
2024-12-01 21:59:44,SLEEPING !!!,0.238,0.337,47,3
2024-12-01 21:59:44,Mild Yawn,0.256,0.341,48,3
2024-12-01 21:59:44,Mild Yawn,0.282,0.332,48,3
2024-12-01 21:59:44,Mild Yawn,0.286,0.326,48,3
2024-12-01 21:59:44,Mild Yawn,0.285,0.348,48,3
2024-12-01 21:59:44,Mild Yawn,0.282,0.356,48,3
2024-12-01 21:59:44,Mild Yawn,0.302,0.376,48,3
2024-12-01 21:59:44,Mild Yawn,0.303,0.352,48,3
2024-12-01 21:59:45,Mild Yawn,0.298,0.354,48,3
2024-12-01 21:59:45,Mild Yawn,0.273,0.348,48,3
2024-12-01 21:59:45,Mild Yawn,0.290,0.376,48,3
2024-12-01 21:59:45,Mild Yawn,0.284,0.364,48,3
2024-12-01 21:59:45,Mild Yawn,0.295,0.351,48,3
2024-12-01 21:59:45,Mild Yawn,0.302,0.348,48,3
2024-12-01 21:59:45,Mild Yawn,0.322,0.352,48,3
2024-12-01 21:59:45,Mild Yawn,0.167,0.345,48,3
2024-12-01 21:59:45,Mild Yawn,0.205,0.350,48,3
2024-12-01 21:59:45,Mild Yawn,0.268,0.343,48,3
2024-12-01 21:59:46,Mild Yawn,0.268,0.329,48,3
2024-12-01 21:59:46,Mild Yawn,0.299,0.374,48,3
2024-12-01 21:59:46,Mild Yawn,0.294,0.352,48,3
2024-12-01 21:59:46,Mild Yawn,0.294,0.333,48,3
2024-12-01 21:59:46,Mild Yawn,0.295,0.358,48,3
2024-12-01 21:59:46,Mild Yawn,0.316,0.376,48,3
2024-12-01 21:59:46,Mild Yawn,0.322,0.358,48,3
2024-12-01 21:59:46,Mild Yawn,0.308,0.326,48,3
2024-12-01 21:59:46,Mild Yawn,0.290,0.358,48,3
2024-12-01 21:59:46,Mild Yawn,0.303,0.354,48,3
2024-12-01 21:59:47,Mild Yawn,0.267,0.333,48,3
2024-12-01 21:59:47,Mild Yawn,0.293,0.360,48,3
2024-12-01 21:59:47,Mild Yawn,0.271,0.373,48,3
2024-12-01 21:59:47,Mild Yawn,0.171,0.322,48,3
2024-12-01 21:59:47,Mild Yawn,0.165,0.348,48,3
2024-12-01 21:59:47,SLEEPING !!!,0.228,0.362,48,3
2024-12-01 21:59:47,Mild Yawn,0.269,0.357,49,3
2024-12-01 21:59:47,Mild Yawn,0.268,0.355,49,3
2024-12-01 21:59:47,Mild Yawn,0.277,0.350,49,3
2024-12-01 21:59:47,Mild Yawn,0.291,0.382,49,3
2024-12-01 21:59:48,Mild Yawn,0.294,0.351,49,3
2024-12-01 21:59:48,Mild Yawn,0.307,0.336,49,3
2024-12-01 21:59:48,Mild Yawn,0.313,0.353,49,3
2024-12-01 21:59:48,Mild Yawn,0.237,0.361,49,3
2024-12-01 21:59:48,Mild Yawn,0.183,0.357,49,3
2024-12-01 21:59:48,SLEEPING !!!,0.173,0.400,49,3
2024-12-01 21:59:48,SLEEPING !!!,0.168,0.328,49,3
2024-12-01 21:59:48,SLEEPING !!!,0.182,0.322,49,3
2024-12-01 21:59:48,SLEEPING !!!,0.193,0.315,49,3
2024-12-01 21:59:48,SLEEPING !!!,0.113,0.391,49,3
2024-12-01 21:59:49,Mild Yawn,0.318,0.341,50,3
2024-12-01 21:59:49,Mild Yawn,0.367,0.326,50,3
2024-12-01 21:59:49,Mild Yawn,0.364,0.354,50,3
2024-12-01 21:59:49,Mild Yawn,0.365,0.349,50,3
2024-12-01 21:59:49,Mild Yawn,0.375,0.367,50,3
2024-12-01 21:59:49,Mild Yawn,0.365,0.368,50,3
2024-12-01 21:59:49,Mild Yawn,0.345,0.367,50,3
2024-12-01 21:59:49,Mild Yawn,0.362,0.355,50,3
2024-12-01 21:59:49,Mild Yawn,0.365,0.341,50,3
2024-12-01 21:59:49,Mild Yawn,0.316,0.357,50,3
2024-12-01 21:59:50,Mild Yawn,0.115,0.355,50,3
2024-12-01 21:59:50,Mild Yawn,0.081,0.354,50,3
2024-12-01 21:59:50,SLEEPING !!!,0.087,0.360,50,3
2024-12-01 21:59:50,SLEEPING !!!,0.070,0.336,50,3
2024-12-01 21:59:50,SLEEPING !!!,0.089,0.364,50,3
2024-12-01 21:59:50,SLEEPING !!!,0.170,0.364,50,3
2024-12-01 21:59:50,SLEEPING !!!,0.227,0.351,50,3
2024-12-01 21:59:50,Mild Yawn,0.270,0.349,51,3
2024-12-01 21:59:50,Mild Yawn,0.264,0.338,51,3
2024-12-01 21:59:50,Mild Yawn,0.286,0.360,51,3
2024-12-01 21:59:51,Mild Yawn,0.276,0.355,51,3
2024-12-01 21:59:51,Mild Yawn,0.308,0.353,51,3
2024-12-01 21:59:51,Mild Yawn,0.299,0.346,51,3
2024-12-01 21:59:51,Mild Yawn,0.308,0.315,51,3
2024-12-01 21:59:51,Mild Yawn,0.295,0.320,51,3
2024-12-01 21:59:51,Mild Yawn,0.188,0.312,51,3
2024-12-01 21:59:51,Mild Yawn,0.290,0.362,51,3
2024-12-01 21:59:51,Mild Yawn,0.346,0.338,51,3
2024-12-01 21:59:51,Mild Yawn,0.367,0.363,51,3
2024-12-01 21:59:51,Mild Yawn,0.384,0.362,51,3
2024-12-01 21:59:52,Mild Yawn,0.392,0.365,51,3
2024-12-01 21:59:52,Mild Yawn,0.389,0.356,51,3
2024-12-01 21:59:52,Mild Yawn,0.339,0.362,51,3
2024-12-01 21:59:52,Mild Yawn,0.351,0.354,51,3
2024-12-01 21:59:52,Mild Yawn,0.364,0.373,51,3
2024-12-01 21:59:52,Mild Yawn,0.348,0.366,51,3
2024-12-01 21:59:52,Mild Yawn,0.313,0.360,51,3
2024-12-01 21:59:52,Mild Yawn,0.107,0.380,51,3
2024-12-01 21:59:52,Mild Yawn,0.091,0.371,51,3
2024-12-01 21:59:52,SLEEPING !!!,0.096,0.374,51,3
2024-12-01 21:59:53,SLEEPING !!!,0.077,0.363,51,3
2024-12-01 21:59:53,SLEEPING !!!,0.075,0.349,51,3
2024-12-01 21:59:53,SLEEPING !!!,0.081,0.368,51,3
2024-12-01 21:59:53,SLEEPING !!!,0.080,0.320,51,3
2024-12-01 21:59:53,SLEEPING !!!,0.080,0.357,51,3
2024-12-01 21:59:53,SLEEPING !!!,0.079,0.351,51,3
2024-12-01 21:59:53,SLEEPING !!!,0.096,0.351,51,3
2024-12-01 21:59:53,SLEEPING !!!,0.087,0.355,51,3
2024-12-01 21:59:53,SLEEPING !!!,0.092,0.338,51,3
2024-12-01 21:59:53,SLEEPING !!!,0.080,0.384,51,3
2024-12-01 21:59:54,SLEEPING !!!,0.085,0.353,51,3
2024-12-01 21:59:54,SLEEPING !!!,0.096,0.351,51,3
2024-12-01 21:59:54,SLEEPING !!!,0.124,0.341,51,3
2024-12-01 21:59:54,SLEEPING !!!,0.127,0.337,51,3
2024-12-01 21:59:54,SLEEPING !!!,0.151,0.336,51,3
2024-12-01 21:59:54,SLEEPING !!!,0.142,0.314,51,3
2024-12-01 21:59:54,Mild Yawn,0.251,0.340,52,3
2024-12-01 21:59:54,Mild Yawn,0.143,0.316,52,3
2024-12-01 21:59:54,Mild Yawn,0.246,0.330,52,3
2024-12-01 21:59:54,SLEEPING !!!,0.200,0.351,52,3
2024-12-01 21:59:55,SLEEPING !!!,0.097,0.350,52,3
2024-12-01 21:59:55,SLEEPING !!!,0.100,0.345,52,3
2024-12-01 21:59:55,SLEEPING !!!,0.087,0.368,52,3
2024-12-01 21:59:55,SLEEPING !!!,0.132,0.374,52,3
2024-12-01 21:59:55,SLEEPING !!!,0.222,0.364,52,3
2024-12-01 21:59:55,SLEEPING !!!,0.250,0.353,52,3
2024-12-01 21:59:55,Mild Yawn,0.256,0.353,53,3
2024-12-01 21:59:55,Mild Yawn,0.307,0.380,53,3
2024-12-01 21:59:55,Mild Yawn,0.290,0.360,53,3
2024-12-01 21:59:55,Mild Yawn,0.290,0.398,53,3
2024-12-01 21:59:56,Mild Yawn,0.310,0.341,53,3
2024-12-01 21:59:56,Mild Yawn,0.345,0.339,53,3
2024-12-01 21:59:56,Mild Yawn,0.323,0.373,53,3
2024-12-01 21:59:56,Mild Yawn,0.311,0.396,53,3
2024-12-01 21:59:56,Mild Yawn,0.241,0.366,53,3
2024-12-01 21:59:56,Mild Yawn,0.115,0.366,53,3
2024-12-01 21:59:56,SLEEPING !!!,0.131,0.386,53,3
2024-12-01 21:59:56,SLEEPING !!!,0.241,0.380,53,3
2024-12-01 21:59:56,Mild Yawn,0.299,0.347,54,3
2024-12-01 21:59:56,Mild Yawn,0.331,0.356,54,3
2024-12-01 21:59:57,Mild Yawn,0.357,0.360,54,3
2024-12-01 21:59:57,Mild Yawn,0.399,0.364,54,3
2024-12-01 21:59:57,Mild Yawn,0.391,0.400,54,3
2024-12-01 21:59:57,Mild Yawn,0.387,0.398,54,3
2024-12-01 21:59:57,Mild Yawn,0.357,0.393,54,3
2024-12-01 21:59:57,Mild Yawn,0.389,0.390,54,3
2024-12-01 21:59:57,Mild Yawn,0.365,0.401,54,3
2024-12-01 21:59:57,Mild Yawn,0.382,0.400,54,3
2024-12-01 21:59:57,Mild Yawn,0.348,0.388,54,3
2024-12-01 21:59:57,Mild Yawn,0.372,0.364,54,3
2024-12-01 21:59:58,Mild Yawn,0.354,0.391,54,3
2024-12-01 21:59:58,Mild Yawn,0.311,0.354,54,3
2024-12-01 21:59:58,Mild Yawn,0.137,0.371,54,3
2024-12-01 21:59:58,Mild Yawn,0.173,0.350,54,3
2024-12-01 21:59:58,Mild Yawn,0.339,0.381,54,3
2024-12-01 21:59:58,Mild Yawn,0.376,0.356,54,3
2024-12-01 21:59:58,Mild Yawn,0.384,0.371,54,3
2024-12-01 21:59:58,Mild Yawn,0.390,0.375,54,3
2024-12-01 21:59:58,Mild Yawn,0.425,0.366,54,3
2024-12-01 21:59:58,Mild Yawn,0.392,0.418,54,3
2024-12-01 21:59:59,Mild Yawn,0.398,0.422,54,3
2024-12-01 21:59:59,Mild Yawn,0.364,0.445,54,3
2024-12-01 21:59:59,Mild Yawn,0.390,0.443,54,3
2024-12-01 21:59:59,Mild Yawn,0.367,0.462,54,3
2024-12-01 21:59:59,Mild Yawn,0.390,0.509,54,3
2024-12-01 21:59:59,Mild Yawn,0.408,0.537,54,3
2024-12-01 21:59:59,Moderate Yawn !,0.392,0.625,54,3
2024-12-01 21:59:59,Moderate Yawn !,0.384,0.682,54,3
2024-12-01 21:59:59,Moderate Yawn !,0.345,0.772,54,3
2024-12-01 21:59:59,Moderate Yawn !,0.351,0.682,54,3
2024-12-01 22:00:00,Moderate Yawn !,0.319,0.760,54,3
2024-12-01 22:00:00,Moderate Yawn !,0.331,0.732,54,3
2024-12-01 22:00:00,Moderate Yawn !,0.328,0.703,54,3
2024-12-01 22:00:00,Moderate Yawn !,0.322,0.719,54,3
2024-12-01 22:00:00,Moderate Yawn !,0.150,0.684,54,3
2024-12-01 22:00:00,Moderate Yawn !,0.166,0.706,54,3
2024-12-01 22:00:00,SLEEPING !!!,0.219,0.734,54,3
2024-12-01 22:00:00,SLEEPING !!!,0.127,0.765,54,3
2024-12-01 22:00:00,SLEEPING !!!,0.159,0.674,54,3
2024-12-01 22:00:00,SLEEPING !!!,0.236,0.751,54,3
2024-12-01 22:00:01,Moderate Yawn !,0.260,0.690,55,3
2024-12-01 22:00:01,Moderate Yawn !,0.278,0.728,55,3
2024-12-01 22:00:01,Moderate Yawn !,0.283,0.741,55,3
2024-12-01 22:00:01,Moderate Yawn !,0.273,0.714,55,3
2024-12-01 22:00:01,Moderate Yawn !,0.283,0.718,55,3
2024-12-01 22:00:01,Moderate Yawn !,0.268,0.672,55,3
2024-12-01 22:00:01,Moderate Yawn !,0.277,0.702,55,3
2024-12-01 22:00:01,Severe Yawn !!!,0.286,0.845,55,3
2024-12-01 22:00:01,Moderate Yawn !,0.281,0.708,55,3
2024-12-01 22:00:01,Moderate Yawn !,0.289,0.722,55,3
2024-12-01 22:00:02,Moderate Yawn !,0.313,0.766,55,3
2024-12-01 22:00:02,Moderate Yawn !,0.304,0.719,55,3
2024-12-01 22:00:02,Moderate Yawn !,0.289,0.753,55,3
2024-12-01 22:00:02,Moderate Yawn !,0.314,0.771,55,3
2024-12-01 22:00:02,Moderate Yawn !,0.131,0.775,55,3
2024-12-01 22:00:02,Moderate Yawn !,0.195,0.772,55,3
2024-12-01 22:00:02,Moderate Yawn !,0.254,0.707,55,3
2024-12-01 22:00:02,Moderate Yawn !,0.277,0.731,55,3
2024-12-01 22:00:02,Moderate Yawn !,0.298,0.771,55,3
2024-12-01 22:00:02,Moderate Yawn !,0.294,0.773,55,3
2024-12-01 22:00:03,Severe Yawn !!!,0.302,0.832,55,3
2024-12-01 22:00:03,Severe Yawn !!!,0.302,0.927,55,3
2024-12-01 22:00:03,Severe Yawn !!!,0.310,0.911,55,3
2024-12-01 22:00:03,Severe Yawn !!!,0.310,0.832,55,3
2024-12-01 22:00:03,Severe Yawn !!!,0.302,0.873,55,3
2024-12-01 22:00:03,Severe Yawn !!!,0.325,0.860,55,3
2024-12-01 22:00:03,Severe Yawn !!!,0.348,0.862,55,3
2024-12-01 22:00:03,Severe Yawn !!!,0.328,0.823,55,3
2024-12-01 22:00:03,Severe Yawn !!!,0.322,0.841,55,3
2024-12-01 22:00:03,Severe Yawn !!!,0.300,0.839,55,3
2024-12-01 22:00:04,Severe Yawn !!!,0.333,0.874,55,3
2024-12-01 22:00:04,Moderate Yawn !,0.314,0.793,55,3
2024-12-01 22:00:04,Severe Yawn !!!,0.328,0.835,55,3
2024-12-01 22:00:04,Severe Yawn !!!,0.323,0.825,55,3
2024-12-01 22:00:04,Severe Yawn !!!,0.330,0.821,55,3
2024-12-01 22:00:04,Moderate Yawn !,0.290,0.779,55,3
2024-12-01 22:00:04,Severe Yawn !!!,0.314,0.830,55,3
2024-12-01 22:00:04,Moderate Yawn !,0.305,0.776,55,3
2024-12-01 22:00:04,Severe Yawn !!!,0.296,0.832,55,3
2024-12-01 22:00:04,Severe Yawn !!!,0.188,0.851,55,3
2024-12-01 22:00:05,Severe Yawn !!!,0.188,0.824,55,3
2024-12-01 22:00:05,Severe Yawn !!!,0.250,0.872,55,3
2024-12-01 22:00:05,Severe Yawn !!!,0.276,0.860,55,3
2024-12-01 22:00:05,Severe Yawn !!!,0.285,0.815,55,3
2024-12-01 22:00:05,Severe Yawn !!!,0.302,0.800,55,3
2024-12-01 22:00:05,Severe Yawn !!!,0.289,0.847,55,3
2024-12-01 22:00:05,Severe Yawn !!!,0.316,0.836,55,3
2024-12-01 22:00:05,Severe Yawn !!!,0.307,0.845,55,3
2024-12-01 22:00:05,Severe Yawn !!!,0.336,0.819,55,3
2024-12-01 22:00:05,Severe Yawn !!!,0.314,0.841,55,3
2024-12-01 22:00:06,Severe Yawn !!!,0.293,0.864,55,3
2024-12-01 22:00:06,Severe Yawn !!!,0.330,0.849,55,3
2024-12-01 22:00:06,Severe Yawn !!!,0.310,0.845,55,3
2024-12-01 22:00:06,Moderate Yawn !,0.312,0.758,55,3
2024-12-01 22:00:06,Moderate Yawn !,0.298,0.717,55,3
2024-12-01 22:00:06,Moderate Yawn !,0.316,0.701,55,3
2024-12-01 22:00:06,Moderate Yawn !,0.308,0.669,55,3
2024-12-01 22:00:06,Moderate Yawn !,0.310,0.646,55,3
2024-12-01 22:00:06,Moderate Yawn !,0.276,0.643,55,3
2024-12-01 22:00:06,Moderate Yawn !,0.175,0.646,55,3
2024-12-01 22:00:07,Moderate Yawn !,0.096,0.639,55,3
2024-12-01 22:00:07,SLEEPING !!!,0.183,0.546,55,3
2024-12-01 22:00:07,Mild Yawn,0.274,0.506,56,3
2024-12-01 22:00:07,Mild Yawn,0.277,0.411,56,3
2024-12-01 22:00:07,Mild Yawn,0.313,0.384,56,3
2024-12-01 22:00:07,Mild Yawn,0.308,0.343,56,3
2024-12-01 22:00:07,Mild Yawn,0.311,0.359,56,3
2024-12-01 22:00:07,Mild Yawn,0.331,0.327,56,3
2024-12-01 22:00:07,Mild Yawn,0.221,0.347,56,3
2024-12-01 22:00:07,Mild Yawn,0.185,0.288,56,3
2024-12-01 22:00:08,SLEEPING !!!,0.172,0.330,56,3
2024-12-01 22:00:08,Mild Yawn,0.251,0.389,57,3
2024-12-01 22:00:08,Mild Yawn,0.280,0.376,57,3
2024-12-01 22:00:08,Mild Yawn,0.307,0.367,57,3
2024-12-01 22:00:08,Mild Yawn,0.273,0.379,57,3
2024-12-01 22:00:08,Mild Yawn,0.264,0.438,57,3
2024-12-01 22:00:08,Mild Yawn,0.280,0.346,57,3
2024-12-01 22:00:08,Mild Yawn,0.286,0.343,57,3
2024-12-01 22:00:08,Mild Yawn,0.276,0.347,57,3
2024-12-01 22:00:08,Mild Yawn,0.269,0.375,57,3
2024-12-01 22:00:09,Mild Yawn,0.284,0.357,57,3
2024-12-01 22:00:09,Mild Yawn,0.293,0.342,57,3
2024-12-01 22:00:09,Mild Yawn,0.267,0.352,57,3
2024-12-01 22:00:09,Mild Yawn,0.142,0.359,57,3
2024-12-01 22:00:09,Mild Yawn,0.207,0.363,57,3
2024-12-01 22:00:09,SLEEPING !!!,0.242,0.358,57,3
2024-12-01 22:00:09,SLEEPING !!!,0.242,0.354,57,3
2024-12-01 22:00:09,SLEEPING !!!,0.240,0.369,57,3
2024-12-01 22:00:09,SLEEPING !!!,0.232,0.375,57,3
2024-12-01 22:00:09,Mild Yawn,0.255,0.361,58,3
2024-12-01 22:00:10,Mild Yawn,0.272,0.342,58,3
2024-12-01 22:00:10,Mild Yawn,0.231,0.340,58,3
2024-12-01 22:00:10,Mild Yawn,0.252,0.348,58,3
2024-12-01 22:00:10,Mild Yawn,0.246,0.351,58,3
2024-12-01 22:00:10,Mild Yawn,0.242,0.339,58,3
2024-12-01 22:00:10,Mild Yawn,0.264,0.360,58,3
2024-12-01 22:00:10,Mild Yawn,0.259,0.359,58,3
2024-12-01 22:00:10,Mild Yawn,0.267,0.345,58,3
2024-12-01 22:00:10,Mild Yawn,0.261,0.368,58,3
2024-12-01 22:00:11,Mild Yawn,0.293,0.346,58,3
2024-12-01 22:00:11,Mild Yawn,0.282,0.364,58,3
2024-12-01 22:00:11,Mild Yawn,0.292,0.355,58,3
2024-12-01 22:00:11,Mild Yawn,0.304,0.372,58,3
2024-12-01 22:00:11,Mild Yawn,0.233,0.371,58,3
2024-12-01 22:00:11,Mild Yawn,0.137,0.350,58,3
2024-12-01 22:00:11,SLEEPING !!!,0.162,0.379,58,3
2024-12-01 22:00:11,SLEEPING !!!,0.233,0.363,58,3
2024-12-01 22:00:11,SLEEPING !!!,0.237,0.363,58,3
2024-12-01 22:00:11,Mild Yawn,0.255,0.362,59,3
2024-12-01 22:00:11,Mild Yawn,0.264,0.355,59,3
2024-12-01 22:00:12,Mild Yawn,0.264,0.368,59,3
2024-12-01 22:00:12,Mild Yawn,0.259,0.360,59,3
2024-12-01 22:00:12,Mild Yawn,0.256,0.380,59,3
2024-12-01 22:00:12,Mild Yawn,0.197,0.364,59,3
2024-12-01 22:00:12,Mild Yawn,0.168,0.352,59,3
2024-12-01 22:00:12,SLEEPING !!!,0.247,0.373,59,3
2024-12-01 22:00:12,SLEEPING !!!,0.192,0.357,59,3
2024-12-01 22:00:12,SLEEPING !!!,0.167,0.355,59,3
2024-12-01 22:00:12,SLEEPING !!!,0.219,0.369,59,3
2024-12-01 22:00:12,SLEEPING !!!,0.247,0.346,59,3
2024-12-01 22:00:13,SLEEPING !!!,0.201,0.427,59,3
2024-12-01 22:00:13,SLEEPING !!!,0.233,0.381,59,3
2024-12-01 22:00:13,SLEEPING !!!,0.232,0.388,59,3
2024-12-01 22:00:13,SLEEPING !!!,0.241,0.377,59,3
2024-12-01 22:00:13,SLEEPING !!!,0.228,0.386,59,3
2024-12-01 22:00:13,SLEEPING !!!,0.223,0.369,59,3
2024-12-01 22:00:13,SLEEPING !!!,0.225,0.366,59,3
2024-12-01 22:00:13,SLEEPING !!!,0.224,0.388,59,3
2024-12-01 22:00:13,SLEEPING !!!,0.182,0.395,59,3
2024-12-01 22:00:14,SLEEPING !!!,0.114,0.358,59,3
2024-12-01 22:00:14,SLEEPING !!!,0.169,0.407,59,3
2024-12-01 22:00:14,SLEEPING !!!,0.207,0.368,59,3
2024-12-01 22:00:14,SLEEPING !!!,0.233,0.396,59,3
2024-12-01 22:00:14,Mild Yawn,0.251,0.413,60,3
2024-12-01 22:00:14,Mild Yawn,0.228,0.365,60,3
2024-12-01 22:00:14,Mild Yawn,0.254,0.401,60,3
2024-12-01 22:00:14,Mild Yawn,0.242,0.378,60,3
2024-12-01 22:00:14,Mild Yawn,0.242,0.397,60,3
2024-12-01 22:00:14,Mild Yawn,0.264,0.374,60,3
2024-12-01 22:00:15,Mild Yawn,0.157,0.394,60,3
2024-12-01 22:00:15,Mild Yawn,0.125,0.396,60,3
2024-12-01 22:00:15,SLEEPING !!!,0.200,0.419,60,3
2024-12-01 22:00:15,SLEEPING !!!,0.247,0.409,60,3
2024-12-01 22:00:15,Mild Yawn,0.269,0.393,61,3
2024-12-01 22:00:15,Mild Yawn,0.273,0.382,61,3
2024-12-01 22:00:15,Mild Yawn,0.281,0.360,61,3
2024-12-01 22:00:15,Mild Yawn,0.272,0.384,61,3
2024-12-01 22:00:15,Mild Yawn,0.280,0.383,61,3
2024-12-01 22:00:15,Mild Yawn,0.306,0.352,61,3
2024-12-01 22:00:16,Mild Yawn,0.309,0.364,61,3
2024-12-01 22:00:16,Mild Yawn,0.316,0.376,61,3
2024-12-01 22:00:16,Mild Yawn,0.312,0.372,61,3
2024-12-01 22:00:16,Mild Yawn,0.280,0.372,61,3
2024-12-01 22:00:16,Mild Yawn,0.291,0.365,61,3
2024-12-01 22:00:16,Mild Yawn,0.290,0.375,61,3
2024-12-01 22:00:16,Mild Yawn,0.307,0.376,61,3
2024-12-01 22:00:16,Mild Yawn,0.307,0.380,61,3
2024-12-01 22:00:16,Mild Yawn,0.315,0.356,61,3
2024-12-01 22:00:16,Mild Yawn,0.315,0.350,61,3
2024-12-01 22:00:17,Mild Yawn,0.302,0.372,61,3
2024-12-01 22:00:17,Mild Yawn,0.336,0.346,61,3
2024-12-01 22:00:17,Mild Yawn,0.299,0.351,61,3
2024-12-01 22:00:17,Mild Yawn,0.301,0.363,61,3
2024-12-01 22:00:17,Mild Yawn,0.298,0.338,61,3
2024-12-01 22:00:17,Mild Yawn,0.291,0.369,61,3
2024-12-01 22:00:17,Mild Yawn,0.299,0.354,61,3
2024-12-01 22:00:17,Mild Yawn,0.294,0.363,61,3
2024-12-01 22:00:17,Mild Yawn,0.282,0.350,61,3
2024-12-01 22:00:17,Mild Yawn,0.282,0.367,61,3
2024-12-01 22:00:18,Mild Yawn,0.312,0.359,61,3
2024-12-01 22:00:18,Mild Yawn,0.295,0.373,61,3
2024-12-01 22:00:18,Mild Yawn,0.267,0.343,61,3
2024-12-01 22:00:18,Mild Yawn,0.262,0.354,61,3
2024-12-01 22:00:18,Mild Yawn,0.157,0.366,61,3
2024-12-01 22:00:18,Mild Yawn,0.187,0.369,61,3
2024-12-01 22:00:18,Mild Yawn,0.263,0.366,61,3
2024-12-01 22:00:18,Mild Yawn,0.271,0.360,61,3
2024-12-01 22:00:18,Mild Yawn,0.264,0.363,61,3
2024-12-01 22:00:18,Mild Yawn,0.262,0.363,61,3
2024-12-01 22:00:19,Mild Yawn,0.254,0.369,61,3
2024-12-01 22:00:19,Mild Yawn,0.279,0.357,61,3
2024-12-01 22:00:19,Mild Yawn,0.275,0.359,61,3
2024-12-01 22:00:19,Mild Yawn,0.283,0.356,61,3
2024-12-01 22:00:19,Mild Yawn,0.279,0.358,61,3
2024-12-01 22:00:19,Mild Yawn,0.271,0.363,61,3
2024-12-01 22:00:19,Mild Yawn,0.271,0.354,61,3
2024-12-01 22:00:19,Mild Yawn,0.287,0.363,61,3
2024-12-01 22:00:19,Mild Yawn,0.278,0.368,61,3
2024-12-01 22:00:19,Mild Yawn,0.291,0.368,61,3
2024-12-01 22:00:20,Mild Yawn,0.278,0.343,61,3
2024-12-01 22:00:20,Mild Yawn,0.283,0.351,61,3
2024-12-01 22:00:20,Mild Yawn,0.307,0.365,61,3
2024-12-01 22:00:20,Mild Yawn,0.287,0.363,61,3
2024-12-01 22:00:20,Mild Yawn,0.141,0.379,61,3
2024-12-01 22:00:20,Mild Yawn,0.176,0.341,61,3
2024-12-01 22:00:20,SLEEPING !!!,0.233,0.353,61,3
2024-12-01 22:00:20,Mild Yawn,0.279,0.344,62,3
2024-12-01 22:00:20,Mild Yawn,0.258,0.359,62,3
2024-12-01 22:00:20,Mild Yawn,0.275,0.369,62,3
2024-12-01 22:00:21,Mild Yawn,0.271,0.358,62,3
2024-12-01 22:00:21,Mild Yawn,0.279,0.358,62,3
2024-12-01 22:00:21,Mild Yawn,0.286,0.366,62,3
2024-12-01 22:00:21,Mild Yawn,0.303,0.353,62,3
2024-12-01 22:00:21,Mild Yawn,0.294,0.362,62,3
2024-12-01 22:00:21,Mild Yawn,0.172,0.360,62,3
2024-12-01 22:00:21,Mild Yawn,0.170,0.363,62,3
2024-12-01 22:00:21,SLEEPING !!!,0.235,0.351,62,3
2024-12-01 22:00:21,Mild Yawn,0.263,0.352,63,3
2024-12-01 22:00:21,Mild Yawn,0.296,0.356,63,3
2024-12-01 22:00:22,Mild Yawn,0.277,0.368,63,3
2024-12-01 22:00:22,Mild Yawn,0.274,0.360,63,3
2024-12-01 22:00:22,Mild Yawn,0.295,0.350,63,3
2024-12-01 22:00:22,Mild Yawn,0.263,0.360,63,3
2024-12-01 22:00:22,Mild Yawn,0.150,0.381,63,3
2024-12-01 22:00:22,Mild Yawn,0.205,0.364,63,3
2024-12-01 22:00:22,Mild Yawn,0.263,0.359,63,3
2024-12-01 22:00:22,Mild Yawn,0.247,0.372,63,3
2024-12-01 22:00:22,Mild Yawn,0.263,0.349,63,3
2024-12-01 22:00:22,Mild Yawn,0.263,0.366,63,3
2024-12-01 22:00:23,Mild Yawn,0.263,0.354,63,3
2024-12-01 22:00:23,Mild Yawn,0.278,0.364,63,3
2024-12-01 22:00:23,Mild Yawn,0.264,0.342,63,3
2024-12-01 22:00:23,Mild Yawn,0.254,0.342,63,3
2024-12-01 22:00:23,Mild Yawn,0.146,0.344,63,3
2024-12-01 22:00:23,Mild Yawn,0.166,0.348,63,3
2024-12-01 22:00:23,SLEEPING !!!,0.207,0.360,63,3
2024-12-01 22:00:23,SLEEPING !!!,0.208,0.368,63,3
2024-12-01 22:00:23,Mild Yawn,0.255,0.347,64,3
2024-12-01 22:00:23,Mild Yawn,0.243,0.373,64,3
2024-12-01 22:00:24,Mild Yawn,0.213,0.366,64,3
2024-12-01 22:00:24,SLEEPING !!!,0.152,0.371,64,3
2024-12-01 22:00:24,SLEEPING !!!,0.178,0.374,64,3
2024-12-01 22:00:24,SLEEPING !!!,0.202,0.368,64,3
2024-12-01 22:00:24,SLEEPING !!!,0.208,0.377,64,3
2024-12-01 22:00:24,SLEEPING !!!,0.199,0.358,64,3
2024-12-01 22:00:24,SLEEPING !!!,0.219,0.361,64,3
2024-12-01 22:00:24,SLEEPING !!!,0.215,0.369,64,3
2024-12-01 22:00:24,SLEEPING !!!,0.243,0.355,64,3
2024-12-01 22:00:24,Mild Yawn,0.259,0.352,65,3
2024-12-01 22:00:25,Mild Yawn,0.250,0.347,65,3
2024-12-01 22:00:25,Mild Yawn,0.263,0.368,65,3
2024-12-01 22:00:25,Mild Yawn,0.273,0.375,65,3
2024-12-01 22:00:25,Mild Yawn,0.260,0.375,65,3
2024-12-01 22:00:25,Mild Yawn,0.252,0.369,65,3
2024-12-01 22:00:25,Mild Yawn,0.260,0.349,65,3
2024-12-01 22:00:25,Mild Yawn,0.259,0.386,65,3
2024-12-01 22:00:25,Mild Yawn,0.254,0.362,65,3
2024-12-01 22:00:25,Mild Yawn,0.258,0.361,65,3
2024-12-01 22:00:25,Mild Yawn,0.251,0.366,65,3
2024-12-01 22:00:26,Mild Yawn,0.221,0.367,65,3
2024-12-01 22:00:26,Mild Yawn,0.258,0.377,65,3
2024-12-01 22:00:26,Mild Yawn,0.204,0.372,65,3
2024-12-01 22:00:26,Mild Yawn,0.114,0.368,65,3
2024-12-01 22:00:26,SLEEPING !!!,0.162,0.359,65,3
2024-12-01 22:00:26,SLEEPING !!!,0.194,0.341,65,3
2024-12-01 22:00:26,SLEEPING !!!,0.203,0.316,65,3
2024-12-01 22:00:26,SLEEPING !!!,0.213,0.357,65,3
2024-12-01 22:00:26,SLEEPING !!!,0.216,0.368,65,3
2024-12-01 22:00:26,SLEEPING !!!,0.220,0.374,65,3
2024-12-01 22:00:27,SLEEPING !!!,0.212,0.370,65,3
2024-12-01 22:00:27,SLEEPING !!!,0.216,0.385,65,3
2024-12-01 22:00:27,SLEEPING !!!,0.218,0.390,65,3
2024-12-01 22:00:27,SLEEPING !!!,0.234,0.374,65,3
2024-12-01 22:00:27,SLEEPING !!!,0.217,0.365,65,3
2024-12-01 22:00:27,SLEEPING !!!,0.142,0.379,65,3
2024-12-01 22:00:27,SLEEPING !!!,0.173,0.385,65,3
2024-12-01 22:00:27,SLEEPING !!!,0.225,0.371,65,3
2024-12-01 22:00:27,SLEEPING !!!,0.237,0.361,65,3
2024-12-01 22:00:27,SLEEPING !!!,0.212,0.373,65,3
2024-12-01 22:00:28,SLEEPING !!!,0.217,0.376,65,3
2024-12-01 22:00:28,SLEEPING !!!,0.216,0.372,65,3
2024-12-01 22:00:28,SLEEPING !!!,0.203,0.367,65,3
2024-12-01 22:00:28,SLEEPING !!!,0.241,0.383,65,3
2024-12-01 22:00:28,SLEEPING !!!,0.233,0.365,65,3
2024-12-01 22:00:28,SLEEPING !!!,0.225,0.359,65,3
2024-12-01 22:00:28,SLEEPING !!!,0.213,0.364,65,3
2024-12-01 22:00:28,SLEEPING !!!,0.224,0.389,65,3
2024-12-01 22:00:28,Mild Yawn,0.269,0.370,66,3
2024-12-01 22:00:28,Mild Yawn,0.268,0.384,66,3
2024-12-01 22:00:29,Mild Yawn,0.255,0.355,66,3
2024-12-01 22:00:29,Mild Yawn,0.259,0.359,66,3
2024-12-01 22:00:29,Mild Yawn,0.259,0.356,66,3
2024-12-01 22:00:29,Mild Yawn,0.251,0.372,66,3
2024-12-01 22:00:29,Mild Yawn,0.251,0.350,66,3
2024-12-01 22:00:29,Mild Yawn,0.243,0.364,66,3
2024-12-01 22:00:29,Mild Yawn,0.229,0.347,66,3
2024-12-01 22:00:29,SLEEPING !!!,0.242,0.342,66,3
2024-12-01 22:00:29,SLEEPING !!!,0.237,0.381,66,3
2024-12-01 22:00:29,SLEEPING !!!,0.221,0.325,66,3
2024-12-01 22:00:30,SLEEPING !!!,0.167,0.354,66,3
2024-12-01 22:00:30,SLEEPING !!!,0.136,0.347,66,3
2024-12-01 22:00:30,SLEEPING !!!,0.218,0.378,66,3
2024-12-01 22:00:30,Mild Yawn,0.284,0.372,67,3
2024-12-01 22:00:30,Mild Yawn,0.293,0.361,67,3
2024-12-01 22:00:30,Mild Yawn,0.251,0.345,67,3
2024-12-01 22:00:30,Mild Yawn,0.255,0.372,67,3
2024-12-01 22:00:30,Mild Yawn,0.250,0.354,67,3
2024-12-01 22:00:30,Mild Yawn,0.263,0.373,67,3
2024-12-01 22:00:30,Mild Yawn,0.250,0.378,67,3
2024-12-01 22:00:31,Mild Yawn,0.242,0.381,67,3
2024-12-01 22:00:31,Mild Yawn,0.242,0.369,67,3
2024-12-01 22:00:31,Mild Yawn,0.255,0.360,67,3
2024-12-01 22:00:31,Mild Yawn,0.251,0.381,67,3
2024-12-01 22:00:31,Mild Yawn,0.275,0.357,67,3
2024-12-01 22:00:31,Mild Yawn,0.277,0.363,67,3
2024-12-01 22:00:31,Mild Yawn,0.272,0.374,67,3
2024-12-01 22:00:31,Mild Yawn,0.271,0.372,67,3
2024-12-01 22:00:31,Mild Yawn,0.281,0.353,67,3
2024-12-01 22:00:31,Mild Yawn,0.259,0.397,67,3
2024-12-01 22:00:32,Mild Yawn,0.276,0.378,67,3
2024-12-01 22:00:32,Mild Yawn,0.294,0.381,67,3
2024-12-01 22:00:32,Mild Yawn,0.268,0.354,67,3
2024-12-01 22:00:32,Mild Yawn,0.259,0.364,67,3
2024-12-01 22:00:32,Mild Yawn,0.246,0.358,67,3
2024-12-01 22:00:32,Mild Yawn,0.271,0.372,67,3
2024-12-01 22:00:32,Mild Yawn,0.250,0.353,67,3
2024-12-01 22:00:32,Mild Yawn,0.259,0.380,67,3
2024-12-01 22:00:32,Mild Yawn,0.280,0.368,67,3
2024-12-01 22:00:32,Mild Yawn,0.272,0.375,67,3
2024-12-01 22:00:33,Mild Yawn,0.263,0.370,67,3
2024-12-01 22:00:33,Mild Yawn,0.280,0.346,67,3
2024-12-01 22:00:33,Mild Yawn,0.268,0.363,67,3
2024-12-01 22:00:33,Mild Yawn,0.276,0.357,67,3
2024-12-01 22:00:33,Mild Yawn,0.285,0.356,67,3
2024-12-01 22:00:33,Mild Yawn,0.284,0.376,67,3
2024-12-01 22:00:33,Mild Yawn,0.263,0.368,67,3
2024-12-01 22:00:33,Mild Yawn,0.285,0.347,67,3
2024-12-01 22:00:33,Mild Yawn,0.263,0.368,67,3
2024-12-01 22:00:33,Mild Yawn,0.264,0.357,67,3
2024-12-01 22:00:34,Mild Yawn,0.285,0.336,67,3
2024-12-01 22:00:34,Mild Yawn,0.267,0.347,67,3
2024-12-01 22:00:34,Mild Yawn,0.276,0.338,67,3
2024-12-01 22:00:34,Mild Yawn,0.267,0.373,67,3
2024-12-01 22:00:34,Mild Yawn,0.267,0.358,67,3
2024-12-01 22:00:34,Mild Yawn,0.280,0.362,67,3
2024-12-01 22:00:34,Mild Yawn,0.262,0.358,67,3
2024-12-01 22:00:34,Mild Yawn,0.280,0.368,67,3
2024-12-01 22:00:34,Mild Yawn,0.263,0.352,67,3
2024-12-01 22:00:34,Mild Yawn,0.290,0.344,67,3
2024-12-01 22:00:35,Mild Yawn,0.271,0.359,67,3
2024-12-01 22:00:35,Mild Yawn,0.289,0.349,67,3
2024-12-01 22:00:35,Mild Yawn,0.297,0.352,67,3
2024-12-01 22:00:35,Mild Yawn,0.275,0.339,67,3
2024-12-01 22:00:35,Mild Yawn,0.271,0.371,67,3
2024-12-01 22:00:35,Mild Yawn,0.207,0.363,67,3
2024-12-01 22:00:35,Mild Yawn,0.154,0.379,67,3
2024-12-01 22:00:35,SLEEPING !!!,0.157,0.362,67,3
2024-12-01 22:00:35,SLEEPING !!!,0.186,0.339,67,3
2024-12-01 22:00:35,SLEEPING !!!,0.210,0.352,67,3
2024-12-01 22:00:36,SLEEPING !!!,0.191,0.344,67,3
2024-12-01 22:00:36,SLEEPING !!!,0.134,0.329,67,3
2024-12-01 22:00:36,SLEEPING !!!,0.156,0.300,67,3
2024-12-01 22:00:36,SLEEPING !!!,0.210,0.293,67,3
2024-12-01 22:00:36,SLEEPING !!!,0.172,0.320,67,3
2024-12-01 22:00:36,SLEEPING !!!,0.156,0.304,67,3
2024-12-01 22:00:36,SLEEPING !!!,0.186,0.316,67,3
2024-12-01 22:00:36,SLEEPING !!!,0.234,0.310,67,3
2024-12-01 22:00:36,Mild Yawn,0.277,0.313,68,3
2024-12-01 22:00:36,Mild Yawn,0.273,0.313,68,3
2024-12-01 22:00:37,Mild Yawn,0.267,0.307,68,3
2024-12-01 22:00:37,Mild Yawn,0.238,0.345,68,3
2024-12-01 22:00:37,Mild Yawn,0.225,0.349,68,3
2024-12-01 22:00:37,SLEEPING !!!,0.243,0.346,68,3
2024-12-01 22:00:37,SLEEPING !!!,0.225,0.370,68,3
2024-12-01 22:00:37,SLEEPING !!!,0.244,0.370,68,3
2024-12-01 22:00:37,SLEEPING !!!,0.225,0.360,68,3
2024-12-01 22:00:37,SLEEPING !!!,0.233,0.355,68,3
2024-12-01 22:00:37,SLEEPING !!!,0.157,0.375,68,3
2024-12-01 22:00:37,SLEEPING !!!,0.150,0.356,68,3
2024-12-01 22:00:38,SLEEPING !!!,0.179,0.338,68,3
2024-12-01 22:00:38,SLEEPING !!!,0.216,0.313,68,3
2024-12-01 22:00:38,SLEEPING !!!,0.225,0.338,68,3
2024-12-01 22:00:38,SLEEPING !!!,0.228,0.320,68,3
2024-12-01 22:00:38,SLEEPING !!!,0.216,0.332,68,3
2024-12-01 22:00:38,SLEEPING !!!,0.247,0.332,68,3
2024-12-01 22:00:38,SLEEPING !!!,0.225,0.344,68,3
2024-12-01 22:00:38,Mild Yawn,0.252,0.338,69,3
2024-12-01 22:00:38,Mild Yawn,0.242,0.343,69,3
2024-12-01 22:00:38,Mild Yawn,0.233,0.331,69,3
2024-12-01 22:00:39,SLEEPING !!!,0.228,0.335,69,3
2024-12-01 22:00:39,SLEEPING !!!,0.220,0.363,69,3
2024-12-01 22:00:39,SLEEPING !!!,0.246,0.367,69,3
2024-12-01 22:00:39,SLEEPING !!!,0.193,0.367,69,3
2024-12-01 22:00:39,SLEEPING !!!,0.214,0.336,69,3
2024-12-01 22:00:39,SLEEPING !!!,0.234,0.367,69,3
2024-12-01 22:00:39,SLEEPING !!!,0.216,0.345,69,3
2024-12-01 22:00:39,SLEEPING !!!,0.215,0.353,69,3
2024-12-01 22:00:39,SLEEPING !!!,0.179,0.334,69,3
2024-12-01 22:00:39,SLEEPING !!!,0.149,0.331,69,3
2024-12-01 22:00:40,SLEEPING !!!,0.162,0.307,69,3
2024-12-01 22:00:40,SLEEPING !!!,0.177,0.331,69,3
2024-12-01 22:00:40,SLEEPING !!!,0.170,0.324,69,3
2024-12-01 22:00:40,SLEEPING !!!,0.173,0.319,69,3
2024-12-01 22:00:40,SLEEPING !!!,0.191,0.318,69,3
2024-12-01 22:00:40,SLEEPING !!!,0.167,0.332,69,3
2024-12-01 22:00:40,SLEEPING !!!,0.178,0.355,69,3
2024-12-01 22:00:40,SLEEPING !!!,0.197,0.399,69,3
2024-12-01 22:00:40,SLEEPING !!!,0.238,0.403,69,3
2024-12-01 22:00:40,SLEEPING !!!,0.247,0.433,69,3
2024-12-01 22:00:41,Mild Yawn,0.280,0.419,70,3
2024-12-01 22:00:41,Mild Yawn,0.265,0.454,70,3
2024-12-01 22:00:41,Mild Yawn,0.268,0.431,70,3
2024-12-01 22:00:41,Mild Yawn,0.246,0.424,70,3
2024-12-01 22:00:41,Mild Yawn,0.246,0.465,70,3
2024-12-01 22:00:41,Mild Yawn,0.250,0.387,70,3
2024-12-01 22:00:41,Mild Yawn,0.162,0.363,70,3
2024-12-01 22:00:41,Mild Yawn,0.133,0.408,70,3
2024-12-01 22:00:41,SLEEPING !!!,0.139,0.398,70,3
2024-12-01 22:00:41,SLEEPING !!!,0.174,0.390,70,3
2024-12-01 22:00:42,SLEEPING !!!,0.141,0.402,70,3
2024-12-01 22:00:42,SLEEPING !!!,0.161,0.379,70,3
2024-12-01 22:00:42,SLEEPING !!!,0.170,0.384,70,3
2024-12-01 22:00:42,SLEEPING !!!,0.228,0.376,70,3
2024-12-01 22:00:42,SLEEPING !!!,0.247,0.398,70,3
2024-12-01 22:00:42,Mild Yawn,0.264,0.391,71,3
2024-12-01 22:00:42,Mild Yawn,0.260,0.376,71,3
2024-12-01 22:00:42,Mild Yawn,0.265,0.390,71,3
2024-12-01 22:00:42,Mild Yawn,0.251,0.371,71,3
2024-12-01 22:00:42,Mild Yawn,0.265,0.402,71,3
2024-12-01 22:00:43,Mild Yawn,0.277,0.368,71,3
2024-12-01 22:00:43,Mild Yawn,0.261,0.366,71,3
2024-12-01 22:00:43,Mild Yawn,0.215,0.380,71,3
2024-12-01 22:00:43,Mild Yawn,0.175,0.382,71,3
2024-12-01 22:00:43,SLEEPING !!!,0.209,0.377,71,3
2024-12-01 22:00:43,SLEEPING !!!,0.236,0.365,71,3
2024-12-01 22:00:43,SLEEPING !!!,0.246,0.391,71,3
2024-12-01 22:00:43,SLEEPING !!!,0.223,0.358,71,3
2024-12-01 22:00:43,SLEEPING !!!,0.232,0.376,71,3
2024-12-01 22:00:43,Mild Yawn,0.251,0.368,72,3
2024-12-01 22:00:44,Mild Yawn,0.180,0.361,72,3
2024-12-01 22:00:44,Mild Yawn,0.195,0.345,72,3
2024-12-01 22:00:44,SLEEPING !!!,0.166,0.379,72,3
2024-12-01 22:00:44,SLEEPING !!!,0.175,0.369,72,3
2024-12-01 22:00:44,SLEEPING !!!,0.166,0.390,72,3
2024-12-01 22:00:44,SLEEPING !!!,0.180,0.362,72,3
2024-12-01 22:00:44,SLEEPING !!!,0.190,0.357,72,3
2024-12-01 22:00:44,SLEEPING !!!,0.156,0.391,72,3
2024-12-01 22:00:44,SLEEPING !!!,0.158,0.403,72,3
2024-12-01 22:00:44,SLEEPING !!!,0.166,0.355,72,3
2024-12-01 22:00:45,SLEEPING !!!,0.180,0.388,72,3
2024-12-01 22:00:45,Mild Yawn,0.251,0.381,73,3
2024-12-01 22:00:45,Mild Yawn,0.299,0.394,73,3
2024-12-01 22:00:45,Mild Yawn,0.291,0.382,73,3
2024-12-01 22:00:45,Mild Yawn,0.281,0.396,73,3
2024-12-01 22:00:45,Mild Yawn,0.281,0.366,73,3
2024-12-01 22:00:45,Mild Yawn,0.279,0.371,73,3
2024-12-01 22:00:45,Mild Yawn,0.290,0.384,73,3
2024-12-01 22:00:45,Mild Yawn,0.282,0.388,73,3
2024-12-01 22:00:45,Mild Yawn,0.281,0.384,73,3
2024-12-01 22:00:46,Mild Yawn,0.277,0.370,73,3
2024-12-01 22:00:46,Mild Yawn,0.281,0.361,73,3
2024-12-01 22:00:46,Mild Yawn,0.285,0.363,73,3
2024-12-01 22:00:46,Mild Yawn,0.277,0.355,73,3
2024-12-01 22:00:46,Mild Yawn,0.277,0.342,73,3
2024-12-01 22:00:46,Mild Yawn,0.264,0.357,73,3
2024-12-01 22:00:46,Mild Yawn,0.208,0.366,73,3
2024-12-01 22:00:46,Mild Yawn,0.183,0.353,73,3
2024-12-01 22:00:46,SLEEPING !!!,0.176,0.359,73,3
2024-12-01 22:00:46,SLEEPING !!!,0.183,0.380,73,3
2024-12-01 22:00:47,SLEEPING !!!,0.187,0.381,73,3
2024-12-01 22:00:47,SLEEPING !!!,0.200,0.417,73,3
2024-12-01 22:00:47,SLEEPING !!!,0.170,0.398,73,3
2024-12-01 22:00:47,SLEEPING !!!,0.168,0.376,73,3
2024-12-01 22:00:47,SLEEPING !!!,0.176,0.385,73,3
2024-12-01 22:00:47,SLEEPING !!!,0.186,0.362,73,3
2024-12-01 22:00:47,SLEEPING !!!,0.227,0.381,73,3
2024-12-01 22:00:47,Mild Yawn,0.302,0.354,74,3
2024-12-01 22:00:47,Mild Yawn,0.293,0.393,74,3
2024-12-01 22:00:47,Mild Yawn,0.282,0.376,74,3
2024-12-01 22:00:48,Mild Yawn,0.289,0.392,74,3
2024-12-01 22:00:48,Mild Yawn,0.292,0.401,74,3
2024-12-01 22:00:48,Mild Yawn,0.306,0.396,74,3
2024-12-01 22:00:48,Mild Yawn,0.286,0.382,74,3
2024-12-01 22:00:48,Mild Yawn,0.296,0.385,74,3
2024-12-01 22:00:48,Mild Yawn,0.276,0.375,74,3
2024-12-01 22:00:48,Mild Yawn,0.255,0.382,74,3
2024-12-01 22:00:48,Mild Yawn,0.191,0.378,74,3
2024-12-01 22:00:48,Mild Yawn,0.156,0.372,74,3
2024-12-01 22:00:48,SLEEPING !!!,0.169,0.365,74,3
2024-12-01 22:00:49,SLEEPING !!!,0.206,0.399,74,3
2024-12-01 22:00:49,SLEEPING !!!,0.208,0.372,74,3
2024-12-01 22:00:49,Mild Yawn,0.281,0.378,75,3
2024-12-01 22:00:49,Mild Yawn,0.290,0.398,75,3
2024-12-01 22:00:49,Mild Yawn,0.293,0.390,75,3
2024-12-01 22:00:49,Mild Yawn,0.286,0.405,75,3
2024-12-01 22:00:49,Mild Yawn,0.286,0.384,75,3
2024-12-01 22:00:49,Mild Yawn,0.246,0.389,75,3
2024-12-01 22:00:49,Mild Yawn,0.256,0.389,75,3
2024-12-01 22:00:49,Mild Yawn,0.186,0.412,75,3
2024-12-01 22:00:50,Mild Yawn,0.165,0.364,75,3
2024-12-01 22:00:50,SLEEPING !!!,0.165,0.375,75,3
2024-12-01 22:00:50,SLEEPING !!!,0.154,0.366,75,3
2024-12-01 22:00:50,SLEEPING !!!,0.168,0.354,75,3
2024-12-01 22:00:50,SLEEPING !!!,0.155,0.396,75,3
2024-12-01 22:00:50,SLEEPING !!!,0.241,0.360,75,3
2024-12-01 22:00:50,SLEEPING !!!,0.233,0.390,75,3
2024-12-01 22:00:50,Mild Yawn,0.278,0.367,76,3
2024-12-01 22:00:50,Mild Yawn,0.283,0.353,76,3
2024-12-01 22:00:50,Mild Yawn,0.290,0.369,76,3
2024-12-01 22:00:51,Mild Yawn,0.272,0.379,76,3
2024-12-01 22:00:51,Mild Yawn,0.195,0.378,76,3
2024-12-01 22:00:51,Mild Yawn,0.291,0.382,76,3
2024-12-01 22:00:51,Mild Yawn,0.258,0.349,76,3
2024-12-01 22:00:51,Mild Yawn,0.235,0.377,76,3
2024-12-01 22:00:51,Mild Yawn,0.193,0.396,76,3
2024-12-01 22:00:51,SLEEPING !!!,0.164,0.396,76,3
2024-12-01 22:00:51,Mild Yawn,0.272,0.361,77,3
2024-12-01 22:00:51,Mild Yawn,0.204,0.390,77,3
2024-12-01 22:00:51,Mild Yawn,0.225,0.386,77,3
2024-12-01 22:00:52,SLEEPING !!!,0.207,0.379,77,3
2024-12-01 22:00:52,SLEEPING !!!,0.229,0.387,77,3
2024-12-01 22:00:52,SLEEPING !!!,0.210,0.364,77,3
2024-12-01 22:00:52,SLEEPING !!!,0.211,0.388,77,3
2024-12-01 22:00:52,SLEEPING !!!,0.165,0.363,77,3
2024-12-01 22:00:52,SLEEPING !!!,0.188,0.398,77,3
2024-12-01 22:00:52,SLEEPING !!!,0.170,0.360,77,3
2024-12-01 22:00:52,SLEEPING !!!,0.157,0.383,77,3
2024-12-01 22:00:52,SLEEPING !!!,0.165,0.366,77,3
2024-12-01 22:00:52,SLEEPING !!!,0.183,0.379,77,3
2024-12-01 22:00:53,SLEEPING !!!,0.168,0.341,77,3
2024-12-01 22:00:53,SLEEPING !!!,0.131,0.388,77,3
2024-12-01 22:00:53,SLEEPING !!!,0.228,0.398,77,3
2024-12-01 22:00:53,SLEEPING !!!,0.228,0.353,77,3
2024-12-01 22:00:53,Mild Yawn,0.259,0.357,78,3
2024-12-01 22:00:53,Mild Yawn,0.276,0.368,78,3
2024-12-01 22:00:53,Mild Yawn,0.228,0.361,78,3
2024-12-01 22:00:53,Mild Yawn,0.151,0.346,78,3
2024-12-01 22:00:53,SLEEPING !!!,0.136,0.326,78,3
2024-12-01 22:00:53,SLEEPING !!!,0.141,0.313,78,3
2024-12-01 22:00:54,SLEEPING !!!,0.157,0.312,78,3
2024-12-01 22:00:54,SLEEPING !!!,0.152,0.323,78,3
2024-12-01 22:00:54,SLEEPING !!!,0.208,0.333,78,3
2024-12-01 22:00:54,SLEEPING !!!,0.239,0.288,78,3
2024-12-01 22:00:54,Mild Yawn,0.260,0.311,79,3
2024-12-01 22:00:54,Mild Yawn,0.243,0.297,79,3
2024-12-01 22:00:54,Mild Yawn,0.255,0.305,79,3
2024-12-01 22:00:54,Mild Yawn,0.247,0.259,79,3
2024-12-01 22:00:54,Mild Yawn,0.273,0.328,79,3
2024-12-01 22:00:54,Mild Yawn,0.265,0.318,79,3
2024-12-01 22:00:55,Mild Yawn,0.300,0.313,79,3
2024-12-01 22:00:55,Mild Yawn,0.276,0.314,79,3
2024-12-01 22:00:55,Mild Yawn,0.290,0.323,79,3
2024-12-01 22:00:55,Mild Yawn,0.274,0.324,79,3
2024-12-01 22:00:55,Mild Yawn,0.274,0.339,79,3
2024-12-01 22:00:55,Mild Yawn,0.285,0.277,79,3
2024-12-01 22:00:55,Mild Yawn,0.222,0.354,79,3
2024-12-01 22:00:55,Mild Yawn,0.204,0.336,79,3
2024-12-01 22:00:55,SLEEPING !!!,0.162,0.391,79,3
2024-12-01 22:00:55,SLEEPING !!!,0.174,0.344,79,3
2024-12-01 22:00:56,SLEEPING !!!,0.158,0.328,79,3
2024-12-01 22:00:56,SLEEPING !!!,0.145,0.334,79,3
2024-12-01 22:00:56,SLEEPING !!!,0.146,0.355,79,3
2024-12-01 22:00:56,SLEEPING !!!,0.213,0.321,79,3
2024-12-01 22:00:56,SLEEPING !!!,0.223,0.310,79,3
2024-12-01 22:00:56,Mild Yawn,0.260,0.378,80,3
2024-12-01 22:00:56,Mild Yawn,0.226,0.423,80,3
2024-12-01 22:00:56,Mild Yawn,0.288,0.313,80,3
2024-12-01 22:00:56,Mild Yawn,0.280,0.291,80,3
2024-12-01 22:00:56,Mild Yawn,0.306,0.325,80,3
2024-12-01 22:00:57,Mild Yawn,0.276,0.303,80,3
2024-12-01 22:00:57,Mild Yawn,0.280,0.348,80,3
2024-12-01 22:00:57,Mild Yawn,0.285,0.346,80,3
2024-12-01 22:00:57,Mild Yawn,0.245,0.335,80,3
2024-12-01 22:00:57,Mild Yawn,0.283,0.339,80,3
2024-12-01 22:00:57,Mild Yawn,0.284,0.359,80,3
2024-12-01 22:00:57,Mild Yawn,0.269,0.420,80,3
2024-12-01 22:00:57,Mild Yawn,0.241,0.345,80,3
2024-12-01 22:00:57,Mild Yawn,0.251,0.341,80,3
2024-12-01 22:00:57,Mild Yawn,0.263,0.283,80,3
2024-12-01 22:00:58,Mild Yawn,0.251,0.326,80,3
2024-12-01 22:00:58,Mild Yawn,0.217,0.349,80,3
2024-12-01 22:00:58,Mild Yawn,0.154,0.330,80,3
2024-12-01 22:00:58,SLEEPING !!!,0.217,0.340,80,3
2024-12-01 22:00:58,SLEEPING !!!,0.246,0.352,80,3
2024-12-01 22:00:58,SLEEPING !!!,0.247,0.336,80,3
2024-12-01 22:00:58,SLEEPING !!!,0.246,0.342,80,3
2024-12-01 22:00:58,Mild Yawn,0.270,0.333,81,3
2024-12-01 22:00:58,Mild Yawn,0.258,0.343,81,3
2024-12-01 22:00:58,Mild Yawn,0.235,0.341,81,3
2024-12-01 22:00:59,Mild Yawn,0.219,0.337,81,3
2024-12-01 22:00:59,Mild Yawn,0.251,0.372,81,3
2024-12-01 22:00:59,Mild Yawn,0.238,0.368,81,3
2024-12-01 22:00:59,Mild Yawn,0.226,0.369,81,3
2024-12-01 22:00:59,SLEEPING !!!,0.237,0.338,81,3
2024-12-01 22:00:59,SLEEPING !!!,0.242,0.352,81,3
2024-12-01 22:00:59,SLEEPING !!!,0.246,0.359,81,3
2024-12-01 22:00:59,SLEEPING !!!,0.246,0.369,81,3
2024-12-01 22:00:59,Mild Yawn,0.255,0.374,82,3
2024-12-01 22:00:59,Mild Yawn,0.251,0.375,82,3
2024-12-01 22:01:00,Mild Yawn,0.252,0.350,82,3
2024-12-01 22:01:00,Mild Yawn,0.238,0.369,82,3
2024-12-01 22:01:00,Mild Yawn,0.234,0.370,82,3
2024-12-01 22:01:00,Mild Yawn,0.276,0.345,82,3
2024-12-01 22:01:00,Mild Yawn,0.274,0.334,82,3
2024-12-01 22:01:00,Mild Yawn,0.275,0.349,82,3
2024-12-01 22:01:00,Mild Yawn,0.274,0.346,82,3
2024-12-01 22:01:00,Mild Yawn,0.223,0.364,82,3
2024-12-01 22:01:00,Mild Yawn,0.188,0.351,82,3
2024-12-01 22:01:00,SLEEPING !!!,0.159,0.371,82,3
2024-12-01 22:01:01,SLEEPING !!!,0.144,0.363,82,3
2024-12-01 22:01:01,SLEEPING !!!,0.184,0.355,82,3
2024-12-01 22:01:01,SLEEPING !!!,0.210,0.343,82,3
2024-12-01 22:01:01,SLEEPING !!!,0.246,0.369,82,3
2024-12-01 22:01:01,SLEEPING !!!,0.238,0.396,82,3
2024-12-01 22:01:01,Mild Yawn,0.254,0.353,83,3
2024-12-01 22:01:01,Mild Yawn,0.242,0.354,83,3
2024-12-01 22:01:01,Mild Yawn,0.268,0.356,83,3
2024-12-01 22:01:01,Mild Yawn,0.267,0.318,83,3
2024-12-01 22:01:01,Mild Yawn,0.275,0.354,83,3
2024-12-01 22:01:02,Mild Yawn,0.287,0.327,83,3
2024-12-01 22:01:02,Mild Yawn,0.303,0.373,83,3
2024-12-01 22:01:02,Mild Yawn,0.292,0.360,83,3
2024-12-01 22:01:02,Mild Yawn,0.288,0.370,83,3
2024-12-01 22:01:02,Mild Yawn,0.309,0.325,83,3
2024-12-01 22:01:02,Mild Yawn,0.307,0.328,83,3
2024-12-01 22:01:02,Mild Yawn,0.326,0.382,83,3
2024-12-01 22:01:02,Mild Yawn,0.317,0.383,83,3
2024-12-01 22:01:02,Mild Yawn,0.328,0.358,83,3
2024-12-01 22:01:02,Mild Yawn,0.303,0.332,83,3
2024-12-01 22:01:03,Mild Yawn,0.325,0.346,83,3
2024-12-01 22:01:03,Mild Yawn,0.324,0.329,83,3
2024-12-01 22:01:03,Mild Yawn,0.296,0.331,83,3
2024-12-01 22:01:03,Mild Yawn,0.295,0.383,83,3
2024-12-01 22:01:03,Mild Yawn,0.309,0.372,83,3
2024-12-01 22:01:03,Mild Yawn,0.319,0.312,83,3
2024-12-01 22:01:03,Mild Yawn,0.295,0.303,83,3
2024-12-01 22:01:03,Mild Yawn,0.295,0.354,83,3
2024-12-01 22:01:03,Mild Yawn,0.307,0.395,83,3
2024-12-01 22:01:03,Mild Yawn,0.289,0.370,83,3
2024-12-01 22:01:04,Mild Yawn,0.170,0.353,83,3
2024-12-01 22:01:04,Mild Yawn,0.226,0.350,83,3
2024-12-01 22:01:04,Mild Yawn,0.292,0.391,83,3
2024-12-01 22:01:04,Mild Yawn,0.283,0.337,83,3
2024-12-01 22:01:04,Mild Yawn,0.311,0.360,83,3
2024-12-01 22:01:04,Mild Yawn,0.325,0.340,83,3
2024-12-01 22:01:04,Mild Yawn,0.322,0.326,83,3
2024-12-01 22:01:04,Mild Yawn,0.320,0.348,83,3
2024-12-01 22:01:04,Mild Yawn,0.326,0.352,83,3
2024-12-01 22:01:04,Mild Yawn,0.314,0.362,83,3
2024-12-01 22:01:05,Mild Yawn,0.306,0.394,83,3
2024-12-01 22:01:05,Mild Yawn,0.301,0.404,83,3
2024-12-01 22:01:05,Mild Yawn,0.303,0.381,83,3
2024-12-01 22:01:05,Mild Yawn,0.300,0.358,83,3
2024-12-01 22:01:05,Mild Yawn,0.312,0.358,83,3
2024-12-01 22:01:05,Mild Yawn,0.308,0.358,83,3
2024-12-01 22:01:05,Mild Yawn,0.308,0.394,83,3
2024-12-01 22:01:05,Mild Yawn,0.314,0.360,83,3
2024-12-01 22:01:05,Mild Yawn,0.307,0.346,83,3
2024-12-01 22:01:06,Mild Yawn,0.301,0.366,83,3
2024-12-01 22:01:06,Mild Yawn,0.259,0.327,83,3
2024-12-01 22:01:06,Mild Yawn,0.215,0.332,83,3
2024-12-01 22:01:06,Mild Yawn,0.242,0.310,83,3
2024-12-01 22:01:06,Mild Yawn,0.272,0.371,83,3
2024-12-01 22:01:06,Mild Yawn,0.271,0.347,83,3
2024-12-01 22:01:06,Mild Yawn,0.267,0.327,83,3
2024-12-01 22:01:06,Mild Yawn,0.288,0.327,83,3
2024-12-01 22:01:06,Mild Yawn,0.301,0.329,83,3
2024-12-01 22:01:06,Mild Yawn,0.314,0.360,83,3
2024-12-01 22:01:06,Mild Yawn,0.300,0.334,83,3
2024-12-01 22:01:07,Mild Yawn,0.314,0.329,83,3
2024-12-01 22:01:07,Mild Yawn,0.331,0.338,83,3
2024-12-01 22:01:07,Mild Yawn,0.307,0.339,83,3
2024-12-01 22:01:07,Mild Yawn,0.320,0.350,83,3
2024-12-01 22:01:07,Mild Yawn,0.306,0.340,83,3
2024-12-01 22:01:07,Mild Yawn,0.271,0.357,83,3
2024-12-01 22:01:07,Mild Yawn,0.298,0.342,83,3
2024-12-01 22:01:07,Mild Yawn,0.290,0.336,83,3
2024-12-01 22:01:07,Mild Yawn,0.289,0.307,83,3
2024-12-01 22:01:07,Mild Yawn,0.183,0.343,83,3
2024-12-01 22:01:08,Mild Yawn,0.183,0.351,83,3
2024-12-01 22:01:08,SLEEPING !!!,0.242,0.343,83,3
2024-12-01 22:01:08,SLEEPING !!!,0.247,0.342,83,3
2024-12-01 22:01:08,Mild Yawn,0.277,0.373,84,3
2024-12-01 22:01:08,Mild Yawn,0.280,0.364,84,3
2024-12-01 22:01:08,Mild Yawn,0.273,0.371,84,3
2024-12-01 22:01:08,Mild Yawn,0.286,0.329,84,3
2024-12-01 22:01:08,Mild Yawn,0.281,0.361,84,3
2024-12-01 22:01:08,Mild Yawn,0.288,0.313,84,3
2024-12-01 22:01:08,Mild Yawn,0.294,0.348,84,3
2024-12-01 22:01:09,Mild Yawn,0.286,0.328,84,3
2024-12-01 22:01:09,Mild Yawn,0.289,0.331,84,3
2024-12-01 22:01:09,Mild Yawn,0.307,0.347,84,3
2024-12-01 22:01:09,Mild Yawn,0.299,0.314,84,3
2024-12-01 22:01:09,Mild Yawn,0.294,0.313,84,3
2024-12-01 22:01:09,Mild Yawn,0.286,0.378,84,3
2024-12-01 22:01:09,Mild Yawn,0.285,0.339,84,3
2024-12-01 22:01:09,Mild Yawn,0.278,0.383,84,3
2024-12-01 22:01:09,Mild Yawn,0.302,0.408,84,3
2024-12-01 22:01:09,Mild Yawn,0.311,0.387,84,3
2024-12-01 22:01:10,Mild Yawn,0.317,0.374,84,3
2024-12-01 22:01:10,Mild Yawn,0.299,0.384,84,3
2024-12-01 22:01:10,Mild Yawn,0.285,0.397,84,3
2024-12-01 22:01:10,Mild Yawn,0.286,0.358,84,3
2024-12-01 22:01:10,Mild Yawn,0.110,0.363,84,3
2024-12-01 22:01:10,Mild Yawn,0.174,0.339,84,3
2024-12-01 22:01:10,SLEEPING !!!,0.230,0.340,84,3
2024-12-01 22:01:10,SLEEPING !!!,0.230,0.369,84,3
2024-12-01 22:01:10,Mild Yawn,0.282,0.360,85,3
2024-12-01 22:01:11,Mild Yawn,0.278,0.389,85,3
2024-12-01 22:01:11,Mild Yawn,0.283,0.379,85,3
2024-12-01 22:01:11,Mild Yawn,0.247,0.352,85,3
2024-12-01 22:01:11,Mild Yawn,0.269,0.380,85,3
2024-12-01 22:01:11,Mild Yawn,0.242,0.324,85,3
2024-12-01 22:01:11,Mild Yawn,0.273,0.366,85,3
2024-12-01 22:01:11,Mild Yawn,0.277,0.338,85,3
2024-12-01 22:01:11,Mild Yawn,0.268,0.385,85,3
2024-12-01 22:01:11,Mild Yawn,0.246,0.346,85,3
2024-12-01 22:01:11,Mild Yawn,0.268,0.357,85,3
2024-12-01 22:01:12,Mild Yawn,0.243,0.336,85,3
2024-12-01 22:01:12,Mild Yawn,0.248,0.338,85,3
2024-12-01 22:01:12,Mild Yawn,0.260,0.357,85,3
2024-12-01 22:01:12,Mild Yawn,0.268,0.369,85,3
2024-12-01 22:01:12,Mild Yawn,0.218,0.336,85,3
2024-12-01 22:01:12,Mild Yawn,0.149,0.337,85,3
2024-12-01 22:01:12,SLEEPING !!!,0.185,0.338,85,3
2024-12-01 22:01:12,SLEEPING !!!,0.189,0.349,85,3
2024-12-01 22:01:12,SLEEPING !!!,0.205,0.355,85,3
2024-12-01 22:01:12,SLEEPING !!!,0.201,0.330,85,3
2024-12-01 22:01:13,SLEEPING !!!,0.188,0.359,85,3
2024-12-01 22:01:13,SLEEPING !!!,0.132,0.354,85,3
2024-12-01 22:01:13,SLEEPING !!!,0.146,0.359,85,3
2024-12-01 22:01:13,SLEEPING !!!,0.205,0.361,85,3
2024-12-01 22:01:13,SLEEPING !!!,0.238,0.358,85,3
2024-12-01 22:01:13,SLEEPING !!!,0.223,0.323,85,3
2024-12-01 22:01:13,SLEEPING !!!,0.167,0.334,85,3
2024-12-01 22:01:13,SLEEPING !!!,0.137,0.368,85,3
2024-12-01 22:01:13,SLEEPING !!!,0.198,0.348,85,3
2024-12-01 22:01:13,SLEEPING !!!,0.214,0.338,85,3
2024-12-01 22:01:14,SLEEPING !!!,0.215,0.361,85,3
2024-12-01 22:01:14,SLEEPING !!!,0.224,0.360,85,3
2024-12-01 22:01:14,SLEEPING !!!,0.121,0.337,85,3
2024-12-01 22:01:14,SLEEPING !!!,0.135,0.328,85,3
2024-12-01 22:01:14,SLEEPING !!!,0.177,0.320,85,3
2024-12-01 22:01:14,SLEEPING !!!,0.198,0.337,85,3
2024-12-01 22:01:14,SLEEPING !!!,0.206,0.314,85,3
2024-12-01 22:01:14,Active,0.251,0.331,86,3
2024-12-01 22:01:14,Active,0.259,0.347,86,3
2024-12-01 22:01:14,Active,0.165,0.349,86,3
2024-12-01 22:01:15,Active,0.127,0.334,86,3
2024-12-01 22:01:15,SLEEPING !!!,0.171,0.342,86,3
2024-12-01 22:01:15,SLEEPING !!!,0.214,0.345,86,3
2024-12-01 22:01:15,SLEEPING !!!,0.217,0.361,86,3
2024-12-01 22:01:15,SLEEPING !!!,0.205,0.335,86,3
2024-12-01 22:01:15,SLEEPING !!!,0.221,0.343,86,3
2024-12-01 22:01:15,SLEEPING !!!,0.242,0.343,86,3
2024-12-01 22:01:15,SLEEPING !!!,0.246,0.351,86,3
2024-12-01 22:01:15,Active,0.264,0.330,87,3
2024-12-01 22:01:15,Active,0.281,0.350,87,3
2024-12-01 22:01:16,Active,0.271,0.365,87,3
2024-12-01 22:01:16,Active,0.267,0.395,87,3
2024-12-01 22:01:16,Active,0.272,0.366,87,3
2024-12-01 22:01:16,Active,0.234,0.387,87,3
2024-12-01 22:01:16,Active,0.277,0.364,87,3
2024-12-01 22:01:16,Active,0.246,0.349,87,3
2024-12-01 22:01:16,Active,0.149,0.362,87,3
2024-12-01 22:01:16,SLEEPING !!!,0.212,0.379,87,3
2024-12-01 22:01:16,Active,0.285,0.379,88,3
2024-12-01 22:01:16,Active,0.246,0.380,88,3
2024-12-01 22:01:17,Active,0.272,0.344,88,3
2024-12-01 22:01:17,Active,0.305,0.360,88,3
2024-12-01 22:01:17,Active,0.283,0.367,88,3
2024-12-01 22:01:17,Active,0.277,0.344,88,3
2024-12-01 22:01:17,Active,0.281,0.329,88,3
2024-12-01 22:01:17,Active,0.285,0.322,88,3
2024-12-01 22:01:17,Active,0.296,0.307,88,3
2024-12-01 22:01:17,Active,0.286,0.324,88,3
2024-12-01 22:01:17,Active,0.299,0.308,88,3
2024-12-01 22:01:17,Active,0.303,0.325,88,3
2024-12-01 22:01:18,Active,0.293,0.329,88,3
2024-12-01 22:01:18,Active,0.281,0.351,88,3
2024-12-01 22:01:18,Active,0.293,0.364,88,3
2024-12-01 22:01:18,Active,0.293,0.327,88,3
2024-12-01 22:01:18,Active,0.298,0.358,88,3
2024-12-01 22:01:18,Active,0.280,0.342,88,3
2024-12-01 22:01:18,Active,0.284,0.344,88,3
2024-12-01 22:01:18,Active,0.312,0.394,88,3
2024-12-01 22:01:18,Active,0.302,0.363,88,3
2024-12-01 22:01:18,Active,0.276,0.331,88,3
2024-12-01 22:01:19,Active,0.301,0.365,88,3
2024-12-01 22:01:19,Active,0.333,0.339,88,3
2024-12-01 22:01:19,Active,0.329,0.333,88,3
2024-12-01 22:01:19,Active,0.323,0.373,88,3
2024-12-01 22:01:19,Active,0.339,0.379,88,3
2024-12-01 22:01:19,Active,0.328,0.418,88,3
2024-12-01 22:01:19,Active,0.343,0.328,88,3
2024-12-01 22:01:19,Active,0.331,0.371,88,3
2024-12-01 22:01:19,Active,0.337,0.374,88,3
2024-12-01 22:01:19,Active,0.334,0.342,88,3
2024-12-01 22:01:20,Active,0.326,0.375,88,3
2024-12-01 22:01:20,Active,0.325,0.352,88,3
2024-12-01 22:01:20,Active,0.325,0.359,88,3
2024-12-01 22:01:20,Active,0.333,0.347,88,3
2024-12-01 22:01:20,Active,0.325,0.342,88,3
2024-12-01 22:01:20,Active,0.316,0.335,88,3
2024-12-01 22:01:20,Active,0.295,0.343,88,3
2024-12-01 22:01:20,Active,0.292,0.361,88,3
2024-12-01 22:01:20,Active,0.308,0.351,88,3
2024-12-01 22:01:20,Active,0.304,0.345,88,3
2024-12-01 22:01:21,Active,0.317,0.351,88,3
2024-12-01 22:01:21,Active,0.301,0.352,88,3
2024-12-01 22:01:21,Active,0.243,0.368,88,3
2024-12-01 22:01:21,Active,0.256,0.330,88,3
2024-12-01 22:01:21,Active,0.289,0.342,88,3
2024-12-01 22:01:21,Active,0.233,0.335,88,3
2024-12-01 22:01:21,Active,0.232,0.340,88,3
2024-12-01 22:01:21,Active,0.285,0.342,88,3
2024-12-01 22:01:21,Active,0.293,0.367,88,3
2024-12-01 22:01:21,Active,0.272,0.389,88,3
2024-12-01 22:01:22,Active,0.267,0.366,88,3
2024-12-01 22:01:22,Active,0.289,0.381,88,3
2024-12-01 22:01:22,Active,0.311,0.389,88,3
2024-12-01 22:01:22,Active,0.300,0.385,88,3
2024-12-01 22:01:22,Active,0.314,0.396,88,3
2024-12-01 22:01:22,Active,0.302,0.386,88,3
2024-12-01 22:01:22,Active,0.333,0.392,88,3
2024-12-01 22:01:22,Active,0.299,0.292,88,3
2024-12-01 22:01:22,Active,0.309,0.296,88,3
2024-12-01 22:01:22,Active,0.215,0.348,88,3
2024-12-01 22:01:23,Active,0.177,0.297,88,3
2024-12-01 22:01:23,SLEEPING !!!,0.150,0.326,88,3
2024-12-01 22:01:23,SLEEPING !!!,0.149,0.359,88,3
2024-12-01 22:01:23,SLEEPING !!!,0.164,0.319,88,3
2024-12-01 22:01:23,SLEEPING !!!,0.136,0.349,88,3
2024-12-01 22:01:23,SLEEPING !!!,0.158,0.351,88,3
2024-12-01 22:01:23,SLEEPING !!!,0.167,0.393,88,3
2024-12-01 22:01:23,SLEEPING !!!,0.178,0.330,88,3
2024-12-01 22:01:23,SLEEPING !!!,0.174,0.353,88,3
2024-12-01 22:01:23,SLEEPING !!!,0.161,0.335,88,3
2024-12-01 22:01:24,SLEEPING !!!,0.182,0.334,88,3
2024-12-01 22:01:24,SLEEPING !!!,0.174,0.330,88,3
2024-12-01 22:01:24,SLEEPING !!!,0.134,0.347,88,3
2024-12-01 22:01:24,SLEEPING !!!,0.164,0.331,88,3
2024-12-01 22:01:24,SLEEPING !!!,0.174,0.329,88,3
2024-12-01 22:01:24,SLEEPING !!!,0.179,0.353,88,3
2024-12-01 22:01:24,Active,0.259,0.309,89,3
2024-12-01 22:01:24,Active,0.331,0.385,89,3
2024-12-01 22:01:24,Active,0.353,0.367,89,3
2024-12-01 22:01:24,Active,0.330,0.354,89,3
2024-12-01 22:01:25,Active,0.327,0.408,89,3
2024-12-01 22:01:25,Active,0.324,0.397,89,3
2024-12-01 22:01:25,Active,0.320,0.400,89,3
2024-12-01 22:01:25,Active,0.225,0.386,89,3
2024-12-01 22:01:25,Active,0.296,0.384,89,3
2024-12-01 22:01:25,Active,0.343,0.321,89,3
2024-12-01 22:01:25,Active,0.313,0.328,89,3
2024-12-01 22:01:26,Active,0.381,0.361,89,3
2024-12-01 22:01:26,Active,0.372,0.368,89,3
2024-12-01 22:01:26,Active,0.355,0.325,89,3
2024-12-01 22:01:26,Active,0.222,0.313,89,3
2024-12-01 22:01:26,Active,0.176,0.362,89,3
2024-12-01 22:01:26,SLEEPING !!!,0.181,0.368,89,3
2024-12-01 22:01:26,SLEEPING !!!,0.175,0.326,89,3
2024-12-01 22:01:26,SLEEPING !!!,0.161,0.345,89,3
2024-12-01 22:01:26,SLEEPING !!!,0.114,0.387,89,3
2024-12-01 22:01:26,Active,0.350,0.433,90,3
2024-12-01 22:01:27,Active,0.388,0.361,90,3
2024-12-01 22:01:27,Active,0.383,0.387,90,3
2024-12-01 22:01:27,Active,0.386,0.363,90,3
2024-12-01 22:01:27,Active,0.356,0.323,90,3
2024-12-01 22:01:27,Active,0.351,0.339,90,3
2024-12-01 22:01:27,Active,0.246,0.333,90,3
2024-12-01 22:01:27,Active,0.163,0.337,90,3
2024-12-01 22:01:27,SLEEPING !!!,0.148,0.353,90,3
2024-12-01 22:01:27,SLEEPING !!!,0.153,0.327,90,3
2024-12-01 22:01:27,SLEEPING !!!,0.143,0.341,90,3
2024-12-01 22:01:28,SLEEPING !!!,0.208,0.337,90,3
2024-12-01 22:01:28,Active,0.289,0.336,91,3
2024-12-01 22:01:28,Active,0.321,0.353,91,3
2024-12-01 22:01:28,Active,0.325,0.340,91,3
2024-12-01 22:01:28,Active,0.298,0.345,91,3
2024-12-01 22:01:28,Active,0.287,0.340,91,3
2024-12-01 22:01:28,Active,0.303,0.321,91,3
2024-12-01 22:01:28,Active,0.333,0.339,91,3
2024-12-01 22:01:28,Active,0.269,0.334,91,3
2024-12-01 22:01:28,Active,0.231,0.333,91,3
2024-12-01 22:01:29,Active,0.163,0.286,91,3
2024-12-01 22:01:29,SLEEPING !!!,0.136,0.287,91,3
2024-12-01 22:01:29,SLEEPING !!!,0.165,0.308,91,3
2024-12-01 22:01:29,SLEEPING !!!,0.165,0.278,91,3
2024-12-01 22:01:29,SLEEPING !!!,0.127,0.258,91,3
2024-12-01 22:01:29,SLEEPING !!!,0.124,0.315,91,3
2024-12-01 22:01:29,SLEEPING !!!,0.128,0.297,91,3
2024-12-01 22:01:29,SLEEPING !!!,0.145,0.301,91,3
2024-12-01 22:01:29,SLEEPING !!!,0.171,0.285,91,3
2024-12-01 22:01:29,Active,0.299,0.332,92,3
2024-12-01 22:01:30,Active,0.344,0.331,92,3
2024-12-01 22:01:30,Active,0.393,0.382,92,3
2024-12-01 22:01:30,Active,0.358,0.360,92,3
2024-12-01 22:01:30,Active,0.386,0.350,92,3
2024-12-01 22:01:30,Active,0.364,0.375,92,3
2024-12-01 22:01:30,Active,0.359,0.382,92,3
2024-12-01 22:01:30,Active,0.338,0.363,92,3
2024-12-01 22:01:30,Active,0.364,0.343,92,3
2024-12-01 22:01:30,Active,0.344,0.331,92,3
2024-12-01 22:01:30,Active,0.191,0.345,92,3
2024-12-01 22:01:31,Active,0.192,0.263,92,3
2024-12-01 22:01:31,SLEEPING !!!,0.176,0.329,92,3
2024-12-01 22:01:31,SLEEPING !!!,0.155,0.323,92,3
2024-12-01 22:01:31,SLEEPING !!!,0.143,0.300,92,3
2024-12-01 22:01:31,SLEEPING !!!,0.155,0.265,92,3
2024-12-01 22:01:31,SLEEPING !!!,0.194,0.400,92,3
2024-12-01 22:01:31,SLEEPING !!!,0.235,0.379,92,3
2024-12-01 22:01:31,SLEEPING !!!,0.157,0.392,92,3
2024-12-01 22:01:32,Active,0.344,0.320,93,3
2024-12-01 22:01:32,Active,0.202,0.332,93,3
2024-12-01 22:01:32,Active,0.177,0.335,93,3
2024-12-01 22:01:32,Active,0.257,0.334,93,3
2024-12-01 22:01:32,Active,0.151,0.339,93,3
2024-12-01 22:01:32,Active,0.102,0.348,93,3
2024-12-01 22:01:32,SLEEPING !!!,0.218,0.393,93,3
2024-12-01 22:01:32,SLEEPING !!!,0.250,0.372,93,3
2024-12-01 22:01:32,Active,0.296,0.357,94,3
2024-12-01 22:01:32,Active,0.281,0.360,94,3
2024-12-01 22:01:33,Active,0.253,0.338,94,3
2024-12-01 22:01:33,Active,0.181,0.365,94,3
2024-12-01 22:01:33,Active,0.245,0.357,94,3
2024-12-01 22:01:33,Active,0.280,0.340,94,3
2024-12-01 22:01:33,Active,0.249,0.332,94,3
2024-12-01 22:01:33,Active,0.147,0.374,94,3
2024-12-01 22:01:33,SLEEPING !!!,0.224,0.347,94,3
2024-12-01 22:01:33,Active,0.263,0.365,95,3
2024-12-01 22:01:33,Active,0.280,0.355,95,3
2024-12-01 22:01:33,Active,0.280,0.338,95,3
2024-12-01 22:01:34,Active,0.276,0.364,95,3
2024-12-01 22:01:34,Active,0.288,0.365,95,3
2024-12-01 22:01:34,Active,0.291,0.372,95,3
2024-12-01 22:01:34,Active,0.296,0.345,95,3
2024-12-01 22:01:34,Active,0.299,0.367,95,3
2024-12-01 22:01:34,Active,0.295,0.338,95,3
2024-12-01 22:01:34,Active,0.295,0.337,95,3
2024-12-01 22:01:34,Active,0.323,0.361,95,3
2024-12-01 22:01:34,Active,0.285,0.356,95,3
2024-12-01 22:01:34,Active,0.279,0.341,95,3
2024-12-01 22:01:35,Active,0.315,0.347,95,3
2024-12-01 22:01:35,Active,0.283,0.368,95,3
2024-12-01 22:01:35,Active,0.300,0.376,95,3
2024-12-01 22:01:35,Active,0.287,0.357,95,3
2024-12-01 22:01:35,Active,0.286,0.363,95,3
2024-12-01 22:01:35,Active,0.274,0.374,95,3
2024-12-01 22:01:35,Active,0.286,0.372,95,3
2024-12-01 22:01:35,Active,0.290,0.372,95,3
2024-12-01 22:01:35,Active,0.290,0.374,95,3
2024-12-01 22:01:35,Active,0.292,0.375,95,3
2024-12-01 22:01:36,Active,0.300,0.339,95,3
2024-12-01 22:01:36,Active,0.298,0.385,95,3
2024-12-01 22:01:36,Active,0.257,0.410,95,3
2024-12-01 22:01:36,Active,0.292,0.372,95,3
2024-12-01 22:01:36,Active,0.259,0.405,95,3
2024-12-01 22:01:36,Active,0.250,0.357,95,3
2024-12-01 22:01:36,Active,0.259,0.381,95,3
2024-12-01 22:01:36,Active,0.263,0.356,95,3
2024-12-01 22:01:36,Active,0.259,0.386,95,3
2024-12-01 22:01:36,Active,0.262,0.369,95,3
2024-12-01 22:01:37,Active,0.237,0.350,95,3
2024-12-01 22:01:37,Active,0.263,0.337,95,3
2024-12-01 22:01:37,Active,0.267,0.345,95,3
2024-12-01 22:01:37,Active,0.268,0.364,95,3
2024-12-01 22:01:37,Active,0.264,0.364,95,3
2024-12-01 22:01:37,Active,0.267,0.330,95,3
2024-12-01 22:01:37,Active,0.305,0.361,95,3
2024-12-01 22:01:37,Active,0.317,0.352,95,3
2024-12-01 22:01:37,Active,0.285,0.351,95,3
2024-12-01 22:01:37,Active,0.298,0.366,95,3
2024-12-01 22:01:38,Active,0.307,0.387,95,3
2024-12-01 22:01:38,Active,0.304,0.354,95,3
2024-12-01 22:01:38,Active,0.317,0.372,95,3
2024-12-01 22:01:38,Active,0.324,0.400,95,3
2024-12-01 22:01:38,Active,0.305,0.397,95,3
2024-12-01 22:01:38,Active,0.308,0.356,95,3
2024-12-01 22:01:38,Active,0.333,0.360,95,3
2024-12-01 22:01:38,Active,0.328,0.393,95,3
2024-12-01 22:01:38,Active,0.332,0.401,95,3
2024-12-01 22:01:38,Active,0.306,0.399,95,3
2024-12-01 22:01:39,Active,0.319,0.398,95,3
2024-12-01 22:01:39,Active,0.299,0.393,95,3
2024-12-01 22:01:39,Active,0.222,0.400,95,3
2024-12-01 22:01:39,Active,0.237,0.389,95,3
2024-12-01 22:01:39,SLEEPING !!!,0.229,0.384,95,3
2024-12-01 22:01:39,SLEEPING !!!,0.237,0.363,95,3
2024-12-01 22:01:39,SLEEPING !!!,0.167,0.352,95,3
2024-12-01 22:01:39,SLEEPING !!!,0.236,0.347,95,3
2024-12-01 22:01:39,Active,0.274,0.322,96,3
2024-12-01 22:01:39,Active,0.308,0.318,96,3
2024-12-01 22:01:40,Active,0.304,0.322,96,3
2024-12-01 22:01:40,Active,0.299,0.337,96,3
2024-12-01 22:01:40,Active,0.312,0.323,96,3
2024-12-01 22:01:40,Active,0.328,0.342,96,3
2024-12-01 22:01:40,Active,0.318,0.344,96,3
2024-12-01 22:01:40,Active,0.322,0.343,96,3
2024-12-01 22:01:40,Active,0.292,0.345,96,3
2024-12-01 22:01:40,Active,0.264,0.353,96,3
2024-12-01 22:01:40,Active,0.254,0.338,96,3
2024-12-01 22:01:40,Active,0.294,0.333,96,3
2024-12-01 22:01:41,Active,0.271,0.345,96,3
2024-12-01 22:01:41,Active,0.294,0.321,96,3
2024-12-01 22:01:41,Active,0.285,0.323,96,3
2024-12-01 22:01:41,Active,0.294,0.322,96,3
2024-12-01 22:01:41,Active,0.295,0.349,96,3
2024-12-01 22:01:41,Active,0.321,0.345,96,3
2024-12-01 22:01:41,Active,0.287,0.296,96,3
2024-12-01 22:01:41,Active,0.294,0.297,96,3
2024-12-01 22:01:41,Active,0.309,0.313,96,3
2024-12-01 22:01:41,Active,0.293,0.328,96,3
2024-12-01 22:01:42,Active,0.297,0.315,96,3
2024-12-01 22:01:42,Active,0.285,0.312,96,3
2024-12-01 22:01:42,Active,0.303,0.311,96,3
2024-12-01 22:01:42,Active,0.304,0.304,96,3
2024-12-01 22:01:42,Active,0.298,0.330,96,3
2024-12-01 22:01:42,Active,0.277,0.347,96,3
2024-12-01 22:01:42,Active,0.279,0.340,96,3
2024-12-01 22:01:42,Active,0.316,0.335,96,3
2024-12-01 22:01:42,Active,0.290,0.328,96,3
2024-12-01 22:01:42,Active,0.308,0.326,96,3
2024-12-01 22:01:43,Active,0.277,0.314,96,3
2024-12-01 22:01:43,Active,0.286,0.316,96,3
2024-12-01 22:01:43,Active,0.276,0.305,96,3
2024-12-01 22:01:43,Active,0.290,0.320,96,3
2024-12-01 22:01:43,Active,0.265,0.311,96,3
2024-12-01 22:01:43,Active,0.154,0.327,96,3
2024-12-01 22:01:43,Active,0.217,0.317,96,3
2024-12-01 22:01:43,SLEEPING !!!,0.242,0.330,96,3
2024-12-01 22:01:43,Active,0.255,0.329,97,3
2024-12-01 22:01:43,Active,0.254,0.334,97,3
2024-12-01 22:01:44,Active,0.263,0.331,97,3
2024-12-01 22:01:44,Active,0.278,0.309,97,3
2024-12-01 22:01:44,Active,0.291,0.335,97,3
2024-12-01 22:01:44,Active,0.307,0.373,97,3
2024-12-01 22:01:44,Active,0.302,0.287,97,3
2024-12-01 22:01:44,Active,0.280,0.302,97,3
2024-12-01 22:01:44,Active,0.177,0.312,97,3
2024-12-01 22:01:44,Active,0.246,0.362,97,3
2024-12-01 22:01:44,Active,0.262,0.358,97,3
2024-12-01 22:01:44,Active,0.254,0.314,97,3
2024-12-01 22:01:45,Active,0.290,0.328,97,3
2024-12-01 22:01:45,Active,0.298,0.326,97,3
2024-12-01 22:01:45,Active,0.293,0.339,97,3
2024-12-01 22:01:45,Active,0.289,0.356,97,3
2024-12-01 22:01:45,Active,0.300,0.367,97,3
2024-12-01 22:01:45,Active,0.298,0.331,97,3
2024-12-01 22:01:45,Active,0.302,0.351,97,3
2024-12-01 22:01:45,Active,0.291,0.347,97,3
2024-12-01 22:01:45,Active,0.353,0.295,97,3
2024-12-01 22:01:45,Active,0.333,0.347,97,3
2024-12-01 22:01:46,Active,0.345,0.326,97,3
2024-12-01 22:01:46,Active,0.345,0.327,97,3
2024-12-01 22:01:46,Active,0.331,0.326,97,3
2024-12-01 22:01:46,Active,0.337,0.348,97,3
2024-12-01 22:01:46,Active,0.337,0.357,97,3
2024-12-01 22:01:46,Active,0.314,0.367,97,3
2024-12-01 22:01:46,Active,0.334,0.351,97,3
2024-12-01 22:01:46,Active,0.302,0.347,97,3
2024-12-01 22:01:46,Active,0.314,0.366,97,3
2024-12-01 22:01:46,Active,0.306,0.374,97,3
2024-12-01 22:01:47,Active,0.329,0.359,97,3
2024-12-01 22:01:47,Active,0.302,0.376,97,3
2024-12-01 22:01:47,Active,0.312,0.372,97,3
2024-12-01 22:01:47,Active,0.297,0.386,97,3
2024-12-01 22:01:47,Active,0.314,0.378,97,3
2024-12-01 22:01:47,Active,0.317,0.369,97,3
2024-12-01 22:01:47,Active,0.311,0.370,97,3
2024-12-01 22:01:47,Active,0.302,0.371,97,3
2024-12-01 22:01:47,Active,0.311,0.381,97,3
2024-12-01 22:01:47,Active,0.282,0.385,97,3
2024-12-01 22:01:48,Active,0.343,0.381,97,3
2024-12-01 22:01:48,Active,0.309,0.351,97,3
2024-12-01 22:01:48,Active,0.288,0.367,97,3
2024-12-01 22:01:48,Active,0.320,0.388,97,3
2024-12-01 22:01:48,Active,0.319,0.358,97,3
2024-12-01 22:01:48,Active,0.328,0.375,97,3
2024-12-01 22:01:48,Active,0.323,0.349,97,3
2024-12-01 22:01:48,Active,0.321,0.350,97,3
2024-12-01 22:01:48,Active,0.334,0.369,97,3
2024-12-01 22:01:48,Active,0.330,0.357,97,3
2024-12-01 22:01:49,Active,0.329,0.345,97,3
2024-12-01 22:01:49,Active,0.306,0.362,97,3
2024-12-01 22:01:49,Active,0.333,0.354,97,3
2024-12-01 22:01:49,Active,0.312,0.362,97,3
2024-12-01 22:01:49,Active,0.303,0.341,97,3
2024-12-01 22:01:49,Active,0.305,0.376,97,3
2024-12-01 22:01:49,Active,0.227,0.360,97,3
2024-12-01 22:01:49,Active,0.145,0.358,97,3
2024-12-01 22:01:49,SLEEPING !!!,0.229,0.377,97,3
2024-12-01 22:01:49,Active,0.271,0.381,98,3
2024-12-01 22:01:50,Active,0.302,0.371,98,3
2024-12-01 22:01:50,Active,0.262,0.378,98,3
2024-12-01 22:01:50,Active,0.280,0.361,98,3
2024-12-01 22:01:50,Active,0.268,0.377,98,3
2024-12-01 22:01:50,Active,0.259,0.356,98,3
2024-12-01 22:01:50,Active,0.296,0.334,98,3
2024-12-01 22:01:50,Active,0.271,0.345,98,3
2024-12-01 22:01:50,Active,0.170,0.398,98,3
2024-12-01 22:01:50,Active,0.179,0.381,98,3
2024-12-01 22:01:50,SLEEPING !!!,0.238,0.340,98,3
2024-12-01 22:01:51,Active,0.267,0.340,99,3
2024-12-01 22:01:51,Active,0.276,0.339,99,3
2024-12-01 22:01:51,Active,0.302,0.339,99,3
2024-12-01 22:01:51,Active,0.291,0.356,99,3
2024-12-01 22:01:51,Active,0.291,0.358,99,3
2024-12-01 22:01:51,Active,0.292,0.362,99,3
2024-12-01 22:01:51,Active,0.285,0.356,99,3
2024-12-01 22:01:51,Active,0.275,0.352,99,3
2024-12-01 22:01:51,Active,0.281,0.369,99,3
2024-12-01 22:01:51,Active,0.250,0.369,99,3
2024-12-01 22:01:52,Active,0.288,0.345,99,3
2024-12-01 22:01:52,Active,0.293,0.352,99,3
2024-12-01 22:01:52,Active,0.292,0.337,99,3
2024-12-01 22:01:52,Active,0.311,0.360,99,3
2024-12-01 22:01:52,Active,0.306,0.364,99,3
2024-12-01 22:01:52,Active,0.320,0.353,99,3
2024-12-01 22:01:52,Active,0.300,0.353,99,3
2024-12-01 22:01:52,Active,0.302,0.339,99,3
2024-12-01 22:01:52,Active,0.276,0.374,99,3
2024-12-01 22:01:52,Active,0.246,0.357,99,3
2024-12-01 22:01:53,Active,0.259,0.375,99,3
2024-12-01 22:01:53,Active,0.280,0.372,99,3
2024-12-01 22:01:53,Active,0.268,0.354,99,3
2024-12-01 22:01:53,Active,0.272,0.340,99,3
2024-12-01 22:01:53,Active,0.271,0.327,99,3
2024-12-01 22:01:53,Active,0.273,0.347,99,3
2024-12-01 22:01:53,Active,0.271,0.355,99,3
2024-12-01 22:01:53,Active,0.262,0.365,99,3
2024-12-01 22:01:53,Active,0.258,0.363,99,3
2024-12-01 22:01:53,Active,0.280,0.369,99,3
2024-12-01 22:01:54,Active,0.268,0.372,99,3
2024-12-01 22:01:54,Active,0.114,0.362,99,3
2024-12-01 22:01:54,Active,0.129,0.375,99,3
2024-12-01 22:01:54,SLEEPING !!!,0.202,0.357,99,3
2024-12-01 22:01:54,SLEEPING !!!,0.228,0.394,99,3
2024-12-01 22:01:54,SLEEPING !!!,0.221,0.371,99,3
2024-12-01 22:01:54,SLEEPING !!!,0.225,0.343,99,3
2024-12-01 22:01:54,Active,0.259,0.368,100,3
2024-12-01 22:01:54,Active,0.284,0.340,100,3
2024-12-01 22:01:54,Active,0.264,0.356,100,3
2024-12-01 22:01:55,Active,0.259,0.394,100,3
2024-12-01 22:01:55,Active,0.299,0.408,100,3
2024-12-01 22:01:55,Active,0.274,0.386,100,3
2024-12-01 22:01:55,Active,0.321,0.395,100,3
2024-12-01 22:01:55,Active,0.309,0.388,100,3
2024-12-01 22:01:55,Active,0.275,0.405,100,3
2024-12-01 22:01:55,Active,0.281,0.436,100,3
2024-12-01 22:01:55,Active,0.298,0.394,100,3
2024-12-01 22:01:55,Active,0.238,0.341,100,3
2024-12-01 22:01:56,Active,0.267,0.375,100,3
2024-12-01 22:01:56,Active,0.259,0.345,100,3
2024-12-01 22:01:56,Active,0.263,0.381,100,3
2024-12-01 22:01:56,Active,0.277,0.371,100,3
2024-12-01 22:01:56,Active,0.264,0.360,100,3
2024-12-01 22:01:56,Active,0.251,0.362,100,3
2024-12-01 22:01:56,Active,0.271,0.390,100,3
2024-12-01 22:01:56,Active,0.276,0.379,100,3
2024-12-01 22:01:56,Active,0.275,0.343,100,3
2024-12-01 22:01:56,Active,0.291,0.395,100,3
2024-12-01 22:01:56,Active,0.287,0.353,100,3
2024-12-01 22:01:57,Active,0.271,0.381,100,3
2024-12-01 22:01:57,Active,0.301,0.349,100,3
2024-12-01 22:01:57,Active,0.271,0.368,100,3
2024-12-01 22:01:57,Active,0.292,0.368,100,3
2024-12-01 22:01:57,Active,0.297,0.366,100,3
2024-12-01 22:01:57,Active,0.291,0.415,100,3
2024-12-01 22:01:57,Active,0.283,0.371,100,3
2024-12-01 22:01:57,Active,0.300,0.411,100,3
2024-12-01 22:01:57,Active,0.254,0.380,100,3
2024-12-01 22:01:57,Active,0.246,0.390,100,3
2024-12-01 22:01:58,Active,0.255,0.370,100,3
2024-12-01 22:01:58,Active,0.242,0.374,100,3
2024-12-01 22:01:58,Active,0.272,0.389,100,3
2024-12-01 22:01:58,Active,0.263,0.355,100,3
2024-12-01 22:01:58,Active,0.272,0.388,100,3
2024-12-01 22:01:58,Active,0.255,0.391,100,3
2024-12-01 22:01:58,Active,0.290,0.384,100,3
2024-12-01 22:01:58,Active,0.300,0.376,100,3
2024-12-01 22:01:58,Active,0.293,0.391,100,3
2024-12-01 22:01:58,Active,0.277,0.391,100,3
2024-12-01 22:01:59,Active,0.310,0.403,100,3
2024-12-01 22:01:59,Active,0.296,0.395,100,3
2024-12-01 22:01:59,Active,0.302,0.370,100,3
2024-12-01 22:01:59,Active,0.331,0.365,100,3
2024-12-01 22:01:59,Active,0.328,0.395,100,3
2024-12-01 22:01:59,Active,0.331,0.395,100,3
2024-12-01 22:01:59,Active,0.344,0.372,100,3
2024-12-01 22:01:59,Active,0.308,0.363,100,3
2024-12-01 22:01:59,Active,0.337,0.381,100,3
2024-12-01 22:01:59,Active,0.334,0.387,100,3
2024-12-01 22:02:00,Active,0.323,0.362,100,3
2024-12-01 22:02:00,Active,0.345,0.375,100,3
2024-12-01 22:02:00,Active,0.304,0.408,100,3
2024-12-01 22:02:00,Active,0.335,0.375,100,3
2024-12-01 22:02:00,Active,0.304,0.408,100,3
2024-12-01 22:02:00,Active,0.199,0.379,100,3
2024-12-01 22:02:00,Active,0.268,0.379,100,3
2024-12-01 22:02:00,Active,0.283,0.404,100,3
2024-12-01 22:02:00,Active,0.312,0.391,100,3
2024-12-01 22:02:00,Active,0.344,0.384,100,3
2024-12-01 22:02:01,Active,0.328,0.386,100,3
2024-12-01 22:02:01,Active,0.325,0.395,100,3
2024-12-01 22:02:01,Active,0.328,0.359,100,3
2024-12-01 22:02:01,Active,0.242,0.368,100,3
2024-12-01 22:02:01,Active,0.126,0.375,100,3
2024-12-01 22:02:01,SLEEPING !!!,0.169,0.389,100,3
2024-12-01 22:02:01,SLEEPING !!!,0.224,0.406,100,3
2024-12-01 22:02:01,SLEEPING !!!,0.233,0.376,100,3
2024-12-01 22:02:01,SLEEPING !!!,0.116,0.383,100,3
2024-12-01 22:02:01,SLEEPING !!!,0.205,0.377,100,3
2024-12-01 22:02:02,Active,0.259,0.422,101,3
2024-12-01 22:02:02,Active,0.262,0.398,101,3
2024-12-01 22:02:02,Active,0.280,0.368,101,3
2024-12-01 22:02:02,Active,0.276,0.366,101,3
2024-12-01 22:02:02,Active,0.285,0.384,101,3
2024-12-01 22:02:02,Active,0.294,0.387,101,3
2024-12-01 22:02:02,Active,0.280,0.395,101,3
2024-12-01 22:02:02,Active,0.293,0.382,101,3
2024-12-01 22:02:02,Active,0.309,0.350,101,3
2024-12-01 22:02:02,Active,0.314,0.364,101,3
2024-12-01 22:02:03,Active,0.316,0.355,101,3
2024-12-01 22:02:03,Active,0.299,0.364,101,3
2024-12-01 22:02:03,Active,0.284,0.366,101,3
2024-12-01 22:02:03,Active,0.306,0.371,101,3
2024-12-01 22:02:03,Active,0.309,0.373,101,3
2024-12-01 22:02:03,Active,0.305,0.348,101,3
2024-12-01 22:02:03,Active,0.283,0.362,101,3
2024-12-01 22:02:03,Active,0.136,0.352,101,3
2024-12-01 22:02:03,Active,0.136,0.341,101,3
2024-12-01 22:02:03,SLEEPING !!!,0.137,0.319,101,3
2024-12-01 22:02:04,SLEEPING !!!,0.155,0.330,101,3
2024-12-01 22:02:04,SLEEPING !!!,0.137,0.321,101,3
2024-12-01 22:02:04,SLEEPING !!!,0.143,0.303,101,3
2024-12-01 22:02:04,SLEEPING !!!,0.120,0.346,101,3
2024-12-01 22:02:04,SLEEPING !!!,0.139,0.345,101,3
2024-12-01 22:02:04,SLEEPING !!!,0.145,0.332,101,3
2024-12-01 22:02:04,SLEEPING !!!,0.141,0.301,101,3
2024-12-01 22:02:04,SLEEPING !!!,0.143,0.322,101,3
2024-12-01 22:02:04,SLEEPING !!!,0.130,0.325,101,3
2024-12-01 22:02:04,SLEEPING !!!,0.135,0.312,101,3
2024-12-01 22:02:05,SLEEPING !!!,0.147,0.325,101,3
2024-12-01 22:02:05,SLEEPING !!!,0.213,0.331,101,3
2024-12-01 22:02:05,Active,0.316,0.335,102,3
2024-12-01 22:02:05,Active,0.372,0.363,102,3
2024-12-01 22:02:05,Active,0.361,0.370,102,3
2024-12-01 22:02:05,Active,0.359,0.380,102,3
2024-12-01 22:02:05,Active,0.347,0.370,102,3
2024-12-01 22:02:05,Active,0.342,0.394,102,3
2024-12-01 22:02:05,Active,0.325,0.386,102,3
2024-12-01 22:02:06,Active,0.344,0.387,102,3
2024-12-01 22:02:06,Active,0.361,0.369,102,3
2024-12-01 22:02:06,Active,0.349,0.372,102,3
2024-12-01 22:02:06,Active,0.338,0.397,102,3
2024-12-01 22:02:06,Active,0.333,0.396,102,3
2024-12-01 22:02:06,Active,0.345,0.402,102,3
2024-12-01 22:02:06,Active,0.294,0.364,102,3
2024-12-01 22:02:06,Active,0.118,0.438,102,3
2024-12-01 22:02:06,Active,0.107,0.378,102,3
2024-12-01 22:02:06,SLEEPING !!!,0.207,0.365,102,3
2024-12-01 22:02:07,Active,0.267,0.409,103,3
2024-12-01 22:02:07,Active,0.259,0.385,103,3
2024-12-01 22:02:07,Active,0.272,0.370,103,3
2024-12-01 22:02:07,Active,0.275,0.364,103,3
2024-12-01 22:02:07,Active,0.263,0.398,103,3
2024-12-01 22:02:07,Active,0.263,0.377,103,3
2024-12-01 22:02:07,Active,0.250,0.347,103,3
2024-12-01 22:02:07,Active,0.255,0.355,103,3
2024-12-01 22:02:07,Active,0.273,0.378,103,3
2024-12-01 22:02:07,Active,0.272,0.376,103,3
2024-12-01 22:02:08,Active,0.263,0.377,103,3
2024-12-01 22:02:08,Active,0.263,0.387,103,3
2024-12-01 22:02:08,Active,0.288,0.374,103,3
2024-12-01 22:02:08,Active,0.272,0.364,103,3
2024-12-01 22:02:08,Active,0.271,0.366,103,3
2024-12-01 22:02:08,Active,0.246,0.350,103,3
2024-12-01 22:02:08,Active,0.279,0.391,103,3
2024-12-01 22:02:08,Active,0.277,0.372,103,3
2024-12-01 22:02:08,Active,0.280,0.352,103,3
2024-12-01 22:02:08,Active,0.302,0.364,103,3
2024-12-01 22:02:09,Active,0.280,0.368,103,3
2024-12-01 22:02:09,Active,0.271,0.374,103,3
2024-12-01 22:02:09,Active,0.271,0.375,103,3
2024-12-01 22:02:09,Active,0.292,0.384,103,3
2024-12-01 22:02:09,Active,0.271,0.391,103,3
2024-12-01 22:02:09,Active,0.166,0.355,103,3
2024-12-01 22:02:09,Active,0.159,0.383,103,3
2024-12-01 22:02:09,SLEEPING !!!,0.175,0.373,103,3
2024-12-01 22:02:09,SLEEPING !!!,0.228,0.374,103,3
2024-12-01 22:02:09,SLEEPING !!!,0.246,0.354,103,3
2024-12-01 22:02:10,Active,0.263,0.370,104,3
2024-12-01 22:02:10,Active,0.280,0.383,104,3
2024-12-01 22:02:10,Active,0.271,0.368,104,3
2024-12-01 22:02:10,Active,0.288,0.374,104,3
2024-12-01 22:02:10,Active,0.289,0.366,104,3
2024-12-01 22:02:10,Active,0.308,0.383,104,3
2024-12-01 22:02:10,Active,0.276,0.390,104,3
2024-12-01 22:02:10,Active,0.259,0.380,104,3
2024-12-01 22:02:10,Active,0.120,0.362,104,3
2024-12-01 22:02:10,Active,0.212,0.374,104,3
2024-12-01 22:02:11,Active,0.272,0.354,104,3
2024-12-01 22:02:11,Active,0.271,0.356,104,3
2024-12-01 22:02:11,Active,0.263,0.364,104,3
2024-12-01 22:02:11,Active,0.277,0.343,104,3
2024-12-01 22:02:11,Active,0.269,0.316,104,3
2024-12-01 22:02:11,Active,0.282,0.320,104,3
2024-12-01 22:02:11,Active,0.255,0.349,104,3
2024-12-01 22:02:11,Active,0.260,0.364,104,3
2024-12-01 22:02:11,Active,0.265,0.354,104,3
2024-12-01 22:02:11,Active,0.270,0.344,104,3
2024-12-01 22:02:12,Active,0.282,0.349,104,3
2024-12-01 22:02:12,Active,0.292,0.350,104,3
2024-12-01 22:02:12,Active,0.305,0.346,104,3
2024-12-01 22:02:12,Active,0.318,0.352,104,3
2024-12-01 22:02:12,Active,0.306,0.361,104,3
2024-12-01 22:02:12,Active,0.328,0.343,104,3
2024-12-01 22:02:12,Active,0.305,0.366,104,3
2024-12-01 22:02:12,Active,0.303,0.354,104,3
2024-12-01 22:02:12,Active,0.287,0.348,104,3
2024-12-01 22:02:12,Active,0.293,0.349,104,3
2024-12-01 22:02:13,Active,0.296,0.368,104,3
2024-12-01 22:02:13,Active,0.298,0.330,104,3
2024-12-01 22:02:13,Active,0.308,0.334,104,3
2024-12-01 22:02:13,Active,0.297,0.343,104,3
2024-12-01 22:02:13,Active,0.260,0.384,104,3
2024-12-01 22:02:13,Active,0.261,0.355,104,3
2024-12-01 22:02:13,Active,0.237,0.374,104,3
2024-12-01 22:02:13,Active,0.236,0.351,104,3
2024-12-01 22:02:13,SLEEPING !!!,0.207,0.372,104,3
2024-12-01 22:02:13,SLEEPING !!!,0.220,0.383,104,3
2024-12-01 22:02:14,SLEEPING !!!,0.155,0.296,104,3
2024-12-01 22:02:14,SLEEPING !!!,0.208,0.289,104,3
2024-12-01 22:02:14,SLEEPING !!!,0.155,0.390,104,3
2024-12-01 22:02:14,SLEEPING !!!,0.210,0.238,104,3
2024-12-01 22:02:14,SLEEPING !!!,0.200,0.296,104,3
2024-12-01 22:02:14,SLEEPING !!!,0.241,0.289,104,3
2024-12-01 22:02:14,Active,0.279,0.285,105,3
2024-12-01 22:02:14,Active,0.348,0.299,105,3
2024-12-01 22:02:14,Active,0.345,0.307,105,3
2024-12-01 22:02:14,Active,0.347,0.288,105,3
2024-12-01 22:02:15,Active,0.346,0.293,105,3
2024-12-01 22:02:15,Active,0.350,0.357,105,3
2024-12-01 22:02:15,Active,0.367,0.303,105,3
2024-12-01 22:02:15,Active,0.349,0.324,105,3
2024-12-01 22:02:15,Active,0.342,0.317,105,3
2024-12-01 22:02:15,Active,0.336,0.369,105,3
2024-12-01 22:02:15,Active,0.346,0.294,105,3
2024-12-01 22:02:15,Active,0.346,0.290,105,3
2024-12-01 22:02:15,Active,0.323,0.303,105,3
2024-12-01 22:02:15,Active,0.326,0.274,105,3
2024-12-01 22:02:16,Active,0.151,0.319,105,3
2024-12-01 22:02:16,Active,0.173,0.328,105,3
2024-12-01 22:02:16,SLEEPING !!!,0.176,0.297,105,3
2024-12-01 22:02:16,SLEEPING !!!,0.235,0.313,105,3
2024-12-01 22:02:16,Active,0.311,0.325,106,3
2024-12-01 22:02:16,Active,0.322,0.338,106,3
2024-12-01 22:02:16,Active,0.317,0.344,106,3
2024-12-01 22:02:16,Active,0.334,0.358,106,3
2024-12-01 22:02:16,Active,0.328,0.389,106,3
2024-12-01 22:02:16,Active,0.310,0.372,106,3
2024-12-01 22:02:17,Active,0.328,0.378,106,3
2024-12-01 22:02:17,Active,0.327,0.375,106,3
2024-12-01 22:02:17,Active,0.320,0.379,106,3
2024-12-01 22:02:17,Active,0.241,0.398,106,3
2024-12-01 22:02:17,Active,0.185,0.373,106,3
2024-12-01 22:02:17,Active,0.263,0.360,106,3
2024-12-01 22:02:17,Active,0.290,0.357,106,3
2024-12-01 22:02:17,Active,0.298,0.390,106,3
2024-12-01 22:02:17,Active,0.319,0.371,106,3
2024-12-01 22:02:17,Active,0.305,0.364,106,3
2024-12-01 22:02:18,Active,0.331,0.410,106,3
2024-12-01 22:02:18,Active,0.325,0.426,106,3
2024-12-01 22:02:18,Active,0.325,0.422,106,3
2024-12-01 22:02:18,Active,0.316,0.422,106,3
2024-12-01 22:02:18,Active,0.280,0.410,106,3
2024-12-01 22:02:18,Active,0.294,0.394,106,3
2024-12-01 22:02:18,Active,0.268,0.401,106,3
2024-12-01 22:02:18,Active,0.300,0.414,106,3
2024-12-01 22:02:18,Active,0.272,0.349,106,3
2024-12-01 22:02:18,Active,0.339,0.357,106,3
2024-12-01 22:02:19,Active,0.306,0.374,106,3
2024-12-01 22:02:19,Active,0.298,0.355,106,3
2024-12-01 22:02:19,Active,0.314,0.358,106,3
2024-12-01 22:02:19,Active,0.308,0.361,106,3
2024-12-01 22:02:19,Active,0.316,0.352,106,3
2024-12-01 22:02:19,Active,0.302,0.351,106,3
2024-12-01 22:02:19,Active,0.293,0.383,106,3
2024-12-01 22:02:19,Active,0.287,0.353,106,3
2024-12-01 22:02:19,Active,0.309,0.360,106,3
2024-12-01 22:02:19,Active,0.267,0.362,106,3
2024-12-01 22:02:20,Active,0.296,0.379,106,3
2024-12-01 22:02:20,Active,0.311,0.383,106,3
2024-12-01 22:02:20,Active,0.289,0.394,106,3
2024-12-01 22:02:20,Active,0.290,0.374,106,3
2024-12-01 22:02:20,Active,0.293,0.378,106,3
2024-12-01 22:02:20,Active,0.293,0.381,106,3
2024-12-01 22:02:20,Active,0.289,0.380,106,3
2024-12-01 22:02:20,Active,0.311,0.386,106,3
2024-12-01 22:02:20,Active,0.298,0.363,106,3
2024-12-01 22:02:20,Active,0.305,0.376,106,3
2024-12-01 22:02:21,Active,0.316,0.387,106,3
2024-12-01 22:02:21,Active,0.296,0.362,106,3
2024-12-01 22:02:21,Active,0.276,0.349,106,3
2024-12-01 22:02:21,Active,0.307,0.318,106,3
2024-12-01 22:02:21,Active,0.303,0.345,106,3
2024-12-01 22:02:21,Active,0.307,0.354,106,3
2024-12-01 22:02:21,Active,0.311,0.358,106,3
2024-12-01 22:02:21,Active,0.301,0.347,106,3
2024-12-01 22:02:21,Active,0.295,0.348,106,3
2024-12-01 22:02:21,Active,0.281,0.349,106,3
2024-12-01 22:02:22,Active,0.311,0.341,106,3
2024-12-01 22:02:22,Active,0.267,0.347,106,3
2024-12-01 22:02:22,Active,0.273,0.358,106,3
2024-12-01 22:02:22,Active,0.299,0.334,106,3
2024-12-01 22:02:22,Active,0.285,0.383,106,3
2024-12-01 22:02:22,Active,0.297,0.355,106,3
2024-12-01 22:02:22,Active,0.286,0.358,106,3
2024-12-01 22:02:22,Active,0.260,0.362,106,3
2024-12-01 22:02:22,Active,0.307,0.376,106,3
2024-12-01 22:02:22,Active,0.280,0.351,106,3
2024-12-01 22:02:23,Active,0.285,0.388,106,3
2024-12-01 22:02:23,Active,0.305,0.385,106,3
2024-12-01 22:02:23,Active,0.305,0.382,106,3
2024-12-01 22:02:23,Active,0.285,0.362,106,3
2024-12-01 22:02:23,Active,0.302,0.370,106,3
2024-12-01 22:02:23,Active,0.297,0.362,106,3
2024-12-01 22:02:23,Active,0.289,0.379,106,3
2024-12-01 22:02:23,Active,0.297,0.380,106,3
2024-12-01 22:02:23,Active,0.276,0.370,106,3
2024-12-01 22:02:23,Active,0.288,0.386,106,3
2024-12-01 22:02:24,Active,0.269,0.368,106,3
2024-12-01 22:02:24,Active,0.297,0.355,106,3
2024-12-01 22:02:24,Active,0.295,0.361,106,3
2024-12-01 22:02:24,Active,0.246,0.361,106,3
2024-12-01 22:02:24,Active,0.243,0.345,106,3
2024-12-01 22:02:24,SLEEPING !!!,0.246,0.340,106,3
2024-12-01 22:02:24,SLEEPING !!!,0.232,0.346,106,3
2024-12-01 22:02:24,SLEEPING !!!,0.236,0.358,106,3
2024-12-01 22:02:24,SLEEPING !!!,0.246,0.387,106,3
2024-12-01 22:02:24,Active,0.272,0.411,107,3
2024-12-01 22:02:25,Active,0.217,0.411,107,3
2024-12-01 22:02:25,Active,0.162,0.332,107,3
2024-12-01 22:02:25,SLEEPING !!!,0.152,0.337,107,3
2024-12-01 22:02:25,SLEEPING !!!,0.182,0.418,107,3
2024-12-01 22:02:25,SLEEPING !!!,0.236,0.342,107,3
2024-12-01 22:02:25,SLEEPING !!!,0.218,0.359,107,3
2024-12-01 22:02:25,SLEEPING !!!,0.215,0.334,107,3
2024-12-01 22:02:25,SLEEPING !!!,0.246,0.345,107,3
2024-12-01 22:02:25,Active,0.295,0.349,108,3
2024-12-01 22:02:25,Active,0.272,0.338,108,3
2024-12-01 22:02:26,Active,0.281,0.353,108,3
2024-12-01 22:02:26,Active,0.219,0.368,108,3
2024-12-01 22:02:26,Active,0.246,0.338,108,3
2024-12-01 22:02:26,SLEEPING !!!,0.242,0.345,108,3
2024-12-01 22:02:26,SLEEPING !!!,0.242,0.349,108,3
2024-12-01 22:02:26,Active,0.259,0.335,109,3
2024-12-01 22:02:26,Active,0.256,0.328,109,3
2024-12-01 22:02:26,Active,0.175,0.343,109,3
2024-12-01 22:02:26,Active,0.178,0.329,109,3
2024-12-01 22:02:26,SLEEPING !!!,0.224,0.317,109,3
2024-12-01 22:02:27,Active,0.272,0.325,110,3
2024-12-01 22:02:27,Active,0.223,0.352,110,3
2024-12-01 22:02:27,Active,0.160,0.313,110,3
2024-12-01 22:02:27,SLEEPING !!!,0.140,0.307,110,3
2024-12-01 22:02:27,SLEEPING !!!,0.161,0.309,110,3
2024-12-01 22:02:27,SLEEPING !!!,0.198,0.331,110,3
2024-12-01 22:02:27,SLEEPING !!!,0.233,0.324,110,3
2024-12-01 22:02:27,SLEEPING !!!,0.215,0.298,110,3
2024-12-01 22:02:27,SLEEPING !!!,0.241,0.313,110,3
2024-12-01 22:02:27,SLEEPING !!!,0.250,0.306,110,3
2024-12-01 22:02:28,Active,0.296,0.291,111,3
2024-12-01 22:02:28,Active,0.293,0.299,111,3
2024-12-01 22:02:28,Active,0.296,0.301,111,3
2024-12-01 22:02:28,Active,0.293,0.335,111,3
2024-12-01 22:02:28,Active,0.313,0.328,111,3
2024-12-01 22:02:28,Active,0.322,0.395,111,3
2024-12-01 22:02:28,Active,0.314,0.408,111,3
2024-12-01 22:02:28,Active,0.301,0.317,111,3
2024-12-01 22:02:28,Active,0.294,0.337,111,3
2024-12-01 22:02:28,Active,0.302,0.314,111,3
2024-12-01 22:02:29,Active,0.293,0.392,111,3
2024-12-01 22:02:29,Active,0.302,0.399,111,3
2024-12-01 22:02:29,Active,0.300,0.398,111,3
2024-12-01 22:02:29,Active,0.292,0.405,111,3
2024-12-01 22:02:29,Active,0.292,0.398,111,3
2024-12-01 22:02:29,Active,0.150,0.412,111,3
2024-12-01 22:02:29,Active,0.167,0.410,111,3
2024-12-01 22:02:29,SLEEPING !!!,0.210,0.398,111,3
2024-12-01 22:02:29,SLEEPING !!!,0.214,0.366,111,3
2024-12-01 22:02:29,SLEEPING !!!,0.246,0.380,111,3
2024-12-01 22:02:30,SLEEPING !!!,0.238,0.318,111,3
2024-12-01 22:02:30,Active,0.251,0.369,112,3
2024-12-01 22:02:30,Active,0.228,0.347,112,3
2024-12-01 22:02:30,Active,0.246,0.351,112,3
2024-12-01 22:02:30,SLEEPING !!!,0.233,0.359,112,3
2024-12-01 22:02:30,SLEEPING !!!,0.246,0.365,112,3
2024-12-01 22:02:30,SLEEPING !!!,0.243,0.373,112,3
2024-12-01 22:02:30,SLEEPING !!!,0.229,0.363,112,3
2024-12-01 22:02:30,SLEEPING !!!,0.246,0.349,112,3
2024-12-01 22:02:30,SLEEPING !!!,0.216,0.327,112,3
2024-12-01 22:02:31,Active,0.251,0.317,113,3
2024-12-01 22:02:31,Active,0.236,0.308,113,3
2024-12-01 22:02:31,Active,0.256,0.334,113,3
2024-12-01 22:02:31,Active,0.237,0.335,113,3
2024-12-01 22:02:31,Active,0.247,0.343,113,3
2024-12-01 22:02:31,SLEEPING !!!,0.233,0.344,113,3
2024-12-01 22:02:31,SLEEPING !!!,0.247,0.362,113,3
2024-12-01 22:02:31,SLEEPING !!!,0.237,0.353,113,3
2024-12-01 22:02:31,SLEEPING !!!,0.237,0.341,113,3
2024-12-01 22:02:31,SLEEPING !!!,0.237,0.350,113,3
2024-12-01 22:02:32,SLEEPING !!!,0.223,0.328,113,3
2024-12-01 22:02:32,SLEEPING !!!,0.215,0.360,113,3
2024-12-01 22:02:32,SLEEPING !!!,0.223,0.375,113,3
2024-12-01 22:02:32,Active,0.259,0.294,114,3
2024-12-01 22:02:32,Active,0.139,0.347,114,3
2024-12-01 22:02:32,Active,0.145,0.359,114,3
2024-12-01 22:02:32,SLEEPING !!!,0.161,0.321,114,3
2024-12-01 22:02:32,SLEEPING !!!,0.154,0.347,114,3
2024-12-01 22:02:32,SLEEPING !!!,0.156,0.350,114,3
2024-12-01 22:02:32,SLEEPING !!!,0.154,0.329,114,3
2024-12-01 22:02:33,SLEEPING !!!,0.191,0.341,114,3
2024-12-01 22:02:33,Active,0.272,0.325,115,3
2024-12-01 22:02:33,Active,0.276,0.336,115,3
2024-12-01 22:02:33,Active,0.318,0.349,115,3
2024-12-01 22:02:33,Active,0.293,0.351,115,3
2024-12-01 22:02:33,Active,0.267,0.349,115,3
2024-12-01 22:02:33,Active,0.267,0.352,115,3
2024-12-01 22:02:33,Active,0.271,0.345,115,3
2024-12-01 22:02:33,Active,0.247,0.359,115,3
2024-12-01 22:02:33,Active,0.178,0.367,115,3
2024-12-01 22:02:34,SLEEPING !!!,0.123,0.347,115,3
2024-12-01 22:02:34,SLEEPING !!!,0.206,0.374,115,3
2024-12-01 22:02:34,Active,0.267,0.349,116,3
2024-12-01 22:02:34,Active,0.246,0.333,116,3
2024-12-01 22:02:34,Active,0.278,0.346,116,3
2024-12-01 22:02:34,Active,0.272,0.352,116,3
2024-12-01 22:02:34,Active,0.290,0.352,116,3
2024-12-01 22:02:34,Active,0.281,0.354,116,3
2024-12-01 22:02:34,Active,0.276,0.365,116,3
2024-12-01 22:02:34,Active,0.299,0.354,116,3
2024-12-01 22:02:35,Active,0.255,0.352,116,3
2024-12-01 22:02:35,Active,0.149,0.369,116,3
2024-12-01 22:02:35,Active,0.242,0.359,116,3
2024-12-01 22:02:35,SLEEPING !!!,0.234,0.384,116,3
2024-12-01 22:02:35,Active,0.254,0.363,117,3
2024-12-01 22:02:35,Active,0.241,0.351,117,3
2024-12-01 22:02:35,Active,0.254,0.361,117,3
2024-12-01 22:02:35,Active,0.263,0.344,117,3
2024-12-01 22:02:35,Active,0.251,0.343,117,3
2024-12-01 22:02:35,Active,0.254,0.358,117,3
2024-12-01 22:02:36,Active,0.272,0.363,117,3
2024-12-01 22:02:36,Active,0.271,0.383,117,3
2024-12-01 22:02:36,Active,0.276,0.376,117,3
2024-12-01 22:02:36,Active,0.184,0.367,117,3
2024-12-01 22:02:36,Active,0.179,0.359,117,3
2024-12-01 22:02:36,Active,0.273,0.343,117,3
2024-12-01 22:02:36,Active,0.277,0.359,117,3
2024-12-01 22:02:36,Active,0.272,0.367,117,3
2024-12-01 22:02:36,Active,0.272,0.366,117,3
2024-12-01 22:02:36,Active,0.282,0.356,117,3
2024-12-01 22:02:37,Active,0.311,0.351,117,3
2024-12-01 22:02:37,Active,0.281,0.351,117,3
2024-12-01 22:02:37,Active,0.281,0.355,117,3
2024-12-01 22:02:37,Active,0.281,0.343,117,3
2024-12-01 22:02:37,Active,0.267,0.352,117,3
2024-12-01 22:02:37,Active,0.281,0.348,117,3
2024-12-01 22:02:37,Active,0.277,0.366,117,3
2024-12-01 22:02:37,Active,0.252,0.367,117,3
2024-12-01 22:02:37,Active,0.250,0.341,117,3
2024-12-01 22:02:37,Active,0.250,0.337,117,3
2024-12-01 22:02:38,Active,0.232,0.355,117,3
2024-12-01 22:02:38,Active,0.227,0.353,117,3
2024-12-01 22:02:38,SLEEPING !!!,0.237,0.363,117,3
2024-12-01 22:02:38,SLEEPING !!!,0.228,0.375,117,3
2024-12-01 22:02:38,SLEEPING !!!,0.246,0.360,117,3
2024-12-01 22:02:38,SLEEPING !!!,0.223,0.351,117,3
2024-12-01 22:02:38,Active,0.254,0.352,118,3
2024-12-01 22:02:38,Active,0.281,0.344,118,3
2024-12-01 22:02:38,Active,0.263,0.378,118,3
2024-12-01 22:02:38,Active,0.282,0.393,118,3
2024-12-01 22:02:39,Active,0.319,0.358,118,3
2024-12-01 22:02:39,Active,0.298,0.340,118,3
2024-12-01 22:02:39,Active,0.293,0.357,118,3
2024-12-01 22:02:39,Active,0.285,0.371,118,3
2024-12-01 22:02:39,Active,0.272,0.357,118,3
2024-12-01 22:02:39,Active,0.158,0.360,118,3
2024-12-01 22:02:39,Active,0.174,0.357,118,3
2024-12-01 22:02:39,SLEEPING !!!,0.223,0.343,118,3
2024-12-01 22:02:39,Active,0.251,0.355,119,3
2024-12-01 22:02:39,Active,0.259,0.373,119,3
2024-12-01 22:02:40,Active,0.268,0.359,119,3
2024-12-01 22:02:40,Active,0.255,0.367,119,3
2024-12-01 22:02:40,Active,0.259,0.374,119,3
2024-12-01 22:02:40,Active,0.251,0.340,119,3
2024-12-01 22:02:40,Active,0.255,0.371,119,3
2024-12-01 22:02:40,Active,0.250,0.369,119,3
2024-12-01 22:02:40,Active,0.272,0.375,119,3
2024-12-01 22:02:40,Active,0.264,0.379,119,3
2024-12-01 22:02:40,Active,0.260,0.377,119,3
2024-12-01 22:02:40,Active,0.268,0.354,119,3
2024-12-01 22:02:41,Active,0.241,0.364,119,3
2024-12-01 22:02:41,Active,0.246,0.373,119,3
2024-12-01 22:02:41,SLEEPING !!!,0.246,0.384,119,3
2024-12-01 22:02:41,SLEEPING !!!,0.246,0.363,119,3
2024-12-01 22:02:41,Active,0.255,0.362,120,3
2024-12-01 22:02:41,Active,0.160,0.347,120,3
2024-12-01 22:02:41,Active,0.177,0.335,120,3
2024-12-01 22:02:41,SLEEPING !!!,0.198,0.359,120,3
2024-12-01 22:02:41,Active,0.254,0.363,121,3
2024-12-01 22:02:41,Active,0.255,0.373,121,3
2024-12-01 22:02:42,Active,0.229,0.377,121,3
2024-12-01 22:02:42,Active,0.251,0.347,121,3
2024-12-01 22:02:42,Active,0.264,0.367,121,3
2024-12-01 22:02:42,Active,0.259,0.367,121,3
2024-12-01 22:02:42,Active,0.263,0.343,121,3
2024-12-01 22:02:42,Active,0.250,0.349,121,3
2024-12-01 22:02:42,Active,0.164,0.351,121,3
2024-12-01 22:02:42,SLEEPING !!!,0.193,0.377,121,3
2024-12-01 22:02:42,SLEEPING !!!,0.150,0.343,121,3
2024-12-01 22:02:42,SLEEPING !!!,0.181,0.360,121,3
2024-12-01 22:02:43,SLEEPING !!!,0.229,0.393,121,3
2024-12-01 22:02:43,Active,0.259,0.375,122,3
2024-12-01 22:02:43,Active,0.272,0.362,122,3
2024-12-01 22:02:43,Active,0.280,0.368,122,3
2024-12-01 22:02:43,Active,0.276,0.354,122,3
2024-12-01 22:02:43,Active,0.263,0.353,122,3
2024-12-01 22:02:43,Active,0.285,0.367,122,3
2024-12-01 22:02:43,Active,0.281,0.375,122,3
2024-12-01 22:02:43,Active,0.281,0.388,122,3
2024-12-01 22:02:43,Active,0.281,0.371,122,3
2024-12-01 22:02:44,Active,0.281,0.386,122,3
2024-12-01 22:02:44,Active,0.280,0.373,122,3
2024-12-01 22:02:44,Active,0.280,0.377,122,3
2024-12-01 22:02:44,Active,0.277,0.378,122,3
2024-12-01 22:02:44,Active,0.281,0.379,122,3
2024-12-01 22:02:44,Active,0.276,0.359,122,3
2024-12-01 22:02:44,Active,0.268,0.372,122,3
2024-12-01 22:02:44,Active,0.222,0.367,122,3
2024-12-01 22:02:44,Active,0.144,0.400,122,3
2024-12-01 22:02:44,SLEEPING !!!,0.192,0.385,122,3
2024-12-01 22:02:45,SLEEPING !!!,0.214,0.359,122,3
2024-12-01 22:02:45,SLEEPING !!!,0.205,0.371,122,3
2024-12-01 22:02:45,SLEEPING !!!,0.232,0.355,122,3
2024-12-01 22:02:45,SLEEPING !!!,0.233,0.358,122,3
2024-12-01 22:02:45,SLEEPING !!!,0.246,0.373,122,3
2024-12-01 22:02:45,SLEEPING !!!,0.176,0.384,122,3
2024-12-01 22:02:45,SLEEPING !!!,0.112,0.394,122,3
2024-12-01 22:02:45,SLEEPING !!!,0.186,0.377,122,3
2024-12-01 22:02:45,SLEEPING !!!,0.193,0.392,122,3
2024-12-01 22:02:45,SLEEPING !!!,0.188,0.390,122,3
2024-12-01 22:02:46,SLEEPING !!!,0.218,0.396,122,3
2024-12-01 22:02:46,SLEEPING !!!,0.153,0.340,122,3
2024-12-01 22:02:46,SLEEPING !!!,0.143,0.368,122,3
2024-12-01 22:02:46,SLEEPING !!!,0.182,0.353,122,3
2024-12-01 22:02:46,SLEEPING !!!,0.182,0.379,122,3
2024-12-01 22:02:46,SLEEPING !!!,0.115,0.361,122,3
2024-12-01 22:02:46,SLEEPING !!!,0.201,0.363,122,3
2024-12-01 22:02:46,SLEEPING !!!,0.153,0.378,122,3
2024-12-01 22:02:46,SLEEPING !!!,0.143,0.388,122,3
2024-12-01 22:02:46,SLEEPING !!!,0.179,0.367,122,3
2024-12-01 22:02:47,SLEEPING !!!,0.198,0.351,122,3
2024-12-01 22:02:47,SLEEPING !!!,0.183,0.363,122,3
2024-12-01 22:02:47,SLEEPING !!!,0.198,0.367,122,3
2024-12-01 22:02:47,SLEEPING !!!,0.200,0.374,122,3
2024-12-01 22:02:47,SLEEPING !!!,0.209,0.369,122,3
2024-12-01 22:02:47,Active,0.281,0.373,123,3
2024-12-01 22:02:47,Active,0.293,0.365,123,3
2024-12-01 22:02:47,Active,0.300,0.386,123,3
2024-12-01 22:02:47,Active,0.272,0.387,123,3
2024-12-01 22:02:47,Active,0.281,0.355,123,3
2024-12-01 22:02:48,Active,0.255,0.389,123,3
2024-12-01 22:02:48,Active,0.273,0.358,123,3
2024-12-01 22:02:48,Active,0.301,0.362,123,3
2024-12-01 22:02:48,Active,0.281,0.343,123,3
2024-12-01 22:02:48,Active,0.277,0.391,123,3
2024-12-01 22:02:48,Active,0.277,0.381,123,3
2024-12-01 22:02:48,Active,0.264,0.394,123,3
2024-12-01 22:02:48,Active,0.237,0.379,123,3
2024-12-01 22:02:48,Active,0.251,0.388,123,3
2024-12-01 22:02:48,Active,0.272,0.392,123,3
2024-12-01 22:02:49,Active,0.254,0.390,123,3
2024-12-01 22:02:49,Active,0.273,0.353,123,3
2024-12-01 22:02:49,Active,0.276,0.409,123,3
2024-12-01 22:02:49,Active,0.302,0.413,123,3
2024-12-01 22:02:49,Active,0.325,0.399,123,3
2024-12-01 22:02:49,Active,0.324,0.382,123,3
2024-12-01 22:02:49,Active,0.144,0.416,123,3
2024-12-01 22:02:50,Active,0.138,0.376,123,3
2024-12-01 22:02:50,SLEEPING !!!,0.225,0.364,123,3
2024-12-01 22:02:50,Active,0.284,0.338,124,3
2024-12-01 22:02:50,Active,0.292,0.368,124,3
2024-12-01 22:02:50,Active,0.251,0.374,124,3
2024-12-01 22:02:50,Active,0.292,0.357,124,3
2024-12-01 22:02:50,Active,0.269,0.377,124,3
2024-12-01 22:02:50,Active,0.282,0.374,124,3
2024-12-01 22:02:50,Active,0.269,0.371,124,3
2024-12-01 22:02:50,Active,0.273,0.361,124,3
2024-12-01 22:02:50,Active,0.273,0.367,124,3
2024-12-01 22:02:50,Active,0.259,0.329,124,3
2024-12-01 22:02:50,Active,0.129,0.345,124,3
2024-12-01 22:02:51,Active,0.144,0.359,124,3
2024-12-01 22:02:51,SLEEPING !!!,0.129,0.353,124,3
2024-12-01 22:02:51,SLEEPING !!!,0.138,0.329,124,3
2024-12-01 22:02:51,SLEEPING !!!,0.174,0.340,124,3
