Timestamp,Status,Eye_Aspect_Ratio,Mouth_Aspect_Ratio,Blink_Count,Yawn_Count
2024-11-28 00:10:38,Active,0.242,0.393,0,0
2024-11-28 00:10:38,Active,0.271,0.362,0,0
2024-11-28 00:10:38,Active,0.291,0.370,0,0
2024-11-28 00:10:38,Active,0.283,0.339,0,0
2024-11-28 00:10:38,Active,0.293,0.367,0,0
2024-11-28 00:10:38,Active,0.307,0.348,0,0
2024-11-28 00:10:38,Active,0.319,0.384,0,0
2024-11-28 00:10:39,Active,0.295,0.396,0,0
2024-11-28 00:10:39,Active,0.291,0.405,0,0
2024-11-28 00:10:39,Active,0.311,0.383,0,0
2024-11-28 00:10:39,Active,0.301,0.461,0,0
2024-11-28 00:10:39,Active,0.306,0.458,0,0
2024-11-28 00:10:39,Active,0.277,0.428,0,0
2024-11-28 00:10:39,Active,0.247,0.396,0,0
2024-11-28 00:10:39,Active,0.279,0.391,0,0
2024-11-28 00:10:39,Active,0.295,0.384,0,0
2024-11-28 00:10:39,Active,0.275,0.354,0,0
2024-11-28 00:10:40,Active,0.292,0.408,0,0
2024-11-28 00:10:40,Active,0.315,0.407,0,0
2024-11-28 00:10:40,Active,0.291,0.447,0,0
2024-11-28 00:10:40,Active,0.281,0.487,0,0
2024-11-28 00:10:40,Active,0.295,0.536,0,0
2024-11-28 00:10:40,Active,0.281,0.510,0,0
2024-11-28 00:10:40,Active,0.275,0.453,0,0
2024-11-28 00:10:40,Active,0.277,0.428,0,0
2024-11-28 00:10:40,Active,0.282,0.433,0,0
2024-11-28 00:10:40,Active,0.254,0.434,0,0
2024-11-28 00:10:41,Active,0.274,0.409,0,0
2024-11-28 00:10:41,Active,0.275,0.390,0,0
2024-11-28 00:10:41,Active,0.274,0.375,0,0
2024-11-28 00:10:41,Active,0.295,0.382,0,0
2024-11-28 00:10:41,Active,0.295,0.369,0,0
2024-11-28 00:10:41,Active,0.298,0.381,0,0
2024-11-28 00:10:41,Active,0.323,0.365,0,0
2024-11-28 00:10:41,Active,0.312,0.383,0,0
2024-11-28 00:10:41,Active,0.318,0.370,0,0
2024-11-28 00:10:41,Active,0.315,0.364,0,0
2024-11-28 00:10:42,Active,0.104,0.372,0,0
2024-11-28 00:10:42,Active,0.084,0.345,0,0
2024-11-28 00:10:42,SLEEPING !!!,0.097,0.368,0,0
2024-11-28 00:10:42,SLEEPING !!!,0.111,0.362,0,0
2024-11-28 00:10:42,SLEEPING !!!,0.243,0.351,0,0
2024-11-28 00:10:42,Active,0.288,0.364,1,0
2024-11-28 00:10:42,Active,0.307,0.360,1,0
2024-11-28 00:10:42,Active,0.313,0.363,1,0
2024-11-28 00:10:42,Active,0.320,0.344,1,0
2024-11-28 00:10:42,Active,0.332,0.364,1,0
2024-11-28 00:10:43,Active,0.319,0.372,1,0
2024-11-28 00:10:43,Active,0.302,0.375,1,0
2024-11-28 00:10:43,Active,0.288,0.377,1,0
2024-11-28 00:10:43,Active,0.302,0.379,1,0
2024-11-28 00:10:43,Active,0.278,0.408,1,0
2024-11-28 00:10:43,Active,0.137,0.394,1,0
2024-11-28 00:10:43,Active,0.170,0.420,1,0
2024-11-28 00:10:43,SLEEPING !!!,0.192,0.406,1,0
2024-11-28 00:10:43,SLEEPING !!!,0.239,0.406,1,0
2024-11-28 00:10:43,SLEEPING !!!,0.247,0.412,1,0
2024-11-28 00:10:44,SLEEPING !!!,0.243,0.410,1,0
2024-11-28 00:10:44,SLEEPING !!!,0.233,0.428,1,0
2024-11-28 00:10:44,SLEEPING !!!,0.247,0.425,1,0
2024-11-28 00:10:44,Active,0.265,0.423,2,0
2024-11-28 00:10:44,Active,0.268,0.397,2,0
2024-11-28 00:10:44,Active,0.257,0.412,2,0
2024-11-28 00:10:44,Active,0.290,0.381,2,0
2024-11-28 00:10:44,Active,0.289,0.418,2,0
2024-11-28 00:10:44,Active,0.272,0.406,2,0
2024-11-28 00:10:44,Active,0.243,0.433,2,0
2024-11-28 00:10:45,Active,0.196,0.439,2,0
2024-11-28 00:10:45,SLEEPING !!!,0.213,0.425,2,0
2024-11-28 00:10:45,SLEEPING !!!,0.192,0.429,2,0
2024-11-28 00:10:45,SLEEPING !!!,0.174,0.441,2,0
2024-11-28 00:10:45,SLEEPING !!!,0.169,0.430,2,1
2024-11-28 00:10:45,SLEEPING !!!,0.170,0.453,2,1
2024-11-28 00:10:45,SLEEPING !!!,0.190,0.444,2,1
2024-11-28 00:10:45,SLEEPING !!!,0.175,0.439,2,1
2024-11-28 00:10:45,SLEEPING !!!,0.144,0.418,2,1
2024-11-28 00:10:45,SLEEPING !!!,0.190,0.438,2,1
2024-11-28 00:10:46,SLEEPING !!!,0.224,0.467,2,1
2024-11-28 00:10:46,SLEEPING !!!,0.247,0.462,2,1
2024-11-28 00:10:46,Mild Yawn,0.273,0.363,3,1
2024-11-28 00:10:46,Mild Yawn,0.258,0.347,3,1
2024-11-28 00:10:46,Mild Yawn,0.272,0.404,3,1
2024-11-28 00:10:46,Mild Yawn,0.262,0.431,3,1
2024-11-28 00:10:46,Mild Yawn,0.273,0.317,3,1
2024-11-28 00:10:46,Mild Yawn,0.236,0.467,3,1
2024-11-28 00:10:46,Mild Yawn,0.251,0.537,3,1
2024-11-28 00:10:46,Mild Yawn,0.251,0.461,3,1
2024-11-28 00:10:47,Mild Yawn,0.243,0.475,3,1
2024-11-28 00:10:47,Mild Yawn,0.232,0.504,3,1
2024-11-28 00:10:47,SLEEPING !!!,0.199,0.488,3,1
2024-11-28 00:10:47,SLEEPING !!!,0.203,0.507,3,1
2024-11-28 00:10:47,SLEEPING !!!,0.217,0.523,3,1
2024-11-28 00:10:47,SLEEPING !!!,0.247,0.518,3,1
2024-11-28 00:10:47,Mild Yawn,0.265,0.588,4,1
2024-11-28 00:10:47,Moderate Yawn !,0.206,0.649,4,1
2024-11-28 00:10:47,Moderate Yawn !,0.129,0.636,4,1
2024-11-28 00:10:47,SLEEPING !!!,0.209,0.670,4,1
2024-11-28 00:10:48,SLEEPING !!!,0.233,0.648,4,1
2024-11-28 00:10:48,SLEEPING !!!,0.247,0.617,4,1
2024-11-28 00:10:48,Moderate Yawn !,0.263,0.627,5,1
2024-11-28 00:10:48,Moderate Yawn !,0.233,0.664,5,1
2024-11-28 00:10:48,Moderate Yawn !,0.251,0.643,5,1
2024-11-28 00:10:48,Moderate Yawn !,0.250,0.730,5,1
2024-11-28 00:10:48,Moderate Yawn !,0.292,0.735,5,1
2024-11-28 00:10:48,Moderate Yawn !,0.272,0.711,5,1
2024-11-28 00:10:48,Moderate Yawn !,0.273,0.656,5,1
2024-11-28 00:10:48,Moderate Yawn !,0.258,0.610,5,1
2024-11-28 00:10:49,Mild Yawn,0.247,0.534,5,1
2024-11-28 00:10:49,Mild Yawn,0.269,0.463,5,1
2024-11-28 00:10:49,Mild Yawn,0.270,0.394,5,1
2024-11-28 00:10:49,Mild Yawn,0.258,0.386,5,1
2024-11-28 00:10:49,Mild Yawn,0.219,0.353,5,1
2024-11-28 00:10:49,Mild Yawn,0.085,0.371,5,1
2024-11-28 00:10:49,SLEEPING !!!,0.106,0.358,5,1
2024-11-28 00:10:49,SLEEPING !!!,0.111,0.364,5,1
2024-11-28 00:10:49,SLEEPING !!!,0.096,0.365,5,1
2024-11-28 00:10:49,SLEEPING !!!,0.206,0.352,5,1
2024-11-28 00:10:50,SLEEPING !!!,0.240,0.365,5,1
2024-11-28 00:10:50,Mild Yawn,0.255,0.350,6,1
2024-11-28 00:10:50,Mild Yawn,0.272,0.358,6,1
2024-11-28 00:10:50,Mild Yawn,0.259,0.364,6,1
2024-11-28 00:10:50,Mild Yawn,0.272,0.382,6,1
2024-11-28 00:10:50,Mild Yawn,0.286,0.378,6,1
2024-11-28 00:10:50,Mild Yawn,0.190,0.373,6,1
2024-11-28 00:10:50,Mild Yawn,0.108,0.365,6,1
2024-11-28 00:10:50,SLEEPING !!!,0.174,0.372,6,1
2024-11-28 00:10:50,SLEEPING !!!,0.243,0.465,6,1
2024-11-28 00:10:51,Mild Yawn,0.258,0.569,7,1
2024-11-28 00:10:51,Moderate Yawn !,0.276,0.627,7,1
2024-11-28 00:10:51,Moderate Yawn !,0.270,0.666,7,1
2024-11-28 00:10:51,Moderate Yawn !,0.248,0.687,7,1
2024-11-28 00:10:51,Moderate Yawn !,0.263,0.659,7,1
2024-11-28 00:10:51,Moderate Yawn !,0.280,0.657,7,1
2024-11-28 00:10:51,Moderate Yawn !,0.262,0.661,7,1
2024-11-28 00:10:51,Moderate Yawn !,0.251,0.649,7,1
2024-11-28 00:10:51,Moderate Yawn !,0.248,0.627,7,1
2024-11-28 00:10:51,Moderate Yawn !,0.260,0.688,7,1
2024-11-28 00:10:52,Moderate Yawn !,0.260,0.614,7,1
2024-11-28 00:10:52,Mild Yawn,0.240,0.427,7,1
2024-11-28 00:10:52,Mild Yawn,0.225,0.356,7,1
2024-11-28 00:10:52,SLEEPING !!!,0.237,0.357,7,1
2024-11-28 00:10:52,SLEEPING !!!,0.233,0.356,7,1
2024-11-28 00:10:52,SLEEPING !!!,0.203,0.332,7,1
2024-11-28 00:10:52,SLEEPING !!!,0.210,0.330,7,1
2024-11-28 00:10:52,SLEEPING !!!,0.243,0.347,7,1
2024-11-28 00:10:52,Mild Yawn,0.262,0.347,8,1
2024-11-28 00:10:52,Mild Yawn,0.283,0.341,8,1
2024-11-28 00:10:53,Mild Yawn,0.251,0.359,8,1
2024-11-28 00:10:53,Mild Yawn,0.261,0.357,8,1
2024-11-28 00:10:53,Mild Yawn,0.251,0.334,8,1
2024-11-28 00:10:53,Mild Yawn,0.229,0.347,8,1
2024-11-28 00:10:53,Mild Yawn,0.100,0.367,8,1
2024-11-28 00:10:53,SLEEPING !!!,0.141,0.385,8,1
2024-11-28 00:10:53,SLEEPING !!!,0.220,0.381,8,1
2024-11-28 00:10:53,SLEEPING !!!,0.247,0.385,8,1
2024-11-28 00:10:53,Mild Yawn,0.254,0.399,9,1
2024-11-28 00:10:53,Mild Yawn,0.233,0.335,9,1
2024-11-28 00:10:54,Mild Yawn,0.205,0.329,9,1
2024-11-28 00:10:54,SLEEPING !!!,0.213,0.341,9,1
2024-11-28 00:10:54,SLEEPING !!!,0.232,0.307,9,1
2024-11-28 00:10:54,SLEEPING !!!,0.230,0.323,9,1
2024-11-28 00:10:54,SLEEPING !!!,0.214,0.333,9,1
2024-11-28 00:10:54,SLEEPING !!!,0.212,0.330,9,1
2024-11-28 00:10:54,SLEEPING !!!,0.206,0.309,9,1
2024-11-28 00:10:54,SLEEPING !!!,0.214,0.309,9,1
2024-11-28 00:10:54,SLEEPING !!!,0.244,0.330,9,1
2024-11-28 00:10:54,SLEEPING !!!,0.232,0.331,9,1
2024-11-28 00:10:55,SLEEPING !!!,0.244,0.302,9,1
2024-11-28 00:10:55,SLEEPING !!!,0.210,0.327,9,1
2024-11-28 00:10:55,SLEEPING !!!,0.224,0.339,9,1
2024-11-28 00:10:55,Mild Yawn,0.251,0.339,10,1
2024-11-28 00:10:55,Mild Yawn,0.236,0.330,10,1
2024-11-28 00:10:55,Mild Yawn,0.196,0.340,10,1
2024-11-28 00:10:55,Mild Yawn,0.254,0.347,10,1
2024-11-28 00:10:55,Mild Yawn,0.261,0.357,10,1
2024-11-28 00:10:55,Mild Yawn,0.262,0.363,10,1
2024-11-28 00:10:55,Mild Yawn,0.277,0.412,10,1
2024-11-28 00:10:56,Mild Yawn,0.291,0.404,10,1
2024-11-28 00:10:56,Mild Yawn,0.272,0.415,10,1
2024-11-28 00:10:56,Mild Yawn,0.268,0.427,10,1
2024-11-28 00:10:56,Mild Yawn,0.284,0.546,10,1
2024-11-28 00:10:56,Mild Yawn,0.273,0.560,10,1
2024-11-28 00:10:56,Mild Yawn,0.290,0.432,10,1
2024-11-28 00:10:56,Mild Yawn,0.276,0.416,10,1
2024-11-28 00:10:56,Mild Yawn,0.286,0.457,10,1
2024-11-28 00:10:56,Mild Yawn,0.279,0.510,10,1
2024-11-28 00:10:56,Mild Yawn,0.127,0.394,10,1
2024-11-28 00:10:57,Mild Yawn,0.131,0.535,10,1
2024-11-28 00:10:57,SLEEPING !!!,0.216,0.624,10,1
2024-11-28 00:10:57,SLEEPING !!!,0.236,0.453,10,1
2024-11-28 00:10:57,SLEEPING !!!,0.248,0.460,10,1
2024-11-28 00:10:57,Moderate Yawn !,0.255,0.614,11,1
2024-11-28 00:10:57,Mild Yawn,0.258,0.410,11,1
2024-11-28 00:10:57,Mild Yawn,0.251,0.456,11,1
2024-11-28 00:10:57,Mild Yawn,0.251,0.586,11,1
2024-11-28 00:10:57,Mild Yawn,0.243,0.395,11,1
2024-11-28 00:10:57,Mild Yawn,0.258,0.456,11,1
2024-11-28 00:10:58,Moderate Yawn !,0.284,0.622,11,1
2024-11-28 00:10:58,Mild Yawn,0.265,0.418,11,1
2024-11-28 00:10:58,Mild Yawn,0.254,0.459,11,1
2024-11-28 00:10:58,Mild Yawn,0.247,0.589,11,1
2024-11-28 00:10:58,Mild Yawn,0.222,0.526,11,1
2024-11-28 00:10:58,Mild Yawn,0.262,0.402,11,1
2024-11-28 00:10:58,Mild Yawn,0.262,0.558,11,1
2024-11-28 00:10:58,Mild Yawn,0.258,0.567,11,1
2024-11-28 00:10:58,Mild Yawn,0.262,0.333,11,1
2024-11-28 00:10:58,Mild Yawn,0.261,0.442,11,1
2024-11-28 00:10:59,Mild Yawn,0.258,0.569,11,1
2024-11-28 00:10:59,Mild Yawn,0.268,0.355,11,1
2024-11-28 00:10:59,Mild Yawn,0.265,0.550,11,1
2024-11-28 00:10:59,Mild Yawn,0.244,0.574,11,1
2024-11-28 00:10:59,Mild Yawn,0.286,0.397,11,1
2024-11-28 00:10:59,Mild Yawn,0.273,0.407,11,1
2024-11-28 00:10:59,Moderate Yawn !,0.273,0.619,11,1
2024-11-28 00:10:59,Mild Yawn,0.259,0.557,11,1
2024-11-28 00:10:59,Mild Yawn,0.257,0.363,11,1
2024-11-28 00:10:59,Mild Yawn,0.261,0.406,11,1
2024-11-28 00:11:00,Moderate Yawn !,0.292,0.612,11,1
2024-11-28 00:11:00,Mild Yawn,0.268,0.507,11,1
2024-11-28 00:11:00,Mild Yawn,0.282,0.352,11,1
2024-11-28 00:11:00,Mild Yawn,0.273,0.518,11,1
2024-11-28 00:11:00,Mild Yawn,0.284,0.591,11,1
2024-11-28 00:11:00,Mild Yawn,0.287,0.431,11,1
2024-11-28 00:11:00,Mild Yawn,0.143,0.369,11,1
2024-11-28 00:11:00,Mild Yawn,0.164,0.525,11,1
2024-11-28 00:11:00,SLEEPING !!!,0.247,0.527,11,1
2024-11-28 00:11:00,Moderate Yawn !,0.251,0.603,12,1
2024-11-28 00:11:01,Mild Yawn,0.255,0.571,12,1
2024-11-28 00:11:01,Mild Yawn,0.290,0.550,12,1
2024-11-28 00:11:01,Mild Yawn,0.346,0.574,12,1
2024-11-28 00:11:01,Moderate Yawn !,0.364,0.617,12,1
2024-11-28 00:11:01,Moderate Yawn !,0.377,0.625,12,1
2024-11-28 00:11:01,Moderate Yawn !,0.352,0.720,12,1
2024-11-28 00:11:01,Moderate Yawn !,0.367,0.648,12,1
2024-11-28 00:11:01,Mild Yawn,0.338,0.477,12,1
2024-11-28 00:11:01,Mild Yawn,0.292,0.372,12,1
2024-11-28 00:11:01,Mild Yawn,0.322,0.384,12,1
2024-11-28 00:11:02,Mild Yawn,0.208,0.383,12,1
2024-11-28 00:11:02,Mild Yawn,0.085,0.366,12,1
2024-11-28 00:11:02,SLEEPING !!!,0.086,0.381,12,1
2024-11-28 00:11:02,SLEEPING !!!,0.113,0.385,12,1
2024-11-28 00:11:02,Mild Yawn,0.269,0.365,13,1
2024-11-28 00:11:02,Mild Yawn,0.286,0.360,13,1
2024-11-28 00:11:02,Mild Yawn,0.308,0.378,13,1
2024-11-28 00:11:02,Mild Yawn,0.303,0.362,13,1
2024-11-28 00:11:02,Mild Yawn,0.327,0.389,13,1
2024-11-28 00:11:02,Mild Yawn,0.086,0.402,13,1
2024-11-28 00:11:03,Mild Yawn,0.098,0.388,13,1
2024-11-28 00:11:03,SLEEPING !!!,0.091,0.430,13,1
2024-11-28 00:11:03,Mild Yawn,0.319,0.403,14,1
2024-11-28 00:11:03,Mild Yawn,0.348,0.535,14,1
2024-11-28 00:11:03,Mild Yawn,0.339,0.556,14,1
2024-11-28 00:11:03,Mild Yawn,0.329,0.589,14,1
2024-11-28 00:11:03,Mild Yawn,0.332,0.595,14,1
2024-11-28 00:11:03,Moderate Yawn !,0.341,0.649,14,1
2024-11-28 00:11:03,Moderate Yawn !,0.346,0.664,14,1
2024-11-28 00:11:03,Moderate Yawn !,0.340,0.681,14,1
2024-11-28 00:11:04,Moderate Yawn !,0.319,0.698,14,1
2024-11-28 00:11:04,Moderate Yawn !,0.316,0.692,14,1
2024-11-28 00:11:04,Moderate Yawn !,0.327,0.676,14,1
2024-11-28 00:11:04,Moderate Yawn !,0.319,0.708,14,1
2024-11-28 00:11:04,Moderate Yawn !,0.332,0.730,14,1
2024-11-28 00:11:04,Moderate Yawn !,0.326,0.731,14,1
2024-11-28 00:11:04,Moderate Yawn !,0.293,0.700,14,1
2024-11-28 00:11:04,Moderate Yawn !,0.315,0.700,14,1
2024-11-28 00:11:04,Moderate Yawn !,0.314,0.740,14,1
2024-11-28 00:11:04,Moderate Yawn !,0.315,0.755,14,1
2024-11-28 00:11:05,Moderate Yawn !,0.320,0.711,14,1
2024-11-28 00:11:05,Moderate Yawn !,0.265,0.735,14,1
2024-11-28 00:11:05,Moderate Yawn !,0.102,0.747,14,1
2024-11-28 00:11:05,Moderate Yawn !,0.185,0.694,14,1
2024-11-28 00:11:05,SLEEPING !!!,0.221,0.686,14,1
2024-11-28 00:11:05,SLEEPING !!!,0.239,0.745,14,1
2024-11-28 00:11:05,Moderate Yawn !,0.258,0.724,15,1
2024-11-28 00:11:05,Moderate Yawn !,0.287,0.710,15,1
2024-11-28 00:11:05,Mild Yawn,0.272,0.581,15,1
2024-11-28 00:11:05,Mild Yawn,0.286,0.424,15,1
2024-11-28 00:11:06,Mild Yawn,0.286,0.347,15,1
2024-11-28 00:11:06,Mild Yawn,0.276,0.356,15,1
2024-11-28 00:11:06,Mild Yawn,0.293,0.341,15,1
2024-11-28 00:11:06,Mild Yawn,0.290,0.353,15,1
2024-11-28 00:11:06,Mild Yawn,0.265,0.350,15,1
2024-11-28 00:11:06,Mild Yawn,0.212,0.332,15,1
2024-11-28 00:11:06,Mild Yawn,0.086,0.332,15,1
2024-11-28 00:11:06,SLEEPING !!!,0.100,0.341,15,1
2024-11-28 00:11:06,SLEEPING !!!,0.080,0.342,15,1
2024-11-28 00:11:06,SLEEPING !!!,0.112,0.373,15,1
2024-11-28 00:11:07,SLEEPING !!!,0.211,0.381,15,1
2024-11-28 00:11:07,SLEEPING !!!,0.240,0.373,15,1
2024-11-28 00:11:07,Mild Yawn,0.268,0.358,16,1
2024-11-28 00:11:07,Mild Yawn,0.272,0.351,16,1
2024-11-28 00:11:07,Mild Yawn,0.269,0.356,16,1
2024-11-28 00:11:07,Mild Yawn,0.315,0.510,16,1
2024-11-28 00:11:07,Mild Yawn,0.265,0.470,16,1
2024-11-28 00:11:07,Mild Yawn,0.110,0.524,16,1
2024-11-28 00:11:07,Mild Yawn,0.155,0.502,16,1
2024-11-28 00:11:07,SLEEPING !!!,0.210,0.504,16,1
2024-11-28 00:11:08,SLEEPING !!!,0.180,0.493,16,1
2024-11-28 00:11:08,SLEEPING !!!,0.215,0.467,16,1
2024-11-28 00:11:08,SLEEPING !!!,0.226,0.409,16,1
2024-11-28 00:11:08,SLEEPING !!!,0.229,0.400,16,1
2024-11-28 00:11:08,SLEEPING !!!,0.233,0.394,16,1
2024-11-28 00:11:08,SLEEPING !!!,0.236,0.405,16,1
2024-11-28 00:11:08,SLEEPING !!!,0.225,0.398,16,1
2024-11-28 00:11:08,SLEEPING !!!,0.217,0.401,16,1
2024-11-28 00:11:08,SLEEPING !!!,0.092,0.456,16,1
2024-11-28 00:11:08,SLEEPING !!!,0.207,0.430,16,1
2024-11-28 00:11:09,Mild Yawn,0.272,0.390,17,1
2024-11-28 00:11:09,Mild Yawn,0.264,0.344,17,1
2024-11-28 00:11:09,Mild Yawn,0.278,0.350,17,1
2024-11-28 00:11:09,Mild Yawn,0.286,0.375,17,1
2024-11-28 00:11:09,Mild Yawn,0.304,0.328,17,1
2024-11-28 00:11:09,Mild Yawn,0.292,0.347,17,1
2024-11-28 00:11:09,Mild Yawn,0.254,0.337,17,1
2024-11-28 00:11:09,Mild Yawn,0.341,0.330,17,1
2024-11-28 00:11:09,Mild Yawn,0.345,0.371,17,1
2024-11-28 00:11:10,Mild Yawn,0.286,0.322,17,1
2024-11-28 00:11:10,Mild Yawn,0.294,0.341,17,1
2024-11-28 00:11:10,Mild Yawn,0.290,0.310,17,1
2024-11-28 00:11:10,Mild Yawn,0.351,0.322,17,1
2024-11-28 00:11:10,Mild Yawn,0.317,0.331,17,1
2024-11-28 00:11:10,Mild Yawn,0.281,0.328,17,1
2024-11-28 00:11:10,Mild Yawn,0.302,0.456,17,1
2024-11-28 00:11:10,Mild Yawn,0.189,0.360,17,1
2024-11-28 00:11:10,Mild Yawn,0.245,0.389,17,1
2024-11-28 00:11:18,Mild Yawn,0.271,0.373,17,1
2024-11-28 00:11:18,Mild Yawn,0.296,0.345,17,1
2024-11-28 00:11:18,Mild Yawn,0.289,0.392,17,1
2024-11-28 00:11:18,Mild Yawn,0.299,0.417,17,1
2024-11-28 00:11:18,Mild Yawn,0.316,0.400,17,1
2024-11-28 00:11:18,Mild Yawn,0.272,0.379,17,1
2024-11-28 00:11:18,Mild Yawn,0.303,0.464,17,1
2024-11-28 00:11:19,Mild Yawn,0.255,0.428,17,1
2024-11-28 00:11:19,Mild Yawn,0.302,0.392,17,1
2024-11-28 00:11:19,Mild Yawn,0.327,0.370,17,1
2024-11-28 00:11:19,Mild Yawn,0.147,0.372,17,1
2024-11-28 00:11:20,Mild Yawn,0.150,0.383,17,1
2024-11-28 00:11:20,Mild Yawn,0.261,0.396,17,1
2024-11-28 00:11:20,Mild Yawn,0.306,0.444,17,1
2024-11-28 00:11:20,Mild Yawn,0.276,0.454,17,1
2024-11-28 00:11:20,Mild Yawn,0.296,0.442,17,1
2024-11-28 00:11:20,Mild Yawn,0.307,0.420,17,1
2024-11-28 00:11:20,Mild Yawn,0.291,0.412,17,1
2024-11-28 00:11:20,Mild Yawn,0.191,0.381,17,1
2024-11-28 00:11:20,Mild Yawn,0.109,0.382,17,1
2024-11-28 00:11:20,SLEEPING !!!,0.164,0.401,17,1
2024-11-28 00:11:21,Mild Yawn,0.259,0.397,18,1
2024-11-28 00:11:21,Mild Yawn,0.310,0.427,18,1
2024-11-28 00:11:21,Mild Yawn,0.296,0.386,18,1
2024-11-28 00:11:21,Mild Yawn,0.302,0.413,18,1
2024-11-28 00:11:21,Mild Yawn,0.294,0.387,18,1
2024-11-28 00:11:21,Mild Yawn,0.311,0.377,18,1
2024-11-28 00:11:21,Mild Yawn,0.362,0.381,18,1
2024-11-28 00:11:21,Mild Yawn,0.339,0.348,18,1
2024-11-28 00:11:21,Mild Yawn,0.338,0.342,18,1
2024-11-28 00:11:21,Mild Yawn,0.214,0.347,18,1
2024-11-28 00:11:22,Mild Yawn,0.166,0.315,18,1
2024-11-28 00:11:22,SLEEPING !!!,0.183,0.333,18,1
2024-11-28 00:11:22,SLEEPING !!!,0.220,0.323,18,1
2024-11-28 00:11:22,SLEEPING !!!,0.220,0.333,18,1
2024-11-28 00:11:22,SLEEPING !!!,0.231,0.314,18,1
2024-11-28 00:11:22,SLEEPING !!!,0.248,0.341,18,1
2024-11-28 00:11:22,Mild Yawn,0.279,0.336,19,1
2024-11-28 00:11:22,Mild Yawn,0.289,0.350,19,1
2024-11-28 00:11:22,Mild Yawn,0.192,0.362,19,1
2024-11-28 00:11:22,Mild Yawn,0.139,0.373,19,1
2024-11-28 00:11:23,SLEEPING !!!,0.248,0.350,19,1
2024-11-28 00:11:23,Mild Yawn,0.276,0.356,20,1
2024-11-28 00:11:23,Mild Yawn,0.262,0.375,20,1
2024-11-28 00:11:23,Mild Yawn,0.294,0.383,20,1
2024-11-28 00:11:23,Mild Yawn,0.296,0.372,20,1
2024-11-28 00:11:23,Mild Yawn,0.306,0.362,20,1
2024-11-28 00:11:23,Mild Yawn,0.318,0.351,20,1
2024-11-28 00:11:23,Mild Yawn,0.240,0.350,20,1
2024-11-28 00:11:23,Mild Yawn,0.092,0.411,20,1
2024-11-28 00:11:23,SLEEPING !!!,0.142,0.435,20,1
2024-11-28 00:11:24,SLEEPING !!!,0.176,0.439,20,1
2024-11-28 00:11:24,SLEEPING !!!,0.140,0.451,20,1
2024-11-28 00:11:24,SLEEPING !!!,0.131,0.383,20,1
2024-11-28 00:11:24,SLEEPING !!!,0.126,0.364,20,1
2024-11-28 00:11:24,SLEEPING !!!,0.149,0.330,20,1
2024-11-28 00:11:24,SLEEPING !!!,0.133,0.319,20,1
2024-11-28 00:11:24,SLEEPING !!!,0.088,0.398,20,1
2024-11-28 00:11:24,SLEEPING !!!,0.097,0.320,20,1
2024-11-28 00:11:24,SLEEPING !!!,0.126,0.314,20,1
2024-11-28 00:11:24,SLEEPING !!!,0.134,0.327,20,1
2024-11-28 00:11:25,SLEEPING !!!,0.111,0.327,20,1
2024-11-28 00:11:25,SLEEPING !!!,0.103,0.425,20,1
2024-11-28 00:11:25,SLEEPING !!!,0.087,0.347,20,1
2024-11-28 00:11:25,SLEEPING !!!,0.107,0.295,20,1
2024-11-28 00:11:25,SLEEPING !!!,0.138,0.260,20,1
2024-11-28 00:11:25,SLEEPING !!!,0.142,0.259,20,1
2024-11-28 00:11:25,SLEEPING !!!,0.143,0.248,20,1
2024-11-28 00:11:25,SLEEPING !!!,0.201,0.220,20,1
2024-11-28 00:11:25,Mild Yawn,0.259,0.495,21,1
2024-11-28 00:11:25,Mild Yawn,0.390,0.404,21,1
2024-11-28 00:11:26,Mild Yawn,0.222,0.232,21,1
2024-11-28 00:11:26,Mild Yawn,0.233,0.301,21,1
2024-11-28 00:11:26,Mild Yawn,0.259,0.324,21,1
2024-11-28 00:11:26,Mild Yawn,0.303,0.266,21,1
2024-11-28 00:11:26,Mild Yawn,0.382,0.291,21,1
2024-11-28 00:11:26,Mild Yawn,0.347,0.242,21,1
2024-11-28 00:11:26,Mild Yawn,0.404,0.283,21,1
2024-11-28 00:11:26,Mild Yawn,0.432,0.228,21,1
2024-11-28 00:11:26,Mild Yawn,0.429,0.263,21,1
2024-11-28 00:11:26,Mild Yawn,0.395,0.230,21,1
2024-11-28 00:11:27,Mild Yawn,0.350,0.191,21,1
2024-11-28 00:11:27,Mild Yawn,0.351,0.210,21,1
2024-11-28 00:11:27,Mild Yawn,0.359,0.221,21,1
2024-11-28 00:11:27,Mild Yawn,0.383,0.184,21,1
2024-11-28 00:11:27,Mild Yawn,0.386,0.184,21,1
2024-11-28 00:11:27,Mild Yawn,0.421,0.193,21,1
2024-11-28 00:11:27,Mild Yawn,0.341,0.201,21,1
2024-11-28 00:11:27,Mild Yawn,0.289,0.211,21,1
2024-11-28 00:11:27,Mild Yawn,0.306,0.225,21,1
2024-11-28 00:11:27,Mild Yawn,0.352,0.239,21,1
2024-11-28 00:11:28,Mild Yawn,0.337,0.230,21,1
2024-11-28 00:11:28,Mild Yawn,0.356,0.494,21,1
2024-11-28 00:11:28,Mild Yawn,0.271,0.353,21,1
2024-11-28 00:11:28,Mild Yawn,0.301,0.307,21,1
2024-11-28 00:11:28,Mild Yawn,0.274,0.276,21,1
2024-11-28 00:11:28,Mild Yawn,0.320,0.277,21,1
2024-11-28 00:11:28,Mild Yawn,0.324,0.361,21,1
2024-11-28 00:11:28,Mild Yawn,0.336,0.372,21,1
2024-11-28 00:11:28,Mild Yawn,0.319,0.341,21,1
2024-11-28 00:11:28,Mild Yawn,0.169,0.396,21,1
2024-11-28 00:11:29,Mild Yawn,0.253,0.420,21,1
2024-11-28 00:11:29,Mild Yawn,0.276,0.341,21,1
2024-11-28 00:11:29,Mild Yawn,0.300,0.510,21,1
2024-11-28 00:11:29,Mild Yawn,0.388,0.477,21,1
2024-11-28 00:11:29,Mild Yawn,0.308,0.472,21,1
2024-11-28 00:11:29,Mild Yawn,0.297,0.458,21,1
2024-11-28 00:11:29,Mild Yawn,0.334,0.460,21,1
2024-11-28 00:11:29,Mild Yawn,0.362,0.416,21,1
2024-11-28 00:11:29,Mild Yawn,0.336,0.447,21,1
2024-11-28 00:11:29,Mild Yawn,0.202,0.401,21,1
2024-11-28 00:11:30,Mild Yawn,0.263,0.582,21,1
2024-11-28 00:11:30,Mild Yawn,0.196,0.453,21,1
2024-11-28 00:11:30,Mild Yawn,0.224,0.453,21,1
2024-11-28 00:11:30,SLEEPING !!!,0.239,0.390,21,1
2024-11-28 00:11:30,Mild Yawn,0.297,0.355,22,1
2024-11-28 00:11:30,Mild Yawn,0.304,0.353,22,1
2024-11-28 00:11:30,Mild Yawn,0.290,0.387,22,1
2024-11-28 00:11:30,Mild Yawn,0.261,0.374,22,1
2024-11-28 00:11:30,Mild Yawn,0.216,0.412,22,1
2024-11-28 00:11:31,Mild Yawn,0.268,0.413,22,1
2024-11-28 00:11:31,Mild Yawn,0.317,0.398,22,1
2024-11-28 00:11:31,Mild Yawn,0.306,0.479,22,1
2024-11-28 00:11:31,Mild Yawn,0.337,0.464,22,1
2024-11-28 00:11:31,Mild Yawn,0.316,0.457,22,1
2024-11-28 00:11:31,Mild Yawn,0.358,0.438,22,1
2024-11-28 00:11:31,Mild Yawn,0.372,0.391,22,1
2024-11-28 00:11:31,Mild Yawn,0.329,0.445,22,1
2024-11-28 00:11:31,Mild Yawn,0.236,0.407,22,1
2024-11-28 00:11:31,Mild Yawn,0.308,0.419,22,1
2024-11-28 00:11:32,Mild Yawn,0.343,0.400,22,1
2024-11-28 00:11:32,Mild Yawn,0.349,0.482,22,1
2024-11-28 00:11:32,Mild Yawn,0.347,0.334,22,1
2024-11-28 00:11:32,Mild Yawn,0.353,0.349,22,1
2024-11-28 00:11:32,Mild Yawn,0.227,0.356,22,1
2024-11-28 00:11:32,Mild Yawn,0.328,0.357,22,1
2024-11-28 00:11:32,Mild Yawn,0.381,0.411,22,1
2024-11-28 00:11:32,Mild Yawn,0.388,0.432,22,1
2024-11-28 00:11:32,Mild Yawn,0.360,0.415,22,1
2024-11-28 00:11:32,Mild Yawn,0.372,0.453,22,1
2024-11-28 00:11:33,Mild Yawn,0.374,0.440,22,1
2024-11-28 00:11:33,Mild Yawn,0.368,0.488,22,1
2024-11-28 00:11:33,Mild Yawn,0.376,0.493,22,1
2024-11-28 00:11:33,Mild Yawn,0.385,0.477,22,1
2024-11-28 00:11:33,Mild Yawn,0.374,0.517,22,1
2024-11-28 00:11:33,Mild Yawn,0.394,0.469,22,1
2024-11-28 00:11:33,Mild Yawn,0.306,0.349,22,1
2024-11-28 00:11:33,Mild Yawn,0.288,0.349,22,1
2024-11-28 00:11:33,Mild Yawn,0.366,0.374,22,1
2024-11-28 00:11:33,Mild Yawn,0.367,0.376,22,1
2024-11-28 00:11:34,Mild Yawn,0.330,0.343,22,1
2024-11-28 00:11:34,Mild Yawn,0.221,0.365,22,1
2024-11-28 00:11:34,Mild Yawn,0.328,0.345,22,1
2024-11-28 00:11:34,Mild Yawn,0.331,0.404,22,1
2024-11-28 00:11:34,Mild Yawn,0.317,0.538,22,1
2024-11-28 00:11:34,Mild Yawn,0.280,0.467,22,1
2024-11-28 00:11:34,Mild Yawn,0.350,0.514,22,1
2024-11-28 00:11:34,Mild Yawn,0.339,0.482,22,1
2024-11-28 00:11:34,Mild Yawn,0.344,0.352,22,1
2024-11-28 00:11:34,Mild Yawn,0.358,0.367,22,1
2024-11-28 00:11:34,Mild Yawn,0.363,0.360,22,1
2024-11-28 00:11:35,Mild Yawn,0.364,0.362,22,1
2024-11-28 00:11:35,Mild Yawn,0.376,0.362,22,1
2024-11-28 00:11:35,Mild Yawn,0.354,0.382,22,1
2024-11-28 00:11:35,Mild Yawn,0.356,0.453,22,1
2024-11-28 00:11:35,Mild Yawn,0.349,0.363,22,1
2024-11-28 00:11:35,Mild Yawn,0.349,0.363,22,1
2024-11-28 00:11:35,Mild Yawn,0.292,0.368,22,1
2024-11-28 00:11:35,Mild Yawn,0.187,0.477,22,1
2024-11-28 00:11:35,Mild Yawn,0.300,0.348,22,1
2024-11-28 00:11:35,Mild Yawn,0.324,0.363,22,1
2024-11-28 00:11:36,Mild Yawn,0.325,0.379,22,1
2024-11-28 00:11:36,Mild Yawn,0.350,0.379,22,1
2024-11-28 00:11:36,Mild Yawn,0.384,0.397,22,1
2024-11-28 00:11:36,Mild Yawn,0.391,0.343,22,1
2024-11-28 00:11:36,Mild Yawn,0.360,0.363,22,1
2024-11-28 00:11:36,Mild Yawn,0.159,0.388,22,1
2024-11-28 00:11:36,Mild Yawn,0.293,0.372,22,1
2024-11-28 00:11:36,Mild Yawn,0.341,0.367,22,1
2024-11-28 00:11:36,Mild Yawn,0.362,0.358,22,1
2024-11-28 00:11:37,Mild Yawn,0.380,0.347,22,1
2024-11-28 00:11:37,Mild Yawn,0.367,0.368,22,1
2024-11-28 00:11:37,Mild Yawn,0.374,0.358,22,1
2024-11-28 00:11:37,Mild Yawn,0.356,0.349,22,1
2024-11-28 00:11:37,Mild Yawn,0.235,0.374,22,1
2024-11-28 00:11:37,Mild Yawn,0.187,0.384,22,1
2024-11-28 00:11:37,SLEEPING !!!,0.162,0.404,22,1
2024-11-28 00:11:37,SLEEPING !!!,0.210,0.361,22,1
2024-11-28 00:11:37,Mild Yawn,0.315,0.375,23,1
2024-11-28 00:11:37,Mild Yawn,0.362,0.387,23,1
2024-11-28 00:11:38,Mild Yawn,0.363,0.413,23,1
2024-11-28 00:11:38,Mild Yawn,0.366,0.395,23,1
2024-11-28 00:11:38,Mild Yawn,0.367,0.426,23,1
2024-11-28 00:11:38,Mild Yawn,0.170,0.437,23,1
2024-11-28 00:11:38,Mild Yawn,0.135,0.470,23,1
2024-11-28 00:11:38,SLEEPING !!!,0.154,0.500,23,1
2024-11-28 00:11:38,Mild Yawn,0.267,0.596,24,1
2024-11-28 00:11:38,Moderate Yawn !,0.296,0.659,24,1
2024-11-28 00:11:38,Moderate Yawn !,0.326,0.747,24,1
2024-11-28 00:11:38,Moderate Yawn !,0.334,0.711,24,1
2024-11-28 00:11:39,Moderate Yawn !,0.328,0.662,24,1
2024-11-28 00:11:39,Mild Yawn,0.272,0.599,24,1
2024-11-28 00:11:39,Moderate Yawn !,0.136,0.712,24,1
2024-11-28 00:11:39,Moderate Yawn !,0.242,0.751,24,1
2024-11-28 00:11:39,Moderate Yawn !,0.270,0.793,24,1
2024-11-28 00:11:39,Moderate Yawn !,0.271,0.787,24,1
2024-11-28 00:11:39,Severe Yawn !!!,0.315,0.835,24,1
2024-11-28 00:11:39,Moderate Yawn !,0.285,0.780,24,1
2024-11-28 00:11:39,Moderate Yawn !,0.303,0.749,24,1
2024-11-28 00:11:39,Severe Yawn !!!,0.303,0.861,24,1
2024-11-28 00:11:40,Severe Yawn !!!,0.307,0.891,24,1
2024-11-28 00:11:40,Moderate Yawn !,0.297,0.782,24,1
2024-11-28 00:11:40,Moderate Yawn !,0.311,0.710,24,1
2024-11-28 00:11:40,Moderate Yawn !,0.286,0.631,24,1
2024-11-28 00:11:40,Moderate Yawn !,0.141,0.798,24,1
2024-11-28 00:11:40,Severe Yawn !!!,0.209,0.837,24,1
2024-11-28 00:11:40,Severe Yawn !!!,0.257,0.812,24,1
2024-11-28 00:11:40,Moderate Yawn !,0.273,0.757,24,1
2024-11-28 00:11:40,Severe Yawn !!!,0.287,0.815,24,1
2024-11-28 00:11:40,Moderate Yawn !,0.289,0.784,24,1
2024-11-28 00:11:41,Moderate Yawn !,0.294,0.800,24,1
2024-11-28 00:11:41,Moderate Yawn !,0.304,0.791,24,1
2024-11-28 00:11:41,Moderate Yawn !,0.188,0.775,24,1
2024-11-28 00:11:41,Severe Yawn !!!,0.130,0.887,24,1
2024-11-28 00:11:41,SLEEPING !!!,0.178,0.859,24,1
2024-11-28 00:11:41,SLEEPING !!!,0.235,0.877,24,1
2024-11-28 00:11:41,Severe Yawn !!!,0.276,0.838,25,1
2024-11-28 00:11:41,Severe Yawn !!!,0.304,0.819,25,1
2024-11-28 00:11:41,Moderate Yawn !,0.283,0.764,25,1
2024-11-28 00:11:41,Severe Yawn !!!,0.272,0.812,25,1
2024-11-28 00:11:42,Severe Yawn !!!,0.156,0.888,25,1
2024-11-28 00:11:42,Moderate Yawn !,0.107,0.797,25,1
2024-11-28 00:11:42,SLEEPING !!!,0.118,0.835,25,1
2024-11-28 00:11:42,SLEEPING !!!,0.186,0.820,25,1
2024-11-28 00:11:42,Moderate Yawn !,0.251,0.792,26,1
2024-11-28 00:11:42,Moderate Yawn !,0.277,0.712,26,1
2024-11-28 00:11:42,Moderate Yawn !,0.143,0.734,26,1
2024-11-28 00:11:42,Moderate Yawn !,0.141,0.763,26,1
2024-11-28 00:11:42,SLEEPING !!!,0.189,0.812,26,1
2024-11-28 00:11:42,SLEEPING !!!,0.205,0.829,26,1
2024-11-28 00:11:43,SLEEPING !!!,0.193,0.748,26,1
2024-11-28 00:11:43,SLEEPING !!!,0.219,0.743,26,1
2024-11-28 00:11:43,SLEEPING !!!,0.197,0.725,26,1
2024-11-28 00:11:43,SLEEPING !!!,0.210,0.757,26,1
2024-11-28 00:11:43,SLEEPING !!!,0.159,0.817,26,1
2024-11-28 00:11:43,SLEEPING !!!,0.114,0.667,26,1
2024-11-28 00:11:43,SLEEPING !!!,0.157,0.694,26,1
2024-11-28 00:11:43,SLEEPING !!!,0.209,0.582,26,1
2024-11-28 00:11:43,Moderate Yawn !,0.292,0.688,27,1
2024-11-28 00:11:43,Moderate Yawn !,0.297,0.656,27,1
2024-11-28 00:11:44,Mild Yawn,0.292,0.556,27,1
2024-11-28 00:11:44,Mild Yawn,0.321,0.564,27,1
2024-11-28 00:11:44,Mild Yawn,0.301,0.476,27,1
2024-11-28 00:11:44,Mild Yawn,0.303,0.421,27,1
2024-11-28 00:11:44,Mild Yawn,0.311,0.383,27,1
2024-11-28 00:11:44,Mild Yawn,0.317,0.364,27,1
2024-11-28 00:11:44,Mild Yawn,0.170,0.347,27,1
2024-11-28 00:11:44,Mild Yawn,0.200,0.330,27,1
2024-11-28 00:11:44,Mild Yawn,0.277,0.341,27,1
2024-11-28 00:11:44,Mild Yawn,0.313,0.323,27,1
2024-11-28 00:11:45,Mild Yawn,0.131,0.355,27,1
2024-11-28 00:11:45,Mild Yawn,0.096,0.480,27,1
2024-11-28 00:11:45,SLEEPING !!!,0.202,0.358,27,1
2024-11-28 00:11:45,Mild Yawn,0.267,0.337,28,1
2024-11-28 00:11:45,Mild Yawn,0.295,0.361,28,1
2024-11-28 00:11:45,Mild Yawn,0.310,0.342,28,1
2024-11-28 00:11:45,Mild Yawn,0.311,0.354,28,1
2024-11-28 00:11:45,Mild Yawn,0.321,0.333,28,1
2024-11-28 00:11:45,Mild Yawn,0.323,0.357,28,1
2024-11-28 00:11:45,Mild Yawn,0.315,0.318,28,1
2024-11-28 00:11:46,Mild Yawn,0.229,0.549,28,1
2024-11-28 00:11:46,Mild Yawn,0.132,0.508,28,1
2024-11-28 00:11:46,Mild Yawn,0.272,0.352,28,1
2024-11-28 00:11:46,Mild Yawn,0.269,0.347,28,1
2024-11-28 00:11:46,Mild Yawn,0.294,0.375,28,1
2024-11-28 00:11:46,Mild Yawn,0.273,0.368,28,1
2024-11-28 00:11:46,Mild Yawn,0.279,0.365,28,1
2024-11-28 00:11:46,Mild Yawn,0.291,0.509,28,1
2024-11-28 00:11:46,Mild Yawn,0.306,0.523,28,1
2024-11-28 00:11:46,Mild Yawn,0.301,0.485,28,1
2024-11-28 00:11:47,Mild Yawn,0.260,0.540,28,1
2024-11-28 00:11:47,Moderate Yawn !,0.063,0.604,28,1
2024-11-28 00:11:47,Mild Yawn,0.071,0.556,28,1
2024-11-28 00:11:47,SLEEPING !!!,0.097,0.600,28,1
2024-11-28 00:11:47,SLEEPING !!!,0.219,0.502,28,1
2024-11-28 00:11:47,Mild Yawn,0.251,0.501,29,1
2024-11-28 00:11:47,Mild Yawn,0.270,0.564,29,1
2024-11-28 00:11:47,Mild Yawn,0.240,0.504,29,1
2024-11-28 00:11:47,Mild Yawn,0.089,0.441,29,1
2024-11-28 00:11:47,SLEEPING !!!,0.102,0.409,29,1
2024-11-28 00:11:48,SLEEPING !!!,0.144,0.393,29,1
2024-11-28 00:11:48,Mild Yawn,0.272,0.451,30,1
2024-11-28 00:11:48,Mild Yawn,0.291,0.354,30,1
2024-11-28 00:11:48,Mild Yawn,0.320,0.344,30,1
2024-11-28 00:11:48,Mild Yawn,0.329,0.372,30,1
2024-11-28 00:11:48,Mild Yawn,0.322,0.343,30,1
2024-11-28 00:11:48,Mild Yawn,0.320,0.349,30,1
2024-11-28 00:11:48,Mild Yawn,0.326,0.353,30,1
2024-11-28 00:11:48,Mild Yawn,0.336,0.358,30,1
2024-11-28 00:11:48,Mild Yawn,0.309,0.391,30,1
2024-11-28 00:11:49,Mild Yawn,0.353,0.355,30,1
2024-11-28 00:11:49,Mild Yawn,0.353,0.346,30,1
2024-11-28 00:11:49,Mild Yawn,0.349,0.364,30,1
2024-11-28 00:11:49,Mild Yawn,0.366,0.365,30,1
2024-11-28 00:11:49,Mild Yawn,0.339,0.349,30,1
2024-11-28 00:11:49,Mild Yawn,0.343,0.362,30,1
2024-11-28 00:11:49,Mild Yawn,0.332,0.402,30,1
2024-11-28 00:11:49,Mild Yawn,0.340,0.424,30,1
2024-11-28 00:11:49,Mild Yawn,0.318,0.339,30,1
2024-11-28 00:11:49,Mild Yawn,0.345,0.379,30,1
2024-11-28 00:11:50,Mild Yawn,0.322,0.418,30,1
2024-11-28 00:11:50,Mild Yawn,0.328,0.430,30,1
2024-11-28 00:11:50,Mild Yawn,0.323,0.416,30,1
2024-11-28 00:11:50,Mild Yawn,0.331,0.427,30,1
2024-11-28 00:11:50,Mild Yawn,0.337,0.341,30,1
2024-11-28 00:11:50,Mild Yawn,0.316,0.350,30,1
2024-11-28 00:11:50,Mild Yawn,0.340,0.360,30,1
2024-11-28 00:11:50,Mild Yawn,0.328,0.363,30,1
2024-11-28 00:11:50,Mild Yawn,0.317,0.337,30,1
2024-11-28 00:11:50,Mild Yawn,0.322,0.344,30,1
2024-11-28 00:11:51,Mild Yawn,0.331,0.373,30,1
2024-11-28 00:11:51,Mild Yawn,0.313,0.341,30,1
2024-11-28 00:11:51,Mild Yawn,0.347,0.377,30,1
2024-11-28 00:11:51,Mild Yawn,0.343,0.342,30,1
2024-11-28 00:11:51,Mild Yawn,0.203,0.369,30,1
2024-11-28 00:11:51,Mild Yawn,0.247,0.370,30,1
2024-11-28 00:11:51,Mild Yawn,0.264,0.383,30,1
2024-11-28 00:11:51,Mild Yawn,0.313,0.344,30,1
2024-11-28 00:11:51,Mild Yawn,0.292,0.432,30,1
2024-11-28 00:11:51,Mild Yawn,0.311,0.416,30,1
2024-11-28 00:11:52,Mild Yawn,0.339,0.341,30,1
2024-11-28 00:11:52,Mild Yawn,0.345,0.399,30,1
2024-11-28 00:11:52,Mild Yawn,0.364,0.348,30,1
2024-11-28 00:11:52,Mild Yawn,0.341,0.371,30,1
2024-11-28 00:11:52,Mild Yawn,0.353,0.342,30,1
2024-11-28 00:11:52,Mild Yawn,0.353,0.472,30,1
2024-11-28 00:11:52,Mild Yawn,0.343,0.363,30,1
2024-11-28 00:11:52,Mild Yawn,0.382,0.349,30,1
2024-11-28 00:11:52,Mild Yawn,0.364,0.356,30,1
2024-11-28 00:11:52,Mild Yawn,0.366,0.349,30,1
2024-11-28 00:11:53,Mild Yawn,0.226,0.382,30,1
2024-11-28 00:11:53,Mild Yawn,0.241,0.374,30,1
2024-11-28 00:11:53,Mild Yawn,0.331,0.477,30,1
2024-11-28 00:11:53,Mild Yawn,0.336,0.479,30,1
2024-11-28 00:11:53,Mild Yawn,0.328,0.423,30,1
2024-11-28 00:11:53,Mild Yawn,0.342,0.496,30,1
2024-11-28 00:11:53,Mild Yawn,0.344,0.496,30,1
2024-11-28 00:11:53,Mild Yawn,0.348,0.495,30,1
2024-11-28 00:11:53,Mild Yawn,0.117,0.481,30,1
2024-11-28 00:11:53,Mild Yawn,0.220,0.515,30,1
2024-11-28 00:11:54,Mild Yawn,0.275,0.465,30,1
2024-11-28 00:11:54,Mild Yawn,0.342,0.434,30,1
2024-11-28 00:11:54,Mild Yawn,0.306,0.499,30,1
2024-11-28 00:11:54,Mild Yawn,0.313,0.464,30,1
2024-11-28 00:11:54,Mild Yawn,0.306,0.532,30,1
2024-11-28 00:11:54,Mild Yawn,0.320,0.472,30,1
2024-11-28 00:11:54,Mild Yawn,0.129,0.538,30,1
2024-11-28 00:11:54,Mild Yawn,0.281,0.515,30,1
2024-11-28 00:11:54,Mild Yawn,0.318,0.470,30,1
2024-11-28 00:11:54,Mild Yawn,0.327,0.465,30,1
2024-11-28 00:11:55,Mild Yawn,0.313,0.524,30,1
2024-11-28 00:11:55,Mild Yawn,0.332,0.344,30,1
2024-11-28 00:11:55,Mild Yawn,0.325,0.491,30,1
2024-11-28 00:11:55,Mild Yawn,0.300,0.492,30,1
2024-11-28 00:11:55,Mild Yawn,0.137,0.354,30,1
2024-11-28 00:11:55,Mild Yawn,0.286,0.455,30,1
2024-11-28 00:11:55,Mild Yawn,0.340,0.470,30,1
2024-11-28 00:11:55,Mild Yawn,0.322,0.425,30,1
2024-11-28 00:11:55,Mild Yawn,0.325,0.515,30,1
2024-11-28 00:11:55,Mild Yawn,0.338,0.424,30,1
2024-11-28 00:11:56,Mild Yawn,0.337,0.450,30,1
2024-11-28 00:11:56,Mild Yawn,0.318,0.425,30,1
2024-11-28 00:11:56,Mild Yawn,0.326,0.483,30,1
2024-11-28 00:11:56,Mild Yawn,0.334,0.470,30,1
2024-11-28 00:11:56,Mild Yawn,0.350,0.515,30,1
2024-11-28 00:11:56,Mild Yawn,0.365,0.457,30,1
2024-11-28 00:11:56,Mild Yawn,0.231,0.561,30,1
2024-11-28 00:11:56,Mild Yawn,0.098,0.329,30,1
2024-11-28 00:11:56,Mild Yawn,0.281,0.510,30,1
2024-11-28 00:11:56,Mild Yawn,0.349,0.417,30,1
2024-11-28 00:11:57,Mild Yawn,0.363,0.433,30,1
2024-11-28 00:11:57,Mild Yawn,0.305,0.440,30,1
2024-11-28 00:11:57,Mild Yawn,0.100,0.330,30,1
2024-11-28 00:11:57,Mild Yawn,0.134,0.492,30,1
2024-11-28 00:11:57,Mild Yawn,0.326,0.452,30,1
2024-11-28 00:11:57,Mild Yawn,0.321,0.447,30,1
2024-11-28 00:11:57,Mild Yawn,0.044,0.505,30,1
2024-11-28 00:11:57,Mild Yawn,0.148,0.376,30,1
2024-11-28 00:11:57,Mild Yawn,0.260,0.532,30,1
2024-11-28 00:11:57,Mild Yawn,0.299,0.537,30,1
2024-11-28 00:11:58,Mild Yawn,0.092,0.510,30,1
2024-11-28 00:11:58,Mild Yawn,0.192,0.568,30,1
2024-11-28 00:11:58,SLEEPING !!!,0.247,0.532,30,1
2024-11-28 00:11:58,Mild Yawn,0.307,0.530,31,1
2024-11-28 00:11:58,Mild Yawn,0.319,0.501,31,1
2024-11-28 00:11:58,Mild Yawn,0.237,0.385,31,1
2024-11-28 00:11:58,Mild Yawn,0.090,0.345,31,1
2024-11-28 00:11:58,Mild Yawn,0.268,0.356,31,1
2024-11-28 00:11:58,Mild Yawn,0.317,0.357,31,1
2024-11-28 00:11:58,Mild Yawn,0.247,0.384,31,1
2024-11-28 00:11:59,Mild Yawn,0.168,0.423,31,1
2024-11-28 00:11:59,SLEEPING !!!,0.109,0.484,31,1
2024-11-28 00:11:59,SLEEPING !!!,0.220,0.509,31,1
2024-11-28 00:11:59,Mild Yawn,0.290,0.395,32,1
2024-11-28 00:11:59,Mild Yawn,0.336,0.360,32,1
2024-11-28 00:11:59,Mild Yawn,0.334,0.487,32,1
2024-11-28 00:11:59,Mild Yawn,0.324,0.491,32,1
2024-11-28 00:11:59,Mild Yawn,0.324,0.530,32,1
2024-11-28 00:11:59,Mild Yawn,0.324,0.585,32,1
2024-11-28 00:11:59,Mild Yawn,0.325,0.506,32,1
2024-11-28 00:12:00,Mild Yawn,0.308,0.494,32,1
2024-11-28 00:12:00,Mild Yawn,0.336,0.476,32,1
2024-11-28 00:12:00,Mild Yawn,0.352,0.596,32,1
2024-11-28 00:12:00,Mild Yawn,0.257,0.554,32,1
2024-11-28 00:12:00,Mild Yawn,0.110,0.563,32,1
2024-11-28 00:12:00,Mild Yawn,0.242,0.549,32,1
2024-11-28 00:12:00,Mild Yawn,0.297,0.555,32,1
2024-11-28 00:12:00,Mild Yawn,0.297,0.505,32,1
2024-11-28 00:12:00,Mild Yawn,0.333,0.468,32,1
2024-11-28 00:12:00,Mild Yawn,0.333,0.420,32,1
2024-11-28 00:12:01,Mild Yawn,0.275,0.368,32,1
2024-11-28 00:12:01,Mild Yawn,0.131,0.525,32,1
2024-11-28 00:12:01,Mild Yawn,0.150,0.334,32,1
2024-11-28 00:12:01,SLEEPING !!!,0.171,0.386,32,1
2024-11-28 00:12:01,SLEEPING !!!,0.185,0.360,32,1
2024-11-28 00:12:02,Mild Yawn,0.287,0.449,33,1
2024-11-28 00:12:02,Mild Yawn,0.349,0.424,33,1
2024-11-28 00:12:02,Mild Yawn,0.310,0.404,33,1
2024-11-28 00:12:02,Mild Yawn,0.275,0.406,33,1
2024-11-28 00:12:02,Mild Yawn,0.283,0.393,33,1
2024-11-28 00:12:03,Mild Yawn,0.225,0.415,33,1
2024-11-28 00:12:03,Mild Yawn,0.256,0.427,33,1
2024-11-28 00:12:03,Mild Yawn,0.277,0.410,33,1
2024-11-28 00:12:03,Mild Yawn,0.237,0.428,33,1
2024-11-28 00:12:03,Mild Yawn,0.294,0.423,33,1
2024-11-28 00:12:03,Mild Yawn,0.323,0.383,33,1
2024-11-28 00:12:03,Mild Yawn,0.265,0.449,33,1
2024-11-28 00:12:03,Mild Yawn,0.281,0.422,33,1
2024-11-28 00:12:03,Mild Yawn,0.266,0.419,33,1
2024-11-28 00:12:04,Mild Yawn,0.267,0.445,33,1
2024-11-28 00:12:04,Mild Yawn,0.326,0.496,33,1
2024-11-28 00:12:04,Mild Yawn,0.332,0.530,33,1
2024-11-28 00:12:04,Mild Yawn,0.380,0.464,33,1
2024-11-28 00:12:04,Mild Yawn,0.384,0.475,33,1
2024-11-28 00:12:04,Mild Yawn,0.370,0.431,33,1
2024-11-28 00:12:04,Mild Yawn,0.283,0.474,33,1
2024-11-28 00:12:04,Mild Yawn,0.312,0.457,33,1
2024-11-28 00:12:04,Mild Yawn,0.349,0.478,33,1
2024-11-28 00:12:05,Mild Yawn,0.373,0.459,33,1
2024-11-28 00:12:05,Mild Yawn,0.369,0.454,33,1
2024-11-28 00:12:05,Mild Yawn,0.323,0.436,33,1
2024-11-28 00:12:05,Mild Yawn,0.384,0.441,33,1
2024-11-28 00:12:05,Mild Yawn,0.317,0.459,33,1
2024-11-28 00:12:05,Mild Yawn,0.300,0.434,33,1
2024-11-28 00:12:05,Mild Yawn,0.385,0.460,33,1
2024-11-28 00:12:05,Mild Yawn,0.341,0.412,33,1
2024-11-28 00:12:05,Mild Yawn,0.257,0.440,33,1
2024-11-28 00:12:05,Mild Yawn,0.338,0.488,33,1
2024-11-28 00:12:06,Mild Yawn,0.340,0.424,33,1
2024-11-28 00:12:06,Mild Yawn,0.352,0.449,33,1
2024-11-28 00:12:06,Mild Yawn,0.355,0.483,33,1
2024-11-28 00:12:06,Mild Yawn,0.282,0.511,33,1
2024-11-28 00:12:06,Mild Yawn,0.337,0.465,33,1
2024-11-28 00:12:06,Mild Yawn,0.373,0.541,33,1
2024-11-28 00:12:06,Mild Yawn,0.387,0.506,33,1
2024-11-28 00:12:06,Mild Yawn,0.388,0.530,33,1
2024-11-28 00:12:06,Mild Yawn,0.358,0.468,33,1
2024-11-28 00:12:07,Mild Yawn,0.363,0.456,33,1
2024-11-28 00:12:07,Mild Yawn,0.339,0.525,33,1
2024-11-28 00:12:07,Mild Yawn,0.248,0.454,33,1
2024-11-28 00:12:07,Mild Yawn,0.238,0.415,33,1
2024-11-28 00:12:07,Mild Yawn,0.266,0.487,33,1
2024-11-28 00:12:07,Mild Yawn,0.346,0.465,33,1
2024-11-28 00:12:07,Mild Yawn,0.356,0.447,33,1
2024-11-28 00:12:07,Mild Yawn,0.374,0.402,33,1
2024-11-28 00:12:07,Mild Yawn,0.278,0.405,33,1
2024-11-28 00:12:07,Mild Yawn,0.181,0.430,33,1
2024-11-28 00:12:08,Mild Yawn,0.206,0.398,33,1
2024-11-28 00:12:08,SLEEPING !!!,0.233,0.389,33,1
2024-11-28 00:12:08,Mild Yawn,0.263,0.396,34,1
2024-11-28 00:12:08,Mild Yawn,0.284,0.373,34,1
2024-11-28 00:12:08,Mild Yawn,0.190,0.384,34,1
2024-11-28 00:12:08,Mild Yawn,0.316,0.392,34,1
2024-11-28 00:12:08,Mild Yawn,0.336,0.362,34,1
2024-11-28 00:12:08,Mild Yawn,0.327,0.387,34,1
2024-11-28 00:12:08,Mild Yawn,0.351,0.366,34,1
2024-11-28 00:12:08,Mild Yawn,0.352,0.380,34,1
2024-11-28 00:12:09,Mild Yawn,0.231,0.414,34,1
2024-11-28 00:12:09,Mild Yawn,0.266,0.388,34,1
2024-11-28 00:12:09,Mild Yawn,0.326,0.390,34,1
2024-11-28 00:12:09,Mild Yawn,0.292,0.444,34,1
2024-11-28 00:12:09,Mild Yawn,0.314,0.434,34,1
2024-11-28 00:12:09,Mild Yawn,0.200,0.424,34,1
2024-11-28 00:12:09,Mild Yawn,0.181,0.427,34,1
2024-11-28 00:12:09,SLEEPING !!!,0.221,0.392,34,1
2024-11-28 00:12:09,SLEEPING !!!,0.230,0.412,34,1
2024-11-28 00:12:09,Mild Yawn,0.258,0.466,35,1
2024-11-28 00:12:10,Mild Yawn,0.285,0.409,35,1
2024-11-28 00:12:10,Mild Yawn,0.279,0.451,35,1
2024-11-28 00:12:10,Mild Yawn,0.280,0.420,35,1
2024-11-28 00:12:10,Mild Yawn,0.202,0.400,35,1
2024-11-28 00:12:10,Mild Yawn,0.238,0.412,35,1
2024-11-28 00:12:10,SLEEPING !!!,0.235,0.359,35,1
2024-11-28 00:12:10,Mild Yawn,0.310,0.473,36,1
2024-11-28 00:12:10,Mild Yawn,0.302,0.434,36,1
2024-11-28 00:12:10,Mild Yawn,0.372,0.456,36,1
2024-11-28 00:12:10,Mild Yawn,0.393,0.491,36,1
2024-11-28 00:12:11,Mild Yawn,0.357,0.474,36,1
2024-11-28 00:12:11,Mild Yawn,0.332,0.406,36,1
2024-11-28 00:12:11,Mild Yawn,0.192,0.424,36,1
2024-11-28 00:12:11,Mild Yawn,0.178,0.421,36,1
2024-11-28 00:12:11,SLEEPING !!!,0.199,0.405,36,1
2024-11-28 00:12:11,Mild Yawn,0.257,0.394,37,1
2024-11-28 00:12:11,Mild Yawn,0.247,0.421,37,1
2024-11-28 00:12:11,Mild Yawn,0.168,0.415,37,1
2024-11-28 00:12:11,SLEEPING !!!,0.168,0.390,37,1
2024-11-28 00:12:11,SLEEPING !!!,0.241,0.428,37,1
2024-11-28 00:12:12,Mild Yawn,0.304,0.471,38,1
2024-11-28 00:12:12,Mild Yawn,0.273,0.429,38,1
2024-11-28 00:12:12,Mild Yawn,0.211,0.424,38,1
2024-11-28 00:12:12,Mild Yawn,0.310,0.414,38,1
2024-11-28 00:12:12,Mild Yawn,0.337,0.411,38,1
2024-11-28 00:12:12,Mild Yawn,0.291,0.488,38,1
2024-11-28 00:12:12,Mild Yawn,0.310,0.473,38,1
2024-11-28 00:12:12,Mild Yawn,0.305,0.464,38,1
2024-11-28 00:12:12,Mild Yawn,0.298,0.490,38,1
2024-11-28 00:12:12,Mild Yawn,0.213,0.385,38,1
2024-11-28 00:12:13,Mild Yawn,0.132,0.390,38,1
2024-11-28 00:12:13,SLEEPING !!!,0.159,0.389,38,1
2024-11-28 00:12:13,SLEEPING !!!,0.236,0.427,38,1
2024-11-28 00:12:13,Mild Yawn,0.352,0.480,39,1
2024-11-28 00:12:13,Mild Yawn,0.303,0.475,39,1
2024-11-28 00:12:13,Mild Yawn,0.357,0.486,39,1
2024-11-28 00:12:13,Mild Yawn,0.331,0.461,39,1
2024-11-28 00:12:13,Mild Yawn,0.334,0.472,39,1
2024-11-28 00:12:13,Mild Yawn,0.316,0.437,39,1
2024-11-28 00:12:13,Mild Yawn,0.318,0.420,39,1
2024-11-28 00:12:14,Mild Yawn,0.377,0.451,39,1
2024-11-28 00:12:14,Mild Yawn,0.370,0.432,39,1
2024-11-28 00:12:14,Mild Yawn,0.321,0.409,39,1
2024-11-28 00:12:14,Mild Yawn,0.289,0.407,39,1
2024-11-28 00:12:14,Mild Yawn,0.153,0.453,39,1
2024-11-28 00:12:14,Mild Yawn,0.165,0.439,39,1
2024-11-28 00:12:14,Mild Yawn,0.355,0.527,39,1
2024-11-28 00:12:14,Mild Yawn,0.263,0.449,39,1
2024-11-28 00:12:14,Mild Yawn,0.285,0.419,39,1
2024-11-28 00:12:14,Mild Yawn,0.312,0.467,39,1
2024-11-28 00:12:15,Mild Yawn,0.300,0.384,39,1
2024-11-28 00:12:15,Mild Yawn,0.279,0.346,39,1
2024-11-28 00:12:15,Mild Yawn,0.178,0.426,39,1
2024-11-28 00:12:15,Mild Yawn,0.138,0.452,39,1
2024-11-28 00:12:15,SLEEPING !!!,0.126,0.507,39,1
2024-11-28 00:12:15,SLEEPING !!!,0.109,0.399,39,1
2024-11-28 00:12:15,SLEEPING !!!,0.165,0.476,39,1
2024-11-28 00:12:15,SLEEPING !!!,0.183,0.384,39,1
2024-11-28 00:12:15,SLEEPING !!!,0.250,0.355,39,1
2024-11-28 00:12:15,Mild Yawn,0.260,0.359,40,1
2024-11-28 00:12:16,Mild Yawn,0.267,0.229,40,1
2024-11-28 00:12:16,Mild Yawn,0.301,0.559,40,1
2024-11-28 00:12:16,Mild Yawn,0.269,0.246,40,1
2024-11-28 00:12:18,Mild Yawn,0.264,0.335,40,1
2024-11-28 00:12:18,Mild Yawn,0.248,0.391,40,1
2024-11-28 00:12:18,Mild Yawn,0.332,0.439,40,1
2024-11-28 00:12:18,Mild Yawn,0.273,0.335,40,1
2024-11-28 00:12:18,Mild Yawn,0.243,0.311,40,1
2024-11-28 00:12:18,Mild Yawn,0.167,0.285,40,1
2024-11-28 00:12:18,SLEEPING !!!,0.232,0.243,40,1
2024-11-28 00:12:18,SLEEPING !!!,0.173,0.306,40,1
2024-11-28 00:12:19,SLEEPING !!!,0.142,0.295,40,1
2024-11-28 00:12:19,SLEEPING !!!,0.185,0.250,40,1
2024-11-28 00:12:19,SLEEPING !!!,0.168,0.308,40,1
2024-11-28 00:12:19,SLEEPING !!!,0.120,0.286,40,1
2024-11-28 00:12:19,SLEEPING !!!,0.191,0.302,40,1
2024-11-28 00:12:19,SLEEPING !!!,0.213,0.208,40,1
2024-11-28 00:12:19,SLEEPING !!!,0.198,0.293,40,1
2024-11-28 00:12:19,SLEEPING !!!,0.192,0.275,40,1
2024-11-28 00:12:19,SLEEPING !!!,0.235,0.290,40,1
2024-11-28 00:12:19,SLEEPING !!!,0.247,0.375,40,1
2024-11-28 00:12:21,SLEEPING !!!,0.187,0.291,40,1
2024-11-28 00:12:21,SLEEPING !!!,0.179,0.351,40,1
2024-11-28 00:12:21,SLEEPING !!!,0.160,0.321,40,1
2024-11-28 00:12:21,SLEEPING !!!,0.133,0.363,40,1
2024-11-28 00:12:21,SLEEPING !!!,0.168,0.347,40,1
2024-11-28 00:12:21,SLEEPING !!!,0.198,0.343,40,1
2024-11-28 00:12:21,SLEEPING !!!,0.224,0.318,40,1
2024-11-28 00:12:21,SLEEPING !!!,0.204,0.298,40,1
2024-11-28 00:12:21,SLEEPING !!!,0.193,0.312,40,1
2024-11-28 00:12:22,SLEEPING !!!,0.206,0.255,40,1
2024-11-28 00:12:22,SLEEPING !!!,0.217,0.225,40,1
2024-11-28 00:12:22,SLEEPING !!!,0.236,0.226,40,1
2024-11-28 00:12:22,Mild Yawn,0.372,0.413,41,1
2024-11-28 00:12:22,Moderate Yawn !,0.376,0.618,41,1
2024-11-28 00:12:22,Mild Yawn,0.268,0.309,41,1
2024-11-28 00:12:22,Mild Yawn,0.383,0.480,41,1
2024-11-28 00:12:23,Mild Yawn,0.416,0.501,41,1
2024-11-28 00:12:23,Mild Yawn,0.247,0.328,41,1
2024-11-28 00:12:23,Mild Yawn,0.247,0.261,41,1
2024-11-28 00:12:23,Mild Yawn,0.309,0.315,41,1
2024-11-28 00:12:35,Mild Yawn,0.311,0.290,41,1
2024-11-28 00:12:35,Mild Yawn,0.290,0.385,41,1
2024-11-28 00:12:37,Mild Yawn,0.263,0.425,41,1
2024-11-28 00:12:37,Mild Yawn,0.196,0.346,41,1
2024-11-28 00:12:37,Mild Yawn,0.153,0.361,41,1
2024-11-28 00:12:37,SLEEPING !!!,0.170,0.308,41,1
2024-11-28 00:12:37,SLEEPING !!!,0.192,0.365,41,1
2024-11-28 00:12:37,SLEEPING !!!,0.202,0.353,41,1
2024-11-28 00:12:37,SLEEPING !!!,0.177,0.374,41,1
2024-11-28 00:12:37,SLEEPING !!!,0.188,0.392,41,1
2024-11-28 00:12:37,SLEEPING !!!,0.222,0.356,41,1
2024-11-28 00:12:38,SLEEPING !!!,0.170,0.336,41,1
2024-11-28 00:12:38,SLEEPING !!!,0.210,0.294,41,1
2024-11-28 00:12:38,SLEEPING !!!,0.181,0.307,41,1
2024-11-28 00:12:38,SLEEPING !!!,0.222,0.441,41,1
2024-11-28 00:12:38,Mild Yawn,0.252,0.412,42,1
2024-11-28 00:12:38,Mild Yawn,0.185,0.411,42,1
2024-11-28 00:12:38,Mild Yawn,0.261,0.380,42,1
2024-11-28 00:12:38,Mild Yawn,0.199,0.408,42,1
2024-11-28 00:12:38,Mild Yawn,0.197,0.258,42,1
2024-11-28 00:12:39,Mild Yawn,0.287,0.546,42,1
2024-11-28 00:12:39,Mild Yawn,0.199,0.341,42,1
2024-11-28 00:12:39,Mild Yawn,0.279,0.356,42,1
2024-11-28 00:12:39,Mild Yawn,0.279,0.331,42,1
2024-11-28 00:12:41,Mild Yawn,0.138,0.388,42,1
2024-11-28 00:12:41,Mild Yawn,0.147,0.296,42,1
2024-11-28 00:12:41,SLEEPING !!!,0.213,0.425,42,1
2024-11-28 00:12:41,SLEEPING !!!,0.191,0.315,42,1
2024-11-28 00:12:45,SLEEPING !!!,0.234,0.384,42,1
2024-11-28 00:12:45,SLEEPING !!!,0.228,0.474,42,1
2024-11-28 00:12:45,Mild Yawn,0.295,0.263,43,1
2024-11-28 00:12:45,Mild Yawn,0.335,0.312,43,1
2024-11-28 00:12:45,Mild Yawn,0.328,0.295,43,1
2024-11-28 00:12:45,Mild Yawn,0.330,0.309,43,1
2024-11-28 00:12:45,Mild Yawn,0.287,0.277,43,1
2024-11-28 00:12:46,Mild Yawn,0.155,0.267,43,1
2024-11-28 00:12:46,Mild Yawn,0.165,0.374,43,1
2024-11-28 00:12:46,SLEEPING !!!,0.142,0.389,43,1
2024-11-28 00:12:46,SLEEPING !!!,0.111,0.219,43,1
2024-11-28 00:12:46,SLEEPING !!!,0.188,0.313,43,1
2024-11-28 00:12:46,SLEEPING !!!,0.207,0.281,43,1
2024-11-28 00:12:46,SLEEPING !!!,0.147,0.305,43,1
2024-11-28 00:12:46,SLEEPING !!!,0.196,0.271,43,1
2024-11-28 00:12:46,SLEEPING !!!,0.130,0.192,43,1
2024-11-28 00:12:46,SLEEPING !!!,0.101,0.189,43,1
2024-11-28 00:12:47,SLEEPING !!!,0.100,0.210,43,1
2024-11-28 00:12:47,SLEEPING !!!,0.139,0.278,43,1
2024-11-28 00:12:47,SLEEPING !!!,0.134,0.223,43,1
2024-11-28 00:12:47,SLEEPING !!!,0.139,0.202,43,1
2024-11-28 00:12:47,SLEEPING !!!,0.165,0.328,43,1
2024-11-28 00:12:47,SLEEPING !!!,0.135,0.300,43,1
2024-11-28 00:12:47,SLEEPING !!!,0.160,0.333,43,1
2024-11-28 00:12:47,SLEEPING !!!,0.127,0.310,43,1
2024-11-28 00:12:47,SLEEPING !!!,0.147,0.303,43,1
2024-11-28 00:12:47,SLEEPING !!!,0.230,0.322,43,1
2024-11-28 00:12:48,Mild Yawn,0.269,0.301,44,1
2024-11-28 00:12:48,Mild Yawn,0.280,0.284,44,1
2024-11-28 00:12:49,Mild Yawn,0.396,0.437,44,1
2024-11-28 00:12:49,Mild Yawn,0.332,0.440,44,1
2024-11-28 00:12:49,Mild Yawn,0.369,0.433,44,1
2024-11-28 00:12:50,Mild Yawn,0.281,0.363,44,1
2024-11-28 00:12:50,Mild Yawn,0.366,0.408,44,1
2024-11-28 00:12:50,Mild Yawn,0.387,0.391,44,1
2024-11-28 00:12:50,Mild Yawn,0.412,0.457,44,1
2024-11-28 00:12:50,Mild Yawn,0.265,0.406,44,1
2024-11-28 00:12:50,Mild Yawn,0.338,0.419,44,1
2024-11-28 00:12:50,Mild Yawn,0.372,0.422,44,1
2024-11-28 00:12:50,Mild Yawn,0.350,0.393,44,1
2024-11-28 00:12:50,Mild Yawn,0.341,0.428,44,1
2024-11-28 00:12:50,Mild Yawn,0.359,0.394,44,1
2024-11-28 00:12:51,Mild Yawn,0.318,0.409,44,1
2024-11-28 00:12:51,Mild Yawn,0.277,0.432,44,1
2024-11-28 00:12:51,Mild Yawn,0.347,0.392,44,1
2024-11-28 00:12:51,Mild Yawn,0.335,0.395,44,1
2024-11-28 00:12:51,Mild Yawn,0.373,0.396,44,1
2024-11-28 00:12:51,Mild Yawn,0.337,0.400,44,1
2024-11-28 00:12:51,Mild Yawn,0.328,0.399,44,1
2024-11-28 00:12:51,Mild Yawn,0.169,0.401,44,1
2024-11-28 00:12:51,Mild Yawn,0.138,0.423,44,1
2024-11-28 00:12:51,SLEEPING !!!,0.189,0.292,44,1
2024-11-28 00:12:52,Mild Yawn,0.327,0.389,45,1
2024-11-28 00:12:52,Mild Yawn,0.174,0.379,45,1
2024-11-28 00:12:52,Mild Yawn,0.216,0.336,45,1
2024-11-28 00:12:52,SLEEPING !!!,0.179,0.278,45,1
2024-11-28 00:12:52,SLEEPING !!!,0.152,0.361,45,1
2024-11-28 00:12:52,SLEEPING !!!,0.118,0.336,45,1
2024-11-28 00:12:52,SLEEPING !!!,0.107,0.362,45,1
2024-11-28 00:12:52,SLEEPING !!!,0.098,0.399,45,1
2024-11-28 00:12:52,SLEEPING !!!,0.144,0.346,45,1
2024-11-28 00:12:52,SLEEPING !!!,0.115,0.338,45,1
2024-11-28 00:12:53,SLEEPING !!!,0.155,0.344,45,1
2024-11-28 00:12:53,SLEEPING !!!,0.125,0.283,45,1
2024-11-28 00:12:53,SLEEPING !!!,0.144,0.299,45,1
2024-11-28 00:12:53,SLEEPING !!!,0.145,0.248,45,1
2024-11-28 00:12:53,SLEEPING !!!,0.126,0.262,45,1
2024-11-28 00:12:53,SLEEPING !!!,0.117,0.296,45,1
2024-11-28 00:12:53,SLEEPING !!!,0.159,0.288,45,1
2024-11-28 00:12:53,SLEEPING !!!,0.229,0.356,45,1
2024-11-28 00:12:54,Mild Yawn,0.301,0.200,46,1
2024-11-28 00:12:54,Mild Yawn,0.303,0.212,46,1
2024-11-28 00:12:54,Mild Yawn,0.281,0.428,46,1
2024-11-28 00:12:54,Mild Yawn,0.200,0.253,46,1
2024-11-28 00:12:54,Mild Yawn,0.320,0.266,46,1
2024-11-28 00:12:54,Mild Yawn,0.284,0.344,46,1
2024-11-28 00:12:56,Mild Yawn,0.302,0.489,46,1
2024-11-28 00:12:56,Mild Yawn,0.177,0.380,46,1
2024-11-28 00:12:56,Mild Yawn,0.151,0.290,46,1
2024-11-28 00:12:56,SLEEPING !!!,0.190,0.278,46,1
2024-11-28 00:12:56,Mild Yawn,0.250,0.401,47,1
2024-11-28 00:12:56,Mild Yawn,0.198,0.278,47,1
2024-11-28 00:12:56,Mild Yawn,0.175,0.341,47,1
2024-11-28 00:12:56,SLEEPING !!!,0.149,0.260,47,1
2024-11-28 00:12:57,SLEEPING !!!,0.185,0.308,47,1
2024-11-28 00:12:57,Mild Yawn,0.264,0.321,48,1
2024-11-28 00:12:57,Mild Yawn,0.208,0.299,48,1
2024-11-28 00:12:57,Mild Yawn,0.207,0.285,48,1
2024-11-28 00:12:57,SLEEPING !!!,0.194,0.291,48,1
2024-11-28 00:12:57,SLEEPING !!!,0.184,0.243,48,1
2024-11-28 00:12:57,SLEEPING !!!,0.180,0.320,48,1
2024-11-28 00:12:58,SLEEPING !!!,0.151,0.228,48,1
2024-11-28 00:12:58,SLEEPING !!!,0.212,0.307,48,1
2024-11-28 00:12:58,SLEEPING !!!,0.161,0.228,48,1
2024-11-28 00:12:58,SLEEPING !!!,0.107,0.255,48,1
2024-11-28 00:12:58,SLEEPING !!!,0.096,0.239,48,1
2024-11-28 00:12:58,SLEEPING !!!,0.153,0.242,48,1
2024-11-28 00:12:58,SLEEPING !!!,0.146,0.267,48,1
2024-11-28 00:12:58,SLEEPING !!!,0.160,0.249,48,1
2024-11-28 00:12:58,SLEEPING !!!,0.141,0.241,48,1
2024-11-28 00:12:59,SLEEPING !!!,0.140,0.257,48,1
2024-11-28 00:12:59,SLEEPING !!!,0.239,0.244,48,1
2024-11-28 00:12:59,Mild Yawn,0.337,0.302,49,1
2024-11-28 00:12:59,Mild Yawn,0.358,0.331,49,1
2024-11-28 00:12:59,Mild Yawn,0.356,0.444,49,1
2024-11-28 00:12:59,Mild Yawn,0.358,0.340,49,1
2024-11-28 00:12:59,Mild Yawn,0.363,0.273,49,1
2024-11-28 00:12:59,Mild Yawn,0.327,0.359,49,1
2024-11-28 00:12:59,Mild Yawn,0.339,0.388,49,1
2024-11-28 00:12:59,Mild Yawn,0.324,0.392,49,1
2024-11-28 00:13:00,Mild Yawn,0.268,0.320,49,1
2024-11-28 00:13:00,Mild Yawn,0.239,0.359,49,1
2024-11-28 00:13:00,Mild Yawn,0.178,0.329,49,1
2024-11-28 00:13:00,Mild Yawn,0.252,0.341,49,1
2024-11-28 00:13:00,Mild Yawn,0.251,0.368,49,1
2024-11-28 00:13:00,Mild Yawn,0.272,0.386,49,1
2024-11-28 00:13:00,Mild Yawn,0.282,0.374,49,1
2024-11-28 00:13:00,Mild Yawn,0.264,0.338,49,1
2024-11-28 00:13:00,Mild Yawn,0.284,0.337,49,1
2024-11-28 00:13:01,Mild Yawn,0.293,0.335,49,1
2024-11-28 00:13:01,Mild Yawn,0.282,0.345,49,1
2024-11-28 00:13:01,Mild Yawn,0.300,0.343,49,1
2024-11-28 00:13:01,Mild Yawn,0.302,0.348,49,1
2024-11-28 00:13:01,Mild Yawn,0.290,0.359,49,1
2024-11-28 00:13:01,Mild Yawn,0.296,0.364,49,1
2024-11-28 00:13:01,Mild Yawn,0.276,0.342,49,1
2024-11-28 00:13:01,Mild Yawn,0.275,0.338,49,1
2024-11-28 00:13:01,Mild Yawn,0.292,0.324,49,1
2024-11-28 00:13:01,Mild Yawn,0.274,0.341,49,1
2024-11-28 00:13:02,Mild Yawn,0.287,0.334,49,1
2024-11-28 00:13:02,Mild Yawn,0.187,0.347,49,1
2024-11-28 00:13:02,Mild Yawn,0.103,0.317,49,1
2024-11-28 00:13:02,SLEEPING !!!,0.224,0.316,49,1
2024-11-28 00:13:02,Mild Yawn,0.263,0.338,50,1
2024-11-28 00:13:02,Mild Yawn,0.268,0.347,50,1
2024-11-28 00:13:02,Mild Yawn,0.288,0.337,50,1
2024-11-28 00:13:02,Mild Yawn,0.277,0.340,50,1
2024-11-28 00:13:02,Mild Yawn,0.299,0.369,50,1
2024-11-28 00:13:02,Mild Yawn,0.290,0.371,50,1
2024-11-28 00:13:03,Mild Yawn,0.291,0.354,50,1
2024-11-28 00:13:03,Mild Yawn,0.304,0.363,50,1
2024-11-28 00:13:03,Mild Yawn,0.297,0.350,50,1
2024-11-28 00:13:03,Mild Yawn,0.299,0.337,50,1
2024-11-28 00:13:03,Mild Yawn,0.266,0.335,50,1
2024-11-28 00:13:03,Mild Yawn,0.293,0.356,50,1
2024-11-28 00:13:03,Mild Yawn,0.301,0.353,50,1
2024-11-28 00:13:03,Mild Yawn,0.348,0.343,50,1
2024-11-28 00:13:03,Mild Yawn,0.329,0.309,50,1
2024-11-28 00:13:03,Mild Yawn,0.333,0.364,50,1
2024-11-28 00:13:04,Mild Yawn,0.343,0.341,50,1
2024-11-28 00:13:04,Mild Yawn,0.330,0.349,50,1
2024-11-28 00:13:04,Mild Yawn,0.349,0.369,50,1
2024-11-28 00:13:04,Mild Yawn,0.338,0.357,50,1
2024-11-28 00:13:04,Mild Yawn,0.289,0.366,50,1
2024-11-28 00:13:04,Mild Yawn,0.124,0.404,50,1
2024-11-28 00:13:04,Mild Yawn,0.260,0.360,50,1
2024-11-28 00:13:04,Mild Yawn,0.295,0.339,50,1
2024-11-28 00:13:04,Mild Yawn,0.308,0.366,50,1
2024-11-28 00:13:04,Mild Yawn,0.303,0.379,50,1
2024-11-28 00:13:05,Mild Yawn,0.332,0.360,50,1
2024-11-28 00:13:05,Mild Yawn,0.318,0.380,50,1
2024-11-28 00:13:05,Mild Yawn,0.330,0.369,50,1
2024-11-28 00:13:05,Mild Yawn,0.310,0.344,50,1
2024-11-28 00:13:05,Mild Yawn,0.318,0.351,50,1
2024-11-28 00:13:05,Mild Yawn,0.309,0.311,50,1
2024-11-28 00:13:05,Mild Yawn,0.314,0.384,50,1
2024-11-28 00:13:05,Mild Yawn,0.307,0.361,50,1
2024-11-28 00:13:05,Mild Yawn,0.324,0.364,50,1
2024-11-28 00:13:05,Mild Yawn,0.310,0.366,50,1
2024-11-28 00:13:06,Mild Yawn,0.298,0.380,50,1
2024-11-28 00:13:06,Mild Yawn,0.270,0.365,50,1
2024-11-28 00:13:06,Mild Yawn,0.312,0.387,50,1
2024-11-28 00:13:06,Mild Yawn,0.314,0.375,50,1
2024-11-28 00:13:06,Mild Yawn,0.310,0.372,50,1
2024-11-28 00:13:06,Mild Yawn,0.321,0.375,50,1
2024-11-28 00:13:06,Mild Yawn,0.331,0.358,50,1
2024-11-28 00:13:06,Mild Yawn,0.321,0.363,50,1
2024-11-28 00:13:06,Mild Yawn,0.317,0.363,50,1
2024-11-28 00:13:06,Mild Yawn,0.324,0.340,50,1
2024-11-28 00:13:07,Mild Yawn,0.325,0.340,50,1
2024-11-28 00:13:07,Mild Yawn,0.314,0.381,50,1
2024-11-28 00:13:07,Mild Yawn,0.326,0.348,50,1
2024-11-28 00:13:07,Mild Yawn,0.330,0.333,50,1
2024-11-28 00:13:07,Mild Yawn,0.328,0.375,50,1
2024-11-28 00:13:07,Mild Yawn,0.344,0.333,50,1
2024-11-28 00:13:07,Mild Yawn,0.304,0.361,50,1
2024-11-28 00:13:07,Mild Yawn,0.145,0.390,50,1
2024-11-28 00:13:07,Mild Yawn,0.200,0.369,50,1
2024-11-28 00:13:07,SLEEPING !!!,0.244,0.359,50,1
2024-11-28 00:13:08,Mild Yawn,0.265,0.365,51,1
2024-11-28 00:13:08,Mild Yawn,0.163,0.347,51,1
2024-11-28 00:13:08,Mild Yawn,0.087,0.368,51,1
2024-11-28 00:13:08,SLEEPING !!!,0.155,0.350,51,1
2024-11-28 00:13:08,SLEEPING !!!,0.219,0.379,51,1
2024-11-28 00:13:08,SLEEPING !!!,0.241,0.358,51,1
2024-11-28 00:13:08,Mild Yawn,0.269,0.369,52,1
2024-11-28 00:13:08,Mild Yawn,0.265,0.327,52,1
2024-11-28 00:13:08,Mild Yawn,0.228,0.378,52,1
2024-11-28 00:13:08,Mild Yawn,0.137,0.376,52,1
2024-11-28 00:13:09,SLEEPING !!!,0.219,0.363,52,1
2024-11-28 00:13:09,Mild Yawn,0.271,0.351,53,1
2024-11-28 00:13:09,Mild Yawn,0.282,0.361,53,1
2024-11-28 00:13:09,Mild Yawn,0.282,0.366,53,1
2024-11-28 00:13:09,Mild Yawn,0.279,0.375,53,1
2024-11-28 00:13:09,Mild Yawn,0.285,0.354,53,1
2024-11-28 00:13:09,Mild Yawn,0.280,0.368,53,1
2024-11-28 00:13:09,Mild Yawn,0.116,0.392,53,1
2024-11-28 00:13:09,Mild Yawn,0.182,0.381,53,1
2024-11-28 00:13:09,SLEEPING !!!,0.236,0.368,53,1
2024-11-28 00:13:10,Mild Yawn,0.266,0.370,54,1
2024-11-28 00:13:10,Mild Yawn,0.277,0.459,54,1
2024-11-28 00:13:10,Mild Yawn,0.310,0.399,54,1
2024-11-28 00:13:10,Mild Yawn,0.203,0.339,54,1
2024-11-28 00:13:10,Mild Yawn,0.113,0.367,54,1
2024-11-28 00:13:10,SLEEPING !!!,0.110,0.454,54,1
2024-11-28 00:13:10,Mild Yawn,0.275,0.398,55,1
2024-11-28 00:13:10,Mild Yawn,0.243,0.451,55,1
2024-11-28 00:13:10,Mild Yawn,0.244,0.439,55,1
2024-11-28 00:13:10,Mild Yawn,0.272,0.482,55,1
2024-11-28 00:13:11,Moderate Yawn !,0.182,0.621,55,1
2024-11-28 00:13:11,Mild Yawn,0.158,0.477,55,1
2024-11-28 00:13:11,Mild Yawn,0.263,0.450,55,1
2024-11-28 00:13:11,Mild Yawn,0.369,0.459,55,1
2024-11-28 00:13:11,Mild Yawn,0.358,0.447,55,1
2024-11-28 00:13:12,Mild Yawn,0.401,0.400,55,1
2024-11-28 00:13:13,Mild Yawn,0.363,0.417,55,1
2024-11-28 00:13:13,Mild Yawn,0.314,0.365,55,1
2024-11-28 00:13:13,Mild Yawn,0.195,0.402,55,1
2024-11-28 00:13:13,Mild Yawn,0.238,0.360,55,1
2024-11-28 00:13:13,SLEEPING !!!,0.221,0.393,55,1
2024-11-28 00:13:14,SLEEPING !!!,0.245,0.372,55,1
2024-11-28 00:13:14,SLEEPING !!!,0.240,0.391,55,1
2024-11-28 00:13:14,Mild Yawn,0.412,0.347,56,1
2024-11-28 00:13:14,Mild Yawn,0.347,0.336,56,1
2024-11-28 00:13:14,Mild Yawn,0.391,0.371,56,1
2024-11-28 00:13:14,Mild Yawn,0.343,0.349,56,1
2024-11-28 00:13:14,Mild Yawn,0.251,0.377,56,1
2024-11-28 00:13:14,Mild Yawn,0.234,0.339,56,1
2024-11-28 00:13:14,Mild Yawn,0.392,0.345,56,1
2024-11-28 00:13:15,Mild Yawn,0.329,0.323,56,1
2024-11-28 00:13:15,Mild Yawn,0.188,0.375,56,1
2024-11-28 00:13:15,Mild Yawn,0.241,0.390,56,1
2024-11-28 00:13:15,SLEEPING !!!,0.128,0.376,56,1
2024-11-28 00:13:15,SLEEPING !!!,0.117,0.376,56,1
2024-11-28 00:13:15,SLEEPING !!!,0.143,0.361,56,1
2024-11-28 00:13:15,SLEEPING !!!,0.142,0.369,56,1
2024-11-28 00:13:15,SLEEPING !!!,0.149,0.364,56,1
2024-11-28 00:13:15,SLEEPING !!!,0.158,0.358,56,1
2024-11-28 00:13:15,SLEEPING !!!,0.152,0.414,56,1
2024-11-28 00:13:16,SLEEPING !!!,0.135,0.414,56,1
2024-11-28 00:13:16,SLEEPING !!!,0.166,0.369,56,1
2024-11-28 00:13:16,SLEEPING !!!,0.181,0.374,56,1
2024-11-28 00:13:16,SLEEPING !!!,0.225,0.357,56,1
2024-11-28 00:13:16,SLEEPING !!!,0.177,0.335,56,1
2024-11-28 00:13:16,SLEEPING !!!,0.164,0.346,56,1
2024-11-28 00:13:16,SLEEPING !!!,0.177,0.393,56,1
2024-11-28 00:13:16,SLEEPING !!!,0.140,0.360,56,1
2024-11-28 00:13:16,SLEEPING !!!,0.115,0.358,56,1
2024-11-28 00:13:16,SLEEPING !!!,0.121,0.352,56,1
2024-11-28 00:13:17,SLEEPING !!!,0.157,0.343,56,1
2024-11-28 00:13:18,SLEEPING !!!,0.240,0.410,56,1
2024-11-28 00:13:18,Mild Yawn,0.286,0.412,57,1
2024-11-28 00:13:19,Mild Yawn,0.203,0.322,57,1
2024-11-28 00:13:19,Mild Yawn,0.237,0.324,57,1
2024-11-28 00:13:20,Mild Yawn,0.261,0.358,57,1
2024-11-28 00:13:20,Mild Yawn,0.298,0.362,57,1
2024-11-28 00:13:20,Mild Yawn,0.275,0.342,57,1
2024-11-28 00:13:20,Mild Yawn,0.276,0.363,57,1
2024-11-28 00:13:20,Mild Yawn,0.314,0.417,57,1
2024-11-28 00:13:20,Mild Yawn,0.319,0.473,57,1
2024-11-28 00:13:20,Mild Yawn,0.284,0.440,57,1
2024-11-28 00:13:20,Mild Yawn,0.301,0.397,57,1
2024-11-28 00:13:20,Mild Yawn,0.257,0.433,57,1
2024-11-28 00:13:20,Mild Yawn,0.288,0.417,57,1
2024-11-28 00:13:21,Mild Yawn,0.170,0.460,57,1
2024-11-28 00:13:21,Mild Yawn,0.166,0.479,57,1
2024-11-28 00:13:21,SLEEPING !!!,0.230,0.397,57,1
2024-11-28 00:13:21,Mild Yawn,0.297,0.435,58,1
2024-11-28 00:13:22,Mild Yawn,0.298,0.416,58,1
2024-11-28 00:13:22,Mild Yawn,0.146,0.427,58,1
2024-11-28 00:13:22,Mild Yawn,0.233,0.354,58,1
2024-11-28 00:13:22,Mild Yawn,0.261,0.409,58,1
2024-11-28 00:13:22,Mild Yawn,0.282,0.414,58,1
2024-11-28 00:13:22,Mild Yawn,0.322,0.411,58,1
2024-11-28 00:13:22,Mild Yawn,0.317,0.371,58,1
2024-11-28 00:13:22,Mild Yawn,0.335,0.344,58,1
2024-11-28 00:13:22,Mild Yawn,0.328,0.329,58,1
2024-11-28 00:13:22,Mild Yawn,0.320,0.346,58,1
2024-11-28 00:13:23,Mild Yawn,0.311,0.398,58,1
2024-11-28 00:13:23,Mild Yawn,0.288,0.423,58,1
2024-11-28 00:13:23,Mild Yawn,0.274,0.427,58,1
2024-11-28 00:13:23,Mild Yawn,0.292,0.348,58,1
2024-11-28 00:13:23,Mild Yawn,0.281,0.369,58,1
2024-11-28 00:13:23,Mild Yawn,0.266,0.358,58,1
2024-11-28 00:13:23,Mild Yawn,0.272,0.347,58,1
2024-11-28 00:13:23,Mild Yawn,0.292,0.374,58,1
2024-11-28 00:13:23,Mild Yawn,0.277,0.362,58,1
2024-11-28 00:13:23,Mild Yawn,0.297,0.361,58,1
2024-11-28 00:13:24,Mild Yawn,0.286,0.349,58,1
2024-11-28 00:13:24,Mild Yawn,0.295,0.344,58,1
2024-11-28 00:13:24,Mild Yawn,0.290,0.366,58,1
2024-11-28 00:13:24,Mild Yawn,0.283,0.381,58,1
2024-11-28 00:13:24,Mild Yawn,0.295,0.344,58,1
2024-11-28 00:13:24,Mild Yawn,0.272,0.410,58,1
2024-11-28 00:13:24,Mild Yawn,0.278,0.412,58,1
2024-11-28 00:13:24,Mild Yawn,0.247,0.386,58,1
2024-11-28 00:13:24,Mild Yawn,0.179,0.336,58,1
2024-11-28 00:13:24,SLEEPING !!!,0.179,0.400,58,1
2024-11-28 00:13:25,SLEEPING !!!,0.133,0.344,58,1
2024-11-28 00:13:25,SLEEPING !!!,0.177,0.344,58,1
2024-11-28 00:13:25,SLEEPING !!!,0.175,0.368,58,1
2024-11-28 00:13:25,SLEEPING !!!,0.187,0.353,58,1
2024-11-28 00:13:25,SLEEPING !!!,0.167,0.371,58,1
2024-11-28 00:13:25,SLEEPING !!!,0.177,0.344,58,1
2024-11-28 00:13:25,SLEEPING !!!,0.158,0.346,58,1
2024-11-28 00:13:25,SLEEPING !!!,0.173,0.361,58,1
2024-11-28 00:13:25,SLEEPING !!!,0.143,0.367,58,1
2024-11-28 00:13:25,SLEEPING !!!,0.166,0.362,58,1
2024-11-28 00:13:26,SLEEPING !!!,0.224,0.363,58,1
2024-11-28 00:13:26,SLEEPING !!!,0.224,0.309,58,1
2024-11-28 00:13:26,Mild Yawn,0.250,0.324,59,1
2024-11-28 00:13:26,Mild Yawn,0.229,0.275,59,1
2024-11-28 00:13:26,Mild Yawn,0.152,0.334,59,1
2024-11-28 00:13:26,SLEEPING !!!,0.128,0.384,59,1
2024-11-28 00:13:26,SLEEPING !!!,0.135,0.386,59,1
2024-11-28 00:13:26,SLEEPING !!!,0.135,0.380,59,1
2024-11-28 00:13:26,SLEEPING !!!,0.168,0.322,59,1
2024-11-28 00:13:27,SLEEPING !!!,0.175,0.386,59,1
2024-11-28 00:13:27,SLEEPING !!!,0.138,0.361,59,1
2024-11-28 00:13:27,SLEEPING !!!,0.141,0.383,59,1
2024-11-28 00:13:27,SLEEPING !!!,0.156,0.399,59,1
2024-11-28 00:13:27,SLEEPING !!!,0.149,0.384,59,1
2024-11-28 00:13:27,SLEEPING !!!,0.135,0.402,59,1
2024-11-28 00:13:27,SLEEPING !!!,0.164,0.374,59,1
2024-11-28 00:13:27,SLEEPING !!!,0.187,0.377,59,1
2024-11-28 00:13:27,SLEEPING !!!,0.174,0.354,59,1
2024-11-28 00:13:27,SLEEPING !!!,0.202,0.346,59,1
2024-11-28 00:13:27,SLEEPING !!!,0.185,0.330,59,1
2024-11-28 00:13:28,SLEEPING !!!,0.194,0.346,59,1
2024-11-28 00:13:28,SLEEPING !!!,0.200,0.306,59,1
2024-11-28 00:13:28,SLEEPING !!!,0.174,0.344,59,1
2024-11-28 00:13:28,SLEEPING !!!,0.176,0.348,59,1
2024-11-28 00:13:28,SLEEPING !!!,0.179,0.377,59,1
2024-11-28 00:13:28,SLEEPING !!!,0.178,0.361,59,1
2024-11-28 00:13:28,SLEEPING !!!,0.175,0.368,59,1
2024-11-28 00:13:28,SLEEPING !!!,0.167,0.370,59,1
2024-11-28 00:13:28,SLEEPING !!!,0.182,0.360,59,1
2024-11-28 00:13:28,SLEEPING !!!,0.191,0.387,59,1
2024-11-28 00:13:29,SLEEPING !!!,0.219,0.372,59,1
2024-11-28 00:13:29,Mild Yawn,0.261,0.363,60,1
2024-11-28 00:13:29,Mild Yawn,0.266,0.379,60,1
2024-11-28 00:13:29,Mild Yawn,0.260,0.350,60,1
2024-11-28 00:13:29,Mild Yawn,0.280,0.351,60,1
2024-11-28 00:13:29,Mild Yawn,0.282,0.333,60,1
2024-11-28 00:13:29,Mild Yawn,0.208,0.346,60,1
2024-11-28 00:13:29,Mild Yawn,0.192,0.353,60,1
2024-11-28 00:13:29,SLEEPING !!!,0.191,0.343,60,1
2024-11-28 00:13:30,SLEEPING !!!,0.181,0.344,60,1
2024-11-28 00:13:30,SLEEPING !!!,0.175,0.337,60,1
2024-11-28 00:13:30,SLEEPING !!!,0.173,0.346,60,1
2024-11-28 00:13:30,SLEEPING !!!,0.169,0.346,60,1
2024-11-28 00:13:30,SLEEPING !!!,0.177,0.344,60,1
2024-11-28 00:13:30,SLEEPING !!!,0.178,0.356,60,1
2024-11-28 00:13:30,SLEEPING !!!,0.193,0.358,60,1
2024-11-28 00:13:30,SLEEPING !!!,0.184,0.356,60,1
2024-11-28 00:13:30,SLEEPING !!!,0.177,0.368,60,1
2024-11-28 00:13:30,SLEEPING !!!,0.177,0.370,60,1
2024-11-28 00:13:31,SLEEPING !!!,0.173,0.374,60,1
2024-11-28 00:13:31,SLEEPING !!!,0.185,0.354,60,1
2024-11-28 00:13:31,SLEEPING !!!,0.176,0.379,60,1
2024-11-28 00:13:31,SLEEPING !!!,0.198,0.384,60,1
2024-11-28 00:13:31,Mild Yawn,0.287,0.383,61,1
2024-11-28 00:13:31,Mild Yawn,0.260,0.383,61,1
2024-11-28 00:13:31,Mild Yawn,0.281,0.387,61,1
2024-11-28 00:13:31,Mild Yawn,0.209,0.377,61,1
2024-11-28 00:13:31,Mild Yawn,0.173,0.422,61,1
2024-11-28 00:13:31,SLEEPING !!!,0.161,0.380,61,1
2024-11-28 00:13:32,SLEEPING !!!,0.166,0.368,61,1
2024-11-28 00:13:32,SLEEPING !!!,0.138,0.406,61,1
2024-11-28 00:13:32,SLEEPING !!!,0.149,0.370,61,1
2024-11-28 00:13:32,SLEEPING !!!,0.182,0.363,61,1
2024-11-28 00:13:32,SLEEPING !!!,0.202,0.365,61,1
2024-11-28 00:13:32,SLEEPING !!!,0.187,0.370,61,1
2024-11-28 00:13:32,SLEEPING !!!,0.191,0.342,61,1
2024-11-28 00:13:32,SLEEPING !!!,0.205,0.351,61,1
2024-11-28 00:13:32,SLEEPING !!!,0.167,0.358,61,1
2024-11-28 00:13:32,SLEEPING !!!,0.177,0.361,61,1
2024-11-28 00:13:33,SLEEPING !!!,0.185,0.369,61,1
2024-11-28 00:13:33,SLEEPING !!!,0.181,0.324,61,1
2024-11-28 00:13:33,SLEEPING !!!,0.173,0.344,61,1
2024-11-28 00:13:33,SLEEPING !!!,0.214,0.383,61,1
2024-11-28 00:13:33,Mild Yawn,0.261,0.361,62,1
2024-11-28 00:13:33,Mild Yawn,0.275,0.388,62,1
2024-11-28 00:13:33,Mild Yawn,0.291,0.374,62,1
2024-11-28 00:13:33,Mild Yawn,0.281,0.380,62,1
2024-11-28 00:13:33,Mild Yawn,0.285,0.391,62,1
2024-11-28 00:13:33,Mild Yawn,0.285,0.360,62,1
2024-11-28 00:13:34,Mild Yawn,0.251,0.374,62,1
2024-11-28 00:13:34,Mild Yawn,0.271,0.353,62,1
2024-11-28 00:13:34,Mild Yawn,0.187,0.362,62,1
2024-11-28 00:13:34,Mild Yawn,0.146,0.366,62,1
2024-11-28 00:13:34,SLEEPING !!!,0.191,0.346,62,1
2024-11-28 00:13:34,SLEEPING !!!,0.219,0.381,62,1
2024-11-28 00:13:34,SLEEPING !!!,0.240,0.378,62,1
2024-11-28 00:13:34,SLEEPING !!!,0.215,0.355,62,1
2024-11-28 00:13:34,SLEEPING !!!,0.156,0.362,62,1
2024-11-28 00:13:34,SLEEPING !!!,0.167,0.342,62,1
2024-11-28 00:13:35,SLEEPING !!!,0.189,0.327,62,1
2024-11-28 00:13:35,SLEEPING !!!,0.207,0.319,62,1
2024-11-28 00:13:35,SLEEPING !!!,0.170,0.356,62,1
2024-11-28 00:13:35,SLEEPING !!!,0.203,0.385,62,1
2024-11-28 00:13:35,SLEEPING !!!,0.204,0.337,62,1
2024-11-28 00:13:35,SLEEPING !!!,0.191,0.387,62,1
2024-11-28 00:13:35,SLEEPING !!!,0.198,0.343,62,1
2024-11-28 00:13:35,SLEEPING !!!,0.189,0.365,62,1
2024-11-28 00:13:35,SLEEPING !!!,0.177,0.376,62,1
2024-11-28 00:13:35,Mild Yawn,0.255,0.373,63,1
2024-11-28 00:13:36,Mild Yawn,0.290,0.369,63,1
2024-11-28 00:13:36,Mild Yawn,0.299,0.387,63,1
2024-11-28 00:13:36,Mild Yawn,0.315,0.394,63,1
2024-11-28 00:13:36,Mild Yawn,0.303,0.385,63,1
2024-11-28 00:13:36,Mild Yawn,0.311,0.379,63,1
2024-11-28 00:13:36,Mild Yawn,0.284,0.392,63,1
2024-11-28 00:13:36,Mild Yawn,0.287,0.397,63,1
2024-11-28 00:13:36,Mild Yawn,0.272,0.371,63,1
2024-11-28 00:13:36,Mild Yawn,0.256,0.387,63,1
2024-11-28 00:13:36,Mild Yawn,0.181,0.373,63,1
2024-11-28 00:13:37,Mild Yawn,0.206,0.376,63,1
2024-11-28 00:13:37,SLEEPING !!!,0.208,0.380,63,1
2024-11-28 00:13:37,SLEEPING !!!,0.200,0.373,63,1
2024-11-28 00:13:37,SLEEPING !!!,0.220,0.388,63,1
2024-11-28 00:13:37,SLEEPING !!!,0.237,0.369,63,1
2024-11-28 00:13:37,SLEEPING !!!,0.245,0.395,63,1
2024-11-28 00:13:37,SLEEPING !!!,0.246,0.374,63,1
2024-11-28 00:13:37,SLEEPING !!!,0.240,0.405,63,1
2024-11-28 00:13:37,SLEEPING !!!,0.195,0.402,63,1
2024-11-28 00:13:37,SLEEPING !!!,0.193,0.373,63,1
2024-11-28 00:13:38,SLEEPING !!!,0.147,0.362,63,1
2024-11-28 00:13:38,SLEEPING !!!,0.168,0.394,63,1
2024-11-28 00:13:38,SLEEPING !!!,0.184,0.389,63,1
2024-11-28 00:13:38,Mild Yawn,0.280,0.392,64,1
2024-11-28 00:13:38,Mild Yawn,0.270,0.371,64,1
2024-11-28 00:13:38,Mild Yawn,0.271,0.366,64,1
2024-11-28 00:13:38,Mild Yawn,0.290,0.382,64,1
2024-11-28 00:13:38,Mild Yawn,0.269,0.365,64,1
2024-11-28 00:13:38,Mild Yawn,0.241,0.363,64,1
2024-11-28 00:13:38,Mild Yawn,0.161,0.396,64,1
2024-11-28 00:13:39,SLEEPING !!!,0.150,0.391,64,1
2024-11-28 00:13:39,SLEEPING !!!,0.177,0.377,64,1
2024-11-28 00:13:39,SLEEPING !!!,0.161,0.389,64,1
2024-11-28 00:13:39,SLEEPING !!!,0.167,0.363,64,1
2024-11-28 00:13:39,SLEEPING !!!,0.180,0.370,64,1
2024-11-28 00:13:39,SLEEPING !!!,0.168,0.387,64,1
2024-11-28 00:13:39,SLEEPING !!!,0.204,0.383,64,1
2024-11-28 00:13:39,SLEEPING !!!,0.198,0.381,64,1
2024-11-28 00:13:39,SLEEPING !!!,0.221,0.362,64,1
2024-11-28 00:13:39,SLEEPING !!!,0.231,0.388,64,1
2024-11-28 00:13:40,Mild Yawn,0.280,0.372,65,1
2024-11-28 00:13:40,Mild Yawn,0.194,0.394,65,1
2024-11-28 00:13:40,Mild Yawn,0.168,0.396,65,1
2024-11-28 00:13:40,SLEEPING !!!,0.185,0.398,65,1
2024-11-28 00:13:40,SLEEPING !!!,0.186,0.404,65,1
2024-11-28 00:13:40,SLEEPING !!!,0.177,0.382,65,1
2024-11-28 00:13:40,SLEEPING !!!,0.195,0.395,65,1
2024-11-28 00:13:40,SLEEPING !!!,0.184,0.412,65,1
2024-11-28 00:13:40,SLEEPING !!!,0.170,0.379,65,1
2024-11-28 00:13:40,SLEEPING !!!,0.177,0.372,65,1
2024-11-28 00:13:41,SLEEPING !!!,0.205,0.393,65,1
2024-11-28 00:13:41,SLEEPING !!!,0.209,0.382,65,1
2024-11-28 00:13:41,SLEEPING !!!,0.165,0.371,65,1
2024-11-28 00:13:41,SLEEPING !!!,0.173,0.369,65,1
2024-11-28 00:13:41,SLEEPING !!!,0.177,0.394,65,1
2024-11-28 00:13:41,SLEEPING !!!,0.170,0.362,65,1
2024-11-28 00:13:41,Mild Yawn,0.251,0.364,66,1
2024-11-28 00:13:41,Mild Yawn,0.266,0.390,66,1
2024-11-28 00:13:41,Mild Yawn,0.301,0.390,66,1
2024-11-28 00:13:41,Mild Yawn,0.275,0.383,66,1
2024-11-28 00:13:42,Mild Yawn,0.274,0.363,66,1
2024-11-28 00:13:42,Mild Yawn,0.241,0.353,66,1
2024-11-28 00:13:42,Mild Yawn,0.167,0.386,66,1
2024-11-28 00:13:42,SLEEPING !!!,0.165,0.381,66,1
2024-11-28 00:13:42,SLEEPING !!!,0.225,0.367,66,1
2024-11-28 00:13:42,SLEEPING !!!,0.194,0.355,66,1
2024-11-28 00:13:42,Mild Yawn,0.252,0.344,67,1
2024-11-28 00:13:42,Mild Yawn,0.276,0.340,67,1
2024-11-28 00:13:42,Mild Yawn,0.229,0.327,67,1
2024-11-28 00:13:42,Mild Yawn,0.245,0.337,67,1
2024-11-28 00:13:43,Mild Yawn,0.251,0.333,67,1
2024-11-28 00:13:43,Mild Yawn,0.265,0.352,67,1
2024-11-28 00:13:43,Mild Yawn,0.270,0.347,67,1
2024-11-28 00:13:43,Mild Yawn,0.266,0.389,67,1
2024-11-28 00:13:43,Mild Yawn,0.287,0.348,67,1
2024-11-28 00:13:43,Mild Yawn,0.219,0.365,67,1
2024-11-28 00:13:43,Mild Yawn,0.167,0.360,67,1
2024-11-28 00:13:43,SLEEPING !!!,0.206,0.353,67,1
2024-11-28 00:13:43,SLEEPING !!!,0.181,0.335,67,1
2024-11-28 00:13:43,SLEEPING !!!,0.198,0.425,67,1
2024-11-28 00:13:44,SLEEPING !!!,0.147,0.429,67,1
2024-11-28 00:13:44,SLEEPING !!!,0.168,0.411,67,1
2024-11-28 00:13:44,SLEEPING !!!,0.163,0.429,67,1
2024-11-28 00:13:44,SLEEPING !!!,0.163,0.394,67,1
2024-11-28 00:13:44,SLEEPING !!!,0.245,0.356,67,1
2024-11-28 00:13:44,SLEEPING !!!,0.246,0.379,67,1
2024-11-28 00:13:44,Mild Yawn,0.307,0.360,68,1
2024-11-28 00:13:44,Mild Yawn,0.298,0.399,68,1
2024-11-28 00:13:44,Mild Yawn,0.285,0.399,68,1
2024-11-28 00:13:44,Mild Yawn,0.170,0.374,68,1
2024-11-28 00:13:45,Mild Yawn,0.159,0.385,68,1
2024-11-28 00:13:45,SLEEPING !!!,0.167,0.379,68,1
2024-11-28 00:13:45,SLEEPING !!!,0.168,0.363,68,1
2024-11-28 00:13:45,SLEEPING !!!,0.157,0.370,68,1
2024-11-28 00:13:45,SLEEPING !!!,0.178,0.358,68,1
2024-11-28 00:13:45,SLEEPING !!!,0.191,0.370,68,1
2024-11-28 00:13:45,SLEEPING !!!,0.164,0.323,68,1
2024-11-28 00:13:45,SLEEPING !!!,0.170,0.382,68,1
2024-11-28 00:13:45,SLEEPING !!!,0.218,0.374,68,1
2024-11-28 00:13:45,SLEEPING !!!,0.241,0.360,68,1
2024-11-28 00:13:46,Mild Yawn,0.275,0.382,69,1
2024-11-28 00:13:46,Mild Yawn,0.281,0.351,69,1
2024-11-28 00:13:46,Mild Yawn,0.239,0.374,69,1
2024-11-28 00:13:46,Mild Yawn,0.149,0.375,69,1
2024-11-28 00:13:46,SLEEPING !!!,0.128,0.357,69,1
2024-11-28 00:13:46,SLEEPING !!!,0.153,0.358,69,1
2024-11-28 00:13:46,SLEEPING !!!,0.167,0.413,69,1
2024-11-28 00:13:46,SLEEPING !!!,0.163,0.388,69,1
2024-11-28 00:13:46,SLEEPING !!!,0.138,0.381,69,1
2024-11-28 00:13:46,SLEEPING !!!,0.159,0.377,69,1
2024-11-28 00:13:47,SLEEPING !!!,0.167,0.395,69,1
2024-11-28 00:13:47,SLEEPING !!!,0.178,0.384,69,1
2024-11-28 00:13:47,SLEEPING !!!,0.250,0.375,69,1
2024-11-28 00:13:47,Mild Yawn,0.257,0.390,70,1
2024-11-28 00:13:47,Mild Yawn,0.281,0.402,70,1
2024-11-28 00:13:47,Mild Yawn,0.178,0.370,70,1
2024-11-28 00:13:47,Mild Yawn,0.250,0.379,70,1
2024-11-28 00:13:47,Mild Yawn,0.250,0.395,70,1
2024-11-28 00:13:47,Mild Yawn,0.177,0.376,70,1
2024-11-28 00:13:47,Mild Yawn,0.159,0.385,70,1
2024-11-28 00:13:48,SLEEPING !!!,0.170,0.413,70,1
2024-11-28 00:13:48,SLEEPING !!!,0.162,0.382,70,1
2024-11-28 00:13:48,SLEEPING !!!,0.152,0.351,70,1
2024-11-28 00:13:48,SLEEPING !!!,0.164,0.344,70,1
2024-11-28 00:13:48,SLEEPING !!!,0.213,0.368,70,1
2024-11-28 00:13:48,SLEEPING !!!,0.170,0.382,70,1
2024-11-28 00:13:48,SLEEPING !!!,0.168,0.397,70,1
2024-11-28 00:13:48,SLEEPING !!!,0.142,0.396,70,1
2024-11-28 00:13:48,SLEEPING !!!,0.164,0.392,70,1
2024-11-28 00:13:48,SLEEPING !!!,0.180,0.418,70,1
2024-11-28 00:13:49,SLEEPING !!!,0.188,0.372,70,1
2024-11-28 00:13:49,SLEEPING !!!,0.184,0.405,70,1
2024-11-28 00:13:49,SLEEPING !!!,0.154,0.448,70,1
2024-11-28 00:13:49,SLEEPING !!!,0.134,0.446,70,1
2024-11-28 00:13:49,SLEEPING !!!,0.190,0.463,70,1
2024-11-28 00:13:49,SLEEPING !!!,0.199,0.516,70,1
2024-11-28 00:13:49,SLEEPING !!!,0.153,0.472,70,1
2024-11-28 00:13:49,SLEEPING !!!,0.162,0.399,70,1
2024-11-28 00:13:49,SLEEPING !!!,0.164,0.395,70,1
2024-11-28 00:13:49,SLEEPING !!!,0.208,0.373,70,1
2024-11-28 00:13:50,SLEEPING !!!,0.208,0.385,70,1
2024-11-28 00:13:50,SLEEPING !!!,0.162,0.399,70,1
2024-11-28 00:13:50,SLEEPING !!!,0.163,0.426,70,1
2024-11-28 00:13:50,SLEEPING !!!,0.125,0.455,70,1
2024-11-28 00:13:50,SLEEPING !!!,0.137,0.454,70,1
2024-11-28 00:13:50,SLEEPING !!!,0.153,0.455,70,1
2024-11-28 00:13:50,SLEEPING !!!,0.153,0.464,70,1
2024-11-28 00:13:50,SLEEPING !!!,0.167,0.447,70,1
2024-11-28 00:13:50,SLEEPING !!!,0.161,0.464,70,1
2024-11-28 00:13:50,SLEEPING !!!,0.183,0.386,70,1
2024-11-28 00:13:51,SLEEPING !!!,0.170,0.362,70,1
2024-11-28 00:13:51,SLEEPING !!!,0.236,0.380,70,1
2024-11-28 00:13:51,Mild Yawn,0.295,0.355,71,1
2024-11-28 00:13:51,Mild Yawn,0.305,0.353,71,1
2024-11-28 00:13:51,Mild Yawn,0.293,0.369,71,1
2024-11-28 00:13:51,Mild Yawn,0.301,0.380,71,1
2024-11-28 00:13:51,Mild Yawn,0.303,0.365,71,1
2024-11-28 00:13:51,Mild Yawn,0.280,0.371,71,1
2024-11-28 00:13:51,Mild Yawn,0.206,0.409,71,1
2024-11-28 00:13:51,Mild Yawn,0.174,0.370,71,1
2024-11-28 00:13:52,SLEEPING !!!,0.166,0.376,71,1
2024-11-28 00:13:52,SLEEPING !!!,0.164,0.376,71,1
2024-11-28 00:13:52,SLEEPING !!!,0.168,0.362,71,1
2024-11-28 00:13:52,SLEEPING !!!,0.163,0.365,71,1
2024-11-28 00:13:52,SLEEPING !!!,0.185,0.441,71,1
2024-11-28 00:13:52,SLEEPING !!!,0.186,0.365,71,1
2024-11-28 00:13:52,SLEEPING !!!,0.150,0.417,71,1
2024-11-28 00:13:52,SLEEPING !!!,0.167,0.382,71,1
2024-11-28 00:13:52,SLEEPING !!!,0.194,0.384,71,1
2024-11-28 00:13:52,SLEEPING !!!,0.195,0.400,71,1
2024-11-28 00:13:53,SLEEPING !!!,0.163,0.392,71,1
2024-11-28 00:13:53,SLEEPING !!!,0.151,0.372,71,1
2024-11-28 00:13:53,Mild Yawn,0.265,0.373,72,1
2024-11-28 00:13:53,Mild Yawn,0.327,0.378,72,1
2024-11-28 00:13:53,Mild Yawn,0.340,0.359,72,1
2024-11-28 00:13:53,Mild Yawn,0.331,0.397,72,1
2024-11-28 00:13:53,Mild Yawn,0.323,0.389,72,1
2024-11-28 00:13:53,Mild Yawn,0.310,0.379,72,1
2024-11-28 00:13:53,Mild Yawn,0.314,0.360,72,1
2024-11-28 00:13:53,Mild Yawn,0.311,0.373,72,1
2024-11-28 00:13:54,Mild Yawn,0.297,0.362,72,1
2024-11-28 00:13:54,Mild Yawn,0.270,0.366,72,1
2024-11-28 00:13:54,Mild Yawn,0.302,0.367,72,1
2024-11-28 00:13:54,Mild Yawn,0.215,0.364,72,1
2024-11-28 00:13:54,Mild Yawn,0.163,0.348,72,1
2024-11-28 00:13:54,SLEEPING !!!,0.146,0.351,72,1
2024-11-28 00:13:54,SLEEPING !!!,0.174,0.348,72,1
2024-11-28 00:13:54,SLEEPING !!!,0.221,0.357,72,1
2024-11-28 00:13:54,Mild Yawn,0.269,0.337,73,1
2024-11-28 00:13:54,Mild Yawn,0.293,0.330,73,1
2024-11-28 00:13:55,Mild Yawn,0.275,0.320,73,1
2024-11-28 00:13:55,Mild Yawn,0.269,0.346,73,1
2024-11-28 00:13:55,Mild Yawn,0.284,0.357,73,1
2024-11-28 00:13:55,Mild Yawn,0.302,0.344,73,1
2024-11-28 00:13:55,Mild Yawn,0.276,0.335,73,1
2024-11-28 00:13:55,Mild Yawn,0.255,0.337,73,1
2024-11-28 00:13:55,Mild Yawn,0.202,0.351,73,1
2024-11-28 00:13:55,Mild Yawn,0.197,0.351,73,1
2024-11-28 00:13:55,SLEEPING !!!,0.201,0.322,73,1
2024-11-28 00:13:55,SLEEPING !!!,0.216,0.412,73,1
2024-11-28 00:13:56,SLEEPING !!!,0.241,0.444,73,1
2024-11-28 00:14:05,Mild Yawn,0.304,0.367,74,1
2024-11-28 00:14:05,Mild Yawn,0.326,0.434,74,1
2024-11-28 00:14:05,Mild Yawn,0.281,0.351,74,1
2024-11-28 00:14:06,Mild Yawn,0.271,0.347,74,1
2024-11-28 00:14:06,Mild Yawn,0.287,0.366,74,1
2024-11-28 00:14:06,Mild Yawn,0.306,0.494,74,1
2024-11-28 00:14:06,Mild Yawn,0.311,0.357,74,1
2024-11-28 00:14:06,Mild Yawn,0.301,0.369,74,1
2024-11-28 00:14:06,Mild Yawn,0.242,0.338,74,1
2024-11-28 00:14:06,Mild Yawn,0.278,0.344,74,1
2024-11-28 00:14:06,Mild Yawn,0.199,0.406,74,1
2024-11-28 00:14:06,Mild Yawn,0.226,0.335,74,1
2024-11-28 00:14:07,SLEEPING !!!,0.209,0.458,74,1
2024-11-28 00:14:07,SLEEPING !!!,0.192,0.378,74,1
2024-11-28 00:14:07,SLEEPING !!!,0.211,0.303,74,1
2024-11-28 00:14:07,SLEEPING !!!,0.210,0.428,74,1
2024-11-28 00:14:07,SLEEPING !!!,0.226,0.458,74,1
2024-11-28 00:14:07,SLEEPING !!!,0.222,0.391,74,1
2024-11-28 00:14:07,SLEEPING !!!,0.243,0.306,74,1
2024-11-28 00:14:10,Mild Yawn,0.284,0.469,75,1
2024-11-28 00:14:10,Mild Yawn,0.295,0.465,75,1
2024-11-28 00:14:10,Mild Yawn,0.285,0.452,75,1
2024-11-28 00:14:12,Mild Yawn,0.293,0.384,75,1
2024-11-28 00:14:12,Mild Yawn,0.262,0.372,75,1
2024-11-28 00:14:12,Mild Yawn,0.247,0.388,75,1
2024-11-28 00:14:13,Mild Yawn,0.277,0.384,75,1
2024-11-28 00:14:13,Mild Yawn,0.202,0.381,75,1
2024-11-28 00:14:13,Mild Yawn,0.221,0.389,75,1
2024-11-28 00:14:13,SLEEPING !!!,0.227,0.380,75,1
2024-11-28 00:14:14,SLEEPING !!!,0.201,0.375,75,1
2024-11-28 00:14:14,SLEEPING !!!,0.234,0.369,75,1
2024-11-28 00:14:18,SLEEPING !!!,0.239,0.397,75,1
2024-11-28 00:14:18,Mild Yawn,0.257,0.431,76,1
2024-11-28 00:14:24,Mild Yawn,0.263,0.373,76,1
2024-11-28 00:14:25,Mild Yawn,0.238,0.378,76,1
2024-11-28 00:14:25,Mild Yawn,0.242,0.347,76,1
2024-11-28 00:14:25,SLEEPING !!!,0.235,0.311,76,1
2024-11-28 00:14:25,SLEEPING !!!,0.219,0.354,76,1
2024-11-28 00:14:25,SLEEPING !!!,0.220,0.285,76,1
2024-11-28 00:14:25,SLEEPING !!!,0.248,0.349,76,1
2024-11-28 00:14:25,SLEEPING !!!,0.202,0.385,76,1
2024-11-28 00:14:25,Mild Yawn,0.254,0.339,77,1
2024-11-28 00:14:25,Mild Yawn,0.265,0.330,77,1
2024-11-28 00:14:25,Mild Yawn,0.219,0.351,77,1
2024-11-28 00:14:26,Mild Yawn,0.257,0.355,77,1
2024-11-28 00:14:26,Mild Yawn,0.241,0.381,77,1
2024-11-28 00:14:26,Mild Yawn,0.182,0.366,77,1
2024-11-28 00:14:26,SLEEPING !!!,0.186,0.472,77,1
2024-11-28 00:14:26,SLEEPING !!!,0.215,0.312,77,1
2024-11-28 00:14:26,SLEEPING !!!,0.246,0.438,77,1
2024-11-28 00:14:26,SLEEPING !!!,0.157,0.334,77,1
2024-11-28 00:14:26,SLEEPING !!!,0.238,0.336,77,1
2024-11-28 00:14:27,SLEEPING !!!,0.233,0.322,77,1
2024-11-28 00:14:27,SLEEPING !!!,0.224,0.324,77,1
2024-11-28 00:14:27,SLEEPING !!!,0.242,0.388,77,1
2024-11-28 00:14:27,SLEEPING !!!,0.225,0.319,77,1
2024-11-28 00:14:27,SLEEPING !!!,0.233,0.363,77,1
2024-11-28 00:14:27,Mild Yawn,0.250,0.374,78,1
2024-11-28 00:14:27,Mild Yawn,0.235,0.348,78,1
2024-11-28 00:14:27,Mild Yawn,0.256,0.299,78,1
2024-11-28 00:14:27,Mild Yawn,0.279,0.267,78,1
2024-11-28 00:14:27,Mild Yawn,0.276,0.277,78,1
2024-11-28 00:14:28,Mild Yawn,0.300,0.279,78,1
2024-11-28 00:14:28,Mild Yawn,0.296,0.240,78,1
2024-11-28 00:14:29,Mild Yawn,0.306,0.330,78,1
2024-11-28 00:14:29,Mild Yawn,0.282,0.328,78,1
2024-11-28 00:14:29,Mild Yawn,0.251,0.364,78,1
2024-11-28 00:14:29,Mild Yawn,0.243,0.319,78,1
2024-11-28 00:14:30,Mild Yawn,0.230,0.392,78,1
2024-11-28 00:14:30,Mild Yawn,0.256,0.325,78,1
2024-11-28 00:14:30,Mild Yawn,0.255,0.354,78,1
2024-11-28 00:14:30,Mild Yawn,0.160,0.417,78,1
2024-11-28 00:14:30,Mild Yawn,0.120,0.370,78,1
2024-11-28 00:14:30,SLEEPING !!!,0.158,0.369,78,1
2024-11-28 00:14:30,SLEEPING !!!,0.155,0.364,78,1
2024-11-28 00:14:30,SLEEPING !!!,0.144,0.375,78,1
2024-11-28 00:14:30,SLEEPING !!!,0.178,0.346,78,1
2024-11-28 00:14:30,SLEEPING !!!,0.146,0.424,78,1
2024-11-28 00:14:31,SLEEPING !!!,0.159,0.373,78,1
2024-11-28 00:14:31,SLEEPING !!!,0.205,0.346,78,1
2024-11-28 00:14:31,SLEEPING !!!,0.159,0.361,78,1
2024-11-28 00:14:31,SLEEPING !!!,0.128,0.377,78,1
2024-11-28 00:14:31,SLEEPING !!!,0.170,0.360,78,1
2024-11-28 00:14:31,SLEEPING !!!,0.228,0.406,78,1
2024-11-28 00:14:31,SLEEPING !!!,0.235,0.378,78,1
2024-11-28 00:14:31,SLEEPING !!!,0.234,0.378,78,1
2024-11-28 00:14:31,SLEEPING !!!,0.223,0.392,78,1
2024-11-28 00:14:31,SLEEPING !!!,0.165,0.382,78,1
2024-11-28 00:14:32,SLEEPING !!!,0.148,0.391,78,1
2024-11-28 00:14:32,SLEEPING !!!,0.136,0.417,78,1
2024-11-28 00:14:32,SLEEPING !!!,0.155,0.403,78,1
2024-11-28 00:14:32,SLEEPING !!!,0.160,0.403,78,1
2024-11-28 00:14:32,SLEEPING !!!,0.183,0.400,78,1
2024-11-28 00:14:32,SLEEPING !!!,0.174,0.410,78,1
2024-11-28 00:14:32,SLEEPING !!!,0.165,0.414,78,1
2024-11-28 00:14:32,SLEEPING !!!,0.190,0.369,78,1
2024-11-28 00:14:32,SLEEPING !!!,0.162,0.399,78,1
2024-11-28 00:14:32,SLEEPING !!!,0.149,0.377,78,1
2024-11-28 00:14:33,SLEEPING !!!,0.166,0.384,78,1
2024-11-28 00:14:33,SLEEPING !!!,0.178,0.365,78,1
2024-11-28 00:14:33,SLEEPING !!!,0.133,0.368,78,1
2024-11-28 00:14:33,SLEEPING !!!,0.157,0.408,78,1
2024-11-28 00:14:33,SLEEPING !!!,0.162,0.381,78,1
2024-11-28 00:14:33,SLEEPING !!!,0.201,0.376,78,1
2024-11-28 00:14:33,SLEEPING !!!,0.174,0.384,78,1
2024-11-28 00:14:33,SLEEPING !!!,0.163,0.394,78,1
2024-11-28 00:14:33,SLEEPING !!!,0.180,0.386,78,1
2024-11-28 00:14:33,SLEEPING !!!,0.137,0.361,78,1
2024-11-28 00:14:34,SLEEPING !!!,0.194,0.378,78,1
2024-11-28 00:14:34,SLEEPING !!!,0.164,0.386,78,1
2024-11-28 00:14:34,SLEEPING !!!,0.170,0.385,78,1
2024-11-28 00:14:34,SLEEPING !!!,0.177,0.375,78,1
2024-11-28 00:14:34,SLEEPING !!!,0.172,0.366,78,1
2024-11-28 00:14:34,SLEEPING !!!,0.195,0.404,78,1
2024-11-28 00:14:34,SLEEPING !!!,0.155,0.377,78,1
2024-11-28 00:14:34,SLEEPING !!!,0.192,0.381,78,1
2024-11-28 00:14:34,SLEEPING !!!,0.175,0.373,78,1
2024-11-28 00:14:34,SLEEPING !!!,0.166,0.361,78,1
2024-11-28 00:14:35,SLEEPING !!!,0.182,0.365,78,1
2024-11-28 00:14:35,Mild Yawn,0.261,0.358,79,1
2024-11-28 00:14:35,Mild Yawn,0.251,0.377,79,1
2024-11-28 00:14:35,Mild Yawn,0.293,0.360,79,1
2024-11-28 00:14:35,Mild Yawn,0.245,0.360,79,1
2024-11-28 00:14:35,Mild Yawn,0.271,0.382,79,1
2024-11-28 00:14:35,Mild Yawn,0.240,0.376,79,1
2024-11-28 00:14:35,Mild Yawn,0.288,0.370,79,1
2024-11-28 00:14:35,Mild Yawn,0.266,0.380,79,1
2024-11-28 00:14:35,Mild Yawn,0.266,0.368,79,1
2024-11-28 00:14:36,Mild Yawn,0.255,0.373,79,1
2024-11-28 00:14:36,Mild Yawn,0.255,0.368,79,1
2024-11-28 00:14:36,Mild Yawn,0.256,0.365,79,1
2024-11-28 00:14:36,Mild Yawn,0.282,0.384,79,1
2024-11-28 00:14:36,Mild Yawn,0.267,0.370,79,1
2024-11-28 00:14:36,Mild Yawn,0.277,0.374,79,1
2024-11-28 00:14:36,Mild Yawn,0.266,0.366,79,1
2024-11-28 00:14:36,Mild Yawn,0.277,0.360,79,1
2024-11-28 00:14:36,Mild Yawn,0.240,0.377,79,1
2024-11-28 00:14:36,Mild Yawn,0.195,0.391,79,1
2024-11-28 00:14:37,SLEEPING !!!,0.241,0.370,79,1
2024-11-28 00:14:37,Mild Yawn,0.259,0.384,80,1
2024-11-28 00:14:37,Mild Yawn,0.266,0.373,80,1
2024-11-28 00:14:37,Mild Yawn,0.246,0.408,80,1
2024-11-28 00:14:37,Mild Yawn,0.207,0.398,80,1
2024-11-28 00:14:37,SLEEPING !!!,0.159,0.399,80,1
2024-11-28 00:14:37,SLEEPING !!!,0.166,0.388,80,1
2024-11-28 00:14:37,SLEEPING !!!,0.146,0.391,80,1
2024-11-28 00:14:37,SLEEPING !!!,0.174,0.366,80,1
2024-11-28 00:14:37,SLEEPING !!!,0.183,0.391,80,1
2024-11-28 00:14:38,SLEEPING !!!,0.176,0.404,80,1
2024-11-28 00:14:38,SLEEPING !!!,0.218,0.362,80,1
2024-11-28 00:14:38,SLEEPING !!!,0.187,0.372,80,1
2024-11-28 00:14:38,SLEEPING !!!,0.181,0.390,80,1
2024-11-28 00:14:38,SLEEPING !!!,0.197,0.371,80,1
2024-11-28 00:14:38,SLEEPING !!!,0.181,0.364,80,1
2024-11-28 00:14:38,SLEEPING !!!,0.174,0.374,80,1
2024-11-28 00:14:38,SLEEPING !!!,0.181,0.381,80,1
2024-11-28 00:14:38,SLEEPING !!!,0.190,0.366,80,1
2024-11-28 00:14:38,SLEEPING !!!,0.182,0.375,80,1
2024-11-28 00:14:39,SLEEPING !!!,0.178,0.362,80,1
2024-11-28 00:14:39,SLEEPING !!!,0.167,0.372,80,1
2024-11-28 00:14:39,SLEEPING !!!,0.166,0.375,80,1
2024-11-28 00:14:39,SLEEPING !!!,0.208,0.373,80,1
2024-11-28 00:14:39,SLEEPING !!!,0.213,0.394,80,1
2024-11-28 00:14:39,Mild Yawn,0.279,0.364,81,1
2024-11-28 00:14:39,Mild Yawn,0.313,0.379,81,1
2024-11-28 00:14:39,Mild Yawn,0.298,0.374,81,1
2024-11-28 00:14:39,Mild Yawn,0.293,0.377,81,1
2024-11-28 00:14:39,Mild Yawn,0.309,0.370,81,1
2024-11-28 00:14:40,Mild Yawn,0.286,0.356,81,1
2024-11-28 00:14:40,Mild Yawn,0.292,0.390,81,1
2024-11-28 00:14:40,Mild Yawn,0.309,0.381,81,1
2024-11-28 00:14:40,Mild Yawn,0.293,0.371,81,1
2024-11-28 00:14:40,Mild Yawn,0.287,0.396,81,1
2024-11-28 00:14:40,Mild Yawn,0.296,0.381,81,1
2024-11-28 00:14:40,Mild Yawn,0.272,0.388,81,1
2024-11-28 00:14:40,Mild Yawn,0.286,0.385,81,1
2024-11-28 00:14:40,Mild Yawn,0.292,0.373,81,1
2024-11-28 00:14:40,Mild Yawn,0.298,0.384,81,1
2024-11-28 00:14:41,Mild Yawn,0.258,0.397,81,1
2024-11-28 00:14:41,Mild Yawn,0.205,0.384,81,1
2024-11-28 00:14:41,Mild Yawn,0.189,0.379,81,1
2024-11-28 00:14:41,SLEEPING !!!,0.178,0.381,81,1
2024-11-28 00:14:41,SLEEPING !!!,0.172,0.403,81,1
2024-11-28 00:14:41,SLEEPING !!!,0.193,0.389,81,1
2024-11-28 00:14:41,SLEEPING !!!,0.186,0.380,81,1
2024-11-28 00:14:41,SLEEPING !!!,0.185,0.400,81,1
2024-11-28 00:14:41,SLEEPING !!!,0.191,0.377,81,1
2024-11-28 00:14:41,SLEEPING !!!,0.200,0.342,81,1
2024-11-28 00:14:42,SLEEPING !!!,0.191,0.381,81,1
2024-11-28 00:14:42,SLEEPING !!!,0.185,0.366,81,1
2024-11-28 00:14:42,SLEEPING !!!,0.205,0.394,81,1
2024-11-28 00:14:42,SLEEPING !!!,0.186,0.376,81,1
2024-11-28 00:14:42,SLEEPING !!!,0.172,0.382,81,1
2024-11-28 00:14:42,SLEEPING !!!,0.173,0.360,81,1
2024-11-28 00:14:42,SLEEPING !!!,0.189,0.385,81,1
2024-11-28 00:14:42,SLEEPING !!!,0.186,0.385,81,1
2024-11-28 00:14:42,SLEEPING !!!,0.236,0.383,81,1
2024-11-28 00:14:42,SLEEPING !!!,0.224,0.365,81,1
2024-11-28 00:14:43,Mild Yawn,0.281,0.379,82,1
2024-11-28 00:14:43,Mild Yawn,0.314,0.377,82,1
2024-11-28 00:14:43,Mild Yawn,0.288,0.381,82,1
2024-11-28 00:14:43,Mild Yawn,0.276,0.384,82,1
2024-11-28 00:14:43,Mild Yawn,0.272,0.390,82,1
2024-11-28 00:14:43,Mild Yawn,0.281,0.366,82,1
2024-11-28 00:14:43,Mild Yawn,0.256,0.363,82,1
2024-11-28 00:14:43,Mild Yawn,0.287,0.378,82,1
2024-11-28 00:14:43,Mild Yawn,0.245,0.383,82,1
2024-11-28 00:14:43,Mild Yawn,0.288,0.384,82,1
2024-11-28 00:14:44,Mild Yawn,0.282,0.395,82,1
2024-11-28 00:14:44,Mild Yawn,0.279,0.385,82,1
2024-11-28 00:14:44,Mild Yawn,0.293,0.383,82,1
2024-11-28 00:14:44,Mild Yawn,0.276,0.389,82,1
2024-11-28 00:14:44,Mild Yawn,0.314,0.370,82,1
2024-11-28 00:14:44,Mild Yawn,0.293,0.379,82,1
2024-11-28 00:14:44,Mild Yawn,0.267,0.388,82,1
2024-11-28 00:14:44,Mild Yawn,0.299,0.390,82,1
2024-11-28 00:14:44,Mild Yawn,0.292,0.361,82,1
2024-11-28 00:14:44,Mild Yawn,0.287,0.380,82,1
2024-11-28 00:14:45,Mild Yawn,0.262,0.361,82,1
2024-11-28 00:14:45,Mild Yawn,0.286,0.382,82,1
2024-11-28 00:14:45,Mild Yawn,0.277,0.366,82,1
2024-11-28 00:14:45,Mild Yawn,0.266,0.373,82,1
2024-11-28 00:14:45,Mild Yawn,0.216,0.370,82,1
2024-11-28 00:14:45,Mild Yawn,0.220,0.341,82,1
2024-11-28 00:15:05,SLEEPING !!!,0.226,0.453,82,1
2024-11-28 00:15:10,SLEEPING !!!,0.186,0.328,82,1
2024-11-28 00:15:10,SLEEPING !!!,0.216,0.361,82,1
2024-11-28 00:15:10,SLEEPING !!!,0.183,0.293,82,1
2024-11-28 00:15:10,SLEEPING !!!,0.213,0.346,82,1
2024-11-28 00:15:10,SLEEPING !!!,0.191,0.306,82,1
2024-11-28 00:15:10,SLEEPING !!!,0.211,0.336,82,1
2024-11-28 00:15:11,SLEEPING !!!,0.189,0.352,82,1
2024-11-28 00:15:11,SLEEPING !!!,0.195,0.327,82,1
2024-11-28 00:15:11,SLEEPING !!!,0.197,0.322,82,1
2024-11-28 00:15:11,Mild Yawn,0.271,0.313,83,1
2024-11-28 00:15:11,Mild Yawn,0.241,0.305,83,1
2024-11-28 00:15:11,Mild Yawn,0.267,0.278,83,1
2024-11-28 00:15:11,Mild Yawn,0.219,0.277,83,1
2024-11-28 00:15:11,Mild Yawn,0.244,0.364,83,1
2024-11-28 00:15:11,SLEEPING !!!,0.217,0.346,83,1
2024-11-28 00:15:12,SLEEPING !!!,0.228,0.343,83,1
2024-11-28 00:15:12,Mild Yawn,0.291,0.323,84,1
2024-11-28 00:15:12,Mild Yawn,0.309,0.295,84,1
2024-11-28 00:15:12,Mild Yawn,0.167,0.370,84,1
2024-11-28 00:15:12,Mild Yawn,0.194,0.363,84,1
2024-11-28 00:15:12,SLEEPING !!!,0.219,0.374,84,1
2024-11-28 00:15:12,Mild Yawn,0.256,0.371,85,1
2024-11-28 00:15:12,Mild Yawn,0.217,0.390,85,1
2024-11-28 00:15:12,Mild Yawn,0.261,0.317,85,1
2024-11-28 00:15:12,Mild Yawn,0.268,0.344,85,1
2024-11-28 00:15:13,Mild Yawn,0.274,0.352,85,1
2024-11-28 00:15:13,Mild Yawn,0.310,0.349,85,1
2024-11-28 00:15:22,Mild Yawn,0.255,0.489,85,1
2024-11-28 00:15:22,Mild Yawn,0.233,0.360,85,1
2024-11-28 00:15:22,Mild Yawn,0.169,0.331,85,1
2024-11-28 00:15:22,SLEEPING !!!,0.213,0.395,85,1
2024-11-28 00:15:22,SLEEPING !!!,0.227,0.321,85,1
2024-11-28 00:15:25,Mild Yawn,0.287,0.421,86,1
2024-11-28 00:15:25,Mild Yawn,0.320,0.452,86,1
2024-11-28 00:15:25,Mild Yawn,0.263,0.424,86,1
2024-11-28 00:15:25,Mild Yawn,0.338,0.323,86,1
2024-11-28 00:15:26,Mild Yawn,0.307,0.439,86,1
2024-11-28 00:15:26,Mild Yawn,0.278,0.302,86,1
2024-11-28 00:15:26,Mild Yawn,0.227,0.324,86,1
2024-11-28 00:15:26,Mild Yawn,0.241,0.369,86,1
2024-11-28 00:15:26,SLEEPING !!!,0.231,0.434,86,1
2024-11-28 00:15:26,Mild Yawn,0.279,0.347,87,1
2024-11-28 00:15:26,Mild Yawn,0.250,0.339,87,1
2024-11-28 00:15:26,Mild Yawn,0.293,0.484,87,1
2024-11-28 00:15:26,Mild Yawn,0.311,0.462,87,1
2024-11-28 00:15:27,Mild Yawn,0.274,0.463,87,1
2024-11-28 00:15:27,Mild Yawn,0.287,0.516,87,1
2024-11-28 00:15:27,Mild Yawn,0.197,0.473,87,1
2024-11-28 00:15:27,Mild Yawn,0.234,0.392,87,1
2024-11-28 00:15:27,SLEEPING !!!,0.186,0.410,87,1
2024-11-28 00:15:27,SLEEPING !!!,0.138,0.459,87,1
2024-11-28 00:15:27,SLEEPING !!!,0.145,0.380,87,1
2024-11-28 00:15:28,SLEEPING !!!,0.148,0.382,87,1
2024-11-28 00:15:28,SLEEPING !!!,0.189,0.387,87,1
2024-11-28 00:15:28,SLEEPING !!!,0.154,0.388,87,1
2024-11-28 00:15:28,SLEEPING !!!,0.144,0.337,87,1
2024-11-28 00:15:28,SLEEPING !!!,0.148,0.332,87,1
2024-11-28 00:15:28,SLEEPING !!!,0.153,0.389,87,1
2024-11-28 00:15:28,SLEEPING !!!,0.210,0.348,87,1
2024-11-28 00:15:28,SLEEPING !!!,0.248,0.344,87,1
2024-11-28 00:15:28,SLEEPING !!!,0.176,0.349,87,1
2024-11-28 00:15:28,SLEEPING !!!,0.192,0.362,87,1
2024-11-28 00:15:29,SLEEPING !!!,0.210,0.354,87,1
2024-11-28 00:15:29,SLEEPING !!!,0.195,0.398,87,1
2024-11-28 00:15:31,Mild Yawn,0.303,0.540,88,1
2024-11-28 00:15:31,Mild Yawn,0.349,0.509,88,1
2024-11-28 00:15:32,Moderate Yawn !,0.318,0.613,88,1
2024-11-28 00:15:40,Mild Yawn,0.280,0.441,88,1
2024-11-28 00:15:40,Mild Yawn,0.310,0.342,88,1
2024-11-28 00:15:40,Mild Yawn,0.298,0.389,88,1
2024-11-28 00:15:40,Mild Yawn,0.315,0.352,88,1
2024-11-28 00:15:40,Mild Yawn,0.337,0.394,88,1
2024-11-28 00:15:40,Mild Yawn,0.308,0.331,88,1
2024-11-28 00:15:40,Mild Yawn,0.207,0.378,88,1
2024-11-28 00:15:40,Mild Yawn,0.154,0.355,88,1
2024-11-28 00:15:40,SLEEPING !!!,0.228,0.366,88,1
2024-11-28 00:15:40,Mild Yawn,0.276,0.365,89,1
2024-11-28 00:15:41,Mild Yawn,0.279,0.339,89,1
2024-11-28 00:15:41,Mild Yawn,0.276,0.365,89,1
2024-11-28 00:15:41,Mild Yawn,0.209,0.354,89,1
2024-11-28 00:15:41,Mild Yawn,0.231,0.371,89,1
2024-11-28 00:15:41,Mild Yawn,0.264,0.352,89,1
2024-11-28 00:15:41,Mild Yawn,0.294,0.363,89,1
2024-11-28 00:15:41,Mild Yawn,0.294,0.342,89,1
2024-11-28 00:15:41,Mild Yawn,0.290,0.347,89,1
2024-11-28 00:15:41,Mild Yawn,0.312,0.371,89,1
2024-11-28 00:15:41,Mild Yawn,0.282,0.369,89,1
2024-11-28 00:15:42,Mild Yawn,0.284,0.373,89,1
2024-11-28 00:15:42,Mild Yawn,0.278,0.357,89,1
2024-11-28 00:15:42,Mild Yawn,0.285,0.407,89,1
2024-11-28 00:15:42,Mild Yawn,0.314,0.358,89,1
2024-11-28 00:15:42,Mild Yawn,0.307,0.348,89,1
2024-11-28 00:15:42,Mild Yawn,0.297,0.379,89,1
2024-11-28 00:15:42,Mild Yawn,0.258,0.407,89,1
2024-11-28 00:15:42,Mild Yawn,0.192,0.380,89,1
2024-11-28 00:15:42,Mild Yawn,0.292,0.414,89,1
2024-11-28 00:15:42,Mild Yawn,0.310,0.375,89,1
2024-11-28 00:15:43,Mild Yawn,0.253,0.391,89,1
2024-11-28 00:15:43,Mild Yawn,0.220,0.364,89,1
2024-11-28 00:15:43,Mild Yawn,0.225,0.368,89,1
2024-11-28 00:15:43,Mild Yawn,0.277,0.366,89,1
2024-11-28 00:15:43,Mild Yawn,0.264,0.387,89,1
2024-11-28 00:15:43,Mild Yawn,0.244,0.349,89,1
2024-11-28 00:15:43,Mild Yawn,0.227,0.371,89,1
2024-11-28 00:15:43,SLEEPING !!!,0.245,0.352,89,1
2024-11-28 00:15:43,SLEEPING !!!,0.239,0.376,89,1
2024-11-28 00:15:43,Mild Yawn,0.288,0.375,90,1
2024-11-28 00:15:44,Mild Yawn,0.304,0.350,90,1
2024-11-28 00:15:44,Mild Yawn,0.311,0.376,90,1
2024-11-28 00:15:44,Mild Yawn,0.190,0.348,90,1
2024-11-28 00:15:44,Mild Yawn,0.175,0.333,90,1
2024-11-28 00:15:44,SLEEPING !!!,0.167,0.353,90,1
2024-11-28 00:15:44,SLEEPING !!!,0.166,0.358,90,1
2024-11-28 00:15:44,SLEEPING !!!,0.175,0.374,90,1
2024-11-28 00:15:44,SLEEPING !!!,0.174,0.356,90,1
2024-11-28 00:15:44,SLEEPING !!!,0.165,0.341,90,1
2024-11-28 00:15:44,SLEEPING !!!,0.114,0.344,90,1
2024-11-28 00:15:45,SLEEPING !!!,0.140,0.346,90,1
2024-11-28 00:15:45,SLEEPING !!!,0.146,0.421,90,1
2024-11-28 00:15:45,SLEEPING !!!,0.122,0.359,90,1
2024-11-28 00:15:45,SLEEPING !!!,0.135,0.349,90,1
2024-11-28 00:15:45,SLEEPING !!!,0.167,0.351,90,1
2024-11-28 00:15:45,SLEEPING !!!,0.157,0.349,90,1
2024-11-28 00:15:45,SLEEPING !!!,0.186,0.401,90,1
2024-11-28 00:15:45,SLEEPING !!!,0.128,0.344,90,1
2024-11-28 00:15:45,SLEEPING !!!,0.151,0.334,90,1
2024-11-28 00:15:45,SLEEPING !!!,0.135,0.332,90,1
2024-11-28 00:15:46,SLEEPING !!!,0.157,0.311,90,1
2024-11-28 00:15:46,SLEEPING !!!,0.167,0.351,90,1
2024-11-28 00:15:46,SLEEPING !!!,0.179,0.370,90,1
2024-11-28 00:15:46,SLEEPING !!!,0.157,0.333,90,1
2024-11-28 00:15:46,SLEEPING !!!,0.152,0.328,90,1
2024-11-28 00:15:46,SLEEPING !!!,0.174,0.358,90,1
2024-11-28 00:15:46,SLEEPING !!!,0.183,0.333,90,1
2024-11-28 00:15:46,SLEEPING !!!,0.177,0.405,90,1
2024-11-28 00:15:46,SLEEPING !!!,0.186,0.406,90,1
2024-11-28 00:15:46,SLEEPING !!!,0.204,0.280,90,1
2024-11-28 00:15:47,SLEEPING !!!,0.207,0.357,90,1
2024-11-28 00:15:49,Mild Yawn,0.307,0.377,91,1
2024-11-28 00:15:49,Mild Yawn,0.246,0.357,91,1
2024-11-28 00:15:49,Mild Yawn,0.301,0.390,91,1
2024-11-28 00:15:49,Mild Yawn,0.353,0.402,91,1
2024-11-28 00:15:49,Mild Yawn,0.282,0.404,91,1
2024-11-28 00:15:50,Mild Yawn,0.291,0.418,91,1
2024-11-28 00:15:50,Mild Yawn,0.337,0.369,91,1
2024-11-28 00:15:50,Mild Yawn,0.341,0.335,91,1
2024-11-28 00:15:50,Mild Yawn,0.306,0.392,91,1
2024-11-28 00:15:52,Mild Yawn,0.233,0.309,91,1
2024-11-28 00:15:52,Mild Yawn,0.152,0.366,91,1
2024-11-28 00:15:52,SLEEPING !!!,0.191,0.351,91,1
2024-11-28 00:15:52,Mild Yawn,0.255,0.350,92,1
2024-11-28 00:15:53,Mild Yawn,0.232,0.390,92,1
2024-11-28 00:15:53,Mild Yawn,0.244,0.531,92,1
2024-11-28 00:15:54,Mild Yawn,0.256,0.390,92,1
2024-11-28 00:15:55,Mild Yawn,0.184,0.332,92,1
2024-11-28 00:15:55,Mild Yawn,0.135,0.337,92,1
2024-11-28 00:15:55,SLEEPING !!!,0.144,0.426,92,1
2024-11-28 00:15:55,SLEEPING !!!,0.110,0.349,92,1
2024-11-28 00:15:55,SLEEPING !!!,0.210,0.317,92,1
2024-11-28 00:15:55,SLEEPING !!!,0.226,0.308,92,1
2024-11-28 00:15:55,SLEEPING !!!,0.212,0.309,92,1
2024-11-28 00:15:56,Mild Yawn,0.279,0.333,93,1
2024-11-28 00:15:56,Mild Yawn,0.322,0.290,93,1
2024-11-28 00:15:56,Mild Yawn,0.294,0.367,93,1
2024-11-28 00:15:56,Mild Yawn,0.260,0.333,93,1
2024-11-28 00:15:56,Mild Yawn,0.181,0.336,93,1
2024-11-28 00:15:56,Mild Yawn,0.157,0.395,93,1
2024-11-28 00:15:56,SLEEPING !!!,0.193,0.322,93,1
2024-11-28 00:15:57,SLEEPING !!!,0.215,0.317,93,1
2024-11-28 00:15:57,SLEEPING !!!,0.217,0.317,93,1
2024-11-28 00:15:57,Mild Yawn,0.271,0.346,94,1
2024-11-28 00:15:57,Mild Yawn,0.292,0.359,94,1
2024-11-28 00:15:57,Mild Yawn,0.241,0.408,94,1
2024-11-28 00:15:57,Mild Yawn,0.236,0.402,94,1
2024-11-28 00:15:57,Mild Yawn,0.256,0.360,94,1
2024-11-28 00:15:57,Mild Yawn,0.284,0.361,94,1
2024-11-28 00:15:57,Mild Yawn,0.276,0.395,94,1
2024-11-28 00:15:57,Mild Yawn,0.288,0.423,94,1
2024-11-28 00:15:58,Mild Yawn,0.264,0.408,94,1
2024-11-28 00:15:58,Mild Yawn,0.293,0.418,94,1
2024-11-28 00:15:58,Mild Yawn,0.266,0.448,94,1
2024-11-28 00:15:58,Mild Yawn,0.316,0.448,94,1
2024-11-28 00:15:58,Mild Yawn,0.287,0.401,94,1
2024-11-28 00:15:58,Mild Yawn,0.336,0.401,94,1
2024-11-28 00:15:58,Mild Yawn,0.331,0.445,94,1
2024-11-28 00:15:58,Mild Yawn,0.309,0.366,94,1
2024-11-28 00:15:58,Mild Yawn,0.333,0.413,94,1
2024-11-28 00:15:58,Mild Yawn,0.345,0.435,94,1
2024-11-28 00:15:59,Mild Yawn,0.396,0.464,94,1
2024-11-28 00:15:59,Mild Yawn,0.347,0.415,94,1
2024-11-28 00:15:59,Mild Yawn,0.367,0.502,94,1
2024-11-28 00:15:59,Mild Yawn,0.281,0.385,94,1
2024-11-28 00:15:59,Mild Yawn,0.233,0.353,94,1
2024-11-28 00:15:59,Mild Yawn,0.155,0.403,94,1
2024-11-28 00:15:59,SLEEPING !!!,0.157,0.376,94,1
2024-11-28 00:15:59,SLEEPING !!!,0.144,0.352,94,1
2024-11-28 00:15:59,SLEEPING !!!,0.158,0.307,94,1
2024-11-28 00:15:59,SLEEPING !!!,0.154,0.296,94,1
2024-11-28 00:16:00,SLEEPING !!!,0.149,0.322,94,1
2024-11-28 00:16:00,SLEEPING !!!,0.134,0.321,94,1
2024-11-28 00:16:00,SLEEPING !!!,0.153,0.298,94,1
2024-11-28 00:16:00,SLEEPING !!!,0.145,0.422,94,1
2024-11-28 00:16:00,SLEEPING !!!,0.136,0.335,94,1
2024-11-28 00:16:00,SLEEPING !!!,0.115,0.349,94,1
2024-11-28 00:16:00,SLEEPING !!!,0.108,0.312,94,1
2024-11-28 00:16:00,SLEEPING !!!,0.151,0.353,94,1
2024-11-28 00:16:00,SLEEPING !!!,0.213,0.354,94,1
2024-11-28 00:16:00,SLEEPING !!!,0.213,0.436,94,1
2024-11-28 00:16:07,Mild Yawn,0.316,0.528,95,1
2024-11-28 00:16:09,Mild Yawn,0.387,0.497,95,1
2024-11-28 00:16:12,Moderate Yawn !,0.317,0.615,95,1
2024-11-28 00:16:13,Mild Yawn,0.327,0.504,95,1
2024-11-28 00:16:13,Mild Yawn,0.403,0.504,95,1
2024-11-28 00:16:13,Mild Yawn,0.391,0.445,95,1
2024-11-28 00:16:13,Mild Yawn,0.376,0.476,95,1
2024-11-28 00:16:13,Mild Yawn,0.339,0.481,95,1
2024-11-28 00:16:13,Mild Yawn,0.315,0.476,95,1
2024-11-28 00:16:13,Mild Yawn,0.364,0.430,95,1
2024-11-28 00:16:13,Mild Yawn,0.314,0.397,95,1
2024-11-28 00:16:13,Mild Yawn,0.334,0.352,95,1
2024-11-28 00:16:13,Mild Yawn,0.253,0.394,95,1
2024-11-28 00:16:14,Mild Yawn,0.282,0.395,95,1
2024-11-28 00:16:14,Mild Yawn,0.265,0.359,95,1
2024-11-28 00:16:14,Mild Yawn,0.256,0.346,95,1
2024-11-28 00:16:14,Mild Yawn,0.129,0.358,95,1
2024-11-28 00:16:14,Mild Yawn,0.182,0.466,95,1
2024-11-28 00:16:14,SLEEPING !!!,0.219,0.372,95,1
2024-11-28 00:16:14,Mild Yawn,0.250,0.372,96,1
2024-11-28 00:16:14,Mild Yawn,0.213,0.365,96,1
2024-11-28 00:16:14,Mild Yawn,0.160,0.374,96,1
2024-11-28 00:16:14,SLEEPING !!!,0.199,0.370,96,1
2024-11-28 00:16:15,SLEEPING !!!,0.228,0.374,96,1
2024-11-28 00:16:15,SLEEPING !!!,0.229,0.384,96,1
2024-11-28 00:16:15,SLEEPING !!!,0.219,0.378,96,1
2024-11-28 00:16:15,SLEEPING !!!,0.250,0.388,96,1
2024-11-28 00:16:15,SLEEPING !!!,0.215,0.367,96,1
2024-11-28 00:16:15,SLEEPING !!!,0.175,0.360,96,1
2024-11-28 00:16:15,SLEEPING !!!,0.157,0.368,96,1
2024-11-28 00:16:15,SLEEPING !!!,0.235,0.381,96,1
2024-11-28 00:16:15,SLEEPING !!!,0.239,0.365,96,1
2024-11-28 00:16:15,Mild Yawn,0.260,0.365,97,1
2024-11-28 00:16:16,Mild Yawn,0.273,0.386,97,1
2024-11-28 00:16:16,Mild Yawn,0.273,0.392,97,1
2024-11-28 00:16:16,Mild Yawn,0.261,0.387,97,1
2024-11-28 00:16:16,Mild Yawn,0.222,0.386,97,1
2024-11-28 00:16:16,Mild Yawn,0.283,0.379,97,1
2024-11-28 00:16:16,Mild Yawn,0.251,0.377,97,1
2024-11-28 00:16:16,Mild Yawn,0.222,0.387,97,1
2024-11-28 00:16:16,Mild Yawn,0.198,0.380,97,1
2024-11-28 00:16:16,SLEEPING !!!,0.187,0.403,97,1
2024-11-28 00:16:17,SLEEPING !!!,0.221,0.384,97,1
2024-11-28 00:16:17,SLEEPING !!!,0.245,0.417,97,1
2024-11-28 00:16:17,Mild Yawn,0.262,0.416,98,1
2024-11-28 00:16:17,Mild Yawn,0.262,0.385,98,1
2024-11-28 00:16:17,Mild Yawn,0.269,0.423,98,1
2024-11-28 00:16:17,Mild Yawn,0.247,0.368,98,1
2024-11-28 00:16:17,Mild Yawn,0.241,0.387,98,1
2024-11-28 00:16:17,Mild Yawn,0.285,0.389,98,1
2024-11-28 00:16:17,Mild Yawn,0.250,0.395,98,1
2024-11-28 00:16:17,Mild Yawn,0.251,0.407,98,1
2024-11-28 00:16:17,Mild Yawn,0.258,0.385,98,1
2024-11-28 00:16:18,Mild Yawn,0.240,0.402,98,1
2024-11-28 00:16:18,Mild Yawn,0.245,0.366,98,1
2024-11-28 00:16:18,Mild Yawn,0.251,0.412,98,1
2024-11-28 00:16:18,Mild Yawn,0.217,0.414,98,1
2024-11-28 00:16:18,Mild Yawn,0.233,0.415,98,1
2024-11-28 00:16:18,SLEEPING !!!,0.190,0.407,98,1
2024-11-28 00:16:18,SLEEPING !!!,0.203,0.400,98,1
2024-11-28 00:16:18,SLEEPING !!!,0.141,0.381,98,1
2024-11-28 00:16:18,SLEEPING !!!,0.216,0.382,98,1
2024-11-28 00:16:18,Mild Yawn,0.262,0.389,99,1
2024-11-28 00:16:19,Mild Yawn,0.240,0.395,99,1
2024-11-28 00:16:19,Mild Yawn,0.250,0.389,99,1
2024-11-28 00:16:19,Mild Yawn,0.263,0.391,99,1
2024-11-28 00:16:19,Mild Yawn,0.229,0.402,99,1
2024-11-28 00:16:19,Mild Yawn,0.176,0.426,99,1
2024-11-28 00:16:19,SLEEPING !!!,0.148,0.404,99,1
2024-11-28 00:16:19,SLEEPING !!!,0.154,0.410,99,1
2024-11-28 00:16:19,SLEEPING !!!,0.189,0.389,99,1
2024-11-28 00:16:19,SLEEPING !!!,0.190,0.396,99,1
2024-11-28 00:16:19,SLEEPING !!!,0.186,0.372,99,1
2024-11-28 00:16:20,SLEEPING !!!,0.176,0.398,99,1
2024-11-28 00:16:20,SLEEPING !!!,0.179,0.386,99,1
2024-11-28 00:16:20,SLEEPING !!!,0.199,0.399,99,1
2024-11-28 00:16:20,SLEEPING !!!,0.179,0.361,99,1
2024-11-28 00:16:20,SLEEPING !!!,0.186,0.398,99,1
2024-11-28 00:16:20,SLEEPING !!!,0.212,0.403,99,1
2024-11-28 00:16:20,SLEEPING !!!,0.204,0.366,99,1
2024-11-28 00:16:20,SLEEPING !!!,0.181,0.376,99,1
2024-11-28 00:16:20,SLEEPING !!!,0.176,0.399,99,1
2024-11-28 00:16:20,SLEEPING !!!,0.202,0.397,99,1
2024-11-28 00:16:21,SLEEPING !!!,0.172,0.358,99,1
2024-11-28 00:16:21,SLEEPING !!!,0.180,0.403,99,1
2024-11-28 00:16:21,SLEEPING !!!,0.148,0.378,99,1
2024-11-28 00:16:21,SLEEPING !!!,0.169,0.391,99,1
2024-11-28 00:16:21,SLEEPING !!!,0.156,0.383,99,1
2024-11-28 00:16:21,SLEEPING !!!,0.214,0.379,99,1
2024-11-28 00:16:21,Mild Yawn,0.266,0.382,100,1
2024-11-28 00:16:21,Mild Yawn,0.262,0.413,100,1
2024-11-28 00:16:21,Mild Yawn,0.262,0.393,100,1
2024-11-28 00:16:22,Mild Yawn,0.162,0.413,100,1
2024-11-28 00:16:22,Mild Yawn,0.180,0.389,100,1
2024-11-28 00:16:22,SLEEPING !!!,0.197,0.391,100,1
2024-11-28 00:16:22,SLEEPING !!!,0.181,0.394,100,1
2024-11-28 00:16:22,SLEEPING !!!,0.181,0.415,100,1
2024-11-28 00:16:22,SLEEPING !!!,0.190,0.371,100,1
2024-11-28 00:16:22,SLEEPING !!!,0.193,0.403,100,1
2024-11-28 00:16:22,SLEEPING !!!,0.207,0.390,100,1
2024-11-28 00:16:22,SLEEPING !!!,0.185,0.382,100,1
2024-11-28 00:16:22,SLEEPING !!!,0.196,0.435,100,1
2024-11-28 00:16:23,SLEEPING !!!,0.170,0.394,100,1
2024-11-28 00:16:23,SLEEPING !!!,0.214,0.397,100,1
2024-11-28 00:16:23,SLEEPING !!!,0.236,0.395,100,1
2024-11-28 00:16:23,Mild Yawn,0.307,0.407,101,1
2024-11-28 00:16:23,Mild Yawn,0.272,0.400,101,1
2024-11-28 00:16:23,Mild Yawn,0.297,0.394,101,1
2024-11-28 00:16:23,Mild Yawn,0.271,0.406,101,1
2024-11-28 00:16:23,Mild Yawn,0.262,0.395,101,1
2024-11-28 00:16:23,Mild Yawn,0.202,0.373,101,1
2024-11-28 00:16:23,Mild Yawn,0.201,0.400,101,1
2024-11-28 00:16:24,Mild Yawn,0.262,0.382,101,1
2024-11-28 00:16:24,Mild Yawn,0.245,0.400,101,1
2024-11-28 00:16:24,Mild Yawn,0.230,0.389,101,1
2024-11-28 00:16:24,Mild Yawn,0.262,0.376,101,1
2024-11-28 00:16:24,Mild Yawn,0.245,0.405,101,1
2024-11-28 00:16:24,Mild Yawn,0.233,0.415,101,1
2024-11-28 00:16:24,Mild Yawn,0.269,0.400,101,1
2024-11-28 00:16:24,Mild Yawn,0.296,0.372,101,1
2024-11-28 00:16:24,Mild Yawn,0.274,0.400,101,1
2024-11-28 00:16:24,Mild Yawn,0.256,0.392,101,1
2024-11-28 00:16:25,Mild Yawn,0.217,0.413,101,1
2024-11-28 00:16:25,Mild Yawn,0.172,0.403,101,1
2024-11-28 00:16:25,SLEEPING !!!,0.172,0.388,101,1
2024-11-28 00:16:25,SLEEPING !!!,0.179,0.395,101,1
2024-11-28 00:16:25,SLEEPING !!!,0.175,0.390,101,1
2024-11-28 00:16:25,SLEEPING !!!,0.174,0.402,101,1
2024-11-28 00:16:25,SLEEPING !!!,0.179,0.391,101,1
2024-11-28 00:16:25,SLEEPING !!!,0.190,0.383,101,1
2024-11-28 00:16:25,SLEEPING !!!,0.168,0.396,101,1
2024-11-28 00:16:25,SLEEPING !!!,0.179,0.410,101,1
2024-11-28 00:16:26,SLEEPING !!!,0.170,0.417,101,1
2024-11-28 00:16:26,SLEEPING !!!,0.175,0.392,101,1
2024-11-28 00:16:26,SLEEPING !!!,0.200,0.402,101,1
2024-11-28 00:16:26,SLEEPING !!!,0.201,0.379,101,1
2024-11-28 00:16:26,SLEEPING !!!,0.206,0.374,101,1
2024-11-28 00:16:26,SLEEPING !!!,0.182,0.381,101,1
2024-11-28 00:16:26,SLEEPING !!!,0.188,0.412,101,1
2024-11-28 00:16:26,SLEEPING !!!,0.200,0.403,101,1
2024-11-28 00:16:26,SLEEPING !!!,0.138,0.403,101,1
2024-11-28 00:16:26,SLEEPING !!!,0.222,0.376,101,1
2024-11-28 00:16:27,Mild Yawn,0.299,0.373,102,1
2024-11-28 00:16:27,Mild Yawn,0.305,0.384,102,1
2024-11-28 00:16:27,Mild Yawn,0.298,0.386,102,1
2024-11-28 00:16:27,Mild Yawn,0.277,0.407,102,1
2024-11-28 00:16:27,Mild Yawn,0.279,0.373,102,1
2024-11-28 00:16:27,Mild Yawn,0.272,0.370,102,1
2024-11-28 00:16:27,Mild Yawn,0.301,0.393,102,1
2024-11-28 00:16:27,Mild Yawn,0.182,0.392,102,1
2024-11-28 00:16:27,Mild Yawn,0.156,0.397,102,1
2024-11-28 00:16:27,SLEEPING !!!,0.160,0.396,102,1
2024-11-28 00:16:28,SLEEPING !!!,0.191,0.394,102,1
2024-11-28 00:16:28,SLEEPING !!!,0.190,0.383,102,1
2024-11-28 00:16:28,SLEEPING !!!,0.197,0.412,102,1
2024-11-28 00:16:28,SLEEPING !!!,0.185,0.385,102,1
2024-11-28 00:16:28,SLEEPING !!!,0.194,0.383,102,1
2024-11-28 00:16:28,SLEEPING !!!,0.213,0.376,102,1
2024-11-28 00:16:28,SLEEPING !!!,0.201,0.395,102,1
2024-11-28 00:16:28,SLEEPING !!!,0.193,0.399,102,1
2024-11-28 00:16:28,SLEEPING !!!,0.160,0.410,102,1
2024-11-28 00:16:28,SLEEPING !!!,0.170,0.393,102,1
2024-11-28 00:16:29,SLEEPING !!!,0.165,0.405,102,1
2024-11-28 00:16:29,SLEEPING !!!,0.154,0.397,102,1
2024-11-28 00:16:29,SLEEPING !!!,0.193,0.381,102,1
2024-11-28 00:16:29,SLEEPING !!!,0.164,0.408,102,1
2024-11-28 00:16:29,SLEEPING !!!,0.179,0.393,102,1
2024-11-28 00:16:29,SLEEPING !!!,0.168,0.384,102,1
2024-11-28 00:16:29,SLEEPING !!!,0.191,0.380,102,1
2024-11-28 00:16:29,SLEEPING !!!,0.196,0.396,102,1
2024-11-28 00:16:29,SLEEPING !!!,0.190,0.387,102,1
2024-11-28 00:16:29,SLEEPING !!!,0.173,0.374,102,1
2024-11-28 00:16:30,SLEEPING !!!,0.179,0.387,102,1
2024-11-28 00:16:30,SLEEPING !!!,0.182,0.396,102,1
2024-11-28 00:16:30,SLEEPING !!!,0.224,0.401,102,1
2024-11-28 00:16:30,SLEEPING !!!,0.225,0.353,102,1
2024-11-28 00:16:30,SLEEPING !!!,0.168,0.388,102,1
2024-11-28 00:16:30,SLEEPING !!!,0.156,0.349,102,1
2024-11-28 00:16:30,SLEEPING !!!,0.168,0.368,102,1
2024-11-28 00:16:30,SLEEPING !!!,0.186,0.346,102,1
2024-11-28 00:16:30,SLEEPING !!!,0.204,0.368,102,1
2024-11-28 00:16:30,SLEEPING !!!,0.174,0.373,102,1
2024-11-28 00:16:31,SLEEPING !!!,0.175,0.360,102,1
2024-11-28 00:16:31,SLEEPING !!!,0.164,0.370,102,1
2024-11-28 00:16:31,SLEEPING !!!,0.167,0.400,102,1
2024-11-28 00:16:31,SLEEPING !!!,0.169,0.437,102,1
2024-11-28 00:16:31,SLEEPING !!!,0.135,0.389,102,1
2024-11-28 00:16:31,SLEEPING !!!,0.180,0.401,102,1
2024-11-28 00:16:31,SLEEPING !!!,0.198,0.386,102,1
2024-11-28 00:16:31,SLEEPING !!!,0.157,0.382,102,1
2024-11-28 00:16:31,SLEEPING !!!,0.156,0.366,102,1
2024-11-28 00:16:31,SLEEPING !!!,0.217,0.376,102,1
2024-11-28 00:16:32,Mild Yawn,0.261,0.379,103,1
2024-11-28 00:16:32,Mild Yawn,0.293,0.379,103,1
2024-11-28 00:16:32,Mild Yawn,0.255,0.385,103,1
2024-11-28 00:16:32,Mild Yawn,0.255,0.358,103,1
2024-11-28 00:16:32,Mild Yawn,0.201,0.380,103,1
2024-11-28 00:16:32,Mild Yawn,0.150,0.385,103,1
2024-11-28 00:16:32,SLEEPING !!!,0.174,0.386,103,1
2024-11-28 00:16:32,SLEEPING !!!,0.151,0.376,103,1
2024-11-28 00:16:32,SLEEPING !!!,0.189,0.380,103,1
2024-11-28 00:16:32,SLEEPING !!!,0.183,0.386,103,1
2024-11-28 00:16:33,SLEEPING !!!,0.176,0.383,103,1
2024-11-28 00:16:33,SLEEPING !!!,0.172,0.401,103,1
2024-11-28 00:16:33,SLEEPING !!!,0.156,0.413,103,1
2024-11-28 00:16:33,SLEEPING !!!,0.172,0.409,103,1
2024-11-28 00:16:33,SLEEPING !!!,0.190,0.393,103,1
2024-11-28 00:16:33,SLEEPING !!!,0.189,0.379,103,1
2024-11-28 00:16:33,SLEEPING !!!,0.175,0.401,103,1
2024-11-28 00:16:33,SLEEPING !!!,0.179,0.375,103,1
2024-11-28 00:16:33,SLEEPING !!!,0.172,0.394,103,1
2024-11-28 00:16:33,SLEEPING !!!,0.179,0.383,103,1
2024-11-28 00:16:34,SLEEPING !!!,0.190,0.392,103,1
2024-11-28 00:16:34,SLEEPING !!!,0.172,0.353,103,1
2024-11-28 00:16:34,SLEEPING !!!,0.178,0.379,103,1
2024-11-28 00:16:34,SLEEPING !!!,0.178,0.394,103,1
2024-11-28 00:16:34,SLEEPING !!!,0.189,0.343,103,1
2024-11-28 00:16:34,SLEEPING !!!,0.183,0.400,103,1
2024-11-28 00:16:34,SLEEPING !!!,0.168,0.376,103,1
2024-11-28 00:16:34,SLEEPING !!!,0.176,0.358,103,1
2024-11-28 00:16:34,SLEEPING !!!,0.192,0.389,103,1
2024-11-28 00:16:34,SLEEPING !!!,0.200,0.366,103,1
2024-11-28 00:16:35,SLEEPING !!!,0.198,0.395,103,1
2024-11-28 00:16:35,Mild Yawn,0.257,0.382,104,1
2024-11-28 00:16:35,Mild Yawn,0.330,0.381,104,1
2024-11-28 00:16:35,Mild Yawn,0.312,0.372,104,1
2024-11-28 00:16:35,Mild Yawn,0.292,0.393,104,1
2024-11-28 00:16:35,Mild Yawn,0.288,0.401,104,1
2024-11-28 00:16:35,Mild Yawn,0.189,0.379,104,1
2024-11-28 00:16:35,Mild Yawn,0.200,0.412,104,1
2024-11-28 00:16:35,SLEEPING !!!,0.189,0.379,104,1
2024-11-28 00:16:35,SLEEPING !!!,0.189,0.397,104,1
2024-11-28 00:16:36,SLEEPING !!!,0.187,0.420,104,1
2024-11-28 00:16:36,SLEEPING !!!,0.168,0.397,104,1
2024-11-28 00:16:36,SLEEPING !!!,0.175,0.380,104,1
2024-11-28 00:16:36,SLEEPING !!!,0.186,0.389,104,1
2024-11-28 00:16:36,SLEEPING !!!,0.173,0.390,104,1
2024-11-28 00:16:36,SLEEPING !!!,0.223,0.363,104,1
2024-11-28 00:16:36,SLEEPING !!!,0.198,0.387,104,1
2024-11-28 00:16:36,SLEEPING !!!,0.206,0.392,104,1
2024-11-28 00:16:36,SLEEPING !!!,0.196,0.379,104,1
2024-11-28 00:16:36,SLEEPING !!!,0.170,0.378,104,1
2024-11-28 00:16:37,SLEEPING !!!,0.214,0.377,104,1
2024-11-28 00:16:37,Mild Yawn,0.260,0.354,105,1
2024-11-28 00:16:37,Mild Yawn,0.283,0.407,105,1
2024-11-28 00:16:37,Mild Yawn,0.293,0.390,105,1
2024-11-28 00:16:37,Mild Yawn,0.283,0.390,105,1
2024-11-28 00:16:37,Mild Yawn,0.288,0.383,105,1
2024-11-28 00:16:37,Mild Yawn,0.294,0.376,105,1
2024-11-28 00:16:37,Mild Yawn,0.262,0.407,105,1
2024-11-28 00:16:37,Mild Yawn,0.179,0.376,105,1
2024-11-28 00:16:37,Mild Yawn,0.135,0.414,105,1
2024-11-28 00:16:38,SLEEPING !!!,0.166,0.375,105,1
2024-11-28 00:16:38,SLEEPING !!!,0.151,0.391,105,1
2024-11-28 00:16:38,SLEEPING !!!,0.155,0.389,105,1
2024-11-28 00:16:38,SLEEPING !!!,0.156,0.402,105,1
2024-11-28 00:16:38,SLEEPING !!!,0.169,0.380,105,1
2024-11-28 00:16:38,SLEEPING !!!,0.179,0.372,105,1
2024-11-28 00:16:38,SLEEPING !!!,0.170,0.389,105,1
2024-11-28 00:16:38,SLEEPING !!!,0.179,0.400,105,1
2024-11-28 00:16:38,SLEEPING !!!,0.190,0.407,105,1
2024-11-28 00:16:38,SLEEPING !!!,0.182,0.406,105,1
2024-11-28 00:16:39,SLEEPING !!!,0.170,0.392,105,1
2024-11-28 00:16:39,SLEEPING !!!,0.200,0.418,105,1
2024-11-28 00:16:39,SLEEPING !!!,0.193,0.397,105,1
2024-11-28 00:16:39,SLEEPING !!!,0.168,0.393,105,1
2024-11-28 00:16:39,SLEEPING !!!,0.200,0.383,105,1
2024-11-28 00:16:39,SLEEPING !!!,0.234,0.379,105,1
2024-11-28 00:16:39,Mild Yawn,0.263,0.391,106,1
2024-11-28 00:16:39,Mild Yawn,0.271,0.366,106,1
2024-11-28 00:16:39,Mild Yawn,0.236,0.359,106,1
2024-11-28 00:16:39,Mild Yawn,0.267,0.402,106,1
2024-11-28 00:16:40,Mild Yawn,0.244,0.383,106,1
2024-11-28 00:16:40,Mild Yawn,0.255,0.376,106,1
2024-11-28 00:16:40,Mild Yawn,0.251,0.392,106,1
2024-11-28 00:16:40,Mild Yawn,0.255,0.394,106,1
2024-11-28 00:16:40,Mild Yawn,0.241,0.374,106,1
2024-11-28 00:16:40,Mild Yawn,0.209,0.398,106,1
2024-11-28 00:16:40,SLEEPING !!!,0.199,0.389,106,1
2024-11-28 00:16:40,SLEEPING !!!,0.207,0.394,106,1
2024-11-28 00:16:40,SLEEPING !!!,0.181,0.392,106,1
2024-11-28 00:16:40,SLEEPING !!!,0.183,0.396,106,1
2024-11-28 00:16:41,SLEEPING !!!,0.213,0.401,106,1
2024-11-28 00:16:41,Mild Yawn,0.255,0.379,107,1
2024-11-28 00:16:41,Mild Yawn,0.288,0.374,107,1
2024-11-28 00:16:41,Mild Yawn,0.257,0.388,107,1
2024-11-28 00:16:41,Mild Yawn,0.305,0.371,107,1
2024-11-28 00:16:41,Mild Yawn,0.250,0.396,107,1
2024-11-28 00:16:41,Mild Yawn,0.169,0.406,107,1
2024-11-28 00:16:41,Mild Yawn,0.190,0.383,107,1
2024-11-28 00:16:41,SLEEPING !!!,0.214,0.385,107,1
2024-11-28 00:16:41,SLEEPING !!!,0.240,0.403,107,1
2024-11-28 00:16:42,SLEEPING !!!,0.229,0.401,107,1
2024-11-28 00:16:42,SLEEPING !!!,0.228,0.363,107,1
2024-11-28 00:16:42,SLEEPING !!!,0.228,0.390,107,1
2024-11-28 00:16:42,SLEEPING !!!,0.240,0.411,107,1
2024-11-28 00:16:42,Mild Yawn,0.253,0.402,108,1
2024-11-28 00:16:42,Mild Yawn,0.230,0.388,108,1
2024-11-28 00:16:42,Mild Yawn,0.223,0.387,108,1
2024-11-28 00:16:42,SLEEPING !!!,0.245,0.385,108,1
2024-11-28 00:16:42,Mild Yawn,0.256,0.370,109,1
2024-11-28 00:16:42,Mild Yawn,0.262,0.369,109,1
2024-11-28 00:16:43,Mild Yawn,0.176,0.393,109,1
2024-11-28 00:16:43,Mild Yawn,0.159,0.407,109,1
2024-11-28 00:16:43,SLEEPING !!!,0.153,0.408,109,1
2024-11-28 00:16:43,SLEEPING !!!,0.146,0.380,109,1
2024-11-28 00:16:43,SLEEPING !!!,0.144,0.393,109,1
2024-11-28 00:16:43,SLEEPING !!!,0.155,0.388,109,1
2024-11-28 00:16:43,SLEEPING !!!,0.166,0.399,109,1
2024-11-28 00:16:43,SLEEPING !!!,0.179,0.395,109,1
2024-11-28 00:16:43,SLEEPING !!!,0.179,0.406,109,1
2024-11-28 00:16:43,SLEEPING !!!,0.183,0.400,109,1
2024-11-28 00:16:44,SLEEPING !!!,0.177,0.376,109,1
2024-11-28 00:16:44,SLEEPING !!!,0.186,0.392,109,1
2024-11-28 00:16:44,SLEEPING !!!,0.166,0.391,109,1
2024-11-28 00:16:44,SLEEPING !!!,0.172,0.403,109,1
2024-11-28 00:16:44,SLEEPING !!!,0.217,0.371,109,1
2024-11-28 00:16:44,Mild Yawn,0.320,0.394,110,1
2024-11-28 00:16:44,Mild Yawn,0.286,0.382,110,1
2024-11-28 00:16:44,Mild Yawn,0.298,0.365,110,1
2024-11-28 00:16:44,Mild Yawn,0.293,0.388,110,1
2024-11-28 00:16:44,Mild Yawn,0.298,0.389,110,1
2024-11-28 00:16:45,Mild Yawn,0.287,0.374,110,1
2024-11-28 00:16:45,Mild Yawn,0.267,0.398,110,1
2024-11-28 00:16:45,Mild Yawn,0.255,0.382,110,1
2024-11-28 00:16:45,Mild Yawn,0.185,0.444,110,1
2024-11-28 00:16:45,Mild Yawn,0.170,0.426,110,1
2024-11-28 00:16:45,SLEEPING !!!,0.182,0.431,110,1
2024-11-28 00:16:45,SLEEPING !!!,0.178,0.439,110,1
2024-11-28 00:16:45,SLEEPING !!!,0.179,0.426,110,1
2024-11-28 00:16:45,SLEEPING !!!,0.170,0.393,110,1
2024-11-28 00:16:45,SLEEPING !!!,0.211,0.419,110,1
2024-11-28 00:16:46,Mild Yawn,0.253,0.390,111,1
2024-11-28 00:16:46,Mild Yawn,0.267,0.434,111,1
2024-11-28 00:16:46,Mild Yawn,0.287,0.418,111,1
2024-11-28 00:16:46,Mild Yawn,0.279,0.396,111,1
2024-11-28 00:16:46,Mild Yawn,0.251,0.397,111,1
2024-11-28 00:16:46,Mild Yawn,0.266,0.386,111,1
2024-11-28 00:16:46,Mild Yawn,0.245,0.374,111,1
2024-11-28 00:16:46,Mild Yawn,0.246,0.378,111,1
2024-11-28 00:16:46,SLEEPING !!!,0.208,0.369,111,1
2024-11-28 00:16:46,SLEEPING !!!,0.146,0.388,111,1
2024-11-28 00:16:47,SLEEPING !!!,0.169,0.413,111,1
2024-11-28 00:16:47,SLEEPING !!!,0.190,0.410,111,1
2024-11-28 00:16:47,SLEEPING !!!,0.179,0.416,111,1
2024-11-28 00:16:47,SLEEPING !!!,0.165,0.388,111,1
2024-11-28 00:16:47,SLEEPING !!!,0.163,0.394,111,1
2024-11-28 00:16:47,SLEEPING !!!,0.144,0.406,111,1
2024-11-28 00:16:47,SLEEPING !!!,0.144,0.393,111,1
2024-11-28 00:16:47,SLEEPING !!!,0.190,0.393,111,1
2024-11-28 00:16:47,SLEEPING !!!,0.211,0.381,111,1
2024-11-28 00:16:47,Mild Yawn,0.288,0.383,112,1
2024-11-28 00:16:48,Mild Yawn,0.269,0.395,112,1
2024-11-28 00:16:48,Mild Yawn,0.276,0.378,112,1
2024-11-28 00:16:48,Mild Yawn,0.298,0.353,112,1
2024-11-28 00:16:48,Mild Yawn,0.276,0.390,112,1
2024-11-28 00:16:48,Mild Yawn,0.295,0.365,112,1
2024-11-28 00:16:48,Mild Yawn,0.288,0.353,112,1
2024-11-28 00:16:48,Mild Yawn,0.282,0.358,112,1
2024-11-28 00:16:48,Mild Yawn,0.256,0.349,112,1
2024-11-28 00:16:48,Mild Yawn,0.245,0.365,112,1
2024-11-28 00:16:48,Mild Yawn,0.282,0.368,112,1
2024-11-28 00:16:49,Mild Yawn,0.240,0.334,112,1
2024-11-28 00:16:49,Mild Yawn,0.251,0.329,112,1
2024-11-28 00:16:49,Mild Yawn,0.223,0.348,112,1
2024-11-28 00:16:49,Mild Yawn,0.166,0.330,112,1
2024-11-28 00:16:49,SLEEPING !!!,0.190,0.330,112,1
2024-11-28 00:16:49,SLEEPING !!!,0.225,0.332,112,1
2024-11-28 00:16:49,Mild Yawn,0.261,0.351,113,1
2024-11-28 00:16:49,Mild Yawn,0.231,0.335,113,1
2024-11-28 00:16:49,Mild Yawn,0.268,0.325,113,1
2024-11-28 00:16:49,Mild Yawn,0.257,0.319,113,1
2024-11-28 00:16:50,Mild Yawn,0.262,0.346,113,1
2024-11-28 00:16:50,Mild Yawn,0.288,0.327,113,1
2024-11-28 00:16:50,Mild Yawn,0.263,0.335,113,1
2024-11-28 00:16:50,Mild Yawn,0.263,0.321,113,1
2024-11-28 00:16:50,Mild Yawn,0.262,0.319,113,1
2024-11-28 00:16:50,Mild Yawn,0.223,0.341,113,1
2024-11-28 00:16:50,Mild Yawn,0.267,0.337,113,1
2024-11-28 00:16:50,Mild Yawn,0.251,0.325,113,1
2024-11-28 00:16:50,Mild Yawn,0.246,0.308,113,1
2024-11-28 00:16:50,Mild Yawn,0.277,0.327,113,1
2024-11-28 00:16:51,Mild Yawn,0.249,0.326,113,1
2024-11-28 00:16:51,Mild Yawn,0.261,0.341,113,1
2024-11-28 00:16:51,Mild Yawn,0.218,0.336,113,1
2024-11-28 00:16:51,Mild Yawn,0.201,0.365,113,1
2024-11-28 00:16:51,SLEEPING !!!,0.190,0.334,113,1
2024-11-28 00:16:51,SLEEPING !!!,0.186,0.341,113,1
2024-11-28 00:16:51,SLEEPING !!!,0.181,0.348,113,1
2024-11-28 00:16:51,SLEEPING !!!,0.219,0.335,113,1
2024-11-28 00:16:51,Mild Yawn,0.302,0.341,114,1
2024-11-28 00:16:51,Mild Yawn,0.327,0.353,114,1
2024-11-28 00:16:52,Mild Yawn,0.292,0.322,114,1
2024-11-28 00:16:52,Mild Yawn,0.288,0.350,114,1
2024-11-28 00:16:52,Mild Yawn,0.282,0.344,114,1
2024-11-28 00:16:52,Mild Yawn,0.246,0.344,114,1
2024-11-28 00:16:52,Mild Yawn,0.176,0.355,114,1
2024-11-28 00:16:52,SLEEPING !!!,0.224,0.362,114,1
2024-11-28 00:16:52,SLEEPING !!!,0.245,0.363,114,1
2024-11-28 00:16:52,SLEEPING !!!,0.241,0.360,114,1
2024-11-28 00:16:52,SLEEPING !!!,0.240,0.344,114,1
2024-11-28 00:16:52,SLEEPING !!!,0.245,0.382,114,1
2024-11-28 00:16:53,Mild Yawn,0.261,0.348,115,1
2024-11-28 00:16:53,Mild Yawn,0.245,0.356,115,1
2024-11-28 00:16:53,Mild Yawn,0.267,0.368,115,1
2024-11-28 00:16:53,Mild Yawn,0.274,0.390,115,1
2024-11-28 00:16:53,Mild Yawn,0.262,0.377,115,1
2024-11-28 00:16:53,Mild Yawn,0.255,0.372,115,1
2024-11-28 00:16:53,Mild Yawn,0.255,0.395,115,1
2024-11-28 00:16:53,Mild Yawn,0.211,0.370,115,1
2024-11-28 00:16:53,Mild Yawn,0.196,0.365,115,1
2024-11-28 00:16:53,SLEEPING !!!,0.162,0.351,115,1
2024-11-28 00:16:54,SLEEPING !!!,0.151,0.353,115,1
2024-11-28 00:16:54,SLEEPING !!!,0.158,0.378,115,1
2024-11-28 00:16:54,SLEEPING !!!,0.235,0.399,115,1
2024-11-28 00:16:54,Mild Yawn,0.255,0.373,116,1
2024-11-28 00:16:54,Mild Yawn,0.296,0.370,116,1
2024-11-28 00:16:54,Mild Yawn,0.279,0.353,116,1
2024-11-28 00:16:54,Mild Yawn,0.263,0.361,116,1
2024-11-28 00:16:54,Mild Yawn,0.266,0.346,116,1
2024-11-28 00:16:54,Mild Yawn,0.267,0.353,116,1
2024-11-28 00:16:54,Mild Yawn,0.252,0.341,116,1
2024-11-28 00:16:55,Mild Yawn,0.156,0.365,116,1
2024-11-28 00:16:55,Mild Yawn,0.201,0.360,116,1
2024-11-28 00:16:55,SLEEPING !!!,0.235,0.368,116,1
2024-11-28 00:16:55,Mild Yawn,0.276,0.372,117,1
2024-11-28 00:16:55,Mild Yawn,0.283,0.383,117,1
2024-11-28 00:16:55,Mild Yawn,0.311,0.378,117,1
2024-11-28 00:16:55,Mild Yawn,0.263,0.386,117,1
2024-11-28 00:16:55,Mild Yawn,0.294,0.395,117,1
2024-11-28 00:16:55,Mild Yawn,0.256,0.367,117,1
2024-11-28 00:16:55,Mild Yawn,0.262,0.415,117,1
2024-11-28 00:16:56,Mild Yawn,0.276,0.419,117,1
2024-11-28 00:16:56,Mild Yawn,0.279,0.442,117,1
2024-11-28 00:16:56,Mild Yawn,0.241,0.434,117,1
2024-11-28 00:16:56,Mild Yawn,0.190,0.396,117,1
2024-11-28 00:16:56,SLEEPING !!!,0.173,0.404,117,1
2024-11-28 00:16:56,SLEEPING !!!,0.128,0.366,117,1
2024-11-28 00:16:56,SLEEPING !!!,0.152,0.364,117,1
2024-11-28 00:16:56,SLEEPING !!!,0.145,0.411,117,1
2024-11-28 00:16:56,SLEEPING !!!,0.178,0.400,117,1
2024-11-28 00:16:56,SLEEPING !!!,0.193,0.422,117,1
2024-11-28 00:16:57,SLEEPING !!!,0.177,0.388,117,1
2024-11-28 00:16:57,Mild Yawn,0.322,0.420,118,1
2024-11-28 00:16:57,Mild Yawn,0.143,0.372,118,1
2024-11-28 00:16:57,Mild Yawn,0.272,0.365,118,1
2024-11-28 00:16:57,Mild Yawn,0.307,0.356,118,1
2024-11-28 00:16:57,Mild Yawn,0.298,0.385,118,1
2024-11-28 00:16:57,Mild Yawn,0.262,0.397,118,1
2024-11-28 00:16:57,Mild Yawn,0.298,0.390,118,1
2024-11-28 00:16:57,Mild Yawn,0.263,0.340,118,1
2024-11-28 00:16:57,Mild Yawn,0.277,0.414,118,1
2024-11-28 00:16:58,Mild Yawn,0.256,0.386,118,1
2024-11-28 00:16:58,Mild Yawn,0.306,0.390,118,1
2024-11-28 00:16:58,Mild Yawn,0.279,0.370,118,1
2024-11-28 00:16:58,Mild Yawn,0.293,0.359,118,1
2024-11-28 00:16:58,Mild Yawn,0.263,0.354,118,1
2024-11-28 00:16:58,Mild Yawn,0.256,0.330,118,1
2024-11-28 00:16:58,Mild Yawn,0.262,0.342,118,1
2024-11-28 00:16:58,Mild Yawn,0.262,0.337,118,1
2024-11-28 00:16:58,Mild Yawn,0.240,0.344,118,1
2024-11-28 00:16:58,Mild Yawn,0.305,0.331,118,1
2024-11-28 00:16:59,Mild Yawn,0.285,0.339,118,1
2024-11-28 00:16:59,Mild Yawn,0.285,0.331,118,1
2024-11-28 00:16:59,Mild Yawn,0.228,0.357,118,1
2024-11-28 00:16:59,Mild Yawn,0.234,0.343,118,1
2024-11-28 00:16:59,Mild Yawn,0.261,0.340,118,1
2024-11-28 00:16:59,Mild Yawn,0.255,0.361,118,1
2024-11-28 00:16:59,Mild Yawn,0.256,0.376,118,1
2024-11-28 00:16:59,Mild Yawn,0.267,0.328,118,1
2024-11-28 00:16:59,Mild Yawn,0.272,0.354,118,1
2024-11-28 00:16:59,Mild Yawn,0.257,0.368,118,1
2024-11-28 00:17:00,Mild Yawn,0.266,0.358,118,1
2024-11-28 00:17:00,Mild Yawn,0.288,0.349,118,1
2024-11-28 00:17:00,Mild Yawn,0.272,0.335,118,1
2024-11-28 00:17:00,Mild Yawn,0.267,0.331,118,1
2024-11-28 00:17:00,Mild Yawn,0.212,0.323,118,1
2024-11-28 00:17:00,Mild Yawn,0.223,0.343,118,1
2024-11-28 00:17:00,SLEEPING !!!,0.228,0.351,118,1
2024-11-28 00:17:00,SLEEPING !!!,0.222,0.333,118,1
2024-11-28 00:17:00,SLEEPING !!!,0.242,0.369,118,1
2024-11-28 00:17:00,SLEEPING !!!,0.229,0.333,118,1
2024-11-28 00:17:01,SLEEPING !!!,0.234,0.344,118,1
2024-11-28 00:17:01,SLEEPING !!!,0.217,0.338,118,1
2024-11-28 00:17:01,SLEEPING !!!,0.161,0.345,118,1
2024-11-28 00:17:01,SLEEPING !!!,0.138,0.338,118,1
2024-11-28 00:17:01,SLEEPING !!!,0.200,0.396,118,1
2024-11-28 00:17:01,SLEEPING !!!,0.113,0.403,118,1
2024-11-28 00:17:01,SLEEPING !!!,0.150,0.368,118,1
2024-11-28 00:17:01,SLEEPING !!!,0.141,0.377,118,1
2024-11-28 00:17:01,SLEEPING !!!,0.157,0.371,118,1
2024-11-28 00:17:01,SLEEPING !!!,0.230,0.385,118,1
2024-11-28 00:17:02,Mild Yawn,0.287,0.390,119,1
2024-11-28 00:17:02,Mild Yawn,0.294,0.399,119,1
2024-11-28 00:17:02,Mild Yawn,0.267,0.400,119,1
2024-11-28 00:17:02,Mild Yawn,0.257,0.396,119,1
2024-11-28 00:17:02,Mild Yawn,0.285,0.406,119,1
2024-11-28 00:17:02,Mild Yawn,0.203,0.372,119,1
2024-11-28 00:17:02,Mild Yawn,0.147,0.472,119,1
2024-11-28 00:17:02,SLEEPING !!!,0.144,0.380,119,1
2024-11-28 00:17:02,SLEEPING !!!,0.133,0.389,119,1
2024-11-28 00:17:02,SLEEPING !!!,0.112,0.364,119,1
2024-11-28 00:17:03,SLEEPING !!!,0.146,0.373,119,1
2024-11-28 00:17:03,SLEEPING !!!,0.184,0.377,119,1
2024-11-28 00:17:03,SLEEPING !!!,0.202,0.346,119,1
2024-11-28 00:17:03,SLEEPING !!!,0.149,0.349,119,1
2024-11-28 00:17:03,SLEEPING !!!,0.148,0.560,119,1
2024-11-28 00:17:03,SLEEPING !!!,0.124,0.523,119,1
2024-11-28 00:17:03,SLEEPING !!!,0.141,0.368,119,1
2024-11-28 00:17:03,SLEEPING !!!,0.187,0.385,119,1
2024-11-28 00:17:03,SLEEPING !!!,0.143,0.354,119,1
2024-11-28 00:17:03,SLEEPING !!!,0.159,0.356,119,1
2024-11-28 00:17:04,SLEEPING !!!,0.183,0.361,119,1
2024-11-28 00:17:04,SLEEPING !!!,0.164,0.376,119,1
2024-11-28 00:17:04,SLEEPING !!!,0.168,0.366,119,1
2024-11-28 00:17:04,SLEEPING !!!,0.144,0.363,119,1
2024-11-28 00:17:04,SLEEPING !!!,0.193,0.358,119,1
2024-11-28 00:17:04,Mild Yawn,0.269,0.344,120,1
2024-11-28 00:17:04,Mild Yawn,0.274,0.361,120,1
2024-11-28 00:17:04,Mild Yawn,0.241,0.360,120,1
2024-11-28 00:17:04,Mild Yawn,0.187,0.361,120,1
2024-11-28 00:17:04,SLEEPING !!!,0.175,0.368,120,1
2024-11-28 00:17:05,SLEEPING !!!,0.148,0.376,120,1
2024-11-28 00:17:05,SLEEPING !!!,0.196,0.376,120,1
2024-11-28 00:17:05,SLEEPING !!!,0.229,0.280,120,1
2024-11-28 00:17:05,SLEEPING !!!,0.211,0.365,120,1
2024-11-28 00:17:05,SLEEPING !!!,0.219,0.358,120,1
2024-11-28 00:17:05,Mild Yawn,0.258,0.358,121,1
2024-11-28 00:17:05,Mild Yawn,0.274,0.339,121,1
2024-11-28 00:17:05,Mild Yawn,0.257,0.365,121,1
2024-11-28 00:17:05,Mild Yawn,0.269,0.361,121,1
2024-11-28 00:17:05,Mild Yawn,0.228,0.330,121,1
2024-11-28 00:17:06,Mild Yawn,0.163,0.364,121,1
2024-11-28 00:17:06,SLEEPING !!!,0.164,0.360,121,1
2024-11-28 00:17:06,SLEEPING !!!,0.166,0.497,121,1
2024-11-28 00:17:06,SLEEPING !!!,0.145,0.487,121,1
2024-11-28 00:17:06,SLEEPING !!!,0.137,0.471,121,1
2024-11-28 00:17:06,SLEEPING !!!,0.174,0.361,121,1
2024-11-28 00:17:06,SLEEPING !!!,0.175,0.377,121,1
2024-11-28 00:17:06,SLEEPING !!!,0.183,0.374,121,1
2024-11-28 00:17:06,SLEEPING !!!,0.167,0.361,121,1
2024-11-28 00:17:06,SLEEPING !!!,0.146,0.362,121,1
2024-11-28 00:17:07,SLEEPING !!!,0.211,0.381,121,1
2024-11-28 00:17:07,Mild Yawn,0.262,0.369,122,1
2024-11-28 00:17:07,Mild Yawn,0.257,0.339,122,1
2024-11-28 00:17:07,Mild Yawn,0.267,0.373,122,1
2024-11-28 00:17:07,Mild Yawn,0.251,0.376,122,1
2024-11-28 00:17:07,Mild Yawn,0.271,0.356,122,1
2024-11-28 00:17:07,Mild Yawn,0.261,0.384,122,1
2024-11-28 00:17:07,Mild Yawn,0.252,0.415,122,1
2024-11-28 00:17:07,Mild Yawn,0.267,0.400,122,1
2024-11-28 00:17:07,Mild Yawn,0.246,0.382,122,1
2024-11-28 00:17:08,Mild Yawn,0.177,0.387,122,1
2024-11-28 00:17:08,SLEEPING !!!,0.182,0.394,122,1
2024-11-28 00:17:08,SLEEPING !!!,0.124,0.403,122,1
2024-11-28 00:17:08,SLEEPING !!!,0.127,0.438,122,1
2024-11-28 00:17:08,SLEEPING !!!,0.183,0.393,122,1
2024-11-28 00:17:08,SLEEPING !!!,0.234,0.395,122,1
2024-11-28 00:17:08,SLEEPING !!!,0.216,0.390,122,1
2024-11-28 00:17:08,SLEEPING !!!,0.176,0.397,122,1
2024-11-28 00:17:08,SLEEPING !!!,0.199,0.416,122,1
2024-11-28 00:17:08,SLEEPING !!!,0.216,0.390,122,1
2024-11-28 00:17:09,SLEEPING !!!,0.206,0.377,122,1
2024-11-28 00:17:09,SLEEPING !!!,0.227,0.410,122,1
2024-11-28 00:17:09,SLEEPING !!!,0.206,0.383,122,1
2024-11-28 00:17:09,SLEEPING !!!,0.246,0.366,122,1
2024-11-28 00:17:09,SLEEPING !!!,0.184,0.385,122,1
2024-11-28 00:17:09,SLEEPING !!!,0.229,0.394,122,1
2024-11-28 00:17:09,Mild Yawn,0.262,0.372,123,1
2024-11-28 00:17:09,Mild Yawn,0.230,0.377,123,1
2024-11-28 00:17:09,Mild Yawn,0.187,0.389,123,1
2024-11-28 00:17:09,SLEEPING !!!,0.221,0.397,123,1
2024-11-28 00:17:10,SLEEPING !!!,0.206,0.388,123,1
2024-11-28 00:17:10,SLEEPING !!!,0.228,0.389,123,1
2024-11-28 00:17:10,Mild Yawn,0.256,0.404,124,1
2024-11-28 00:17:10,Mild Yawn,0.262,0.383,124,1
2024-11-28 00:17:10,Mild Yawn,0.272,0.400,124,1
2024-11-28 00:17:10,Mild Yawn,0.294,0.400,124,1
2024-11-28 00:17:10,Mild Yawn,0.306,0.361,124,1
2024-11-28 00:17:10,Mild Yawn,0.234,0.351,124,1
2024-11-28 00:17:10,Mild Yawn,0.174,0.447,124,1
2024-11-28 00:17:10,SLEEPING !!!,0.242,0.438,124,1
2024-11-28 00:17:11,Mild Yawn,0.273,0.382,125,1
2024-11-28 00:17:11,Mild Yawn,0.294,0.353,125,1
2024-11-28 00:17:11,Mild Yawn,0.256,0.426,125,1
2024-11-28 00:17:11,Mild Yawn,0.323,0.330,125,1
2024-11-28 00:17:11,Mild Yawn,0.240,0.385,125,1
2024-11-28 00:17:11,Mild Yawn,0.156,0.497,125,1
2024-11-28 00:17:11,SLEEPING !!!,0.178,0.374,125,1
2024-11-28 00:17:11,SLEEPING !!!,0.227,0.399,125,1
2024-11-28 00:17:11,Mild Yawn,0.256,0.382,126,1
2024-11-28 00:17:11,Mild Yawn,0.245,0.376,126,1
2024-11-28 00:17:12,Mild Yawn,0.258,0.413,126,1
2024-11-28 00:17:12,Mild Yawn,0.205,0.366,126,1
2024-11-28 00:17:12,Mild Yawn,0.175,0.384,126,1
2024-11-28 00:17:12,SLEEPING !!!,0.168,0.386,126,1
2024-11-28 00:17:12,SLEEPING !!!,0.206,0.387,126,1
2024-11-28 00:17:12,SLEEPING !!!,0.239,0.354,126,1
2024-11-28 00:17:12,SLEEPING !!!,0.234,0.506,126,1
2024-11-28 00:17:12,SLEEPING !!!,0.228,0.384,126,1
2024-11-28 00:17:12,SLEEPING !!!,0.168,0.468,126,1
2024-11-28 00:17:12,SLEEPING !!!,0.218,0.365,126,1
2024-11-28 00:17:13,SLEEPING !!!,0.228,0.437,126,1
2024-11-28 00:17:13,SLEEPING !!!,0.237,0.458,126,1
2024-11-28 00:17:13,Mild Yawn,0.258,0.474,127,1
2024-11-28 00:17:13,Mild Yawn,0.190,0.376,127,1
2024-11-28 00:17:13,Mild Yawn,0.143,0.430,127,1
2024-11-28 00:17:13,SLEEPING !!!,0.159,0.460,127,1
2024-11-28 00:17:13,SLEEPING !!!,0.228,0.393,127,1
2024-11-28 00:17:13,Mild Yawn,0.251,0.372,128,1
2024-11-28 00:17:13,Mild Yawn,0.268,0.366,128,1
2024-11-28 00:17:13,Mild Yawn,0.270,0.423,128,1
2024-11-28 00:17:14,Mild Yawn,0.239,0.388,128,1
2024-11-28 00:17:14,Mild Yawn,0.271,0.381,128,1
2024-11-28 00:17:14,Mild Yawn,0.256,0.358,128,1
2024-11-28 00:17:14,Mild Yawn,0.204,0.373,128,1
2024-11-28 00:17:14,Mild Yawn,0.216,0.364,128,1
2024-11-28 00:17:14,SLEEPING !!!,0.202,0.376,128,1
2024-11-28 00:17:14,SLEEPING !!!,0.204,0.373,128,1
2024-11-28 00:17:14,SLEEPING !!!,0.245,0.352,128,1
2024-11-28 00:17:14,Mild Yawn,0.273,0.351,129,1
2024-11-28 00:17:14,Mild Yawn,0.283,0.363,129,1
2024-11-28 00:17:15,Mild Yawn,0.273,0.334,129,1
2024-11-28 00:17:15,Mild Yawn,0.283,0.363,129,1
2024-11-28 00:17:15,Mild Yawn,0.276,0.561,129,1
2024-11-28 00:17:15,Mild Yawn,0.179,0.371,129,1
2024-11-28 00:17:15,Mild Yawn,0.181,0.358,129,1
2024-11-28 00:17:15,SLEEPING !!!,0.177,0.378,129,1
2024-11-28 00:17:15,SLEEPING !!!,0.133,0.360,129,1
2024-11-28 00:17:15,SLEEPING !!!,0.186,0.390,129,1
2024-11-28 00:17:15,SLEEPING !!!,0.229,0.341,129,1
2024-11-28 00:17:16,SLEEPING !!!,0.223,0.388,129,1
2024-11-28 00:17:16,Mild Yawn,0.268,0.373,130,1
2024-11-28 00:17:16,Mild Yawn,0.250,0.374,130,1
2024-11-28 00:17:16,Mild Yawn,0.244,0.374,130,1
2024-11-28 00:17:16,SLEEPING !!!,0.154,0.381,130,1
2024-11-28 00:17:16,SLEEPING !!!,0.195,0.382,130,1
2024-11-28 00:17:16,SLEEPING !!!,0.216,0.372,130,1
2024-11-28 00:17:16,Mild Yawn,0.277,0.396,131,1
2024-11-28 00:17:16,Mild Yawn,0.285,0.389,131,1
2024-11-28 00:17:16,Mild Yawn,0.284,0.369,131,1
2024-11-28 00:17:16,Mild Yawn,0.299,0.350,131,1
2024-11-28 00:17:17,Mild Yawn,0.320,0.385,131,1
2024-11-28 00:17:17,Mild Yawn,0.291,0.352,131,1
2024-11-28 00:17:17,Mild Yawn,0.316,0.358,131,1
2024-11-28 00:17:17,Mild Yawn,0.305,0.350,131,1
2024-11-28 00:17:17,Mild Yawn,0.322,0.373,131,1
2024-11-28 00:17:17,Mild Yawn,0.331,0.370,131,1
2024-11-28 00:17:17,Mild Yawn,0.283,0.354,131,1
2024-11-28 00:17:17,Mild Yawn,0.318,0.351,131,1
2024-11-28 00:17:17,Mild Yawn,0.186,0.354,131,1
2024-11-28 00:17:17,Mild Yawn,0.217,0.341,131,1
2024-11-28 00:17:18,Mild Yawn,0.280,0.359,131,1
2024-11-28 00:17:18,Mild Yawn,0.272,0.345,131,1
2024-11-28 00:17:18,Mild Yawn,0.319,0.319,131,1
2024-11-28 00:17:18,Mild Yawn,0.315,0.343,131,1
2024-11-28 00:17:18,Mild Yawn,0.318,0.343,131,1
2024-11-28 00:17:18,Mild Yawn,0.318,0.357,131,1
2024-11-28 00:17:18,Mild Yawn,0.333,0.351,131,1
2024-11-28 00:17:18,Mild Yawn,0.317,0.343,131,1
2024-11-28 00:17:18,Mild Yawn,0.228,0.351,131,1
2024-11-28 00:17:18,Mild Yawn,0.244,0.354,131,1
2024-11-28 00:17:19,Mild Yawn,0.327,0.335,131,1
2024-11-28 00:17:19,Mild Yawn,0.308,0.343,131,1
2024-11-28 00:17:19,Mild Yawn,0.336,0.343,131,1
2024-11-28 00:17:19,Mild Yawn,0.302,0.362,131,1
2024-11-28 00:17:19,Mild Yawn,0.328,0.357,131,1
2024-11-28 00:17:19,Mild Yawn,0.341,0.338,131,1
2024-11-28 00:17:19,Mild Yawn,0.326,0.355,131,1
2024-11-28 00:17:19,Mild Yawn,0.329,0.351,131,1
2024-11-28 00:17:19,Mild Yawn,0.342,0.353,131,1
2024-11-28 00:17:20,Mild Yawn,0.253,0.361,131,1
2024-11-28 00:17:20,Mild Yawn,0.239,0.356,131,1
2024-11-28 00:17:20,Mild Yawn,0.299,0.357,131,1
2024-11-28 00:17:20,Mild Yawn,0.308,0.341,131,1
2024-11-28 00:17:20,Mild Yawn,0.307,0.354,131,1
2024-11-28 00:17:20,Mild Yawn,0.324,0.357,131,1
2024-11-28 00:17:20,Mild Yawn,0.312,0.299,131,1
2024-11-28 00:17:20,Mild Yawn,0.318,0.356,131,1
2024-11-28 00:17:20,Mild Yawn,0.311,0.345,131,1
2024-11-28 00:17:20,Mild Yawn,0.340,0.350,131,1
2024-11-28 00:17:21,Mild Yawn,0.310,0.358,131,1
2024-11-28 00:17:21,Mild Yawn,0.310,0.376,131,1
2024-11-28 00:17:21,Mild Yawn,0.331,0.334,131,1
2024-11-28 00:17:21,Mild Yawn,0.329,0.301,131,1
2024-11-28 00:17:21,Mild Yawn,0.325,0.279,131,1
2024-11-28 00:17:21,Mild Yawn,0.318,0.343,131,1
2024-11-28 00:17:21,Mild Yawn,0.335,0.293,131,1
2024-11-28 00:17:21,Mild Yawn,0.318,0.319,131,1
2024-11-28 00:17:21,Mild Yawn,0.306,0.327,131,1
2024-11-28 00:17:21,Mild Yawn,0.332,0.343,131,1
2024-11-28 00:17:22,Mild Yawn,0.323,0.367,131,1
2024-11-28 00:17:22,Mild Yawn,0.333,0.378,131,1
2024-11-28 00:17:22,Mild Yawn,0.321,0.356,131,1
2024-11-28 00:17:22,Mild Yawn,0.355,0.337,131,1
2024-11-28 00:17:22,Mild Yawn,0.319,0.354,131,1
2024-11-28 00:17:22,Mild Yawn,0.235,0.396,131,1
2024-11-28 00:17:22,Mild Yawn,0.293,0.405,131,1
2024-11-28 00:17:22,Mild Yawn,0.262,0.364,131,1
2024-11-28 00:17:22,Mild Yawn,0.318,0.362,131,1
2024-11-28 00:17:22,Mild Yawn,0.307,0.401,131,1
2024-11-28 00:17:23,Mild Yawn,0.356,0.382,131,1
2024-11-28 00:17:23,Mild Yawn,0.345,0.389,131,1
2024-11-28 00:17:23,Mild Yawn,0.351,0.379,131,1
2024-11-28 00:17:23,Mild Yawn,0.321,0.372,131,1
2024-11-28 00:17:23,Mild Yawn,0.281,0.376,131,1
2024-11-28 00:17:23,Mild Yawn,0.248,0.370,131,1
2024-11-28 00:17:23,Mild Yawn,0.324,0.348,131,1
2024-11-28 00:17:23,Mild Yawn,0.317,0.390,131,1
2024-11-28 00:17:23,Mild Yawn,0.314,0.387,131,1
2024-11-28 00:17:23,Mild Yawn,0.329,0.376,131,1
2024-11-28 00:17:24,Mild Yawn,0.314,0.356,131,1
2024-11-28 00:17:24,Mild Yawn,0.341,0.303,131,1
2024-11-28 00:17:24,Mild Yawn,0.374,0.340,131,1
2024-11-28 00:17:24,Mild Yawn,0.297,0.351,131,1
2024-11-28 00:17:24,Mild Yawn,0.226,0.343,131,1
2024-11-28 00:17:24,Mild Yawn,0.303,0.351,131,1
2024-11-28 00:17:24,Mild Yawn,0.306,0.382,131,1
2024-11-28 00:17:24,Mild Yawn,0.356,0.348,131,1
2024-11-28 00:17:24,Mild Yawn,0.333,0.340,131,1
2024-11-28 00:17:24,Mild Yawn,0.334,0.296,131,1
2024-11-28 00:17:25,Mild Yawn,0.322,0.380,131,1
2024-11-28 00:17:25,Mild Yawn,0.342,0.354,131,1
2024-11-28 00:17:25,Mild Yawn,0.337,0.370,131,1
2024-11-28 00:17:25,Mild Yawn,0.355,0.390,131,1
2024-11-28 00:17:25,Mild Yawn,0.348,0.370,131,1
2024-11-28 00:17:25,Mild Yawn,0.325,0.369,131,1
2024-11-28 00:17:25,Mild Yawn,0.311,0.353,131,1
2024-11-28 00:17:25,Mild Yawn,0.176,0.394,131,1
2024-11-28 00:17:25,Mild Yawn,0.221,0.431,131,1
2024-11-28 00:17:25,Mild Yawn,0.279,0.366,131,1
2024-11-28 00:17:26,Mild Yawn,0.272,0.377,131,1
2024-11-28 00:17:26,Mild Yawn,0.307,0.343,131,1
2024-11-28 00:17:26,Mild Yawn,0.306,0.377,131,1
2024-11-28 00:17:26,Mild Yawn,0.323,0.386,131,1
2024-11-28 00:17:26,Mild Yawn,0.312,0.383,131,1
2024-11-28 00:17:26,Mild Yawn,0.293,0.377,131,1
2024-11-28 00:17:26,Mild Yawn,0.301,0.363,131,1
2024-11-28 00:17:26,Mild Yawn,0.310,0.357,131,1
2024-11-28 00:17:26,Mild Yawn,0.294,0.390,131,1
2024-11-28 00:17:26,Mild Yawn,0.310,0.360,131,1
2024-11-28 00:17:27,Mild Yawn,0.326,0.359,131,1
2024-11-28 00:17:27,Mild Yawn,0.324,0.354,131,1
2024-11-28 00:17:27,Mild Yawn,0.334,0.344,131,1
2024-11-28 00:17:27,Mild Yawn,0.287,0.381,131,1
2024-11-28 00:17:27,Mild Yawn,0.148,0.372,131,1
2024-11-28 00:17:27,Mild Yawn,0.222,0.372,131,1
2024-11-28 00:17:27,SLEEPING !!!,0.238,0.361,131,1
2024-11-28 00:17:27,Mild Yawn,0.313,0.527,132,1
2024-11-28 00:17:27,Mild Yawn,0.245,0.354,132,1
2024-11-28 00:17:28,Mild Yawn,0.264,0.358,132,1
2024-11-28 00:17:28,Mild Yawn,0.334,0.358,132,1
2024-11-28 00:17:28,Mild Yawn,0.272,0.377,132,1
2024-11-28 00:17:28,Mild Yawn,0.220,0.354,132,1
2024-11-28 00:17:28,Mild Yawn,0.296,0.362,132,1
2024-11-28 00:17:28,Mild Yawn,0.294,0.370,132,1
2024-11-28 00:17:28,Mild Yawn,0.333,0.381,132,1
2024-11-28 00:17:28,Mild Yawn,0.296,0.369,132,1
2024-11-28 00:17:28,Mild Yawn,0.247,0.352,132,1
2024-11-28 00:17:28,Mild Yawn,0.223,0.374,132,1
2024-11-28 00:17:29,Mild Yawn,0.272,0.381,132,1
2024-11-28 00:17:29,Mild Yawn,0.224,0.385,132,1
2024-11-28 00:17:29,Mild Yawn,0.250,0.361,132,1
2024-11-28 00:17:29,Mild Yawn,0.232,0.371,132,1
2024-11-28 00:17:29,Mild Yawn,0.219,0.349,132,1
2024-11-28 00:17:29,Mild Yawn,0.302,0.356,132,1
2024-11-28 00:17:29,Mild Yawn,0.312,0.341,132,1
2024-11-28 00:17:29,Mild Yawn,0.291,0.355,132,1
2024-11-28 00:17:29,Mild Yawn,0.335,0.345,132,1
2024-11-28 00:17:29,Mild Yawn,0.337,0.336,132,1
2024-11-28 00:17:30,Mild Yawn,0.338,0.325,132,1
2024-11-28 00:17:30,Mild Yawn,0.325,0.318,132,1
2024-11-28 00:17:30,Mild Yawn,0.325,0.346,132,1
2024-11-28 00:17:30,Mild Yawn,0.290,0.347,132,1
2024-11-28 00:17:30,Mild Yawn,0.324,0.343,132,1
2024-11-28 00:17:30,Mild Yawn,0.337,0.356,132,1
2024-11-28 00:17:30,Mild Yawn,0.324,0.361,132,1
2024-11-28 00:17:30,Mild Yawn,0.204,0.388,132,1
2024-11-28 00:17:30,Mild Yawn,0.295,0.354,132,1
2024-11-28 00:17:30,Mild Yawn,0.291,0.340,132,1
2024-11-28 00:17:31,Mild Yawn,0.321,0.328,132,1
2024-11-28 00:17:31,Mild Yawn,0.328,0.324,132,1
2024-11-28 00:17:31,Mild Yawn,0.334,0.333,132,1
2024-11-28 00:17:31,Mild Yawn,0.316,0.324,132,1
2024-11-28 00:17:31,Mild Yawn,0.334,0.321,132,1
2024-11-28 00:17:31,Mild Yawn,0.333,0.308,132,1
2024-11-28 00:17:31,Mild Yawn,0.327,0.333,132,1
2024-11-28 00:17:31,Mild Yawn,0.345,0.336,132,1
2024-11-28 00:17:31,Mild Yawn,0.336,0.331,132,1
2024-11-28 00:17:31,Mild Yawn,0.309,0.394,132,1
2024-11-28 00:17:32,Mild Yawn,0.318,0.360,132,1
2024-11-28 00:17:32,Mild Yawn,0.334,0.318,132,1
2024-11-28 00:17:32,Mild Yawn,0.242,0.406,132,1
2024-11-28 00:17:32,Mild Yawn,0.324,0.342,132,1
2024-11-28 00:17:32,Mild Yawn,0.356,0.335,132,1
2024-11-28 00:17:32,Mild Yawn,0.348,0.337,132,1
2024-11-28 00:17:32,Mild Yawn,0.354,0.326,132,1
2024-11-28 00:17:32,Mild Yawn,0.327,0.325,132,1
2024-11-28 00:17:32,Mild Yawn,0.335,0.354,132,1
2024-11-28 00:17:32,Mild Yawn,0.309,0.325,132,1
2024-11-28 00:17:33,Mild Yawn,0.237,0.338,132,1
2024-11-28 00:17:33,Mild Yawn,0.294,0.345,132,1
2024-11-28 00:17:33,Mild Yawn,0.312,0.340,132,1
2024-11-28 00:17:33,Mild Yawn,0.316,0.340,132,1
2024-11-28 00:17:33,Mild Yawn,0.195,0.347,132,1
2024-11-28 00:17:33,Mild Yawn,0.251,0.350,132,1
2024-11-28 00:17:33,Mild Yawn,0.295,0.338,132,1
2024-11-28 00:17:33,Mild Yawn,0.330,0.357,132,1
2024-11-28 00:17:33,Mild Yawn,0.305,0.316,132,1
2024-11-28 00:17:33,Mild Yawn,0.326,0.334,132,1
2024-11-28 00:17:34,Mild Yawn,0.339,0.335,132,1
2024-11-28 00:17:34,Mild Yawn,0.313,0.351,132,1
2024-11-28 00:17:34,Mild Yawn,0.327,0.329,132,1
2024-11-28 00:17:34,Mild Yawn,0.316,0.317,132,1
2024-11-28 00:17:34,Mild Yawn,0.276,0.327,132,1
2024-11-28 00:17:34,Mild Yawn,0.230,0.345,132,1
2024-11-28 00:17:34,Mild Yawn,0.201,0.344,132,1
2024-11-28 00:17:34,SLEEPING !!!,0.219,0.344,132,1
2024-11-28 00:17:34,Mild Yawn,0.278,0.325,133,1
2024-11-28 00:17:34,Mild Yawn,0.298,0.339,133,1
2024-11-28 00:17:35,Mild Yawn,0.304,0.365,133,1
2024-11-28 00:17:35,Mild Yawn,0.295,0.369,133,1
2024-11-28 00:17:35,Mild Yawn,0.180,0.358,133,1
2024-11-28 00:17:35,Mild Yawn,0.185,0.364,133,1
2024-11-28 00:17:35,SLEEPING !!!,0.147,0.363,133,1
2024-11-28 00:17:35,SLEEPING !!!,0.195,0.351,133,1
2024-11-28 00:17:35,SLEEPING !!!,0.215,0.328,133,1
2024-11-28 00:17:35,SLEEPING !!!,0.203,0.329,133,1
2024-11-28 00:17:35,SLEEPING !!!,0.154,0.323,133,1
2024-11-28 00:17:35,SLEEPING !!!,0.169,0.317,133,1
2024-11-28 00:17:36,SLEEPING !!!,0.173,0.312,133,1
2024-11-28 00:17:36,SLEEPING !!!,0.155,0.324,133,1
2024-11-28 00:17:36,SLEEPING !!!,0.186,0.307,133,1
2024-11-28 00:17:36,SLEEPING !!!,0.163,0.330,133,1
2024-11-28 00:17:36,SLEEPING !!!,0.203,0.348,133,1
2024-11-28 00:17:36,SLEEPING !!!,0.149,0.313,133,1
2024-11-28 00:17:36,SLEEPING !!!,0.147,0.331,133,1
2024-11-28 00:17:36,SLEEPING !!!,0.146,0.326,133,1
2024-11-28 00:17:36,SLEEPING !!!,0.161,0.339,133,1
2024-11-28 00:17:36,SLEEPING !!!,0.150,0.338,133,1
2024-11-28 00:17:37,SLEEPING !!!,0.173,0.309,133,1
2024-11-28 00:17:37,SLEEPING !!!,0.153,0.318,133,1
2024-11-28 00:17:37,SLEEPING !!!,0.168,0.324,133,1
2024-11-28 00:17:37,SLEEPING !!!,0.167,0.337,133,1
2024-11-28 00:17:37,SLEEPING !!!,0.195,0.334,133,1
2024-11-28 00:17:37,SLEEPING !!!,0.188,0.337,133,1
2024-11-28 00:17:37,SLEEPING !!!,0.232,0.313,133,1
2024-11-28 00:17:37,Mild Yawn,0.300,0.342,134,1
2024-11-28 00:17:37,Mild Yawn,0.191,0.353,134,1
2024-11-28 00:17:37,Mild Yawn,0.150,0.361,134,1
2024-11-28 00:17:38,SLEEPING !!!,0.229,0.338,134,1
2024-11-28 00:17:38,Mild Yawn,0.295,0.354,135,1
2024-11-28 00:17:38,Mild Yawn,0.311,0.324,135,1
2024-11-28 00:17:38,Mild Yawn,0.328,0.319,135,1
2024-11-28 00:17:38,Mild Yawn,0.304,0.324,135,1
2024-11-28 00:17:38,Mild Yawn,0.314,0.328,135,1
2024-11-28 00:17:38,Mild Yawn,0.319,0.428,135,1
2024-11-28 00:17:38,Mild Yawn,0.319,0.336,135,1
2024-11-28 00:17:38,Mild Yawn,0.322,0.330,135,1
2024-11-28 00:17:38,Mild Yawn,0.293,0.354,135,1
2024-11-28 00:17:39,Mild Yawn,0.339,0.317,135,1
2024-11-28 00:17:39,Mild Yawn,0.338,0.390,135,1
2024-11-28 00:17:39,Mild Yawn,0.320,0.334,135,1
2024-11-28 00:17:39,Mild Yawn,0.325,0.389,135,1
2024-11-28 00:17:39,Mild Yawn,0.332,0.330,135,1
2024-11-28 00:17:39,Mild Yawn,0.311,0.332,135,1
2024-11-28 00:17:39,Mild Yawn,0.314,0.311,135,1
2024-11-28 00:17:39,Mild Yawn,0.332,0.322,135,1
2024-11-28 00:17:39,Mild Yawn,0.343,0.319,135,1
2024-11-28 00:17:39,Mild Yawn,0.332,0.323,135,1
2024-11-28 00:17:40,Mild Yawn,0.247,0.344,135,1
2024-11-28 00:17:40,Mild Yawn,0.297,0.332,135,1
2024-11-28 00:17:40,Mild Yawn,0.301,0.324,135,1
2024-11-28 00:17:40,Mild Yawn,0.306,0.432,135,1
2024-11-28 00:17:40,Mild Yawn,0.315,0.323,135,1
2024-11-28 00:17:40,Mild Yawn,0.332,0.317,135,1
2024-11-28 00:17:40,Mild Yawn,0.330,0.341,135,1
2024-11-28 00:17:40,Mild Yawn,0.281,0.323,135,1
2024-11-28 00:17:40,Mild Yawn,0.234,0.342,135,1
2024-11-28 00:17:40,Mild Yawn,0.253,0.336,135,1
2024-11-28 00:17:41,Mild Yawn,0.289,0.325,135,1
2024-11-28 00:17:41,Mild Yawn,0.297,0.330,135,1
2024-11-28 00:17:41,Mild Yawn,0.310,0.324,135,1
2024-11-28 00:17:41,Mild Yawn,0.323,0.333,135,1
2024-11-28 00:17:41,Mild Yawn,0.312,0.332,135,1
2024-11-28 00:17:41,Mild Yawn,0.310,0.336,135,1
2024-11-28 00:17:41,Mild Yawn,0.291,0.312,135,1
2024-11-28 00:17:41,Mild Yawn,0.308,0.299,135,1
2024-11-28 00:17:41,Mild Yawn,0.317,0.317,135,1
2024-11-28 00:17:41,Mild Yawn,0.311,0.326,135,1
2024-11-28 00:17:42,Mild Yawn,0.301,0.311,135,1
2024-11-28 00:17:42,Mild Yawn,0.253,0.331,135,1
2024-11-28 00:17:42,Mild Yawn,0.279,0.318,135,1
2024-11-28 00:17:42,Mild Yawn,0.312,0.284,135,1
2024-11-28 00:17:42,Mild Yawn,0.247,0.323,135,1
2024-11-28 00:17:42,Mild Yawn,0.267,0.306,135,1
2024-11-28 00:17:42,Mild Yawn,0.279,0.302,135,1
2024-11-28 00:17:42,Mild Yawn,0.296,0.284,135,1
2024-11-28 00:17:42,Mild Yawn,0.220,0.314,135,1
2024-11-28 00:17:42,Mild Yawn,0.240,0.313,135,1
2024-11-28 00:17:43,Mild Yawn,0.296,0.309,135,1
2024-11-28 00:17:43,Mild Yawn,0.276,0.323,135,1
2024-11-28 00:17:43,Mild Yawn,0.283,0.305,135,1
2024-11-28 00:17:43,Mild Yawn,0.234,0.343,135,1
2024-11-28 00:17:43,Mild Yawn,0.251,0.354,135,1
2024-11-28 00:17:43,Mild Yawn,0.253,0.339,135,1
2024-11-28 00:17:43,Mild Yawn,0.301,0.330,135,1
2024-11-28 00:17:43,Mild Yawn,0.299,0.351,135,1
2024-11-28 00:17:43,Mild Yawn,0.251,0.322,135,1
2024-11-28 00:17:43,Mild Yawn,0.199,0.345,135,1
2024-11-28 00:17:44,Mild Yawn,0.265,0.333,135,1
2024-11-28 00:17:44,Mild Yawn,0.292,0.362,135,1
2024-11-28 00:17:44,Mild Yawn,0.239,0.346,135,1
2024-11-28 00:17:44,Mild Yawn,0.189,0.367,135,1
2024-11-28 00:17:44,Mild Yawn,0.262,0.361,135,1
2024-11-28 00:17:44,Mild Yawn,0.281,0.365,135,1
2024-11-28 00:17:44,Mild Yawn,0.284,0.352,135,1
2024-11-28 00:17:44,Mild Yawn,0.240,0.353,135,1
2024-11-28 00:17:44,Mild Yawn,0.215,0.353,135,1
2024-11-28 00:17:44,Mild Yawn,0.262,0.349,135,1
2024-11-28 00:17:45,Mild Yawn,0.291,0.347,135,1
2024-11-28 00:17:45,Mild Yawn,0.293,0.357,135,1
2024-11-28 00:17:45,Mild Yawn,0.283,0.376,135,1
2024-11-28 00:17:45,Mild Yawn,0.149,0.388,135,1
2024-11-28 00:17:45,Mild Yawn,0.221,0.374,135,1
2024-11-28 00:17:45,Mild Yawn,0.268,0.408,135,1
2024-11-28 00:17:45,Mild Yawn,0.277,0.422,135,1
2024-11-28 00:17:45,Mild Yawn,0.273,0.423,135,1
2024-11-28 00:17:45,Mild Yawn,0.276,0.371,135,1
2024-11-28 00:17:45,Mild Yawn,0.296,0.340,135,1
2024-11-28 00:17:46,Mild Yawn,0.232,0.394,135,1
2024-11-28 00:17:46,Mild Yawn,0.114,0.385,135,1
2024-11-28 00:17:46,SLEEPING !!!,0.179,0.387,135,1
2024-11-28 00:17:46,SLEEPING !!!,0.199,0.329,135,1
2024-11-28 00:17:46,SLEEPING !!!,0.149,0.359,135,1
2024-11-28 00:17:46,SLEEPING !!!,0.116,0.327,135,1
2024-11-28 00:17:46,SLEEPING !!!,0.154,0.352,135,1
2024-11-28 00:17:46,SLEEPING !!!,0.214,0.360,135,1
2024-11-28 00:17:46,Mild Yawn,0.270,0.342,136,1
2024-11-28 00:17:46,Mild Yawn,0.311,0.321,136,1
2024-11-28 00:17:47,Mild Yawn,0.308,0.323,136,1
2024-11-28 00:17:47,Mild Yawn,0.253,0.325,136,1
2024-11-28 00:17:47,Mild Yawn,0.190,0.329,136,1
2024-11-28 00:17:47,Mild Yawn,0.239,0.335,136,1
2024-11-28 00:17:47,Mild Yawn,0.290,0.329,136,1
2024-11-28 00:17:47,Mild Yawn,0.253,0.339,136,1
2024-11-28 00:17:47,Mild Yawn,0.177,0.333,136,1
2024-11-28 00:17:47,Mild Yawn,0.154,0.327,136,1
2024-11-28 00:17:47,SLEEPING !!!,0.211,0.329,136,1
2024-11-28 00:17:47,Mild Yawn,0.271,0.339,137,1
2024-11-28 00:17:48,Mild Yawn,0.288,0.353,137,1
2024-11-28 00:17:48,Mild Yawn,0.278,0.315,137,1
2024-11-28 00:17:48,Mild Yawn,0.296,0.332,137,1
2024-11-28 00:17:48,Mild Yawn,0.315,0.326,137,1
2024-11-28 00:17:48,Mild Yawn,0.199,0.323,137,1
2024-11-28 00:17:48,Mild Yawn,0.188,0.333,137,1
2024-11-28 00:17:48,Mild Yawn,0.264,0.342,137,1
2024-11-28 00:17:48,Mild Yawn,0.306,0.330,137,1
2024-11-28 00:17:48,Mild Yawn,0.275,0.340,137,1
2024-11-28 00:17:48,Mild Yawn,0.283,0.340,137,1
2024-11-28 00:17:49,Mild Yawn,0.188,0.334,137,1
2024-11-28 00:17:49,Mild Yawn,0.207,0.342,137,1
2024-11-28 00:17:49,Mild Yawn,0.250,0.340,137,1
2024-11-28 00:17:49,Mild Yawn,0.271,0.359,137,1
2024-11-28 00:17:49,Mild Yawn,0.240,0.315,137,1
2024-11-28 00:17:49,Mild Yawn,0.185,0.338,137,1
2024-11-28 00:17:49,SLEEPING !!!,0.235,0.336,137,1
2024-11-28 00:17:49,Mild Yawn,0.306,0.328,138,1
2024-11-28 00:17:49,Mild Yawn,0.261,0.336,138,1
2024-11-28 00:17:49,Mild Yawn,0.187,0.352,138,1
2024-11-28 00:17:50,Mild Yawn,0.257,0.331,138,1
2024-11-28 00:17:50,Mild Yawn,0.295,0.307,138,1
2024-11-28 00:17:50,Mild Yawn,0.288,0.326,138,1
2024-11-28 00:17:50,Mild Yawn,0.317,0.322,138,1
2024-11-28 00:17:50,Mild Yawn,0.326,0.338,138,1
2024-11-28 00:17:50,Mild Yawn,0.314,0.331,138,1
2024-11-28 00:17:50,Mild Yawn,0.293,0.344,138,1
2024-11-28 00:17:50,Mild Yawn,0.198,0.321,138,1
2024-11-28 00:17:50,Mild Yawn,0.153,0.412,138,1
2024-11-28 00:17:50,SLEEPING !!!,0.202,0.340,138,1
2024-11-28 00:17:51,SLEEPING !!!,0.227,0.319,138,1
2024-11-28 00:17:51,Mild Yawn,0.302,0.324,139,1
2024-11-28 00:17:51,Mild Yawn,0.305,0.316,139,1
2024-11-28 00:17:51,Mild Yawn,0.307,0.331,139,1
2024-11-28 00:17:51,Mild Yawn,0.173,0.338,139,1
2024-11-28 00:17:51,Mild Yawn,0.216,0.321,139,1
2024-11-28 00:17:51,Mild Yawn,0.262,0.319,139,1
2024-11-28 00:17:51,Mild Yawn,0.311,0.349,139,1
2024-11-28 00:17:51,Mild Yawn,0.334,0.314,139,1
2024-11-28 00:17:51,Mild Yawn,0.340,0.319,139,1
2024-11-28 00:17:52,Mild Yawn,0.340,0.361,139,1
2024-11-28 00:17:52,Mild Yawn,0.324,0.321,139,1
2024-11-28 00:17:52,Mild Yawn,0.315,0.307,139,1
2024-11-28 00:17:52,Mild Yawn,0.337,0.316,139,1
2024-11-28 00:17:52,Mild Yawn,0.329,0.406,139,1
2024-11-28 00:17:52,Mild Yawn,0.346,0.374,139,1
2024-11-28 00:17:52,Mild Yawn,0.326,0.341,139,1
2024-11-28 00:17:52,Mild Yawn,0.336,0.323,139,1
2024-11-28 00:17:52,Mild Yawn,0.337,0.315,139,1
2024-11-28 00:17:52,Mild Yawn,0.273,0.356,139,1
2024-11-28 00:17:53,Mild Yawn,0.205,0.305,139,1
2024-11-28 00:17:53,Mild Yawn,0.273,0.348,139,1
2024-11-28 00:17:53,Mild Yawn,0.277,0.319,139,1
2024-11-28 00:17:53,Mild Yawn,0.305,0.331,139,1
2024-11-28 00:17:53,Mild Yawn,0.304,0.348,139,1
2024-11-28 00:17:53,Mild Yawn,0.298,0.331,139,1
2024-11-28 00:17:53,Mild Yawn,0.315,0.314,139,1
2024-11-28 00:17:53,Mild Yawn,0.311,0.333,139,1
2024-11-28 00:17:53,Mild Yawn,0.312,0.331,139,1
2024-11-28 00:17:53,Mild Yawn,0.318,0.307,139,1
2024-11-28 00:17:54,Mild Yawn,0.321,0.329,139,1
2024-11-28 00:17:54,Mild Yawn,0.337,0.395,139,1
2024-11-28 00:17:54,Mild Yawn,0.352,0.422,139,1
2024-11-28 00:17:54,Mild Yawn,0.355,0.396,139,1
2024-11-28 00:17:54,Mild Yawn,0.327,0.320,139,1
2024-11-28 00:17:54,Mild Yawn,0.341,0.391,139,1
2024-11-28 00:17:54,Mild Yawn,0.354,0.429,139,1
2024-11-28 00:17:54,Mild Yawn,0.309,0.407,139,1
2024-11-28 00:17:54,Mild Yawn,0.314,0.419,139,1
2024-11-28 00:17:54,Mild Yawn,0.322,0.418,139,1
2024-11-28 00:17:55,Mild Yawn,0.330,0.413,139,1
2024-11-28 00:17:55,Mild Yawn,0.304,0.333,139,1
2024-11-28 00:17:55,Mild Yawn,0.315,0.387,139,1
2024-11-28 00:17:55,Mild Yawn,0.318,0.417,139,1
2024-11-28 00:17:55,Mild Yawn,0.310,0.371,139,1
2024-11-28 00:17:55,Mild Yawn,0.186,0.399,139,1
2024-11-28 00:17:55,Mild Yawn,0.234,0.324,139,1
2024-11-28 00:17:55,Mild Yawn,0.293,0.350,139,1
2024-11-28 00:17:55,Mild Yawn,0.271,0.351,139,1
2024-11-28 00:17:55,Mild Yawn,0.299,0.357,139,1
2024-11-28 00:17:56,Mild Yawn,0.315,0.335,139,1
2024-11-28 00:17:56,Mild Yawn,0.354,0.359,139,1
2024-11-28 00:17:56,Mild Yawn,0.325,0.382,139,1
2024-11-28 00:17:56,Mild Yawn,0.284,0.394,139,1
2024-11-28 00:17:56,Mild Yawn,0.338,0.356,139,1
2024-11-28 00:17:56,Mild Yawn,0.320,0.417,139,1
2024-11-28 00:17:56,Mild Yawn,0.325,0.349,139,1
2024-11-28 00:17:56,Mild Yawn,0.299,0.336,139,1
2024-11-28 00:17:56,Mild Yawn,0.166,0.352,139,1
2024-11-28 00:17:56,Mild Yawn,0.267,0.408,139,1
2024-11-28 00:17:57,Mild Yawn,0.257,0.341,139,1
2024-11-28 00:17:57,Mild Yawn,0.228,0.424,139,1
2024-11-28 00:17:57,Mild Yawn,0.229,0.406,139,1
2024-11-28 00:17:57,SLEEPING !!!,0.219,0.331,139,1
2024-11-28 00:17:57,Mild Yawn,0.272,0.394,140,1
2024-11-28 00:17:57,Mild Yawn,0.267,0.340,140,1
2024-11-28 00:17:57,Mild Yawn,0.222,0.337,140,1
2024-11-28 00:17:57,Mild Yawn,0.223,0.403,140,1
2024-11-28 00:17:57,Mild Yawn,0.279,0.386,140,1
2024-11-28 00:17:57,Mild Yawn,0.324,0.379,140,1
2024-11-28 00:17:58,Mild Yawn,0.289,0.390,140,1
2024-11-28 00:17:58,Mild Yawn,0.300,0.403,140,1
2024-11-28 00:17:58,Mild Yawn,0.250,0.385,140,1
2024-11-28 00:17:58,Mild Yawn,0.172,0.414,140,1
2024-11-28 00:17:58,Mild Yawn,0.244,0.399,140,1
2024-11-28 00:17:58,Mild Yawn,0.310,0.402,140,1
2024-11-28 00:17:58,Mild Yawn,0.291,0.422,140,1
2024-11-28 00:17:58,Mild Yawn,0.338,0.393,140,1
2024-11-28 00:17:58,Mild Yawn,0.290,0.383,140,1
2024-11-28 00:17:58,Mild Yawn,0.318,0.407,140,1
2024-11-28 00:17:59,Mild Yawn,0.305,0.425,140,1
2024-11-28 00:17:59,Mild Yawn,0.283,0.386,140,1
2024-11-28 00:17:59,Mild Yawn,0.276,0.400,140,1
2024-11-28 00:17:59,Mild Yawn,0.319,0.384,140,1
2024-11-28 00:17:59,Mild Yawn,0.304,0.393,140,1
2024-11-28 00:17:59,Mild Yawn,0.283,0.406,140,1
2024-11-28 00:17:59,Mild Yawn,0.300,0.396,140,1
2024-11-28 00:17:59,Mild Yawn,0.304,0.367,140,1
2024-11-28 00:17:59,Mild Yawn,0.287,0.326,140,1
2024-11-28 00:17:59,Mild Yawn,0.305,0.359,140,1
2024-11-28 00:18:00,Mild Yawn,0.337,0.306,140,1
2024-11-28 00:18:00,Mild Yawn,0.331,0.326,140,1
2024-11-28 00:18:00,Mild Yawn,0.315,0.334,140,1
2024-11-28 00:18:00,Mild Yawn,0.304,0.334,140,1
2024-11-28 00:18:00,Mild Yawn,0.319,0.334,140,1
2024-11-28 00:18:00,Mild Yawn,0.301,0.412,140,1
2024-11-28 00:18:00,Mild Yawn,0.313,0.400,140,1
2024-11-28 00:18:00,Mild Yawn,0.295,0.408,140,1
2024-11-28 00:18:00,Mild Yawn,0.293,0.406,140,1
2024-11-28 00:18:00,Mild Yawn,0.317,0.421,140,1
2024-11-28 00:18:01,Mild Yawn,0.304,0.390,140,1
2024-11-28 00:18:01,Mild Yawn,0.305,0.389,140,1
2024-11-28 00:18:01,Mild Yawn,0.300,0.412,140,1
2024-11-28 00:18:01,Mild Yawn,0.318,0.403,140,1
2024-11-28 00:18:01,Mild Yawn,0.321,0.420,140,1
2024-11-28 00:18:01,Mild Yawn,0.295,0.407,140,1
2024-11-28 00:18:01,Mild Yawn,0.222,0.417,140,1
2024-11-28 00:18:01,Mild Yawn,0.278,0.415,140,1
2024-11-28 00:18:01,Mild Yawn,0.295,0.402,140,1
2024-11-28 00:18:01,Mild Yawn,0.301,0.425,140,1
2024-11-28 00:18:02,Mild Yawn,0.302,0.384,140,1
2024-11-28 00:18:02,Mild Yawn,0.327,0.384,140,1
2024-11-28 00:18:02,Mild Yawn,0.320,0.374,140,1
2024-11-28 00:18:02,Mild Yawn,0.348,0.352,140,1
2024-11-28 00:18:02,Mild Yawn,0.310,0.333,140,1
2024-11-28 00:18:02,Mild Yawn,0.268,0.405,140,1
2024-11-28 00:18:02,Mild Yawn,0.240,0.413,140,1
2024-11-28 00:18:02,Mild Yawn,0.221,0.324,140,1
2024-11-28 00:18:02,Mild Yawn,0.262,0.329,140,1
2024-11-28 00:18:02,Mild Yawn,0.303,0.331,140,1
2024-11-28 00:18:03,Mild Yawn,0.306,0.344,140,1
2024-11-28 00:18:03,Mild Yawn,0.258,0.344,140,1
2024-11-28 00:18:03,Mild Yawn,0.211,0.360,140,1
2024-11-28 00:18:03,Mild Yawn,0.250,0.370,140,1
2024-11-28 00:18:03,Mild Yawn,0.285,0.457,140,1
2024-11-28 00:18:03,Mild Yawn,0.245,0.374,140,1
2024-11-28 00:18:03,Mild Yawn,0.334,0.364,140,1
2024-11-28 00:18:03,Mild Yawn,0.307,0.337,140,1
2024-11-28 00:18:03,Mild Yawn,0.353,0.329,140,1
2024-11-28 00:18:03,Mild Yawn,0.331,0.389,140,1
2024-11-28 00:18:04,Mild Yawn,0.329,0.360,140,1
2024-11-28 00:18:04,Mild Yawn,0.353,0.350,140,1
2024-11-28 00:18:04,Mild Yawn,0.308,0.337,140,1
2024-11-28 00:18:04,Mild Yawn,0.304,0.354,140,1
2024-11-28 00:18:04,Mild Yawn,0.259,0.341,140,1
2024-11-28 00:18:04,Mild Yawn,0.326,0.345,140,1
2024-11-28 00:18:04,Mild Yawn,0.318,0.353,140,1
2024-11-28 00:18:04,Mild Yawn,0.317,0.351,140,1
2024-11-28 00:18:04,Mild Yawn,0.323,0.367,140,1
2024-11-28 00:18:04,Mild Yawn,0.351,0.355,140,1
2024-11-28 00:18:05,Mild Yawn,0.330,0.363,140,1
2024-11-28 00:18:05,Mild Yawn,0.348,0.367,140,1
2024-11-28 00:18:05,Mild Yawn,0.365,0.349,140,1
2024-11-28 00:18:05,Mild Yawn,0.305,0.350,140,1
2024-11-28 00:18:05,Mild Yawn,0.204,0.360,140,1
2024-11-28 00:18:05,Mild Yawn,0.268,0.371,140,1
2024-11-28 00:18:05,Mild Yawn,0.310,0.344,140,1
2024-11-28 00:18:05,Mild Yawn,0.323,0.360,140,1
2024-11-28 00:18:05,Mild Yawn,0.326,0.365,140,1
2024-11-28 00:18:05,Mild Yawn,0.333,0.370,140,1
2024-11-28 00:18:06,Mild Yawn,0.309,0.333,140,1
2024-11-28 00:18:06,Mild Yawn,0.326,0.358,140,1
2024-11-28 00:18:06,Mild Yawn,0.344,0.336,140,1
2024-11-28 00:18:06,Mild Yawn,0.330,0.374,140,1
2024-11-28 00:18:06,Mild Yawn,0.280,0.349,140,1
2024-11-28 00:18:06,Mild Yawn,0.170,0.363,140,1
2024-11-28 00:18:06,Mild Yawn,0.245,0.359,140,1
2024-11-28 00:18:06,Mild Yawn,0.257,0.336,140,1
2024-11-28 00:18:06,Mild Yawn,0.221,0.352,140,1
2024-11-28 00:18:06,Mild Yawn,0.148,0.378,140,1
2024-11-28 00:18:07,SLEEPING !!!,0.221,0.378,140,1
2024-11-28 00:18:07,Mild Yawn,0.266,0.366,141,1
2024-11-28 00:18:07,Mild Yawn,0.261,0.371,141,1
2024-11-28 00:18:07,Mild Yawn,0.274,0.385,141,1
2024-11-28 00:18:07,Mild Yawn,0.286,0.394,141,1
2024-11-28 00:18:07,Mild Yawn,0.145,0.387,141,1
2024-11-28 00:18:07,Mild Yawn,0.159,0.402,141,1
2024-11-28 00:18:07,SLEEPING !!!,0.165,0.398,141,1
2024-11-28 00:18:07,Mild Yawn,0.267,0.396,142,1
2024-11-28 00:18:07,Mild Yawn,0.300,0.381,142,1
2024-11-28 00:18:08,Mild Yawn,0.262,0.380,142,1
2024-11-28 00:18:08,Mild Yawn,0.298,0.371,142,1
2024-11-28 00:18:08,Mild Yawn,0.267,0.371,142,1
2024-11-28 00:18:08,Mild Yawn,0.279,0.396,142,1
2024-11-28 00:18:08,Mild Yawn,0.274,0.389,142,1
2024-11-28 00:18:08,Mild Yawn,0.283,0.376,142,1
2024-11-28 00:18:08,Mild Yawn,0.285,0.400,142,1
2024-11-28 00:18:08,Mild Yawn,0.294,0.374,142,1
2024-11-28 00:18:08,Mild Yawn,0.312,0.409,142,1
2024-11-28 00:18:08,Mild Yawn,0.333,0.438,142,1
2024-11-28 00:18:09,Mild Yawn,0.301,0.352,142,1
2024-11-28 00:18:09,Mild Yawn,0.277,0.417,142,1
2024-11-28 00:18:09,Mild Yawn,0.283,0.348,142,1
2024-11-28 00:18:09,Mild Yawn,0.295,0.376,142,1
2024-11-28 00:18:09,Mild Yawn,0.288,0.382,142,1
2024-11-28 00:18:09,Mild Yawn,0.300,0.378,142,1
2024-11-28 00:18:09,Mild Yawn,0.293,0.390,142,1
2024-11-28 00:18:09,Mild Yawn,0.288,0.371,142,1
2024-11-28 00:18:09,Mild Yawn,0.305,0.370,142,1
2024-11-28 00:18:09,Mild Yawn,0.273,0.391,142,1
2024-11-28 00:18:10,Mild Yawn,0.305,0.469,142,1
2024-11-28 00:18:10,Mild Yawn,0.282,0.378,142,1
2024-11-28 00:18:10,Mild Yawn,0.170,0.374,142,1
2024-11-28 00:18:10,Mild Yawn,0.210,0.351,142,1
2024-11-28 00:18:10,Mild Yawn,0.257,0.367,142,1
2024-11-28 00:18:10,Mild Yawn,0.267,0.359,142,1
2024-11-28 00:18:10,Mild Yawn,0.280,0.367,142,1
2024-11-28 00:18:10,Mild Yawn,0.283,0.373,142,1
2024-11-28 00:18:10,Mild Yawn,0.294,0.369,142,1
2024-11-28 00:18:10,Mild Yawn,0.272,0.389,142,1
2024-11-28 00:18:11,Mild Yawn,0.301,0.354,142,1
2024-11-28 00:18:11,Mild Yawn,0.279,0.381,142,1
2024-11-28 00:18:11,Mild Yawn,0.283,0.356,142,1
2024-11-28 00:18:11,Mild Yawn,0.294,0.363,142,1
2024-11-28 00:18:11,Mild Yawn,0.255,0.377,142,1
2024-11-28 00:18:11,Mild Yawn,0.268,0.363,142,1
2024-11-28 00:18:11,Mild Yawn,0.268,0.352,142,1
2024-11-28 00:18:11,Mild Yawn,0.190,0.401,142,1
2024-11-28 00:18:11,Mild Yawn,0.163,0.361,142,1
2024-11-28 00:18:12,SLEEPING !!!,0.217,0.373,142,1
2024-11-28 00:18:12,Mild Yawn,0.267,0.351,143,1
2024-11-28 00:18:12,Mild Yawn,0.267,0.358,143,1
2024-11-28 00:18:12,Mild Yawn,0.245,0.376,143,1
2024-11-28 00:18:12,Mild Yawn,0.266,0.363,143,1
2024-11-28 00:18:12,Mild Yawn,0.256,0.360,143,1
2024-11-28 00:18:12,Mild Yawn,0.266,0.348,143,1
2024-11-28 00:18:12,Mild Yawn,0.267,0.358,143,1
2024-11-28 00:18:12,Mild Yawn,0.267,0.393,143,1
2024-11-28 00:18:12,Mild Yawn,0.272,0.351,143,1
2024-11-28 00:18:13,Mild Yawn,0.261,0.386,143,1
2024-11-28 00:18:13,Mild Yawn,0.129,0.364,143,1
2024-11-28 00:18:13,Mild Yawn,0.148,0.365,143,1
2024-11-28 00:18:13,SLEEPING !!!,0.227,0.384,143,1
2024-11-28 00:18:13,SLEEPING !!!,0.227,0.363,143,1
2024-11-28 00:18:13,Mild Yawn,0.255,0.351,144,1
2024-11-28 00:18:13,Mild Yawn,0.267,0.373,144,1
2024-11-28 00:18:13,Mild Yawn,0.244,0.368,144,1
2024-11-28 00:18:13,Mild Yawn,0.272,0.363,144,1
2024-11-28 00:18:13,Mild Yawn,0.267,0.373,144,1
2024-11-28 00:18:13,Mild Yawn,0.272,0.353,144,1
2024-11-28 00:18:14,Mild Yawn,0.273,0.391,144,1
2024-11-28 00:18:14,Mild Yawn,0.245,0.346,144,1
2024-11-28 00:18:14,Mild Yawn,0.289,0.363,144,1
2024-11-28 00:18:14,Mild Yawn,0.261,0.356,144,1
2024-11-28 00:18:14,Mild Yawn,0.261,0.366,144,1
2024-11-28 00:18:14,Mild Yawn,0.255,0.363,144,1
2024-11-28 00:18:14,Mild Yawn,0.267,0.366,144,1
2024-11-28 00:18:14,Mild Yawn,0.301,0.367,144,1
2024-11-28 00:18:14,Mild Yawn,0.268,0.390,144,1
2024-11-28 00:18:14,Mild Yawn,0.273,0.361,144,1
2024-11-28 00:18:15,Mild Yawn,0.268,0.373,144,1
2024-11-28 00:18:15,Mild Yawn,0.262,0.373,144,1
2024-11-28 00:18:15,Mild Yawn,0.261,0.379,144,1
2024-11-28 00:18:15,Mild Yawn,0.267,0.380,144,1
2024-11-28 00:18:15,Mild Yawn,0.283,0.363,144,1
2024-11-28 00:18:15,Mild Yawn,0.293,0.351,144,1
2024-11-28 00:18:15,Mild Yawn,0.260,0.381,144,1
2024-11-28 00:18:15,Mild Yawn,0.261,0.363,144,1
2024-11-28 00:18:15,Mild Yawn,0.268,0.363,144,1
2024-11-28 00:18:15,Mild Yawn,0.278,0.363,144,1
2024-11-28 00:18:16,Mild Yawn,0.279,0.381,144,1
2024-11-28 00:18:16,Mild Yawn,0.288,0.380,144,1
2024-11-28 00:18:16,Mild Yawn,0.283,0.369,144,1
2024-11-28 00:18:16,Mild Yawn,0.272,0.399,144,1
2024-11-28 00:18:16,Mild Yawn,0.271,0.363,144,1
2024-11-28 00:18:16,Mild Yawn,0.186,0.375,144,1
2024-11-28 00:18:16,Mild Yawn,0.154,0.358,144,1
2024-11-28 00:18:16,SLEEPING !!!,0.234,0.389,144,1
2024-11-28 00:18:16,SLEEPING !!!,0.186,0.356,144,1
2024-11-28 00:18:16,SLEEPING !!!,0.151,0.381,144,1
2024-11-28 00:18:17,SLEEPING !!!,0.223,0.364,144,1
2024-11-28 00:18:17,Mild Yawn,0.257,0.356,145,1
2024-11-28 00:18:17,Mild Yawn,0.267,0.397,145,1
2024-11-28 00:18:17,Mild Yawn,0.239,0.347,145,1
2024-11-28 00:18:17,Mild Yawn,0.228,0.376,145,1
2024-11-28 00:18:17,SLEEPING !!!,0.229,0.366,145,1
2024-11-28 00:18:17,Mild Yawn,0.262,0.368,146,1
2024-11-28 00:18:17,Mild Yawn,0.267,0.384,146,1
2024-11-28 00:18:17,Mild Yawn,0.256,0.397,146,1
2024-11-28 00:18:17,Mild Yawn,0.256,0.373,146,1
2024-11-28 00:18:18,Mild Yawn,0.255,0.379,146,1
2024-11-28 00:18:18,Mild Yawn,0.255,0.382,146,1
2024-11-28 00:18:18,Mild Yawn,0.273,0.372,146,1
2024-11-28 00:18:18,Mild Yawn,0.244,0.369,146,1
2024-11-28 00:18:18,Mild Yawn,0.251,0.390,146,1
2024-11-28 00:18:18,Mild Yawn,0.228,0.369,146,1
2024-11-28 00:18:18,Mild Yawn,0.250,0.356,146,1
2024-11-28 00:18:18,SLEEPING !!!,0.222,0.381,146,1
2024-11-28 00:18:18,Mild Yawn,0.267,0.376,147,1
2024-11-28 00:18:19,Mild Yawn,0.273,0.384,147,1
2024-11-28 00:18:19,Mild Yawn,0.286,0.379,147,1
2024-11-28 00:18:19,Mild Yawn,0.268,0.372,147,1
2024-11-28 00:18:19,Mild Yawn,0.273,0.374,147,1
2024-11-28 00:18:19,Mild Yawn,0.261,0.361,147,1
2024-11-28 00:18:19,Mild Yawn,0.257,0.361,147,1
2024-11-28 00:18:19,Mild Yawn,0.261,0.378,147,1
2024-11-28 00:18:19,Mild Yawn,0.260,0.381,147,1
2024-11-28 00:18:19,Mild Yawn,0.268,0.351,147,1
2024-11-28 00:18:19,Mild Yawn,0.273,0.370,147,1
2024-11-28 00:18:20,Mild Yawn,0.273,0.366,147,1
2024-11-28 00:18:20,Mild Yawn,0.278,0.357,147,1
2024-11-28 00:18:20,Mild Yawn,0.283,0.356,147,1
2024-11-28 00:18:20,Mild Yawn,0.278,0.389,147,1
2024-11-28 00:18:20,Mild Yawn,0.273,0.380,147,1
2024-11-28 00:18:20,Mild Yawn,0.278,0.365,147,1
2024-11-28 00:18:20,Mild Yawn,0.267,0.355,147,1
2024-11-28 00:18:20,Mild Yawn,0.266,0.375,147,1
2024-11-28 00:18:20,Mild Yawn,0.261,0.384,147,1
2024-11-28 00:18:20,Mild Yawn,0.163,0.388,147,1
2024-11-28 00:18:21,Mild Yawn,0.185,0.398,147,1
2024-11-28 00:18:21,Mild Yawn,0.250,0.417,147,1
2024-11-28 00:18:21,Mild Yawn,0.247,0.375,147,1
2024-11-28 00:18:21,Mild Yawn,0.279,0.375,147,1
2024-11-28 00:18:21,Mild Yawn,0.305,0.418,147,1
2024-11-28 00:18:21,Mild Yawn,0.310,0.437,147,1
2024-11-28 00:18:21,Mild Yawn,0.323,0.425,147,1
2024-11-28 00:18:21,Mild Yawn,0.316,0.406,147,1
2024-11-28 00:18:21,Mild Yawn,0.312,0.380,147,1
2024-11-28 00:18:21,Mild Yawn,0.279,0.404,147,1
2024-11-28 00:18:22,Mild Yawn,0.305,0.387,147,1
2024-11-28 00:18:22,Mild Yawn,0.272,0.413,147,1
2024-11-28 00:18:22,Mild Yawn,0.304,0.413,147,1
2024-11-28 00:18:22,Mild Yawn,0.295,0.384,147,1
2024-11-28 00:18:22,Mild Yawn,0.311,0.365,147,1
2024-11-28 00:18:22,Mild Yawn,0.293,0.332,147,1
2024-11-28 00:18:22,Mild Yawn,0.272,0.348,147,1
2024-11-28 00:18:22,Mild Yawn,0.277,0.335,147,1
2024-11-28 00:18:22,Mild Yawn,0.290,0.367,147,1
2024-11-28 00:18:22,Mild Yawn,0.283,0.353,147,1
2024-11-28 00:18:23,Mild Yawn,0.279,0.379,147,1
2024-11-28 00:18:23,Mild Yawn,0.229,0.365,147,1
2024-11-28 00:18:23,Mild Yawn,0.163,0.351,147,1
2024-11-28 00:18:23,SLEEPING !!!,0.195,0.373,147,1
2024-11-28 00:18:23,SLEEPING !!!,0.160,0.327,147,1
2024-11-28 00:18:23,Mild Yawn,0.250,0.344,148,1
2024-11-28 00:18:23,Mild Yawn,0.272,0.356,148,1
2024-11-28 00:18:23,Mild Yawn,0.284,0.379,148,1
2024-11-28 00:18:23,Mild Yawn,0.262,0.368,148,1
2024-11-28 00:18:23,Mild Yawn,0.267,0.358,148,1
2024-11-28 00:18:24,Mild Yawn,0.267,0.365,148,1
2024-11-28 00:18:24,Mild Yawn,0.295,0.378,148,1
2024-11-28 00:18:24,Mild Yawn,0.261,0.337,148,1
2024-11-28 00:18:24,Mild Yawn,0.266,0.358,148,1
2024-11-28 00:18:24,Mild Yawn,0.258,0.348,148,1
2024-11-28 00:18:24,Mild Yawn,0.173,0.368,148,1
2024-11-28 00:18:24,Mild Yawn,0.176,0.368,148,1
2024-11-28 00:18:24,SLEEPING !!!,0.201,0.378,148,1
2024-11-28 00:18:24,Mild Yawn,0.256,0.330,149,1
2024-11-28 00:18:24,Mild Yawn,0.273,0.361,149,1
2024-11-28 00:18:25,Mild Yawn,0.272,0.321,149,1
2024-11-28 00:18:25,Mild Yawn,0.290,0.356,149,1
2024-11-28 00:18:25,Mild Yawn,0.290,0.348,149,1
2024-11-28 00:18:25,Mild Yawn,0.288,0.348,149,1
2024-11-28 00:18:25,Mild Yawn,0.279,0.356,149,1
2024-11-28 00:18:25,Mild Yawn,0.266,0.346,149,1
2024-11-28 00:18:25,Mild Yawn,0.279,0.361,149,1
2024-11-28 00:18:25,Mild Yawn,0.261,0.356,149,1
2024-11-28 00:18:25,Mild Yawn,0.290,0.356,149,1
2024-11-28 00:18:25,Mild Yawn,0.268,0.353,149,1
2024-11-28 00:18:26,Mild Yawn,0.256,0.360,149,1
2024-11-28 00:18:26,Mild Yawn,0.266,0.372,149,1
2024-11-28 00:18:26,Mild Yawn,0.298,0.346,149,1
2024-11-28 00:18:26,Mild Yawn,0.261,0.346,149,1
2024-11-28 00:18:26,Mild Yawn,0.269,0.351,149,1
2024-11-28 00:18:26,Mild Yawn,0.189,0.375,149,1
2024-11-28 00:18:26,Mild Yawn,0.167,0.361,149,1
2024-11-28 00:18:26,SLEEPING !!!,0.170,0.375,149,1
2024-11-28 00:18:26,SLEEPING !!!,0.148,0.358,149,1
2024-11-28 00:18:26,SLEEPING !!!,0.144,0.332,149,1
2024-11-28 00:18:27,SLEEPING !!!,0.165,0.359,149,1
2024-11-28 00:18:27,SLEEPING !!!,0.172,0.359,149,1
2024-11-28 00:18:27,SLEEPING !!!,0.186,0.368,149,1
2024-11-28 00:18:27,SLEEPING !!!,0.178,0.358,149,1
2024-11-28 00:18:27,SLEEPING !!!,0.136,0.375,149,1
2024-11-28 00:18:27,SLEEPING !!!,0.190,0.361,149,1
2024-11-28 00:18:27,Mild Yawn,0.285,0.361,150,1
2024-11-28 00:18:27,Mild Yawn,0.309,0.373,150,1
2024-11-28 00:18:27,Mild Yawn,0.287,0.348,150,1
2024-11-28 00:18:27,Mild Yawn,0.320,0.356,150,1
2024-11-28 00:18:28,Mild Yawn,0.282,0.395,150,1
2024-11-28 00:18:28,Mild Yawn,0.272,0.356,150,1
2024-11-28 00:18:28,Mild Yawn,0.228,0.360,150,1
2024-11-28 00:18:28,Mild Yawn,0.174,0.353,150,1
2024-11-28 00:18:28,SLEEPING !!!,0.239,0.348,150,1
2024-11-28 00:18:28,Mild Yawn,0.270,0.353,151,1
2024-11-28 00:18:28,Active,0.263,0.378,151,1
2024-11-28 00:18:28,Active,0.272,0.356,151,1
2024-11-28 00:18:28,Active,0.298,0.372,151,1
2024-11-28 00:18:28,Active,0.293,0.343,151,1
2024-11-28 00:18:29,Active,0.306,0.356,151,1
2024-11-28 00:18:29,Active,0.324,0.367,151,1
2024-11-28 00:18:29,Active,0.326,0.341,151,1
2024-11-28 00:18:29,Active,0.313,0.348,151,1
2024-11-28 00:18:29,Active,0.299,0.363,151,1
2024-11-28 00:18:29,Active,0.310,0.374,151,1
2024-11-28 00:18:29,Active,0.298,0.363,151,1
2024-11-28 00:18:29,Active,0.316,0.351,151,1
2024-11-28 00:18:29,Active,0.298,0.373,151,1
2024-11-28 00:18:29,Active,0.179,0.405,151,1
2024-11-28 00:18:30,Active,0.172,0.399,151,1
2024-11-28 00:18:30,SLEEPING !!!,0.230,0.349,151,1
2024-11-28 00:18:30,SLEEPING !!!,0.235,0.395,151,1
2024-11-28 00:18:30,Active,0.284,0.337,152,1
2024-11-28 00:18:30,Active,0.261,0.400,152,1
2024-11-28 00:18:30,Active,0.227,0.343,152,1
2024-11-28 00:18:30,Active,0.193,0.368,152,1
2024-11-28 00:18:30,SLEEPING !!!,0.211,0.363,152,1
2024-11-28 00:18:30,SLEEPING !!!,0.196,0.437,152,1
2024-11-28 00:18:30,SLEEPING !!!,0.172,0.360,152,1
2024-11-28 00:18:31,SLEEPING !!!,0.245,0.349,152,1
2024-11-28 00:18:31,Active,0.256,0.356,153,1
2024-11-28 00:18:31,Active,0.251,0.369,153,1
2024-11-28 00:18:31,Active,0.263,0.371,153,1
2024-11-28 00:18:31,Active,0.271,0.374,153,1
2024-11-28 00:18:31,Active,0.299,0.377,153,1
2024-11-28 00:18:31,Active,0.309,0.365,153,1
2024-11-28 00:18:31,Active,0.291,0.348,153,1
2024-11-28 00:18:31,Active,0.284,0.404,153,1
2024-11-28 00:18:31,Active,0.256,0.394,153,1
2024-11-28 00:18:32,Active,0.277,0.380,153,1
2024-11-28 00:18:32,Active,0.292,0.344,153,1
2024-11-28 00:18:32,Active,0.250,0.392,153,1
2024-11-28 00:18:32,Active,0.172,0.386,153,1
2024-11-28 00:18:32,SLEEPING !!!,0.207,0.404,153,1
2024-11-28 00:18:32,Active,0.251,0.342,154,1
2024-11-28 00:18:32,Active,0.250,0.409,154,1
2024-11-28 00:18:32,Active,0.305,0.349,154,1
2024-11-28 00:18:32,Active,0.186,0.360,154,1
2024-11-28 00:18:32,Active,0.168,0.405,154,1
2024-11-28 00:18:33,SLEEPING !!!,0.185,0.346,154,1
2024-11-28 00:18:33,SLEEPING !!!,0.250,0.342,154,1
2024-11-28 00:18:33,Active,0.275,0.351,155,1
2024-11-28 00:18:33,Active,0.260,0.327,155,1
2024-11-28 00:18:33,Active,0.171,0.353,155,1
2024-11-28 00:18:33,Active,0.203,0.381,155,1
2024-11-28 00:18:33,SLEEPING !!!,0.241,0.363,155,1
2024-11-28 00:18:33,SLEEPING !!!,0.247,0.417,155,1
2024-11-28 00:18:33,Active,0.270,0.402,156,1
2024-11-28 00:18:33,Active,0.263,0.404,156,1
2024-11-28 00:18:34,Active,0.231,0.387,156,1
2024-11-28 00:18:34,Active,0.273,0.375,156,1
2024-11-28 00:18:34,Active,0.258,0.386,156,1
2024-11-28 00:18:34,Active,0.267,0.422,156,1
2024-11-28 00:18:34,Active,0.172,0.396,156,1
2024-11-28 00:18:34,Active,0.202,0.354,156,1
2024-11-28 00:18:34,Active,0.251,0.373,156,1
2024-11-28 00:18:34,Active,0.266,0.347,156,1
2024-11-28 00:18:34,Active,0.262,0.343,156,1
2024-11-28 00:18:34,Active,0.254,0.383,156,1
2024-11-28 00:18:35,Active,0.295,0.396,156,1
2024-11-28 00:18:35,Active,0.273,0.385,156,1
2024-11-28 00:18:35,Active,0.248,0.388,156,1
2024-11-28 00:18:35,Active,0.196,0.360,156,1
2024-11-28 00:18:35,SLEEPING !!!,0.139,0.374,156,1
2024-11-28 00:18:35,SLEEPING !!!,0.145,0.370,156,1
2024-11-28 00:18:35,SLEEPING !!!,0.203,0.362,156,1
2024-11-28 00:18:35,SLEEPING !!!,0.208,0.386,156,1
2024-11-28 00:18:35,Active,0.268,0.376,157,1
2024-11-28 00:18:35,Active,0.288,0.382,157,1
2024-11-28 00:18:36,Active,0.279,0.370,157,1
2024-11-28 00:18:36,Active,0.281,0.383,157,1
2024-11-28 00:18:36,Active,0.300,0.388,157,1
2024-11-28 00:18:36,Active,0.276,0.368,157,1
2024-11-28 00:18:36,Active,0.296,0.376,157,1
2024-11-28 00:18:36,Active,0.293,0.373,157,1
2024-11-28 00:18:36,Active,0.296,0.357,157,1
2024-11-28 00:18:36,Active,0.302,0.367,157,1
2024-11-28 00:18:36,Active,0.282,0.366,157,1
2024-11-28 00:18:36,Active,0.275,0.363,157,1
2024-11-28 00:18:37,Active,0.294,0.363,157,1
2024-11-28 00:18:37,Active,0.296,0.380,157,1
2024-11-28 00:18:37,Active,0.292,0.374,157,1
2024-11-28 00:18:37,Active,0.300,0.382,157,1
2024-11-28 00:18:37,Active,0.296,0.378,157,1
2024-11-28 00:18:37,Active,0.273,0.364,157,1
2024-11-28 00:18:37,Active,0.293,0.373,157,1
2024-11-28 00:18:37,Active,0.293,0.392,157,1
2024-11-28 00:18:37,Active,0.300,0.378,157,1
2024-11-28 00:18:37,Active,0.296,0.369,157,1
2024-11-28 00:18:38,Active,0.286,0.384,157,1
2024-11-28 00:18:38,Active,0.291,0.392,157,1
2024-11-28 00:18:38,Active,0.279,0.378,157,1
2024-11-28 00:18:38,Active,0.290,0.377,157,1
2024-11-28 00:18:38,Active,0.273,0.366,157,1
2024-11-28 00:18:38,Active,0.294,0.368,157,1
2024-11-28 00:18:38,Active,0.299,0.379,157,1
2024-11-28 00:18:38,Active,0.290,0.380,157,1
2024-11-28 00:18:38,Active,0.288,0.368,157,1
2024-11-28 00:18:38,Active,0.276,0.390,157,1
2024-11-28 00:18:39,Active,0.273,0.386,157,1
2024-11-28 00:18:39,Active,0.149,0.384,157,1
2024-11-28 00:18:39,Active,0.171,0.367,157,1
2024-11-28 00:18:39,SLEEPING !!!,0.239,0.369,157,1
2024-11-28 00:18:39,SLEEPING !!!,0.218,0.370,157,1
2024-11-28 00:18:39,Active,0.259,0.389,158,1
2024-11-28 00:18:39,Active,0.253,0.376,158,1
2024-11-28 00:18:39,Active,0.270,0.383,158,1
2024-11-28 00:18:39,Active,0.245,0.365,158,1
2024-11-28 00:18:39,Active,0.276,0.392,158,1
2024-11-28 00:18:40,Active,0.258,0.392,158,1
2024-11-28 00:18:40,Active,0.288,0.383,158,1
2024-11-28 00:18:40,Active,0.268,0.376,158,1
2024-11-28 00:18:40,Active,0.273,0.365,158,1
2024-11-28 00:18:40,Active,0.245,0.364,158,1
2024-11-28 00:18:40,Active,0.288,0.380,158,1
2024-11-28 00:18:40,Active,0.265,0.356,158,1
2024-11-28 00:18:40,Active,0.274,0.390,158,1
2024-11-28 00:18:40,Active,0.285,0.383,158,1
2024-11-28 00:18:40,Active,0.268,0.390,158,1
2024-11-28 00:18:41,Active,0.288,0.397,158,1
2024-11-28 00:18:41,Active,0.262,0.384,158,1
2024-11-28 00:18:41,Active,0.274,0.392,158,1
2024-11-28 00:18:41,Active,0.279,0.384,158,1
2024-11-28 00:18:41,Active,0.282,0.391,158,1
2024-11-28 00:18:41,Active,0.276,0.393,158,1
2024-11-28 00:18:41,Active,0.287,0.388,158,1
2024-11-28 00:18:41,Active,0.282,0.390,158,1
2024-11-28 00:18:41,Active,0.303,0.383,158,1
2024-11-28 00:18:41,Active,0.301,0.371,158,1
2024-11-28 00:18:42,Active,0.294,0.388,158,1
2024-11-28 00:18:42,Active,0.288,0.372,158,1
2024-11-28 00:18:42,Active,0.296,0.396,158,1
2024-11-28 00:18:42,Active,0.305,0.377,158,1
2024-11-28 00:18:42,Active,0.290,0.372,158,1
2024-11-28 00:18:42,Active,0.278,0.382,158,1
2024-11-28 00:18:42,Active,0.281,0.379,158,1
2024-11-28 00:18:42,Active,0.282,0.370,158,1
2024-11-28 00:18:42,Active,0.290,0.358,158,1
2024-11-28 00:18:42,Active,0.303,0.378,158,1
2024-11-28 00:18:43,Active,0.305,0.357,158,1
2024-11-28 00:18:43,Active,0.307,0.378,158,1
2024-11-28 00:18:43,Active,0.291,0.374,158,1
2024-11-28 00:18:43,Active,0.271,0.370,158,1
2024-11-28 00:18:43,Active,0.213,0.378,158,1
2024-11-28 00:18:43,Active,0.147,0.390,158,1
2024-11-28 00:18:43,SLEEPING !!!,0.206,0.389,158,1
2024-11-28 00:18:43,SLEEPING !!!,0.229,0.398,158,1
2024-11-28 00:18:43,Active,0.276,0.379,159,1
2024-11-28 00:18:43,Active,0.264,0.376,159,1
2024-11-28 00:18:44,Active,0.274,0.404,159,1
2024-11-28 00:18:44,Active,0.282,0.397,159,1
2024-11-28 00:18:44,Active,0.291,0.387,159,1
2024-11-28 00:18:44,Active,0.285,0.390,159,1
2024-11-28 00:18:44,Active,0.297,0.391,159,1
2024-11-28 00:18:44,Active,0.262,0.382,159,1
2024-11-28 00:18:44,Active,0.279,0.385,159,1
2024-11-28 00:18:44,Active,0.290,0.389,159,1
2024-11-28 00:18:44,Active,0.279,0.391,159,1
2024-11-28 00:18:44,Active,0.284,0.368,159,1
2024-11-28 00:18:45,Active,0.276,0.377,159,1
2024-11-28 00:18:45,Active,0.276,0.380,159,1
2024-11-28 00:18:45,Active,0.297,0.390,159,1
2024-11-28 00:18:45,Active,0.271,0.362,159,1
2024-11-28 00:18:45,Active,0.259,0.370,159,1
2024-11-28 00:18:45,Active,0.279,0.383,159,1
2024-11-28 00:18:45,Active,0.289,0.375,159,1
2024-11-28 00:18:45,Active,0.286,0.389,159,1
2024-11-28 00:18:45,Active,0.283,0.384,159,1
2024-11-28 00:18:45,Active,0.299,0.397,159,1
2024-11-28 00:18:46,Active,0.295,0.384,159,1
2024-11-28 00:18:46,Active,0.295,0.398,159,1
2024-11-28 00:18:46,Active,0.288,0.369,159,1
2024-11-28 00:18:46,Active,0.282,0.393,159,1
2024-11-28 00:18:46,Active,0.283,0.375,159,1
2024-11-28 00:18:46,Active,0.291,0.404,159,1
2024-11-28 00:18:46,Active,0.301,0.383,159,1
2024-11-28 00:18:46,Active,0.288,0.381,159,1
2024-11-28 00:18:46,Active,0.295,0.379,159,1
2024-11-28 00:18:46,Active,0.295,0.384,159,1
2024-11-28 00:18:47,Active,0.283,0.391,159,1
2024-11-28 00:18:47,Active,0.292,0.392,159,1
2024-11-28 00:18:47,Active,0.298,0.384,159,1
2024-11-28 00:18:47,Active,0.292,0.377,159,1
2024-11-28 00:18:47,Active,0.289,0.375,159,1
2024-11-28 00:18:47,Active,0.219,0.338,159,1
2024-11-28 00:18:47,Active,0.239,0.351,159,1
2024-11-28 00:18:47,SLEEPING !!!,0.200,0.362,159,1
2024-11-28 00:18:47,SLEEPING !!!,0.211,0.324,159,1
2024-11-28 00:18:47,SLEEPING !!!,0.187,0.298,159,1
2024-11-28 00:18:48,SLEEPING !!!,0.215,0.340,159,1
2024-11-28 00:18:48,SLEEPING !!!,0.212,0.460,159,1
2024-11-28 00:18:48,SLEEPING !!!,0.212,0.332,159,1
2024-11-28 00:18:48,Active,0.262,0.307,160,1
2024-11-28 00:18:48,Active,0.335,0.342,160,1
2024-11-28 00:18:48,Active,0.343,0.327,160,1
2024-11-28 00:18:48,Active,0.325,0.323,160,1
2024-11-28 00:18:48,Active,0.315,0.374,160,1
2024-11-28 00:18:48,Active,0.302,0.375,160,1
2024-11-28 00:18:48,Active,0.307,0.415,160,1
2024-11-28 00:18:49,Active,0.332,0.406,160,1
2024-11-28 00:18:49,Active,0.330,0.404,160,1
2024-11-28 00:18:49,Active,0.319,0.408,160,1
2024-11-28 00:18:49,Active,0.309,0.362,160,1
2024-11-28 00:18:49,Active,0.297,0.389,160,1
2024-11-28 00:18:49,Active,0.304,0.383,160,1
2024-11-28 00:18:49,Active,0.303,0.363,160,1
2024-11-28 00:18:49,Active,0.317,0.399,160,1
2024-11-28 00:18:49,Active,0.302,0.369,160,1
2024-11-28 00:18:49,Active,0.305,0.375,160,1
2024-11-28 00:18:50,Active,0.320,0.359,160,1
2024-11-28 00:18:50,Active,0.289,0.364,160,1
2024-11-28 00:18:50,Active,0.275,0.368,160,1
2024-11-28 00:18:50,Active,0.275,0.372,160,1
2024-11-28 00:18:50,Active,0.281,0.385,160,1
2024-11-28 00:18:50,Active,0.296,0.373,160,1
2024-11-28 00:18:50,Active,0.292,0.378,160,1
2024-11-28 00:18:50,Active,0.287,0.398,160,1
2024-11-28 00:18:50,Active,0.288,0.363,160,1
2024-11-28 00:18:50,Active,0.296,0.381,160,1
2024-11-28 00:18:51,Active,0.297,0.372,160,1
2024-11-28 00:18:51,Active,0.286,0.363,160,1
2024-11-28 00:18:51,Active,0.305,0.359,160,1
2024-11-28 00:18:51,Active,0.273,0.377,160,1
2024-11-28 00:18:51,Active,0.286,0.360,160,1
2024-11-28 00:18:51,Active,0.264,0.364,160,1
2024-11-28 00:18:51,Active,0.298,0.350,160,1
2024-11-28 00:18:51,Active,0.300,0.364,160,1
2024-11-28 00:18:51,Active,0.287,0.358,160,1
2024-11-28 00:18:51,Active,0.295,0.351,160,1
2024-11-28 00:18:52,Active,0.276,0.366,160,1
2024-11-28 00:18:52,Active,0.292,0.353,160,1
2024-11-28 00:18:52,Active,0.286,0.379,160,1
2024-11-28 00:18:52,Active,0.309,0.360,160,1
2024-11-28 00:18:52,Active,0.283,0.359,160,1
2024-11-28 00:18:52,Active,0.290,0.364,160,1
2024-11-28 00:18:52,Active,0.303,0.366,160,1
2024-11-28 00:18:52,Active,0.312,0.356,160,1
2024-11-28 00:18:52,Active,0.286,0.362,160,1
2024-11-28 00:18:52,Active,0.296,0.356,160,1
2024-11-28 00:18:53,Active,0.296,0.366,160,1
2024-11-28 00:18:53,Active,0.290,0.364,160,1
2024-11-28 00:18:53,Active,0.293,0.374,160,1
2024-11-28 00:18:53,Active,0.211,0.362,160,1
2024-11-28 00:18:53,Active,0.278,0.424,160,1
2024-11-28 00:18:53,Active,0.170,0.358,160,1
2024-11-28 00:18:53,Active,0.167,0.363,160,1
2024-11-28 00:18:53,SLEEPING !!!,0.141,0.350,160,1
2024-11-28 00:18:53,SLEEPING !!!,0.149,0.357,160,1
2024-11-28 00:18:53,SLEEPING !!!,0.145,0.377,160,1
2024-11-28 00:18:54,SLEEPING !!!,0.208,0.342,160,1
2024-11-28 00:18:54,Active,0.275,0.389,161,1
2024-11-28 00:18:54,Active,0.307,0.383,161,1
2024-11-28 00:18:54,Active,0.317,0.386,161,1
2024-11-28 00:18:54,Active,0.315,0.376,161,1
2024-11-28 00:18:54,Active,0.312,0.370,161,1
2024-11-28 00:18:54,Active,0.299,0.373,161,1
2024-11-28 00:18:54,Active,0.318,0.387,161,1
2024-11-28 00:18:54,Active,0.312,0.379,161,1
2024-11-28 00:18:54,Active,0.329,0.379,161,1
2024-11-28 00:18:55,Active,0.311,0.370,161,1
2024-11-28 00:18:55,Active,0.315,0.378,161,1
2024-11-28 00:18:55,Active,0.303,0.386,161,1
2024-11-28 00:18:55,Active,0.293,0.407,161,1
2024-11-28 00:18:55,Active,0.306,0.383,161,1
2024-11-28 00:18:55,Active,0.298,0.403,161,1
2024-11-28 00:18:55,Active,0.155,0.409,161,1
2024-11-28 00:18:55,Active,0.163,0.399,161,1
2024-11-28 00:18:55,SLEEPING !!!,0.220,0.398,161,1
2024-11-28 00:18:55,SLEEPING !!!,0.247,0.402,161,1
2024-11-28 00:18:56,Active,0.266,0.415,162,1
2024-11-28 00:18:56,Active,0.279,0.397,162,1
2024-11-28 00:18:56,Active,0.277,0.420,162,1
2024-11-28 00:18:56,Active,0.291,0.417,162,1
2024-11-28 00:18:56,Active,0.257,0.406,162,1
2024-11-28 00:18:56,Active,0.292,0.396,162,1
2024-11-28 00:18:56,Active,0.301,0.388,162,1
2024-11-28 00:18:56,Active,0.299,0.425,162,1
2024-11-28 00:18:56,Active,0.260,0.403,162,1
2024-11-28 00:18:56,Active,0.273,0.418,162,1
2024-11-28 00:18:57,Active,0.273,0.427,162,1
2024-11-28 00:18:57,Active,0.282,0.391,162,1
2024-11-28 00:18:57,Active,0.279,0.400,162,1
2024-11-28 00:18:57,Active,0.280,0.421,162,1
2024-11-28 00:18:57,Active,0.244,0.401,162,1
2024-11-28 00:18:57,Active,0.142,0.399,162,1
2024-11-28 00:18:57,SLEEPING !!!,0.160,0.414,162,1
2024-11-28 00:18:57,SLEEPING !!!,0.224,0.395,162,1
2024-11-28 00:18:57,SLEEPING !!!,0.221,0.407,162,1
2024-11-28 00:18:57,SLEEPING !!!,0.220,0.402,162,1
2024-11-28 00:18:58,SLEEPING !!!,0.237,0.398,162,1
2024-11-28 00:18:58,SLEEPING !!!,0.221,0.417,162,1
2024-11-28 00:18:58,SLEEPING !!!,0.220,0.399,162,1
2024-11-28 00:18:58,SLEEPING !!!,0.192,0.410,162,1
2024-11-28 00:18:58,SLEEPING !!!,0.129,0.414,162,1
2024-11-28 00:18:58,SLEEPING !!!,0.121,0.401,162,1
2024-11-28 00:18:58,SLEEPING !!!,0.181,0.378,162,1
2024-11-28 00:18:58,SLEEPING !!!,0.183,0.435,162,1
2024-11-28 00:18:58,SLEEPING !!!,0.193,0.386,162,1
2024-11-28 00:18:58,SLEEPING !!!,0.222,0.402,162,1
2024-11-28 00:18:59,SLEEPING !!!,0.214,0.433,162,1
2024-11-28 00:18:59,Active,0.258,0.408,163,1
2024-11-28 00:18:59,Mild Yawn,0.234,0.403,163,2
2024-11-28 00:18:59,Mild Yawn,0.234,0.409,163,2
2024-11-28 00:18:59,SLEEPING !!!,0.213,0.402,163,2
2024-11-28 00:18:59,SLEEPING !!!,0.197,0.411,163,2
2024-11-28 00:18:59,SLEEPING !!!,0.217,0.392,163,2
2024-11-28 00:18:59,SLEEPING !!!,0.185,0.399,163,2
2024-11-28 00:18:59,SLEEPING !!!,0.217,0.394,163,2
2024-11-28 00:18:59,SLEEPING !!!,0.230,0.398,163,2
2024-11-28 00:19:00,SLEEPING !!!,0.128,0.401,163,2
2024-11-28 00:19:00,SLEEPING !!!,0.147,0.413,163,2
2024-11-28 00:19:00,SLEEPING !!!,0.220,0.420,163,2
2024-11-28 00:19:00,Mild Yawn,0.257,0.409,164,2
2024-11-28 00:19:00,Mild Yawn,0.227,0.414,164,2
2024-11-28 00:19:00,Mild Yawn,0.124,0.408,164,2
2024-11-28 00:19:00,SLEEPING !!!,0.120,0.420,164,2
2024-11-28 00:19:00,SLEEPING !!!,0.195,0.428,164,2
2024-11-28 00:19:00,SLEEPING !!!,0.237,0.431,164,2
2024-11-28 00:19:00,Mild Yawn,0.251,0.436,165,2
2024-11-28 00:19:01,Mild Yawn,0.285,0.391,165,2
2024-11-28 00:19:01,Mild Yawn,0.276,0.405,165,2
2024-11-28 00:19:01,Mild Yawn,0.280,0.409,165,2
2024-11-28 00:19:01,Mild Yawn,0.279,0.444,165,2
2024-11-28 00:19:01,Mild Yawn,0.295,0.467,165,2
2024-11-28 00:19:01,Mild Yawn,0.329,0.407,165,2
2024-11-28 00:19:01,Mild Yawn,0.304,0.435,165,2
2024-11-28 00:19:01,Mild Yawn,0.314,0.410,165,2
2024-11-28 00:19:01,Mild Yawn,0.337,0.398,165,2
2024-11-28 00:19:01,Mild Yawn,0.364,0.456,165,2
2024-11-28 00:19:02,Mild Yawn,0.377,0.437,165,2
2024-11-28 00:19:02,Mild Yawn,0.373,0.437,165,2
2024-11-28 00:19:02,Mild Yawn,0.392,0.440,165,2
2024-11-28 00:19:02,Mild Yawn,0.367,0.450,165,2
2024-11-28 00:19:02,Mild Yawn,0.364,0.452,165,2
2024-11-28 00:19:02,Mild Yawn,0.342,0.419,165,2
2024-11-28 00:19:02,Mild Yawn,0.351,0.437,165,2
2024-11-28 00:19:02,Mild Yawn,0.343,0.434,165,2
2024-11-28 00:19:02,Mild Yawn,0.337,0.410,165,2
2024-11-28 00:19:02,Mild Yawn,0.331,0.440,165,2
2024-11-28 00:19:03,Mild Yawn,0.323,0.393,165,2
2024-11-28 00:19:03,Mild Yawn,0.279,0.442,165,2
2024-11-28 00:19:03,Mild Yawn,0.304,0.417,165,2
2024-11-28 00:19:03,Mild Yawn,0.308,0.451,165,2
2024-11-28 00:19:03,Mild Yawn,0.298,0.427,165,2
2024-11-28 00:19:03,Mild Yawn,0.276,0.405,165,2
2024-11-28 00:19:03,Mild Yawn,0.200,0.419,165,2
2024-11-28 00:19:03,Mild Yawn,0.233,0.414,165,2
2024-11-28 00:19:03,SLEEPING !!!,0.247,0.415,165,2
2024-11-28 00:19:03,SLEEPING !!!,0.144,0.436,165,2
2024-11-28 00:19:04,SLEEPING !!!,0.149,0.418,165,2
2024-11-28 00:19:04,SLEEPING !!!,0.168,0.428,165,2
2024-11-28 00:19:04,SLEEPING !!!,0.177,0.400,165,2
2024-11-28 00:19:04,SLEEPING !!!,0.188,0.410,165,2
2024-11-28 00:19:04,SLEEPING !!!,0.199,0.402,165,2
2024-11-28 00:19:04,SLEEPING !!!,0.190,0.412,165,2
2024-11-28 00:19:04,SLEEPING !!!,0.191,0.392,165,2
2024-11-28 00:19:04,SLEEPING !!!,0.206,0.381,165,2
2024-11-28 00:19:04,SLEEPING !!!,0.201,0.382,165,2
2024-11-28 00:19:04,SLEEPING !!!,0.205,0.335,165,2
2024-11-28 00:19:05,SLEEPING !!!,0.189,0.377,165,2
2024-11-28 00:19:05,SLEEPING !!!,0.148,0.380,165,2
2024-11-28 00:19:05,SLEEPING !!!,0.166,0.345,165,2
2024-11-28 00:19:05,SLEEPING !!!,0.173,0.348,165,2
2024-11-28 00:19:05,SLEEPING !!!,0.198,0.310,165,2
2024-11-28 00:19:05,Mild Yawn,0.277,0.330,166,2
2024-11-28 00:19:05,Mild Yawn,0.270,0.331,166,2
2024-11-28 00:19:05,Mild Yawn,0.280,0.321,166,2
2024-11-28 00:19:05,Mild Yawn,0.284,0.327,166,2
2024-11-28 00:19:05,Mild Yawn,0.252,0.331,166,2
2024-11-28 00:19:06,Mild Yawn,0.277,0.321,166,2
2024-11-28 00:19:06,Mild Yawn,0.262,0.324,166,2
2024-11-28 00:19:06,Mild Yawn,0.266,0.300,166,2
2024-11-28 00:19:06,Mild Yawn,0.266,0.346,166,2
2024-11-28 00:19:06,Mild Yawn,0.249,0.309,166,2
2024-11-28 00:19:06,Mild Yawn,0.253,0.308,166,2
2024-11-28 00:19:06,Mild Yawn,0.270,0.319,166,2
2024-11-28 00:19:06,Mild Yawn,0.264,0.298,166,2
2024-11-28 00:19:06,Mild Yawn,0.277,0.290,166,2
2024-11-28 00:19:06,Mild Yawn,0.253,0.306,166,2
2024-11-28 00:19:07,Mild Yawn,0.261,0.312,166,2
2024-11-28 00:19:07,Mild Yawn,0.266,0.309,166,2
2024-11-28 00:19:07,Mild Yawn,0.249,0.300,166,2
2024-11-28 00:19:07,Mild Yawn,0.221,0.364,166,2
2024-11-28 00:19:07,Mild Yawn,0.280,0.332,166,2
2024-11-28 00:19:07,Mild Yawn,0.168,0.383,166,2
2024-11-28 00:19:07,Mild Yawn,0.157,0.381,166,2
2024-11-28 00:19:07,SLEEPING !!!,0.211,0.388,166,2
2024-11-28 00:19:07,Mild Yawn,0.265,0.293,167,2
2024-11-28 00:19:07,Mild Yawn,0.273,0.363,167,2
2024-11-28 00:19:08,Mild Yawn,0.291,0.380,167,2
2024-11-28 00:19:08,Mild Yawn,0.312,0.375,167,2
2024-11-28 00:19:08,Mild Yawn,0.317,0.381,167,2
2024-11-28 00:19:08,Mild Yawn,0.288,0.382,167,2
2024-11-28 00:19:08,Mild Yawn,0.171,0.394,167,2
2024-11-28 00:19:08,Mild Yawn,0.203,0.384,167,2
2024-11-28 00:19:08,Mild Yawn,0.259,0.387,167,2
2024-11-28 00:19:08,Mild Yawn,0.247,0.354,167,2
2024-11-28 00:19:08,Mild Yawn,0.243,0.389,167,2
2024-11-28 00:19:08,SLEEPING !!!,0.247,0.383,167,2
2024-11-28 00:19:09,SLEEPING !!!,0.236,0.359,167,2
2024-11-28 00:19:09,SLEEPING !!!,0.243,0.357,167,2
2024-11-28 00:19:09,SLEEPING !!!,0.243,0.333,167,2
2024-11-28 00:19:09,SLEEPING !!!,0.241,0.374,167,2
2024-11-28 00:19:09,Mild Yawn,0.258,0.361,168,2
2024-11-28 00:19:09,Mild Yawn,0.258,0.371,168,2
2024-11-28 00:19:09,Mild Yawn,0.266,0.350,168,2
2024-11-28 00:19:09,Mild Yawn,0.339,0.379,168,2
2024-11-28 00:19:09,Mild Yawn,0.327,0.357,168,2
2024-11-28 00:19:09,Mild Yawn,0.320,0.335,168,2
2024-11-28 00:19:10,Mild Yawn,0.298,0.328,168,2
2024-11-28 00:19:10,Mild Yawn,0.318,0.319,168,2
2024-11-28 00:19:10,Mild Yawn,0.306,0.289,168,2
2024-11-28 00:19:10,Mild Yawn,0.319,0.267,168,2
2024-11-28 00:19:10,Mild Yawn,0.334,0.287,168,2
2024-11-28 00:19:10,Mild Yawn,0.326,0.331,168,2
2024-11-28 00:19:10,Mild Yawn,0.335,0.279,168,2
2024-11-28 00:19:10,Mild Yawn,0.322,0.295,168,2
2024-11-28 00:19:10,Mild Yawn,0.324,0.318,168,2
2024-11-28 00:19:10,Mild Yawn,0.307,0.361,168,2
2024-11-28 00:19:11,Mild Yawn,0.336,0.308,168,2
2024-11-28 00:19:11,Mild Yawn,0.345,0.289,168,2
2024-11-28 00:19:11,Mild Yawn,0.336,0.264,168,2
