Timestamp,Status,Eye_Aspect_Ratio,Mouth_Aspect_Ratio,Blink_Count,Yawn_Count
2025-02-06 15:43:06,Active,0.265,0.508,0,0
2025-02-06 15:43:06,Active,0.270,0.449,0,0
2025-02-06 15:43:06,Active,0.257,0.497,0,0
2025-02-06 15:43:06,Active,0.241,0.497,0,0
2025-02-06 15:43:06,Active,0.281,0.534,0,0
2025-02-06 15:43:06,Active,0.260,0.441,0,0
2025-02-06 15:43:06,Active,0.247,0.474,0,0
2025-02-06 15:43:06,Active,0.251,0.503,0,0
2025-02-06 15:43:06,Active,0.312,0.503,0,0
2025-02-06 15:43:06,Active,0.250,0.472,0,0
2025-02-06 15:43:06,Active,0.296,0.514,0,0
2025-02-06 15:43:06,Active,0.259,0.462,0,0
2025-02-06 15:43:06,Active,0.243,0.488,0,0
2025-02-06 15:43:06,Active,0.237,0.513,0,0
2025-02-06 15:43:06,Active,0.262,0.466,0,0
2025-02-06 15:43:06,Active,0.278,0.475,0,0
2025-02-06 15:43:06,Active,0.282,0.515,0,0
2025-02-06 15:43:06,Active,0.235,0.474,0,0
2025-02-06 15:43:06,Active,0.242,0.521,0,0
2025-02-06 15:43:06,Mild Yawn,0.282,0.447,0,1
2025-02-06 15:43:06,Mild Yawn,0.261,0.503,0,1
2025-02-06 15:43:06,Mild Yawn,0.305,0.438,0,1
2025-02-06 15:43:06,Mild Yawn,0.248,0.477,0,1
2025-02-06 15:43:06,Mild Yawn,0.321,0.456,0,1
2025-02-06 15:43:06,Mild Yawn,0.270,0.509,0,1
2025-02-06 15:43:06,Mild Yawn,0.290,0.472,0,1
2025-02-06 15:43:06,Mild Yawn,0.228,0.505,0,1
2025-02-06 15:43:06,Mild Yawn,0.308,0.411,0,1
2025-02-06 15:43:06,Mild Yawn,0.242,0.481,0,1
2025-02-06 15:43:06,Mild Yawn,0.275,0.464,0,1
2025-02-06 15:43:06,Mild Yawn,0.251,0.493,0,1
2025-02-06 15:43:06,Mild Yawn,0.334,0.454,0,1
2025-02-06 15:43:06,Mild Yawn,0.305,0.502,0,1
2025-02-06 15:43:06,Mild Yawn,0.300,0.411,0,1
2025-02-06 15:43:06,Mild Yawn,0.288,0.500,0,1
2025-02-06 15:43:06,Mild Yawn,0.262,0.389,0,1
2025-02-06 15:43:06,Mild Yawn,0.301,0.492,0,1
2025-02-06 15:43:06,Mild Yawn,0.294,0.409,0,1
2025-02-06 15:43:06,Mild Yawn,0.287,0.509,0,1
2025-02-06 15:43:06,Mild Yawn,0.293,0.427,0,1
2025-02-06 15:43:06,Mild Yawn,0.307,0.507,0,1
2025-02-06 15:43:06,Mild Yawn,0.280,0.409,0,1
2025-02-06 15:43:06,Mild Yawn,0.295,0.500,0,1
2025-02-06 15:43:06,Mild Yawn,0.293,0.459,0,1
2025-02-06 15:43:06,Mild Yawn,0.312,0.501,0,1
2025-02-06 15:43:06,Mild Yawn,0.285,0.397,0,1
2025-02-06 15:43:06,Mild Yawn,0.316,0.501,0,1
2025-02-06 15:43:06,Mild Yawn,0.251,0.414,0,1
2025-02-06 15:43:06,Mild Yawn,0.307,0.498,0,1
2025-02-06 15:43:06,Mild Yawn,0.272,0.412,0,1
2025-02-06 15:43:06,Mild Yawn,0.297,0.484,0,1
2025-02-06 15:43:06,Mild Yawn,0.256,0.430,0,1
2025-02-06 15:43:06,Mild Yawn,0.300,0.507,0,1
2025-02-06 15:43:06,Mild Yawn,0.273,0.409,0,1
2025-02-06 15:43:07,Mild Yawn,0.306,0.505,0,1
2025-02-06 15:43:07,Mild Yawn,0.278,0.424,0,1
2025-02-06 15:43:07,Mild Yawn,0.306,0.501,0,1
2025-02-06 15:43:07,Mild Yawn,0.313,0.527,0,1
2025-02-06 15:43:07,Mild Yawn,0.291,0.450,0,1
2025-02-06 15:43:07,Mild Yawn,0.296,0.502,0,1
2025-02-06 15:43:07,Mild Yawn,0.219,0.413,0,1
2025-02-06 15:43:07,Mild Yawn,0.279,0.500,0,1
2025-02-06 15:43:07,Mild Yawn,0.260,0.426,0,1
2025-02-06 15:43:07,Mild Yawn,0.287,0.515,0,1
2025-02-06 15:43:07,Mild Yawn,0.282,0.413,0,1
2025-02-06 15:43:07,Mild Yawn,0.298,0.527,0,1
2025-02-06 15:43:07,Mild Yawn,0.289,0.406,0,1
2025-02-06 15:43:07,Mild Yawn,0.316,0.531,0,1
2025-02-06 15:43:07,Mild Yawn,0.285,0.412,0,1
2025-02-06 15:43:07,Mild Yawn,0.318,0.519,0,1
2025-02-06 15:43:07,Mild Yawn,0.303,0.534,0,1
2025-02-06 15:43:07,Mild Yawn,0.263,0.437,0,1
2025-02-06 15:43:07,Mild Yawn,0.296,0.535,0,1
2025-02-06 15:43:07,Mild Yawn,0.275,0.368,0,1
2025-02-06 15:43:07,Mild Yawn,0.307,0.528,0,1
2025-02-06 15:43:07,Mild Yawn,0.278,0.408,0,1
2025-02-06 15:43:07,Mild Yawn,0.297,0.536,0,1
2025-02-06 15:43:07,Mild Yawn,0.322,0.537,0,1
2025-02-06 15:43:07,Mild Yawn,0.311,0.448,0,1
2025-02-06 15:43:07,Mild Yawn,0.269,0.541,0,1
2025-02-06 15:43:07,Mild Yawn,0.268,0.505,0,1
2025-02-06 15:43:07,Mild Yawn,0.304,0.550,0,1
2025-02-06 15:43:07,Mild Yawn,0.300,0.521,0,1
2025-02-06 15:43:07,Mild Yawn,0.308,0.544,0,1
2025-02-06 15:43:07,Mild Yawn,0.272,0.497,0,1
2025-02-06 15:43:07,Mild Yawn,0.298,0.540,0,1
2025-02-06 15:43:07,Mild Yawn,0.282,0.511,0,1
2025-02-06 15:43:07,Mild Yawn,0.309,0.547,0,1
2025-02-06 15:43:07,Mild Yawn,0.265,0.516,0,1
2025-02-06 15:43:07,Mild Yawn,0.307,0.533,0,1
2025-02-06 15:43:07,Mild Yawn,0.269,0.452,0,1
2025-02-06 15:43:07,Mild Yawn,0.285,0.547,0,1
2025-02-06 15:43:07,Mild Yawn,0.250,0.503,0,1
2025-02-06 15:43:07,Mild Yawn,0.312,0.536,0,1
2025-02-06 15:43:07,Mild Yawn,0.240,0.503,0,1
2025-02-06 15:43:07,Mild Yawn,0.315,0.536,0,1
2025-02-06 15:43:07,Mild Yawn,0.304,0.496,0,1
2025-02-06 15:43:07,Mild Yawn,0.298,0.551,0,1
2025-02-06 15:43:07,Mild Yawn,0.250,0.508,0,1
2025-02-06 15:43:07,Mild Yawn,0.289,0.545,0,1
2025-02-06 15:43:07,Mild Yawn,0.280,0.547,0,1
2025-02-06 15:43:07,Mild Yawn,0.314,0.530,0,1
2025-02-06 15:43:07,Mild Yawn,0.297,0.541,0,1
2025-02-06 15:43:07,Mild Yawn,0.306,0.535,0,1
2025-02-06 15:43:07,Mild Yawn,0.297,0.538,0,1
2025-02-06 15:43:08,Mild Yawn,0.279,0.548,0,1
2025-02-06 15:43:08,Mild Yawn,0.270,0.546,0,1
2025-02-06 15:43:08,Mild Yawn,0.228,0.485,0,1
2025-02-06 15:43:08,Mild Yawn,0.275,0.550,0,1
2025-02-06 15:43:08,Mild Yawn,0.244,0.519,0,1
2025-02-06 15:43:08,Mild Yawn,0.240,0.533,0,1
2025-02-06 15:43:08,SLEEPING !!!,0.132,0.521,0,1
2025-02-06 15:43:08,SLEEPING !!!,0.162,0.543,0,1
2025-02-06 15:43:08,SLEEPING !!!,0.201,0.553,0,1
2025-02-06 15:43:08,SLEEPING !!!,0.246,0.544,0,1
2025-02-06 15:43:08,SLEEPING !!!,0.232,0.548,0,1
2025-02-06 15:43:08,Mild Yawn,0.270,0.558,1,1
2025-02-06 15:43:08,Mild Yawn,0.280,0.533,1,1
2025-02-06 15:43:08,Mild Yawn,0.251,0.543,1,1
2025-02-06 15:43:08,Mild Yawn,0.251,0.549,1,1
2025-02-06 15:43:08,Mild Yawn,0.279,0.534,1,1
2025-02-06 15:43:08,Mild Yawn,0.281,0.533,1,1
2025-02-06 15:43:08,Mild Yawn,0.304,0.550,1,1
2025-02-06 15:43:08,Mild Yawn,0.287,0.540,1,1
2025-02-06 15:43:08,Mild Yawn,0.293,0.544,1,1
2025-02-06 15:43:08,Mild Yawn,0.265,0.543,1,1
2025-02-06 15:43:08,Mild Yawn,0.270,0.549,1,1
2025-02-06 15:43:08,Mild Yawn,0.289,0.554,1,1
2025-02-06 15:43:08,Mild Yawn,0.280,0.544,1,1
2025-02-06 15:43:08,Mild Yawn,0.275,0.550,1,1
2025-02-06 15:43:08,Mild Yawn,0.280,0.564,1,1
2025-02-06 15:43:08,Mild Yawn,0.266,0.572,1,1
2025-02-06 15:43:08,Mild Yawn,0.265,0.567,1,1
2025-02-06 15:43:08,Mild Yawn,0.299,0.556,1,1
2025-02-06 15:43:08,Mild Yawn,0.259,0.558,1,1
2025-02-06 15:43:08,Mild Yawn,0.290,0.562,1,1
2025-02-06 15:43:08,Mild Yawn,0.293,0.566,1,1
2025-02-06 15:43:08,Mild Yawn,0.299,0.553,1,1
2025-02-06 15:43:09,Mild Yawn,0.295,0.555,1,1
2025-02-06 15:43:09,Mild Yawn,0.294,0.553,1,1
2025-02-06 15:43:09,Mild Yawn,0.293,0.559,1,1
2025-02-06 15:43:09,Mild Yawn,0.283,0.562,1,1
2025-02-06 15:43:09,Mild Yawn,0.280,0.556,1,1
2025-02-06 15:43:09,Mild Yawn,0.259,0.545,1,1
2025-02-06 15:43:09,Mild Yawn,0.299,0.557,1,1
2025-02-06 15:43:09,Mild Yawn,0.277,0.551,1,1
2025-02-06 15:43:09,Mild Yawn,0.293,0.535,1,1
2025-02-06 15:43:09,Mild Yawn,0.284,0.565,1,1
2025-02-06 15:43:09,Mild Yawn,0.308,0.568,1,1
2025-02-06 15:43:09,Mild Yawn,0.289,0.552,1,1
2025-02-06 15:43:09,Mild Yawn,0.296,0.556,1,1
2025-02-06 15:43:09,Mild Yawn,0.280,0.574,1,1
2025-02-06 15:43:09,Mild Yawn,0.294,0.558,1,1
2025-02-06 15:43:09,Mild Yawn,0.285,0.544,1,1
2025-02-06 15:43:09,Mild Yawn,0.289,0.545,1,1
2025-02-06 15:43:09,Mild Yawn,0.299,0.534,1,1
2025-02-06 15:43:09,Mild Yawn,0.318,0.551,1,1
2025-02-06 15:43:09,Mild Yawn,0.318,0.545,1,1
2025-02-06 15:43:09,Mild Yawn,0.284,0.556,1,1
2025-02-06 15:43:09,Mild Yawn,0.318,0.534,1,1
2025-02-06 15:43:09,Mild Yawn,0.303,0.545,1,1
2025-02-06 15:43:09,Mild Yawn,0.319,0.531,1,1
2025-02-06 15:43:09,Mild Yawn,0.290,0.536,1,1
2025-02-06 15:43:09,Mild Yawn,0.304,0.518,1,1
2025-02-06 15:43:09,Mild Yawn,0.304,0.536,1,1
2025-02-06 15:43:09,Mild Yawn,0.303,0.530,1,1
2025-02-06 15:43:09,Mild Yawn,0.304,0.544,1,1
2025-02-06 15:43:09,Mild Yawn,0.290,0.532,1,1
2025-02-06 15:43:10,Mild Yawn,0.299,0.552,1,1
2025-02-06 15:43:10,Mild Yawn,0.296,0.539,1,1
2025-02-06 15:43:10,Mild Yawn,0.299,0.528,1,1
2025-02-06 15:43:10,Mild Yawn,0.305,0.536,1,1
2025-02-06 15:43:10,Mild Yawn,0.305,0.544,1,1
2025-02-06 15:43:10,Mild Yawn,0.313,0.554,1,1
2025-02-06 15:43:10,Mild Yawn,0.294,0.550,1,1
2025-02-06 15:43:10,Mild Yawn,0.293,0.567,1,1
2025-02-06 15:43:10,Mild Yawn,0.309,0.588,1,1
2025-02-06 15:43:10,Moderate Yawn !,0.303,0.607,1,1
2025-02-06 15:43:10,Moderate Yawn !,0.305,0.603,1,1
2025-02-06 15:43:10,Mild Yawn,0.295,0.600,1,1
2025-02-06 15:43:10,Moderate Yawn !,0.280,0.620,1,1
2025-02-06 15:43:10,Moderate Yawn !,0.294,0.619,1,1
2025-02-06 15:43:10,Moderate Yawn !,0.269,0.616,1,1
2025-02-06 15:43:10,Moderate Yawn !,0.264,0.616,1,1
2025-02-06 15:43:10,Moderate Yawn !,0.285,0.637,1,1
2025-02-06 15:43:10,Moderate Yawn !,0.295,0.614,1,1
2025-02-06 15:43:10,Mild Yawn,0.281,0.593,1,1
2025-02-06 15:43:10,Mild Yawn,0.285,0.583,1,1
2025-02-06 15:43:10,Moderate Yawn !,0.270,0.626,1,1
2025-02-06 15:43:10,Moderate Yawn !,0.285,0.602,1,1
2025-02-06 15:43:10,Mild Yawn,0.264,0.597,1,1
2025-02-06 15:43:10,Mild Yawn,0.275,0.577,1,1
2025-02-06 15:43:10,Mild Yawn,0.270,0.596,1,1
2025-02-06 15:43:10,Mild Yawn,0.260,0.593,1,1
2025-02-06 15:43:10,Mild Yawn,0.270,0.573,1,1
2025-02-06 15:43:10,Mild Yawn,0.270,0.562,1,1
2025-02-06 15:43:10,Mild Yawn,0.237,0.558,1,1
2025-02-06 15:43:10,Mild Yawn,0.281,0.549,1,1
2025-02-06 15:43:11,Mild Yawn,0.264,0.548,1,1
2025-02-06 15:43:11,Mild Yawn,0.260,0.555,1,1
2025-02-06 15:43:11,Mild Yawn,0.270,0.524,1,1
2025-02-06 15:43:11,Mild Yawn,0.255,0.520,1,1
2025-02-06 15:43:11,Mild Yawn,0.261,0.504,1,1
2025-02-06 15:43:11,Mild Yawn,0.248,0.501,1,1
2025-02-06 15:43:11,Mild Yawn,0.237,0.458,1,1
2025-02-06 15:43:11,SLEEPING !!!,0.225,0.506,1,1
2025-02-06 15:43:11,SLEEPING !!!,0.206,0.488,1,1
2025-02-06 15:43:11,SLEEPING !!!,0.221,0.469,1,1
2025-02-06 15:43:11,SLEEPING !!!,0.182,0.502,1,1
2025-02-06 15:43:11,SLEEPING !!!,0.215,0.476,1,1
2025-02-06 15:43:11,SLEEPING !!!,0.205,0.489,1,1
2025-02-06 15:43:11,SLEEPING !!!,0.203,0.473,1,1
2025-02-06 15:43:11,SLEEPING !!!,0.195,0.466,1,1
2025-02-06 15:43:11,Mild Yawn,0.388,0.452,2,1
2025-02-06 15:43:11,Mild Yawn,0.210,0.455,2,1
2025-02-06 15:43:11,Mild Yawn,0.212,0.468,2,1
2025-02-06 15:43:11,SLEEPING !!!,0.211,0.489,2,1
2025-02-06 15:43:11,SLEEPING !!!,0.215,0.484,2,1
2025-02-06 15:43:11,SLEEPING !!!,0.180,0.479,2,1
2025-02-06 15:43:11,SLEEPING !!!,0.226,0.468,2,1
2025-02-06 15:43:11,SLEEPING !!!,0.192,0.474,2,1
2025-02-06 15:43:11,SLEEPING !!!,0.168,0.492,2,1
2025-02-06 15:43:11,SLEEPING !!!,0.080,0.473,2,1
2025-02-06 15:43:11,SLEEPING !!!,0.064,0.482,2,1
2025-02-06 15:43:11,SLEEPING !!!,0.055,0.452,2,1
2025-02-06 15:43:11,SLEEPING !!!,0.106,0.454,2,1
2025-02-06 15:43:11,Mild Yawn,0.298,0.434,3,1
2025-02-06 15:43:11,Mild Yawn,0.118,0.436,3,1
2025-02-06 15:43:11,Mild Yawn,0.130,0.397,3,1
2025-02-06 15:43:11,SLEEPING !!!,0.154,0.364,3,1
2025-02-06 15:43:12,SLEEPING !!!,0.143,0.369,3,1
2025-02-06 15:43:12,SLEEPING !!!,0.148,0.361,3,1
2025-02-06 15:43:12,SLEEPING !!!,0.157,0.357,3,1
2025-02-06 15:43:12,SLEEPING !!!,0.176,0.378,3,1
2025-02-06 15:43:12,SLEEPING !!!,0.181,0.363,3,1
2025-02-06 15:43:12,SLEEPING !!!,0.177,0.371,3,1
2025-02-06 15:43:12,SLEEPING !!!,0.175,0.374,3,1
2025-02-06 15:43:12,SLEEPING !!!,0.206,0.370,3,1
2025-02-06 15:43:12,SLEEPING !!!,0.164,0.374,3,1
2025-02-06 15:43:12,SLEEPING !!!,0.185,0.379,3,1
2025-02-06 15:43:12,SLEEPING !!!,0.191,0.383,3,1
2025-02-06 15:43:12,SLEEPING !!!,0.178,0.385,3,1
2025-02-06 15:43:12,SLEEPING !!!,0.135,0.390,3,1
2025-02-06 15:43:12,SLEEPING !!!,0.065,0.390,3,1
2025-02-06 15:43:12,Mild Yawn,0.260,0.422,4,1
2025-02-06 15:43:12,Mild Yawn,0.103,0.394,4,1
2025-02-06 15:43:12,Mild Yawn,0.084,0.385,4,1
2025-02-06 15:43:12,SLEEPING !!!,0.148,0.396,4,1
2025-02-06 15:43:12,SLEEPING !!!,0.163,0.391,4,1
2025-02-06 15:43:12,SLEEPING !!!,0.175,0.382,4,1
2025-02-06 15:43:12,SLEEPING !!!,0.168,0.385,4,1
2025-02-06 15:43:12,SLEEPING !!!,0.178,0.397,4,1
2025-02-06 15:43:12,SLEEPING !!!,0.173,0.379,4,1
2025-02-06 15:43:12,SLEEPING !!!,0.172,0.375,4,1
2025-02-06 15:43:12,SLEEPING !!!,0.197,0.380,4,1
2025-02-06 15:43:12,SLEEPING !!!,0.180,0.369,4,1
2025-02-06 15:43:12,SLEEPING !!!,0.178,0.374,4,1
2025-02-06 15:43:12,SLEEPING !!!,0.169,0.389,4,1
2025-02-06 15:43:12,SLEEPING !!!,0.169,0.376,4,1
2025-02-06 15:43:12,SLEEPING !!!,0.197,0.385,4,1
2025-02-06 15:43:13,SLEEPING !!!,0.198,0.373,4,1
2025-02-06 15:43:13,SLEEPING !!!,0.178,0.381,4,1
2025-02-06 15:43:13,SLEEPING !!!,0.177,0.382,4,1
2025-02-06 15:43:13,SLEEPING !!!,0.185,0.369,4,1
2025-02-06 15:43:13,SLEEPING !!!,0.184,0.379,4,1
2025-02-06 15:43:13,SLEEPING !!!,0.187,0.379,4,1
2025-02-06 15:43:13,SLEEPING !!!,0.187,0.384,4,1
2025-02-06 15:43:13,SLEEPING !!!,0.196,0.379,4,1
2025-02-06 15:43:13,SLEEPING !!!,0.169,0.391,4,1
2025-02-06 15:43:13,SLEEPING !!!,0.178,0.363,4,1
2025-02-06 15:43:13,SLEEPING !!!,0.177,0.376,4,1
2025-02-06 15:43:13,SLEEPING !!!,0.181,0.360,4,1
2025-02-06 15:43:13,SLEEPING !!!,0.198,0.382,4,1
2025-02-06 15:43:13,SLEEPING !!!,0.197,0.378,4,1
2025-02-06 15:43:13,SLEEPING !!!,0.188,0.383,4,1
2025-02-06 15:43:13,SLEEPING !!!,0.180,0.375,4,1
2025-02-06 15:43:13,SLEEPING !!!,0.176,0.375,4,1
2025-02-06 15:43:13,SLEEPING !!!,0.179,0.406,4,1
2025-02-06 15:43:13,SLEEPING !!!,0.167,0.371,4,1
2025-02-06 15:43:13,SLEEPING !!!,0.158,0.380,4,1
2025-02-06 15:43:13,SLEEPING !!!,0.179,0.383,4,1
2025-02-06 15:43:13,SLEEPING !!!,0.179,0.411,4,1
2025-02-06 15:43:13,SLEEPING !!!,0.186,0.385,4,1
2025-02-06 15:43:13,SLEEPING !!!,0.161,0.402,4,1
2025-02-06 15:43:13,SLEEPING !!!,0.206,0.404,4,1
2025-02-06 15:43:13,SLEEPING !!!,0.163,0.411,4,1
2025-02-06 15:43:13,SLEEPING !!!,0.170,0.419,4,1
2025-02-06 15:43:13,SLEEPING !!!,0.168,0.454,4,1
2025-02-06 15:43:13,SLEEPING !!!,0.176,0.480,4,1
2025-02-06 15:43:13,SLEEPING !!!,0.158,0.481,4,1
2025-02-06 15:43:14,SLEEPING !!!,0.159,0.502,4,1
2025-02-06 15:43:14,SLEEPING !!!,0.163,0.504,4,1
2025-02-06 15:43:14,SLEEPING !!!,0.150,0.519,4,1
2025-02-06 15:43:14,SLEEPING !!!,0.147,0.521,4,1
2025-02-06 15:43:14,SLEEPING !!!,0.142,0.519,4,1
2025-02-06 15:43:14,SLEEPING !!!,0.105,0.555,4,1
2025-02-06 15:43:14,SLEEPING !!!,0.200,0.549,4,1
2025-02-06 15:43:14,SLEEPING !!!,0.232,0.553,4,1
2025-02-06 15:43:14,SLEEPING !!!,0.104,0.556,4,1
2025-02-06 15:43:14,SLEEPING !!!,0.144,0.550,4,1
2025-02-06 15:43:14,SLEEPING !!!,0.128,0.551,4,1
2025-02-06 15:43:14,SLEEPING !!!,0.158,0.561,4,1
2025-02-06 15:43:14,SLEEPING !!!,0.177,0.569,4,1
2025-02-06 15:43:14,SLEEPING !!!,0.187,0.555,4,1
2025-02-06 15:43:14,SLEEPING !!!,0.196,0.576,4,1
2025-02-06 15:43:14,SLEEPING !!!,0.212,0.561,4,1
2025-02-06 15:43:14,SLEEPING !!!,0.207,0.571,4,1
2025-02-06 15:43:14,SLEEPING !!!,0.187,0.564,4,1
2025-02-06 15:43:14,SLEEPING !!!,0.125,0.576,4,1
2025-02-06 15:43:14,SLEEPING !!!,0.201,0.546,4,1
2025-02-06 15:43:14,SLEEPING !!!,0.220,0.373,4,1
2025-02-06 15:43:14,SLEEPING !!!,0.110,0.572,4,1
2025-02-06 15:43:14,SLEEPING !!!,0.171,0.338,4,1
2025-02-06 15:43:14,SLEEPING !!!,0.173,0.552,4,1
2025-02-06 15:43:14,SLEEPING !!!,0.173,0.375,4,1
2025-02-06 15:43:14,SLEEPING !!!,0.202,0.568,4,1
2025-02-06 15:43:14,SLEEPING !!!,0.208,0.340,4,1
2025-02-06 15:43:14,SLEEPING !!!,0.228,0.569,4,1
2025-02-06 15:43:14,SLEEPING !!!,0.230,0.334,4,1
2025-02-06 15:43:14,SLEEPING !!!,0.237,0.548,4,1
2025-02-06 15:43:14,SLEEPING !!!,0.197,0.353,4,1
2025-02-06 15:43:14,Mild Yawn,0.260,0.542,5,1
2025-02-06 15:43:14,Mild Yawn,0.230,0.349,5,1
2025-02-06 15:43:14,Mild Yawn,0.285,0.550,5,1
2025-02-06 15:43:14,Mild Yawn,0.176,0.336,5,1
2025-02-06 15:43:14,Mild Yawn,0.269,0.531,5,1
2025-02-06 15:43:14,Mild Yawn,0.160,0.336,5,1
2025-02-06 15:43:14,Mild Yawn,0.302,0.531,5,1
2025-02-06 15:43:14,Mild Yawn,0.202,0.328,5,1
2025-02-06 15:43:14,Mild Yawn,0.283,0.516,5,1
2025-02-06 15:43:14,Mild Yawn,0.240,0.365,5,1
2025-02-06 15:43:15,Mild Yawn,0.303,0.532,5,1
2025-02-06 15:43:15,Mild Yawn,0.261,0.353,5,1
2025-02-06 15:43:15,Mild Yawn,0.279,0.516,5,1
2025-02-06 15:43:15,Mild Yawn,0.251,0.336,5,1
2025-02-06 15:43:15,Mild Yawn,0.274,0.529,5,1
2025-02-06 15:43:15,Mild Yawn,0.235,0.357,5,1
2025-02-06 15:43:15,Mild Yawn,0.192,0.525,5,1
2025-02-06 15:43:15,SLEEPING !!!,0.243,0.355,5,1
2025-02-06 15:43:15,SLEEPING !!!,0.105,0.523,5,1
2025-02-06 15:43:15,SLEEPING !!!,0.213,0.357,5,1
2025-02-06 15:43:15,SLEEPING !!!,0.145,0.515,5,1
2025-02-06 15:43:15,Mild Yawn,0.255,0.345,6,1
2025-02-06 15:43:15,Mild Yawn,0.183,0.528,6,1
2025-02-06 15:43:15,Mild Yawn,0.254,0.345,6,1
2025-02-06 15:43:15,Mild Yawn,0.191,0.514,6,1
2025-02-06 15:43:15,Mild Yawn,0.254,0.340,6,1
2025-02-06 15:43:15,Mild Yawn,0.226,0.537,6,1
2025-02-06 15:43:15,Mild Yawn,0.268,0.360,6,1
2025-02-06 15:43:15,Mild Yawn,0.155,0.518,6,1
2025-02-06 15:43:15,Mild Yawn,0.261,0.345,6,1
2025-02-06 15:43:15,Mild Yawn,0.154,0.509,6,1
2025-02-06 15:43:15,Mild Yawn,0.214,0.349,6,1
2025-02-06 15:43:15,SLEEPING !!!,0.158,0.502,6,1
2025-02-06 15:43:15,SLEEPING !!!,0.228,0.332,6,1
2025-02-06 15:43:15,SLEEPING !!!,0.175,0.466,6,1
2025-02-06 15:43:15,SLEEPING !!!,0.230,0.365,6,1
2025-02-06 15:43:15,SLEEPING !!!,0.204,0.458,6,1
2025-02-06 15:43:15,SLEEPING !!!,0.187,0.342,6,1
2025-02-06 15:43:15,SLEEPING !!!,0.235,0.473,6,1
2025-02-06 15:43:15,SLEEPING !!!,0.218,0.375,6,1
2025-02-06 15:43:15,SLEEPING !!!,0.222,0.474,6,1
2025-02-06 15:43:15,SLEEPING !!!,0.224,0.341,6,1
2025-02-06 15:43:15,Mild Yawn,0.275,0.471,7,1
2025-02-06 15:43:15,Mild Yawn,0.228,0.344,7,1
2025-02-06 15:43:15,Mild Yawn,0.242,0.471,7,1
2025-02-06 15:43:15,SLEEPING !!!,0.228,0.337,7,1
2025-02-06 15:43:15,Mild Yawn,0.285,0.476,7,1
2025-02-06 15:43:15,Mild Yawn,0.208,0.362,7,1
2025-02-06 15:43:15,Mild Yawn,0.295,0.486,7,1
2025-02-06 15:43:15,Mild Yawn,0.275,0.355,7,1
2025-02-06 15:43:15,Mild Yawn,0.270,0.491,7,1
2025-02-06 15:43:15,Mild Yawn,0.250,0.350,7,1
2025-02-06 15:43:15,Mild Yawn,0.290,0.487,7,1
2025-02-06 15:43:15,Mild Yawn,0.250,0.338,7,1
2025-02-06 15:43:15,Mild Yawn,0.270,0.478,7,1
2025-02-06 15:43:15,Mild Yawn,0.229,0.386,7,1
2025-02-06 15:43:15,Mild Yawn,0.265,0.497,7,1
2025-02-06 15:43:15,Mild Yawn,0.263,0.385,7,1
2025-02-06 15:43:15,Mild Yawn,0.275,0.471,7,1
2025-02-06 15:43:15,Mild Yawn,0.216,0.372,7,1
2025-02-06 15:43:15,Mild Yawn,0.270,0.507,7,1
2025-02-06 15:43:15,Mild Yawn,0.265,0.343,7,1
2025-02-06 15:43:15,Mild Yawn,0.274,0.496,7,1
2025-02-06 15:43:15,Mild Yawn,0.283,0.487,7,1
2025-02-06 15:43:15,Mild Yawn,0.274,0.491,7,1
2025-02-06 15:43:15,Mild Yawn,0.293,0.486,7,1
2025-02-06 15:43:16,Mild Yawn,0.310,0.501,7,1
2025-02-06 15:43:16,Mild Yawn,0.300,0.495,7,1
2025-02-06 15:43:16,Mild Yawn,0.234,0.362,7,1
2025-02-06 15:43:16,Mild Yawn,0.271,0.501,7,1
2025-02-06 15:43:16,Mild Yawn,0.242,0.380,7,1
2025-02-06 15:43:16,Mild Yawn,0.293,0.486,7,1
2025-02-06 15:43:16,Mild Yawn,0.223,0.365,7,1
2025-02-06 15:43:16,Mild Yawn,0.256,0.485,7,1
2025-02-06 15:43:16,Mild Yawn,0.251,0.484,7,1
2025-02-06 15:43:16,Mild Yawn,0.165,0.356,7,1
2025-02-06 15:43:16,Mild Yawn,0.293,0.487,7,1
2025-02-06 15:43:16,Mild Yawn,0.234,0.329,7,1
2025-02-06 15:43:16,Mild Yawn,0.275,0.499,7,1
2025-02-06 15:43:16,Mild Yawn,0.211,0.360,7,1
2025-02-06 15:43:16,Mild Yawn,0.266,0.508,7,1
2025-02-06 15:43:16,Mild Yawn,0.205,0.360,7,1
2025-02-06 15:43:16,Mild Yawn,0.286,0.494,7,1
2025-02-06 15:43:16,Mild Yawn,0.181,0.361,7,1
2025-02-06 15:43:16,Mild Yawn,0.289,0.509,7,1
2025-02-06 15:43:16,Mild Yawn,0.224,0.352,7,1
2025-02-06 15:43:16,Mild Yawn,0.309,0.498,7,1
2025-02-06 15:43:16,Mild Yawn,0.244,0.338,7,1
2025-02-06 15:43:16,Mild Yawn,0.285,0.513,7,1
2025-02-06 15:43:16,Mild Yawn,0.166,0.356,7,1
2025-02-06 15:43:16,Mild Yawn,0.298,0.535,7,1
2025-02-06 15:43:16,Mild Yawn,0.188,0.341,7,1
2025-02-06 15:43:16,Mild Yawn,0.256,0.526,7,1
2025-02-06 15:43:16,Mild Yawn,0.200,0.365,7,1
2025-02-06 15:43:16,Mild Yawn,0.266,0.515,7,1
2025-02-06 15:43:16,Mild Yawn,0.244,0.360,7,1
2025-02-06 15:43:16,Mild Yawn,0.285,0.531,7,1
2025-02-06 15:43:16,Mild Yawn,0.208,0.361,7,1
2025-02-06 15:43:16,Mild Yawn,0.281,0.521,7,1
2025-02-06 15:43:16,Mild Yawn,0.166,0.358,7,1
2025-02-06 15:43:16,Mild Yawn,0.294,0.515,7,1
2025-02-06 15:43:16,Mild Yawn,0.172,0.342,7,1
2025-02-06 15:43:16,Mild Yawn,0.285,0.539,7,1
2025-02-06 15:43:16,Mild Yawn,0.234,0.333,7,1
2025-02-06 15:43:16,Mild Yawn,0.270,0.554,7,1
2025-02-06 15:43:16,Mild Yawn,0.229,0.345,7,1
2025-02-06 15:43:16,Mild Yawn,0.285,0.532,7,1
2025-02-06 15:43:16,Mild Yawn,0.229,0.353,7,1
2025-02-06 15:43:16,Mild Yawn,0.280,0.578,7,1
2025-02-06 15:43:16,Mild Yawn,0.253,0.352,7,1
2025-02-06 15:43:16,Mild Yawn,0.284,0.598,7,1
2025-02-06 15:43:16,Mild Yawn,0.187,0.365,7,1
2025-02-06 15:43:16,Moderate Yawn !,0.285,0.608,7,1
2025-02-06 15:43:16,Mild Yawn,0.160,0.348,7,1
2025-02-06 15:43:16,Moderate Yawn !,0.295,0.639,7,1
2025-02-06 15:43:16,Mild Yawn,0.201,0.324,7,1
2025-02-06 15:43:16,Mild Yawn,0.270,0.599,7,1
2025-02-06 15:43:16,Mild Yawn,0.165,0.352,7,1
2025-02-06 15:43:16,Moderate Yawn !,0.295,0.631,7,1
2025-02-06 15:43:16,Mild Yawn,0.171,0.369,7,1
2025-02-06 15:43:16,Moderate Yawn !,0.320,0.638,7,1
2025-02-06 15:43:16,Mild Yawn,0.220,0.361,7,1
2025-02-06 15:43:16,Moderate Yawn !,0.285,0.636,7,1
2025-02-06 15:43:16,Mild Yawn,0.171,0.373,7,1
2025-02-06 15:43:17,Moderate Yawn !,0.281,0.620,7,1
2025-02-06 15:43:17,Mild Yawn,0.243,0.340,7,1
2025-02-06 15:43:17,Moderate Yawn !,0.280,0.620,7,1
2025-02-06 15:43:17,Mild Yawn,0.192,0.333,7,1
2025-02-06 15:43:17,Moderate Yawn !,0.266,0.615,7,1
2025-02-06 15:43:17,Mild Yawn,0.202,0.341,7,1
2025-02-06 15:43:17,Moderate Yawn !,0.255,0.617,7,1
2025-02-06 15:43:17,Mild Yawn,0.166,0.364,7,1
2025-02-06 15:43:17,Mild Yawn,0.266,0.576,7,1
2025-02-06 15:43:17,Mild Yawn,0.198,0.368,7,1
2025-02-06 15:43:17,Mild Yawn,0.271,0.516,7,1
2025-02-06 15:43:17,Mild Yawn,0.231,0.352,7,1
2025-02-06 15:43:17,Mild Yawn,0.280,0.488,7,1
2025-02-06 15:43:17,Mild Yawn,0.198,0.374,7,1
2025-02-06 15:43:17,Mild Yawn,0.271,0.497,7,1
2025-02-06 15:43:17,Mild Yawn,0.243,0.366,7,1
2025-02-06 15:43:17,Mild Yawn,0.263,0.465,7,1
2025-02-06 15:43:17,Mild Yawn,0.174,0.373,7,1
2025-02-06 15:43:17,Mild Yawn,0.280,0.453,7,1
2025-02-06 15:43:17,Mild Yawn,0.166,0.373,7,1
2025-02-06 15:43:17,Mild Yawn,0.232,0.466,7,1
2025-02-06 15:43:17,SLEEPING !!!,0.212,0.365,7,1
2025-02-06 15:43:17,Mild Yawn,0.271,0.474,8,1
2025-02-06 15:43:17,Mild Yawn,0.188,0.364,8,1
2025-02-06 15:43:17,Mild Yawn,0.240,0.472,8,1
2025-02-06 15:43:17,SLEEPING !!!,0.166,0.345,8,1
2025-02-06 15:43:17,Mild Yawn,0.282,0.479,8,1
2025-02-06 15:43:17,Mild Yawn,0.174,0.332,8,1
2025-02-06 15:43:17,Mild Yawn,0.281,0.488,8,1
2025-02-06 15:43:17,Mild Yawn,0.179,0.363,8,1
2025-02-06 15:43:17,Mild Yawn,0.276,0.483,8,1
2025-02-06 15:43:17,Mild Yawn,0.124,0.349,8,1
2025-02-06 15:43:17,Mild Yawn,0.257,0.478,8,1
2025-02-06 15:43:17,Mild Yawn,0.209,0.354,8,1
2025-02-06 15:43:17,Mild Yawn,0.240,0.475,8,1
2025-02-06 15:43:17,Mild Yawn,0.271,0.471,8,1
2025-02-06 15:43:17,Mild Yawn,0.262,0.477,8,1
2025-02-06 15:43:17,Mild Yawn,0.255,0.472,8,1
2025-02-06 15:43:17,Mild Yawn,0.261,0.489,8,1
2025-02-06 15:43:17,Mild Yawn,0.262,0.477,8,1
2025-02-06 15:43:17,Mild Yawn,0.275,0.477,8,1
2025-02-06 15:43:17,Mild Yawn,0.276,0.477,8,1
2025-02-06 15:43:17,Mild Yawn,0.263,0.473,8,1
2025-02-06 15:43:17,Mild Yawn,0.251,0.477,8,1
2025-02-06 15:43:17,Mild Yawn,0.261,0.472,8,1
2025-02-06 15:43:17,Mild Yawn,0.267,0.472,8,1
2025-02-06 15:43:17,Mild Yawn,0.246,0.479,8,1
2025-02-06 15:43:18,Mild Yawn,0.287,0.493,8,1
2025-02-06 15:43:18,Mild Yawn,0.245,0.463,8,1
2025-02-06 15:43:18,Mild Yawn,0.256,0.477,8,1
2025-02-06 15:43:18,Mild Yawn,0.211,0.490,8,1
2025-02-06 15:43:18,Mild Yawn,0.147,0.461,8,1
2025-02-06 15:43:18,SLEEPING !!!,0.129,0.473,8,1
2025-02-06 15:43:18,SLEEPING !!!,0.161,0.476,8,1
2025-02-06 15:43:18,SLEEPING !!!,0.179,0.481,8,1
2025-02-06 15:43:18,SLEEPING !!!,0.195,0.493,8,1
2025-02-06 15:43:18,SLEEPING !!!,0.202,0.482,8,1
2025-02-06 15:43:18,SLEEPING !!!,0.200,0.486,8,1
2025-02-06 15:43:18,SLEEPING !!!,0.220,0.481,8,1
2025-02-06 15:43:18,SLEEPING !!!,0.228,0.490,8,1
2025-02-06 15:43:18,SLEEPING !!!,0.231,0.471,8,1
2025-02-06 15:43:18,Mild Yawn,0.271,0.485,9,1
2025-02-06 15:43:18,Mild Yawn,0.235,0.463,9,1
2025-02-06 15:43:18,Mild Yawn,0.262,0.481,9,1
2025-02-06 15:43:18,Mild Yawn,0.251,0.472,9,1
2025-02-06 15:43:18,Mild Yawn,0.221,0.476,9,1
2025-02-06 15:43:18,Mild Yawn,0.173,0.493,9,1
2025-02-06 15:43:18,SLEEPING !!!,0.146,0.476,9,1
2025-02-06 15:43:18,SLEEPING !!!,0.145,0.466,9,1
2025-02-06 15:43:18,SLEEPING !!!,0.145,0.467,9,1
2025-02-06 15:43:18,SLEEPING !!!,0.110,0.471,9,1
2025-02-06 15:43:18,SLEEPING !!!,0.144,0.475,9,1
2025-02-06 15:43:18,SLEEPING !!!,0.104,0.467,9,1
2025-02-06 15:43:18,SLEEPING !!!,0.212,0.472,9,1
2025-02-06 15:43:18,SLEEPING !!!,0.217,0.462,9,1
2025-02-06 15:43:18,SLEEPING !!!,0.174,0.365,9,1
2025-02-06 15:43:18,SLEEPING !!!,0.173,0.482,9,1
2025-02-06 15:43:19,SLEEPING !!!,0.217,0.477,9,1
2025-02-06 15:43:19,SLEEPING !!!,0.203,0.345,9,1
2025-02-06 15:43:19,SLEEPING !!!,0.183,0.490,9,1
2025-02-06 15:43:19,SLEEPING !!!,0.154,0.362,9,1
2025-02-06 15:43:19,SLEEPING !!!,0.188,0.476,9,1
2025-02-06 15:43:19,Mild Yawn,0.253,0.367,10,1
2025-02-06 15:43:19,Mild Yawn,0.108,0.476,10,1
2025-02-06 15:43:19,Mild Yawn,0.208,0.363,10,1
2025-02-06 15:43:19,SLEEPING !!!,0.108,0.472,10,1
2025-02-06 15:43:19,SLEEPING !!!,0.179,0.402,10,1
2025-02-06 15:43:19,SLEEPING !!!,0.126,0.463,10,1
2025-02-06 15:43:19,SLEEPING !!!,0.235,0.367,10,1
2025-02-06 15:43:19,SLEEPING !!!,0.187,0.472,10,1
2025-02-06 15:43:19,Mild Yawn,0.256,0.345,11,1
2025-02-06 15:43:19,Mild Yawn,0.250,0.458,11,1
2025-02-06 15:43:19,Mild Yawn,0.223,0.373,11,1
2025-02-06 15:43:19,Mild Yawn,0.291,0.463,11,1
2025-02-06 15:43:19,Mild Yawn,0.224,0.353,11,1
2025-02-06 15:43:19,Mild Yawn,0.335,0.480,11,1
2025-02-06 15:43:19,Mild Yawn,0.227,0.355,11,1
2025-02-06 15:43:19,Mild Yawn,0.325,0.454,11,1
2025-02-06 15:43:19,Mild Yawn,0.187,0.378,11,1
2025-02-06 15:43:19,Mild Yawn,0.346,0.451,11,1
2025-02-06 15:43:19,Mild Yawn,0.197,0.367,11,1
2025-02-06 15:43:19,Mild Yawn,0.346,0.456,11,1
2025-02-06 15:43:19,Mild Yawn,0.176,0.365,11,1
2025-02-06 15:43:19,Mild Yawn,0.346,0.454,11,1
2025-02-06 15:43:19,Mild Yawn,0.224,0.361,11,1
2025-02-06 15:43:19,Mild Yawn,0.355,0.459,11,1
2025-02-06 15:43:19,Mild Yawn,0.224,0.357,11,1
2025-02-06 15:43:19,Mild Yawn,0.346,0.463,11,1
2025-02-06 15:43:19,Mild Yawn,0.199,0.382,11,1
2025-02-06 15:43:19,Mild Yawn,0.366,0.462,11,1
2025-02-06 15:43:19,Mild Yawn,0.249,0.417,11,1
2025-02-06 15:43:19,Mild Yawn,0.358,0.451,11,1
2025-02-06 15:43:19,Mild Yawn,0.192,0.432,11,1
2025-02-06 15:43:19,Mild Yawn,0.352,0.442,11,1
2025-02-06 15:43:19,Mild Yawn,0.165,0.395,11,1
2025-02-06 15:43:19,Mild Yawn,0.367,0.430,11,1
2025-02-06 15:43:19,Mild Yawn,0.183,0.369,11,1
2025-02-06 15:43:19,Mild Yawn,0.366,0.447,11,1
2025-02-06 15:43:19,Mild Yawn,0.179,0.374,11,1
2025-02-06 15:43:19,Mild Yawn,0.334,0.434,11,1
2025-02-06 15:43:19,Mild Yawn,0.206,0.389,11,1
2025-02-06 15:43:19,Mild Yawn,0.328,0.438,11,1
2025-02-06 15:43:19,Mild Yawn,0.195,0.455,11,1
2025-02-06 15:43:19,Mild Yawn,0.334,0.435,11,1
2025-02-06 15:43:19,Mild Yawn,0.200,0.443,11,1
2025-02-06 15:43:19,Mild Yawn,0.332,0.440,11,1
2025-02-06 15:43:19,Mild Yawn,0.213,0.472,11,1
2025-02-06 15:43:19,Mild Yawn,0.318,0.445,11,1
2025-02-06 15:43:19,Mild Yawn,0.150,0.472,11,1
2025-02-06 15:43:19,Mild Yawn,0.325,0.434,11,1
2025-02-06 15:43:19,Mild Yawn,0.139,0.459,11,1
2025-02-06 15:43:19,Mild Yawn,0.334,0.434,11,1
2025-02-06 15:43:19,Mild Yawn,0.134,0.462,11,1
2025-02-06 15:43:19,Mild Yawn,0.339,0.456,11,1
2025-02-06 15:43:19,Mild Yawn,0.132,0.426,11,1
2025-02-06 15:43:19,Mild Yawn,0.334,0.439,11,1
2025-02-06 15:43:19,Mild Yawn,0.141,0.420,11,1
2025-02-06 15:43:20,Mild Yawn,0.304,0.442,11,1
2025-02-06 15:43:20,Mild Yawn,0.145,0.382,11,1
2025-02-06 15:43:20,Mild Yawn,0.227,0.437,11,1
2025-02-06 15:43:20,SLEEPING !!!,0.166,0.382,11,1
2025-02-06 15:43:20,SLEEPING !!!,0.117,0.427,11,1
2025-02-06 15:43:20,SLEEPING !!!,0.169,0.410,11,1
2025-02-06 15:43:20,SLEEPING !!!,0.154,0.443,11,1
2025-02-06 15:43:20,SLEEPING !!!,0.160,0.396,11,1
2025-02-06 15:43:20,SLEEPING !!!,0.168,0.439,11,1
2025-02-06 15:43:20,SLEEPING !!!,0.165,0.425,11,1
2025-02-06 15:43:20,SLEEPING !!!,0.196,0.462,11,1
2025-02-06 15:43:20,SLEEPING !!!,0.174,0.434,11,1
2025-02-06 15:43:20,SLEEPING !!!,0.233,0.449,11,1
2025-02-06 15:43:20,SLEEPING !!!,0.169,0.456,11,1
2025-02-06 15:43:20,Mild Yawn,0.260,0.452,12,1
2025-02-06 15:43:20,Mild Yawn,0.158,0.433,12,1
2025-02-06 15:43:20,Mild Yawn,0.247,0.443,12,1
2025-02-06 15:43:20,SLEEPING !!!,0.176,0.441,12,1
2025-02-06 15:43:20,Mild Yawn,0.256,0.448,12,1
2025-02-06 15:43:20,Mild Yawn,0.220,0.396,12,1
2025-02-06 15:43:20,Mild Yawn,0.275,0.448,12,1
2025-02-06 15:43:20,Mild Yawn,0.223,0.392,12,1
2025-02-06 15:43:20,Mild Yawn,0.280,0.442,12,1
2025-02-06 15:43:20,Mild Yawn,0.157,0.382,12,1
2025-02-06 15:43:20,Mild Yawn,0.271,0.451,12,1
2025-02-06 15:43:20,Mild Yawn,0.188,0.399,12,1
2025-02-06 15:43:20,Mild Yawn,0.271,0.462,12,1
2025-02-06 15:43:20,Mild Yawn,0.164,0.376,12,1
2025-02-06 15:43:20,Mild Yawn,0.270,0.462,12,1
2025-02-06 15:43:20,Mild Yawn,0.189,0.376,12,1
2025-02-06 15:43:20,Mild Yawn,0.284,0.456,12,1
2025-02-06 15:43:20,Mild Yawn,0.224,0.368,12,1
2025-02-06 15:43:20,Mild Yawn,0.284,0.459,12,1
2025-02-06 15:43:20,Mild Yawn,0.175,0.374,12,1
2025-02-06 15:43:20,Mild Yawn,0.275,0.460,12,1
2025-02-06 15:43:20,Mild Yawn,0.197,0.356,12,1
2025-02-06 15:43:20,Mild Yawn,0.288,0.474,12,1
2025-02-06 15:43:20,Mild Yawn,0.229,0.335,12,1
2025-02-06 15:43:20,Mild Yawn,0.281,0.457,12,1
2025-02-06 15:43:20,Mild Yawn,0.154,0.364,12,1
2025-02-06 15:43:20,Mild Yawn,0.293,0.456,12,1
2025-02-06 15:43:20,Mild Yawn,0.164,0.349,12,1
2025-02-06 15:43:20,Mild Yawn,0.303,0.447,12,1
2025-02-06 15:43:20,Mild Yawn,0.275,0.455,12,1
2025-02-06 15:43:20,Mild Yawn,0.285,0.457,12,1
2025-02-06 15:43:20,Mild Yawn,0.270,0.453,12,1
2025-02-06 15:43:20,Mild Yawn,0.261,0.471,12,1
2025-02-06 15:43:20,Mild Yawn,0.242,0.459,12,1
2025-02-06 15:43:20,Mild Yawn,0.252,0.446,12,1
2025-02-06 15:43:20,Mild Yawn,0.233,0.433,12,1
2025-02-06 15:43:20,Mild Yawn,0.234,0.440,12,1
2025-02-06 15:43:20,Mild Yawn,0.265,0.364,12,1
2025-02-06 15:43:21,Mild Yawn,0.222,0.411,12,1
2025-02-06 15:43:21,Mild Yawn,0.228,0.362,12,1
2025-02-06 15:43:21,SLEEPING !!!,0.226,0.379,12,1
2025-02-06 15:43:21,SLEEPING !!!,0.221,0.324,12,1
2025-02-06 15:43:21,SLEEPING !!!,0.231,0.376,12,1
2025-02-06 15:43:21,SLEEPING !!!,0.239,0.319,12,1
2025-02-06 15:43:21,SLEEPING !!!,0.233,0.368,12,1
2025-02-06 15:43:21,SLEEPING !!!,0.225,0.309,12,1
2025-02-06 15:43:21,SLEEPING !!!,0.227,0.360,12,1
2025-02-06 15:43:21,SLEEPING !!!,0.233,0.318,12,1
2025-02-06 15:43:21,SLEEPING !!!,0.216,0.342,12,1
2025-02-06 15:43:21,SLEEPING !!!,0.243,0.368,12,1
2025-02-06 15:43:21,SLEEPING !!!,0.195,0.364,12,1
2025-02-06 15:43:21,SLEEPING !!!,0.246,0.391,12,1
2025-02-06 15:43:21,SLEEPING !!!,0.147,0.386,12,1
2025-02-06 15:43:21,SLEEPING !!!,0.194,0.376,12,1
2025-02-06 15:43:21,SLEEPING !!!,0.175,0.384,12,1
2025-02-06 15:43:21,SLEEPING !!!,0.225,0.351,12,1
2025-02-06 15:43:21,SLEEPING !!!,0.226,0.339,12,1
2025-02-06 15:43:21,SLEEPING !!!,0.206,0.373,12,1
2025-02-06 15:43:21,SLEEPING !!!,0.168,0.404,12,1
2025-02-06 15:43:21,SLEEPING !!!,0.213,0.376,12,1
2025-02-06 15:43:21,SLEEPING !!!,0.124,0.376,12,1
2025-02-06 15:43:21,SLEEPING !!!,0.208,0.360,12,1
2025-02-06 15:43:21,SLEEPING !!!,0.210,0.399,12,1
2025-02-06 15:43:21,SLEEPING !!!,0.214,0.367,12,1
2025-02-06 15:43:21,SLEEPING !!!,0.168,0.415,12,1
2025-02-06 15:43:21,SLEEPING !!!,0.192,0.360,12,1
2025-02-06 15:43:21,SLEEPING !!!,0.146,0.394,12,1
2025-02-06 15:43:21,SLEEPING !!!,0.188,0.365,12,1
2025-02-06 15:43:21,SLEEPING !!!,0.214,0.439,12,1
2025-02-06 15:43:21,SLEEPING !!!,0.181,0.382,12,1
2025-02-06 15:43:21,SLEEPING !!!,0.176,0.399,12,1
2025-02-06 15:43:21,SLEEPING !!!,0.176,0.412,12,1
2025-02-06 15:43:21,SLEEPING !!!,0.159,0.377,12,1
2025-02-06 15:43:21,SLEEPING !!!,0.143,0.394,12,1
2025-02-06 15:43:21,SLEEPING !!!,0.150,0.377,12,1
2025-02-06 15:43:21,SLEEPING !!!,0.158,0.400,12,1
2025-02-06 15:43:21,SLEEPING !!!,0.181,0.349,12,1
2025-02-06 15:43:21,SLEEPING !!!,0.174,0.349,12,1
2025-02-06 15:43:21,SLEEPING !!!,0.209,0.399,12,1
2025-02-06 15:43:21,SLEEPING !!!,0.192,0.568,12,1
2025-02-06 15:43:21,SLEEPING !!!,0.179,0.398,12,1
2025-02-06 15:43:21,Mild Yawn,0.295,0.361,13,1
2025-02-06 15:43:21,Mild Yawn,0.201,0.419,13,1
2025-02-06 15:43:21,Moderate Yawn !,0.197,0.635,13,1
2025-02-06 15:43:21,Moderate Yawn !,0.323,0.615,13,1
2025-02-06 15:43:21,Mild Yawn,0.355,0.439,13,1
2025-02-06 15:43:21,Mild Yawn,0.306,0.561,13,1
2025-02-06 15:43:21,Mild Yawn,0.284,0.587,13,1
2025-02-06 15:43:22,Mild Yawn,0.284,0.431,13,1
2025-02-06 15:43:22,Mild Yawn,0.333,0.379,13,1
2025-02-06 15:43:22,Mild Yawn,0.179,0.449,13,1
2025-02-06 15:43:22,Mild Yawn,0.324,0.398,13,1
2025-02-06 15:43:22,Mild Yawn,0.398,0.471,13,1
2025-02-06 15:43:22,Moderate Yawn !,0.461,0.604,13,1
2025-02-06 15:43:22,Mild Yawn,0.329,0.597,13,1
2025-02-06 15:43:22,Mild Yawn,0.291,0.358,13,1
2025-02-06 15:43:22,Mild Yawn,0.301,0.460,13,1
2025-02-06 15:43:22,Moderate Yawn !,0.388,0.770,13,1
2025-02-06 15:43:22,Mild Yawn,0.338,0.585,13,1
2025-02-06 15:43:22,Mild Yawn,0.345,0.430,13,1
2025-02-06 15:43:22,Mild Yawn,0.193,0.408,13,1
2025-02-06 15:43:22,Mild Yawn,0.215,0.437,13,1
2025-02-06 15:43:22,Mild Yawn,0.314,0.423,13,1
2025-02-06 15:43:22,Mild Yawn,0.247,0.414,13,1
2025-02-06 15:43:23,Mild Yawn,0.327,0.458,13,1
2025-02-06 15:43:23,Mild Yawn,0.279,0.481,13,1
2025-02-06 15:43:24,Mild Yawn,0.312,0.455,13,1
2025-02-06 15:43:24,Mild Yawn,0.376,0.436,13,1
2025-02-06 15:43:24,Mild Yawn,0.369,0.419,13,1
2025-02-06 15:43:24,Mild Yawn,0.325,0.471,13,1
2025-02-06 15:43:24,Mild Yawn,0.325,0.453,13,1
2025-02-06 15:43:24,Mild Yawn,0.369,0.443,13,1
2025-02-06 15:43:24,Mild Yawn,0.356,0.454,13,1
2025-02-06 15:43:24,Mild Yawn,0.326,0.509,13,1
2025-02-06 15:43:24,Mild Yawn,0.325,0.437,13,1
2025-02-06 15:43:24,Mild Yawn,0.358,0.503,13,1
2025-02-06 15:43:24,Mild Yawn,0.375,0.412,13,1
2025-02-06 15:43:24,Mild Yawn,0.357,0.394,13,1
2025-02-06 15:43:24,Mild Yawn,0.419,0.443,13,1
2025-02-06 15:43:24,Mild Yawn,0.366,0.415,13,1
2025-02-06 15:43:27,Mild Yawn,0.224,0.366,13,1
2025-02-06 15:43:27,Mild Yawn,0.238,0.384,13,1
2025-02-06 15:43:27,Mild Yawn,0.256,0.378,13,1
2025-02-06 15:43:27,Mild Yawn,0.243,0.362,13,1
2025-02-06 15:43:27,Mild Yawn,0.211,0.380,13,1
2025-02-06 15:43:27,SLEEPING !!!,0.212,0.401,13,1
2025-02-06 15:43:27,SLEEPING !!!,0.223,0.432,13,1
2025-02-06 15:43:27,SLEEPING !!!,0.229,0.448,13,1
2025-02-06 15:43:27,Mild Yawn,0.260,0.434,14,1
2025-02-06 15:43:27,Mild Yawn,0.219,0.407,14,1
2025-02-06 15:43:27,Mild Yawn,0.224,0.406,14,1
2025-02-06 15:43:27,SLEEPING !!!,0.173,0.390,14,1
2025-02-06 15:43:27,SLEEPING !!!,0.181,0.382,14,1
2025-02-06 15:43:27,SLEEPING !!!,0.188,0.392,14,1
2025-02-06 15:43:27,SLEEPING !!!,0.242,0.377,14,1
2025-02-06 15:43:27,SLEEPING !!!,0.237,0.382,14,1
2025-02-06 15:43:27,SLEEPING !!!,0.207,0.373,14,1
2025-02-06 15:43:27,Mild Yawn,0.257,0.396,15,1
2025-02-06 15:43:27,Mild Yawn,0.231,0.370,15,1
2025-02-06 15:43:28,Mild Yawn,0.242,0.367,15,1
2025-02-06 15:43:28,SLEEPING !!!,0.227,0.366,15,1
2025-02-06 15:43:28,SLEEPING !!!,0.212,0.359,15,1
2025-02-06 15:43:29,SLEEPING !!!,0.247,0.347,15,1
2025-02-06 15:43:29,Mild Yawn,0.266,0.361,16,1
2025-02-06 15:43:30,Mild Yawn,0.324,0.490,16,1
2025-02-06 15:43:30,Mild Yawn,0.303,0.528,16,1
2025-02-06 15:43:30,Mild Yawn,0.322,0.472,16,1
2025-02-06 15:43:32,Mild Yawn,0.266,0.464,16,1
2025-02-06 15:43:32,Mild Yawn,0.292,0.480,16,1
2025-02-06 15:43:32,Mild Yawn,0.293,0.448,16,1
2025-02-06 15:43:32,Mild Yawn,0.313,0.450,16,1
2025-02-06 15:43:32,Mild Yawn,0.274,0.483,16,1
2025-02-06 15:43:32,Mild Yawn,0.311,0.467,16,1
2025-02-06 15:43:32,Mild Yawn,0.296,0.470,16,1
2025-02-06 15:43:32,Mild Yawn,0.340,0.478,16,1
2025-02-06 15:43:32,Mild Yawn,0.289,0.462,16,1
2025-02-06 15:43:32,Mild Yawn,0.263,0.458,16,1
2025-02-06 15:43:32,Mild Yawn,0.254,0.462,16,1
2025-02-06 15:43:32,Mild Yawn,0.288,0.462,16,1
2025-02-06 15:43:32,Mild Yawn,0.290,0.453,16,1
2025-02-06 15:43:33,Mild Yawn,0.300,0.443,16,1
2025-02-06 15:43:33,Mild Yawn,0.286,0.457,16,1
2025-02-06 15:43:33,Mild Yawn,0.277,0.498,16,1
2025-02-06 15:43:33,Mild Yawn,0.317,0.434,16,1
2025-02-06 15:43:33,Mild Yawn,0.301,0.467,16,1
2025-02-06 15:43:35,Mild Yawn,0.239,0.302,16,1
2025-02-06 15:43:35,Mild Yawn,0.215,0.320,16,1
2025-02-06 15:43:35,SLEEPING !!!,0.222,0.356,16,1
2025-02-06 15:43:35,SLEEPING !!!,0.215,0.322,16,1
2025-02-06 15:43:35,SLEEPING !!!,0.237,0.322,16,1
2025-02-06 15:43:35,SLEEPING !!!,0.219,0.339,16,1
2025-02-06 15:43:35,Mild Yawn,0.260,0.352,17,1
2025-02-06 15:43:35,Mild Yawn,0.213,0.333,17,1
2025-02-06 15:43:36,Mild Yawn,0.218,0.347,17,1
2025-02-06 15:43:36,SLEEPING !!!,0.247,0.351,17,1
2025-02-06 15:43:36,SLEEPING !!!,0.230,0.407,17,1
2025-02-06 15:43:36,SLEEPING !!!,0.218,0.406,17,1
2025-02-06 15:43:36,Mild Yawn,0.279,0.416,18,1
2025-02-06 15:43:36,Mild Yawn,0.253,0.414,18,1
2025-02-06 15:43:36,Mild Yawn,0.208,0.416,18,1
2025-02-06 15:43:36,Mild Yawn,0.238,0.401,18,1
2025-02-06 15:43:36,SLEEPING !!!,0.202,0.405,18,1
2025-02-06 15:43:36,SLEEPING !!!,0.190,0.420,18,1
2025-02-06 15:43:36,SLEEPING !!!,0.220,0.424,18,1
2025-02-06 15:43:36,SLEEPING !!!,0.228,0.410,18,1
2025-02-06 15:43:36,SLEEPING !!!,0.224,0.420,18,1
2025-02-06 15:43:36,SLEEPING !!!,0.181,0.413,18,1
2025-02-06 15:43:36,SLEEPING !!!,0.149,0.391,18,1
2025-02-06 15:43:36,SLEEPING !!!,0.224,0.379,18,1
2025-02-06 15:43:36,SLEEPING !!!,0.205,0.376,18,1
2025-02-06 15:43:36,SLEEPING !!!,0.235,0.345,18,1
2025-02-06 15:43:36,SLEEPING !!!,0.182,0.349,18,1
2025-02-06 15:43:36,SLEEPING !!!,0.203,0.368,18,1
2025-02-06 15:43:36,SLEEPING !!!,0.205,0.363,18,1
2025-02-06 15:43:36,SLEEPING !!!,0.220,0.348,18,1
2025-02-06 15:43:36,SLEEPING !!!,0.220,0.361,18,1
2025-02-06 15:43:36,SLEEPING !!!,0.190,0.362,18,1
2025-02-06 15:43:36,SLEEPING !!!,0.220,0.371,18,1
2025-02-06 15:43:37,Mild Yawn,0.297,0.355,19,1
2025-02-06 15:43:37,Mild Yawn,0.191,0.341,19,1
2025-02-06 15:43:37,Mild Yawn,0.235,0.363,19,1
2025-02-06 15:43:37,SLEEPING !!!,0.187,0.384,19,1
2025-02-06 15:43:37,SLEEPING !!!,0.197,0.366,19,1
2025-02-06 15:43:37,SLEEPING !!!,0.179,0.365,19,1
2025-02-06 15:43:37,SLEEPING !!!,0.185,0.369,19,1
2025-02-06 15:43:37,SLEEPING !!!,0.121,0.360,19,1
2025-02-06 15:43:37,SLEEPING !!!,0.093,0.327,19,1
2025-02-06 15:43:37,SLEEPING !!!,0.174,0.382,19,1
2025-02-06 15:43:37,SLEEPING !!!,0.184,0.376,19,1
2025-02-06 15:43:37,SLEEPING !!!,0.191,0.358,19,1
2025-02-06 15:43:37,SLEEPING !!!,0.176,0.364,19,1
2025-02-06 15:43:37,SLEEPING !!!,0.176,0.366,19,1
2025-02-06 15:43:37,SLEEPING !!!,0.200,0.368,19,1
2025-02-06 15:43:37,SLEEPING !!!,0.197,0.384,19,1
2025-02-06 15:43:37,SLEEPING !!!,0.176,0.387,19,1
2025-02-06 15:43:37,SLEEPING !!!,0.158,0.375,19,1
2025-02-06 15:43:37,SLEEPING !!!,0.175,0.378,19,1
2025-02-06 15:43:37,SLEEPING !!!,0.123,0.345,19,1
2025-02-06 15:43:37,SLEEPING !!!,0.094,0.345,19,1
2025-02-06 15:43:37,SLEEPING !!!,0.142,0.349,19,1
2025-02-06 15:43:37,SLEEPING !!!,0.137,0.352,19,1
2025-02-06 15:43:37,SLEEPING !!!,0.113,0.360,19,1
2025-02-06 15:43:37,SLEEPING !!!,0.117,0.370,19,1
2025-02-06 15:43:37,SLEEPING !!!,0.113,0.370,19,1
2025-02-06 15:43:37,SLEEPING !!!,0.115,0.375,19,1
2025-02-06 15:43:37,SLEEPING !!!,0.124,0.366,19,1
2025-02-06 15:43:38,SLEEPING !!!,0.129,0.358,19,1
2025-02-06 15:43:38,SLEEPING !!!,0.133,0.344,19,1
2025-02-06 15:43:38,SLEEPING !!!,0.121,0.367,19,1
2025-02-06 15:43:38,SLEEPING !!!,0.100,0.391,19,1
2025-02-06 15:43:38,SLEEPING !!!,0.129,0.391,19,1
2025-02-06 15:43:38,SLEEPING !!!,0.129,0.351,19,1
2025-02-06 15:43:38,SLEEPING !!!,0.153,0.362,19,1
2025-02-06 15:43:38,SLEEPING !!!,0.160,0.380,19,1
2025-02-06 15:43:38,SLEEPING !!!,0.151,0.366,19,1
2025-02-06 15:43:38,SLEEPING !!!,0.172,0.391,19,1
2025-02-06 15:43:38,SLEEPING !!!,0.181,0.377,19,1
2025-02-06 15:43:38,SLEEPING !!!,0.194,0.357,19,1
2025-02-06 15:43:38,SLEEPING !!!,0.206,0.371,19,1
2025-02-06 15:43:38,SLEEPING !!!,0.185,0.365,19,1
2025-02-06 15:43:38,SLEEPING !!!,0.202,0.362,19,1
2025-02-06 15:43:38,SLEEPING !!!,0.196,0.382,19,1
2025-02-06 15:43:38,SLEEPING !!!,0.179,0.352,19,1
2025-02-06 15:43:38,SLEEPING !!!,0.171,0.348,19,1
2025-02-06 15:43:38,SLEEPING !!!,0.192,0.336,19,1
2025-02-06 15:43:38,SLEEPING !!!,0.175,0.351,19,1
2025-02-06 15:43:38,SLEEPING !!!,0.184,0.364,19,1
2025-02-06 15:43:38,SLEEPING !!!,0.186,0.359,19,1
2025-02-06 15:43:38,SLEEPING !!!,0.182,0.375,19,1
2025-02-06 15:43:38,SLEEPING !!!,0.200,0.361,19,1
2025-02-06 15:43:38,SLEEPING !!!,0.212,0.374,19,1
2025-02-06 15:43:38,SLEEPING !!!,0.193,0.371,19,1
2025-02-06 15:43:38,SLEEPING !!!,0.196,0.385,19,1
2025-02-06 15:43:38,SLEEPING !!!,0.184,0.385,19,1
2025-02-06 15:43:38,SLEEPING !!!,0.188,0.408,19,1
2025-02-06 15:43:38,SLEEPING !!!,0.181,0.413,19,1
2025-02-06 15:43:39,SLEEPING !!!,0.173,0.412,19,1
2025-02-06 15:43:39,SLEEPING !!!,0.105,0.412,19,1
2025-02-06 15:43:39,SLEEPING !!!,0.152,0.427,19,1
2025-02-06 15:43:39,SLEEPING !!!,0.121,0.396,19,1
2025-02-06 15:43:39,SLEEPING !!!,0.121,0.399,19,1
2025-02-06 15:43:39,SLEEPING !!!,0.174,0.434,19,1
2025-02-06 15:43:39,SLEEPING !!!,0.161,0.463,19,1
2025-02-06 15:43:39,SLEEPING !!!,0.164,0.474,19,1
2025-02-06 15:43:39,SLEEPING !!!,0.146,0.402,19,1
2025-02-06 15:43:39,SLEEPING !!!,0.111,0.452,19,1
2025-02-06 15:43:39,SLEEPING !!!,0.147,0.472,19,1
2025-02-06 15:43:39,SLEEPING !!!,0.117,0.491,19,1
2025-02-06 15:43:39,SLEEPING !!!,0.160,0.477,19,1
2025-02-06 15:43:39,SLEEPING !!!,0.160,0.436,19,1
2025-02-06 15:43:39,SLEEPING !!!,0.158,0.414,19,1
2025-02-06 15:43:39,SLEEPING !!!,0.135,0.390,19,1
2025-02-06 15:43:39,SLEEPING !!!,0.142,0.367,19,1
2025-02-06 15:43:39,SLEEPING !!!,0.113,0.361,19,1
2025-02-06 15:43:39,SLEEPING !!!,0.127,0.375,19,1
2025-02-06 15:43:39,SLEEPING !!!,0.093,0.355,19,1
2025-02-06 15:43:39,SLEEPING !!!,0.128,0.368,19,1
2025-02-06 15:43:39,SLEEPING !!!,0.194,0.361,19,1
2025-02-06 15:43:39,SLEEPING !!!,0.183,0.386,19,1
2025-02-06 15:43:39,SLEEPING !!!,0.196,0.368,19,1
2025-02-06 15:43:39,SLEEPING !!!,0.207,0.364,19,1
2025-02-06 15:43:39,SLEEPING !!!,0.228,0.359,19,1
2025-02-06 15:43:39,SLEEPING !!!,0.238,0.363,19,1
2025-02-06 15:43:39,SLEEPING !!!,0.228,0.358,19,1
2025-02-06 15:43:39,SLEEPING !!!,0.217,0.360,19,1
2025-02-06 15:43:40,SLEEPING !!!,0.197,0.348,19,1
2025-02-06 15:43:40,SLEEPING !!!,0.190,0.342,19,1
2025-02-06 15:43:40,SLEEPING !!!,0.197,0.358,19,1
2025-02-06 15:43:40,SLEEPING !!!,0.196,0.359,19,1
2025-02-06 15:43:40,SLEEPING !!!,0.173,0.374,19,1
2025-02-06 15:43:40,SLEEPING !!!,0.182,0.354,19,1
2025-02-06 15:43:40,SLEEPING !!!,0.145,0.351,19,1
2025-02-06 15:43:40,SLEEPING !!!,0.171,0.354,19,1
2025-02-06 15:43:40,SLEEPING !!!,0.195,0.345,19,1
2025-02-06 15:43:40,SLEEPING !!!,0.176,0.387,19,1
2025-02-06 15:43:40,SLEEPING !!!,0.202,0.363,19,1
2025-02-06 15:43:40,SLEEPING !!!,0.178,0.329,19,1
2025-02-06 15:43:40,SLEEPING !!!,0.135,0.353,19,1
2025-02-06 15:43:40,SLEEPING !!!,0.146,0.363,19,1
2025-02-06 15:43:40,SLEEPING !!!,0.216,0.341,19,1
2025-02-06 15:43:40,SLEEPING !!!,0.160,0.352,19,1
2025-02-06 15:43:40,SLEEPING !!!,0.179,0.361,19,1
2025-02-06 15:43:40,SLEEPING !!!,0.167,0.347,19,1
2025-02-06 15:43:40,SLEEPING !!!,0.165,0.348,19,1
2025-02-06 15:43:40,SLEEPING !!!,0.141,0.353,19,1
2025-02-06 15:43:40,SLEEPING !!!,0.158,0.373,19,1
2025-02-06 15:43:40,SLEEPING !!!,0.167,0.340,19,1
2025-02-06 15:43:40,SLEEPING !!!,0.137,0.371,19,1
2025-02-06 15:43:40,SLEEPING !!!,0.160,0.361,19,1
2025-02-06 15:43:40,SLEEPING !!!,0.177,0.358,19,1
2025-02-06 15:43:41,SLEEPING !!!,0.156,0.338,19,1
2025-02-06 15:43:41,SLEEPING !!!,0.167,0.350,19,1
2025-02-06 15:43:41,SLEEPING !!!,0.160,0.352,19,1
2025-02-06 15:43:41,SLEEPING !!!,0.148,0.340,19,1
2025-02-06 15:43:41,SLEEPING !!!,0.178,0.351,19,1
2025-02-06 15:43:41,SLEEPING !!!,0.152,0.346,19,1
2025-02-06 15:43:41,SLEEPING !!!,0.158,0.366,19,1
2025-02-06 15:43:41,SLEEPING !!!,0.172,0.346,19,1
2025-02-06 15:43:41,SLEEPING !!!,0.195,0.354,19,1
2025-02-06 15:43:41,SLEEPING !!!,0.160,0.350,19,1
2025-02-06 15:43:41,SLEEPING !!!,0.138,0.344,19,1
2025-02-06 15:43:41,SLEEPING !!!,0.175,0.349,19,1
2025-02-06 15:43:41,SLEEPING !!!,0.156,0.357,19,1
2025-02-06 15:43:41,SLEEPING !!!,0.167,0.346,19,1
2025-02-06 15:43:41,SLEEPING !!!,0.164,0.359,19,1
2025-02-06 15:43:41,SLEEPING !!!,0.183,0.371,19,1
2025-02-06 15:43:41,SLEEPING !!!,0.158,0.347,19,1
2025-02-06 15:43:41,SLEEPING !!!,0.172,0.360,19,1
2025-02-06 15:43:41,SLEEPING !!!,0.180,0.350,19,1
2025-02-06 15:43:41,SLEEPING !!!,0.196,0.371,19,1
2025-02-06 15:43:41,SLEEPING !!!,0.179,0.359,19,1
2025-02-06 15:43:41,SLEEPING !!!,0.178,0.360,19,1
2025-02-06 15:43:41,SLEEPING !!!,0.179,0.343,19,1
2025-02-06 15:43:41,SLEEPING !!!,0.187,0.337,19,1
2025-02-06 15:43:41,SLEEPING !!!,0.165,0.356,19,1
2025-02-06 15:43:41,SLEEPING !!!,0.181,0.354,19,1
2025-02-06 15:43:41,SLEEPING !!!,0.169,0.348,19,1
2025-02-06 15:43:41,SLEEPING !!!,0.171,0.360,19,1
2025-02-06 15:43:41,SLEEPING !!!,0.167,0.360,19,1
2025-02-06 15:43:41,SLEEPING !!!,0.156,0.368,19,1
2025-02-06 15:43:42,SLEEPING !!!,0.166,0.352,19,1
2025-02-06 15:43:42,SLEEPING !!!,0.158,0.346,19,1
2025-02-06 15:43:42,SLEEPING !!!,0.179,0.349,19,1
2025-02-06 15:43:42,SLEEPING !!!,0.182,0.370,19,1
2025-02-06 15:43:42,SLEEPING !!!,0.168,0.353,19,1
2025-02-06 15:43:42,SLEEPING !!!,0.151,0.354,19,1
2025-02-06 15:43:42,SLEEPING !!!,0.165,0.365,19,1
2025-02-06 15:43:42,SLEEPING !!!,0.183,0.360,19,1
2025-02-06 15:43:42,SLEEPING !!!,0.181,0.359,19,1
2025-02-06 15:43:42,SLEEPING !!!,0.155,0.354,19,1
2025-02-06 15:43:42,SLEEPING !!!,0.155,0.344,19,1
2025-02-06 15:43:42,SLEEPING !!!,0.159,0.366,19,1
2025-02-06 15:43:42,SLEEPING !!!,0.193,0.368,19,1
2025-02-06 15:43:42,SLEEPING !!!,0.159,0.378,19,1
2025-02-06 15:43:42,SLEEPING !!!,0.144,0.394,19,1
2025-02-06 15:43:42,SLEEPING !!!,0.173,0.400,19,1
2025-02-06 15:43:42,SLEEPING !!!,0.136,0.377,19,1
2025-02-06 15:43:42,SLEEPING !!!,0.169,0.400,19,1
2025-02-06 15:43:42,SLEEPING !!!,0.181,0.380,19,1
2025-02-06 15:43:42,SLEEPING !!!,0.181,0.385,19,1
2025-02-06 15:43:42,SLEEPING !!!,0.158,0.387,19,1
2025-02-06 15:43:42,SLEEPING !!!,0.124,0.380,19,1
2025-02-06 15:43:42,SLEEPING !!!,0.142,0.367,19,1
2025-02-06 15:43:42,SLEEPING !!!,0.137,0.369,19,1
2025-02-06 15:43:42,SLEEPING !!!,0.105,0.351,19,1
2025-02-06 15:43:42,SLEEPING !!!,0.125,0.364,19,1
2025-02-06 15:43:42,SLEEPING !!!,0.143,0.373,19,1
2025-02-06 15:43:42,SLEEPING !!!,0.156,0.388,19,1
2025-02-06 15:43:42,SLEEPING !!!,0.145,0.368,19,1
2025-02-06 15:43:42,SLEEPING !!!,0.135,0.362,19,1
2025-02-06 15:43:43,SLEEPING !!!,0.156,0.362,19,1
2025-02-06 15:43:43,SLEEPING !!!,0.167,0.367,19,1
2025-02-06 15:43:43,SLEEPING !!!,0.176,0.356,19,1
2025-02-06 15:43:43,SLEEPING !!!,0.155,0.359,19,1
2025-02-06 15:43:43,SLEEPING !!!,0.191,0.373,19,1
2025-02-06 15:43:43,SLEEPING !!!,0.174,0.370,19,1
2025-02-06 15:43:43,SLEEPING !!!,0.153,0.360,19,1
2025-02-06 15:43:43,SLEEPING !!!,0.139,0.364,19,1
2025-02-06 15:43:43,SLEEPING !!!,0.163,0.370,19,1
2025-02-06 15:43:43,SLEEPING !!!,0.152,0.357,19,1
2025-02-06 15:43:43,SLEEPING !!!,0.152,0.357,19,1
2025-02-06 15:43:43,SLEEPING !!!,0.174,0.359,19,1
2025-02-06 15:43:43,SLEEPING !!!,0.153,0.377,19,1
2025-02-06 15:43:43,SLEEPING !!!,0.085,0.355,19,1
2025-02-06 15:43:43,SLEEPING !!!,0.165,0.350,19,1
2025-02-06 15:43:43,SLEEPING !!!,0.151,0.350,19,1
2025-02-06 15:43:43,SLEEPING !!!,0.153,0.359,19,1
2025-02-06 15:43:43,SLEEPING !!!,0.151,0.373,19,1
2025-02-06 15:43:43,SLEEPING !!!,0.178,0.354,19,1
2025-02-06 15:43:43,SLEEPING !!!,0.141,0.364,19,1
2025-02-06 15:43:43,SLEEPING !!!,0.144,0.352,19,1
2025-02-06 15:43:43,SLEEPING !!!,0.170,0.352,19,1
2025-02-06 15:43:43,SLEEPING !!!,0.154,0.339,19,1
2025-02-06 15:43:43,SLEEPING !!!,0.149,0.346,19,1
2025-02-06 15:43:43,SLEEPING !!!,0.210,0.350,19,1
2025-02-06 15:43:43,SLEEPING !!!,0.176,0.347,19,1
2025-02-06 15:43:43,SLEEPING !!!,0.198,0.343,19,1
2025-02-06 15:43:43,SLEEPING !!!,0.198,0.355,19,1
2025-02-06 15:43:43,SLEEPING !!!,0.182,0.345,19,1
2025-02-06 15:43:43,SLEEPING !!!,0.193,0.337,19,1
2025-02-06 15:43:44,SLEEPING !!!,0.178,0.334,19,1
2025-02-06 15:43:44,SLEEPING !!!,0.208,0.351,19,1
2025-02-06 15:43:44,SLEEPING !!!,0.199,0.344,19,1
2025-02-06 15:43:44,SLEEPING !!!,0.196,0.339,19,1
2025-02-06 15:43:44,SLEEPING !!!,0.195,0.361,19,1
2025-02-06 15:43:44,SLEEPING !!!,0.175,0.346,19,1
2025-02-06 15:43:44,SLEEPING !!!,0.210,0.356,19,1
2025-02-06 15:43:44,SLEEPING !!!,0.186,0.356,19,1
2025-02-06 15:43:44,SLEEPING !!!,0.164,0.331,19,1
2025-02-06 15:43:44,SLEEPING !!!,0.189,0.366,19,1
2025-02-06 15:43:44,SLEEPING !!!,0.192,0.358,19,1
2025-02-06 15:43:44,SLEEPING !!!,0.209,0.351,19,1
2025-02-06 15:43:44,SLEEPING !!!,0.148,0.361,19,1
2025-02-06 15:43:44,SLEEPING !!!,0.113,0.361,19,1
2025-02-06 15:43:44,SLEEPING !!!,0.141,0.354,19,1
2025-02-06 15:43:44,SLEEPING !!!,0.145,0.351,19,1
2025-02-06 15:43:44,SLEEPING !!!,0.159,0.337,19,1
2025-02-06 15:43:44,SLEEPING !!!,0.192,0.358,19,1
2025-02-06 15:43:44,SLEEPING !!!,0.178,0.351,19,1
2025-02-06 15:43:44,SLEEPING !!!,0.188,0.351,19,1
2025-02-06 15:43:44,SLEEPING !!!,0.198,0.360,19,1
2025-02-06 15:43:44,SLEEPING !!!,0.211,0.351,19,1
2025-02-06 15:43:44,SLEEPING !!!,0.194,0.344,19,1
2025-02-06 15:43:44,SLEEPING !!!,0.209,0.353,19,1
2025-02-06 15:43:44,SLEEPING !!!,0.186,0.334,19,1
2025-02-06 15:43:44,SLEEPING !!!,0.125,0.356,19,1
2025-02-06 15:43:44,SLEEPING !!!,0.100,0.344,19,1
2025-02-06 15:43:44,SLEEPING !!!,0.132,0.341,19,1
2025-02-06 15:43:44,SLEEPING !!!,0.139,0.337,19,1
2025-02-06 15:43:44,SLEEPING !!!,0.128,0.351,19,1
2025-02-06 15:43:45,SLEEPING !!!,0.158,0.346,19,1
2025-02-06 15:43:45,SLEEPING !!!,0.179,0.344,19,1
2025-02-06 15:43:45,SLEEPING !!!,0.163,0.339,19,1
2025-02-06 15:43:45,SLEEPING !!!,0.197,0.356,19,1
2025-02-06 15:43:45,SLEEPING !!!,0.167,0.356,19,1
2025-02-06 15:43:45,SLEEPING !!!,0.190,0.344,19,1
2025-02-06 15:43:45,SLEEPING !!!,0.197,0.358,19,1
2025-02-06 15:43:45,SLEEPING !!!,0.163,0.353,19,1
2025-02-06 15:43:45,SLEEPING !!!,0.182,0.348,19,1
2025-02-06 15:43:45,SLEEPING !!!,0.167,0.341,19,1
2025-02-06 15:43:45,SLEEPING !!!,0.179,0.329,19,1
2025-02-06 15:43:45,SLEEPING !!!,0.195,0.339,19,1
2025-02-06 15:43:45,SLEEPING !!!,0.143,0.344,19,1
2025-02-06 15:43:45,SLEEPING !!!,0.119,0.337,19,1
2025-02-06 15:43:45,SLEEPING !!!,0.143,0.344,19,1
2025-02-06 15:43:45,SLEEPING !!!,0.144,0.349,19,1
2025-02-06 15:43:45,SLEEPING !!!,0.159,0.346,19,1
2025-02-06 15:43:45,SLEEPING !!!,0.178,0.353,19,1
2025-02-06 15:43:45,SLEEPING !!!,0.164,0.336,19,1
2025-02-06 15:43:45,SLEEPING !!!,0.176,0.341,19,1
2025-02-06 15:43:45,SLEEPING !!!,0.209,0.344,19,1
2025-02-06 15:43:45,SLEEPING !!!,0.177,0.344,19,1
2025-02-06 15:43:45,SLEEPING !!!,0.183,0.351,19,1
2025-02-06 15:43:45,SLEEPING !!!,0.195,0.322,19,1
2025-02-06 15:43:45,SLEEPING !!!,0.186,0.339,19,1
2025-02-06 15:43:45,SLEEPING !!!,0.160,0.363,19,1
2025-02-06 15:43:45,SLEEPING !!!,0.160,0.358,19,1
2025-02-06 15:43:45,SLEEPING !!!,0.124,0.337,19,1
2025-02-06 15:43:45,SLEEPING !!!,0.104,0.336,19,1
2025-02-06 15:43:46,SLEEPING !!!,0.122,0.329,19,1
2025-02-06 15:43:46,SLEEPING !!!,0.156,0.355,19,1
2025-02-06 15:43:46,SLEEPING !!!,0.148,0.359,19,1
2025-02-06 15:43:46,SLEEPING !!!,0.175,0.363,19,1
2025-02-06 15:43:46,SLEEPING !!!,0.186,0.375,19,1
2025-02-06 15:43:46,SLEEPING !!!,0.159,0.374,19,1
2025-02-06 15:43:46,SLEEPING !!!,0.188,0.399,19,1
2025-02-06 15:43:46,SLEEPING !!!,0.227,0.384,19,1
2025-02-06 15:43:46,SLEEPING !!!,0.167,0.386,19,1
2025-02-06 15:43:46,SLEEPING !!!,0.193,0.403,19,1
2025-02-06 15:43:46,SLEEPING !!!,0.199,0.400,19,1
2025-02-06 15:43:46,SLEEPING !!!,0.214,0.404,19,1
2025-02-06 15:43:46,SLEEPING !!!,0.215,0.406,19,1
2025-02-06 15:43:46,SLEEPING !!!,0.195,0.411,19,1
2025-02-06 15:43:46,SLEEPING !!!,0.181,0.400,19,1
2025-02-06 15:43:46,SLEEPING !!!,0.179,0.388,19,1
2025-02-06 15:43:46,SLEEPING !!!,0.143,0.399,19,1
2025-02-06 15:43:46,SLEEPING !!!,0.143,0.385,19,1
2025-02-06 15:43:46,SLEEPING !!!,0.125,0.386,19,1
2025-02-06 15:43:46,SLEEPING !!!,0.137,0.386,19,1
2025-02-06 15:43:46,SLEEPING !!!,0.173,0.358,19,1
2025-02-06 15:43:46,SLEEPING !!!,0.161,0.363,19,1
2025-02-06 15:43:46,SLEEPING !!!,0.156,0.374,19,1
2025-02-06 15:43:46,SLEEPING !!!,0.161,0.366,19,1
2025-02-06 15:43:46,SLEEPING !!!,0.175,0.353,19,1
2025-02-06 15:43:46,SLEEPING !!!,0.191,0.363,19,1
2025-02-06 15:43:46,SLEEPING !!!,0.203,0.373,19,1
2025-02-06 15:43:46,SLEEPING !!!,0.171,0.353,19,1
2025-02-06 15:43:46,SLEEPING !!!,0.156,0.359,19,1
2025-02-06 15:43:46,SLEEPING !!!,0.125,0.361,19,1
2025-02-06 15:43:47,SLEEPING !!!,0.122,0.368,19,1
2025-02-06 15:43:47,SLEEPING !!!,0.136,0.361,19,1
2025-02-06 15:43:47,SLEEPING !!!,0.174,0.356,19,1
2025-02-06 15:43:47,SLEEPING !!!,0.175,0.351,19,1
2025-02-06 15:43:47,SLEEPING !!!,0.186,0.351,19,1
2025-02-06 15:43:47,SLEEPING !!!,0.186,0.358,19,1
2025-02-06 15:43:47,SLEEPING !!!,0.222,0.364,19,1
2025-02-06 15:43:47,SLEEPING !!!,0.174,0.360,19,1
2025-02-06 15:43:47,SLEEPING !!!,0.202,0.353,19,1
2025-02-06 15:43:47,SLEEPING !!!,0.198,0.356,19,1
2025-02-06 15:43:47,SLEEPING !!!,0.233,0.368,19,1
2025-02-06 15:43:47,SLEEPING !!!,0.206,0.346,19,1
2025-02-06 15:43:47,SLEEPING !!!,0.197,0.364,19,1
2025-02-06 15:43:47,SLEEPING !!!,0.098,0.368,19,1
2025-02-06 15:43:47,SLEEPING !!!,0.088,0.356,19,1
2025-02-06 15:43:47,SLEEPING !!!,0.103,0.373,19,1
2025-02-06 15:43:47,SLEEPING !!!,0.125,0.360,19,1
2025-02-06 15:43:47,SLEEPING !!!,0.112,0.361,19,1
2025-02-06 15:43:47,SLEEPING !!!,0.130,0.366,19,1
2025-02-06 15:43:47,SLEEPING !!!,0.131,0.368,19,1
2025-02-06 15:43:47,SLEEPING !!!,0.128,0.338,19,1
2025-02-06 15:43:47,SLEEPING !!!,0.103,0.356,19,1
2025-02-06 15:43:47,SLEEPING !!!,0.077,0.356,19,1
2025-02-06 15:43:47,SLEEPING !!!,0.100,0.351,19,1
2025-02-06 15:43:47,SLEEPING !!!,0.078,0.373,19,1
2025-02-06 15:43:47,SLEEPING !!!,0.101,0.363,19,1
2025-02-06 15:43:47,SLEEPING !!!,0.103,0.381,19,1
2025-02-06 15:43:47,SLEEPING !!!,0.093,0.368,19,1
2025-02-06 15:43:47,SLEEPING !!!,0.113,0.366,19,1
2025-02-06 15:43:47,SLEEPING !!!,0.103,0.368,19,1
2025-02-06 15:43:48,SLEEPING !!!,0.089,0.376,19,1
2025-02-06 15:43:48,SLEEPING !!!,0.092,0.376,19,1
2025-02-06 15:43:48,SLEEPING !!!,0.080,0.378,19,1
2025-02-06 15:43:48,SLEEPING !!!,0.064,0.381,19,1
2025-02-06 15:43:48,SLEEPING !!!,0.103,0.371,19,1
2025-02-06 15:43:48,SLEEPING !!!,0.130,0.361,19,1
2025-02-06 15:43:48,SLEEPING !!!,0.141,0.381,19,1
2025-02-06 15:43:48,SLEEPING !!!,0.161,0.377,19,1
2025-02-06 15:43:48,SLEEPING !!!,0.153,0.366,19,1
2025-02-06 15:43:48,SLEEPING !!!,0.171,0.359,19,1
2025-02-06 15:43:48,SLEEPING !!!,0.164,0.366,19,1
2025-02-06 15:43:48,SLEEPING !!!,0.163,0.356,19,1
2025-02-06 15:43:48,SLEEPING !!!,0.174,0.389,19,1
2025-02-06 15:43:48,SLEEPING !!!,0.186,0.386,19,1
2025-02-06 15:43:48,SLEEPING !!!,0.175,0.368,19,1
2025-02-06 15:43:48,SLEEPING !!!,0.176,0.351,19,1
2025-02-06 15:43:48,SLEEPING !!!,0.209,0.369,19,1
2025-02-06 15:43:48,SLEEPING !!!,0.209,0.389,19,1
2025-02-06 15:43:48,SLEEPING !!!,0.204,0.366,19,1
2025-02-06 15:43:48,SLEEPING !!!,0.209,0.368,19,1
2025-02-06 15:43:48,SLEEPING !!!,0.202,0.389,19,1
2025-02-06 15:43:48,SLEEPING !!!,0.209,0.379,19,1
2025-02-06 15:43:48,SLEEPING !!!,0.199,0.404,19,1
2025-02-06 15:43:48,SLEEPING !!!,0.209,0.404,19,1
2025-02-06 15:43:48,SLEEPING !!!,0.217,0.415,19,1
2025-02-06 15:43:48,SLEEPING !!!,0.179,0.427,19,1
2025-02-06 15:43:48,SLEEPING !!!,0.221,0.408,19,1
2025-02-06 15:43:48,SLEEPING !!!,0.194,0.396,19,1
2025-02-06 15:43:48,SLEEPING !!!,0.186,0.418,19,1
2025-02-06 15:43:48,SLEEPING !!!,0.205,0.412,19,1
2025-02-06 15:43:49,SLEEPING !!!,0.179,0.402,19,1
2025-02-06 15:43:49,SLEEPING !!!,0.189,0.401,19,1
2025-02-06 15:43:49,SLEEPING !!!,0.192,0.415,19,1
2025-02-06 15:43:49,SLEEPING !!!,0.201,0.406,19,1
2025-02-06 15:43:49,SLEEPING !!!,0.217,0.416,19,1
2025-02-06 15:43:49,SLEEPING !!!,0.178,0.401,19,1
2025-02-06 15:43:49,SLEEPING !!!,0.189,0.403,19,1
2025-02-06 15:43:49,SLEEPING !!!,0.171,0.389,19,1
2025-02-06 15:43:49,SLEEPING !!!,0.219,0.383,19,1
2025-02-06 15:43:49,SLEEPING !!!,0.196,0.381,19,1
2025-02-06 15:43:49,SLEEPING !!!,0.214,0.393,19,1
2025-02-06 15:43:49,SLEEPING !!!,0.181,0.401,19,1
2025-02-06 15:43:49,SLEEPING !!!,0.210,0.394,19,1
2025-02-06 15:43:49,SLEEPING !!!,0.218,0.410,19,1
2025-02-06 15:43:49,SLEEPING !!!,0.204,0.402,19,1
2025-02-06 15:43:49,SLEEPING !!!,0.210,0.389,19,1
2025-02-06 15:43:49,SLEEPING !!!,0.214,0.401,19,1
2025-02-06 15:43:49,SLEEPING !!!,0.220,0.372,19,1
2025-02-06 15:43:49,SLEEPING !!!,0.215,0.369,19,1
2025-02-06 15:43:49,SLEEPING !!!,0.221,0.369,19,1
2025-02-06 15:43:49,SLEEPING !!!,0.185,0.390,19,1
2025-02-06 15:43:49,SLEEPING !!!,0.199,0.378,19,1
2025-02-06 15:43:49,SLEEPING !!!,0.169,0.406,19,1
2025-02-06 15:43:49,SLEEPING !!!,0.203,0.393,19,1
2025-02-06 15:43:49,SLEEPING !!!,0.188,0.388,19,1
2025-02-06 15:43:49,SLEEPING !!!,0.208,0.396,19,1
2025-02-06 15:43:49,SLEEPING !!!,0.197,0.394,19,1
2025-02-06 15:43:49,SLEEPING !!!,0.206,0.383,19,1
2025-02-06 15:43:49,SLEEPING !!!,0.197,0.392,19,1
2025-02-06 15:43:49,SLEEPING !!!,0.196,0.364,19,1
2025-02-06 15:43:50,SLEEPING !!!,0.181,0.387,19,1
2025-02-06 15:43:50,SLEEPING !!!,0.225,0.400,19,1
2025-02-06 15:43:50,SLEEPING !!!,0.208,0.384,19,1
2025-02-06 15:43:50,SLEEPING !!!,0.216,0.400,19,1
2025-02-06 15:43:50,SLEEPING !!!,0.219,0.389,19,1
2025-02-06 15:43:50,SLEEPING !!!,0.184,0.381,19,1
2025-02-06 15:43:50,SLEEPING !!!,0.207,0.389,19,1
2025-02-06 15:43:50,SLEEPING !!!,0.183,0.372,19,1
2025-02-06 15:43:50,SLEEPING !!!,0.195,0.382,19,1
2025-02-06 15:43:50,SLEEPING !!!,0.201,0.376,19,1
2025-02-06 15:43:50,SLEEPING !!!,0.197,0.404,19,1
2025-02-06 15:43:50,SLEEPING !!!,0.198,0.372,19,1
2025-02-06 15:43:50,SLEEPING !!!,0.218,0.397,19,1
2025-02-06 15:43:50,SLEEPING !!!,0.235,0.398,19,1
2025-02-06 15:43:50,SLEEPING !!!,0.214,0.380,19,1
2025-02-06 15:43:50,SLEEPING !!!,0.234,0.395,19,1
2025-02-06 15:43:50,SLEEPING !!!,0.207,0.372,19,1
2025-02-06 15:43:50,SLEEPING !!!,0.213,0.390,19,1
2025-02-06 15:43:50,SLEEPING !!!,0.223,0.367,19,1
2025-02-06 15:43:50,SLEEPING !!!,0.233,0.393,19,1
2025-02-06 15:43:50,SLEEPING !!!,0.237,0.376,19,1
2025-02-06 15:43:50,SLEEPING !!!,0.179,0.393,19,1
2025-02-06 15:43:50,SLEEPING !!!,0.213,0.364,19,1
2025-02-06 15:43:50,SLEEPING !!!,0.212,0.391,19,1
2025-02-06 15:43:50,SLEEPING !!!,0.213,0.390,19,1
2025-02-06 15:43:50,SLEEPING !!!,0.213,0.368,19,1
2025-02-06 15:43:50,SLEEPING !!!,0.202,0.369,19,1
2025-02-06 15:43:50,SLEEPING !!!,0.168,0.385,19,1
2025-02-06 15:43:50,SLEEPING !!!,0.160,0.369,19,1
2025-02-06 15:43:50,SLEEPING !!!,0.140,0.380,19,1
2025-02-06 15:43:51,SLEEPING !!!,0.161,0.375,19,1
2025-02-06 15:43:51,SLEEPING !!!,0.166,0.380,19,1
2025-02-06 15:43:51,SLEEPING !!!,0.181,0.365,19,1
2025-02-06 15:43:51,SLEEPING !!!,0.175,0.379,19,1
2025-02-06 15:43:51,SLEEPING !!!,0.174,0.378,19,1
2025-02-06 15:43:51,SLEEPING !!!,0.191,0.371,19,1
2025-02-06 15:43:51,SLEEPING !!!,0.191,0.380,19,1
2025-02-06 15:43:51,SLEEPING !!!,0.212,0.372,19,1
2025-02-06 15:43:51,SLEEPING !!!,0.185,0.380,19,1
2025-02-06 15:43:51,SLEEPING !!!,0.213,0.381,19,1
2025-02-06 15:43:51,SLEEPING !!!,0.187,0.372,19,1
2025-02-06 15:43:51,SLEEPING !!!,0.183,0.385,19,1
2025-02-06 15:43:51,SLEEPING !!!,0.191,0.385,19,1
2025-02-06 15:43:51,SLEEPING !!!,0.175,0.397,19,1
2025-02-06 15:43:51,SLEEPING !!!,0.206,0.395,19,1
2025-02-06 15:43:51,SLEEPING !!!,0.193,0.384,19,1
2025-02-06 15:43:51,SLEEPING !!!,0.185,0.396,19,1
2025-02-06 15:43:51,SLEEPING !!!,0.185,0.393,19,1
2025-02-06 15:43:51,SLEEPING !!!,0.210,0.380,19,1
2025-02-06 15:43:51,SLEEPING !!!,0.187,0.388,19,1
2025-02-06 15:43:51,SLEEPING !!!,0.211,0.391,19,1
2025-02-06 15:43:51,SLEEPING !!!,0.201,0.376,19,1
2025-02-06 15:43:51,SLEEPING !!!,0.216,0.397,19,1
2025-02-06 15:43:51,SLEEPING !!!,0.182,0.385,19,1
2025-02-06 15:43:51,SLEEPING !!!,0.189,0.389,19,1
2025-02-06 15:43:51,SLEEPING !!!,0.185,0.405,19,1
2025-02-06 15:43:51,SLEEPING !!!,0.212,0.372,19,1
2025-02-06 15:43:51,Mild Yawn,0.255,0.400,20,1
2025-02-06 15:43:51,Mild Yawn,0.223,0.400,20,1
2025-02-06 15:43:51,Mild Yawn,0.217,0.384,20,1
2025-02-06 15:43:52,SLEEPING !!!,0.200,0.400,20,1
2025-02-06 15:43:52,SLEEPING !!!,0.181,0.396,20,1
2025-02-06 15:43:52,SLEEPING !!!,0.239,0.376,20,1
2025-02-06 15:43:52,SLEEPING !!!,0.201,0.386,20,1
2025-02-06 15:43:52,SLEEPING !!!,0.214,0.381,20,1
2025-02-06 15:43:52,SLEEPING !!!,0.222,0.385,20,1
2025-02-06 15:43:52,SLEEPING !!!,0.193,0.377,20,1
2025-02-06 15:43:52,SLEEPING !!!,0.203,0.390,20,1
2025-02-06 15:43:52,SLEEPING !!!,0.206,0.372,20,1
2025-02-06 15:43:52,SLEEPING !!!,0.212,0.381,20,1
2025-02-06 15:43:52,SLEEPING !!!,0.192,0.386,20,1
2025-02-06 15:43:52,SLEEPING !!!,0.217,0.377,20,1
2025-02-06 15:43:52,SLEEPING !!!,0.208,0.387,20,1
2025-02-06 15:43:52,SLEEPING !!!,0.220,0.371,20,1
2025-02-06 15:43:52,SLEEPING !!!,0.202,0.387,20,1
2025-02-06 15:43:52,SLEEPING !!!,0.201,0.376,20,1
2025-02-06 15:43:52,SLEEPING !!!,0.201,0.389,20,1
2025-02-06 15:43:52,SLEEPING !!!,0.211,0.388,20,1
2025-02-06 15:43:52,SLEEPING !!!,0.211,0.389,20,1
2025-02-06 15:43:52,SLEEPING !!!,0.204,0.373,20,1
2025-02-06 15:43:52,SLEEPING !!!,0.213,0.376,20,1
2025-02-06 15:43:52,SLEEPING !!!,0.228,0.379,20,1
2025-02-06 15:43:52,SLEEPING !!!,0.215,0.386,20,1
2025-02-06 15:43:52,SLEEPING !!!,0.218,0.376,20,1
2025-02-06 15:43:52,SLEEPING !!!,0.211,0.397,20,1
2025-02-06 15:43:52,SLEEPING !!!,0.211,0.379,20,1
2025-02-06 15:43:52,SLEEPING !!!,0.189,0.381,20,1
2025-02-06 15:43:52,SLEEPING !!!,0.190,0.381,20,1
2025-02-06 15:43:52,SLEEPING !!!,0.218,0.381,20,1
2025-02-06 15:43:53,SLEEPING !!!,0.183,0.387,20,1
2025-02-06 15:43:53,SLEEPING !!!,0.187,0.384,20,1
2025-02-06 15:43:53,SLEEPING !!!,0.211,0.381,20,1
2025-02-06 15:43:53,SLEEPING !!!,0.202,0.373,20,1
2025-02-06 15:43:53,SLEEPING !!!,0.196,0.365,20,1
2025-02-06 15:43:53,SLEEPING !!!,0.196,0.369,20,1
2025-02-06 15:43:53,SLEEPING !!!,0.206,0.371,20,1
2025-02-06 15:43:53,SLEEPING !!!,0.189,0.369,20,1
2025-02-06 15:43:53,SLEEPING !!!,0.225,0.371,20,1
2025-02-06 15:43:53,SLEEPING !!!,0.189,0.372,20,1
2025-02-06 15:43:53,SLEEPING !!!,0.186,0.374,20,1
2025-02-06 15:43:53,SLEEPING !!!,0.222,0.381,20,1
2025-02-06 15:43:53,SLEEPING !!!,0.198,0.367,20,1
2025-02-06 15:43:53,SLEEPING !!!,0.190,0.376,20,1
2025-02-06 15:43:53,SLEEPING !!!,0.200,0.381,20,1
2025-02-06 15:43:53,SLEEPING !!!,0.186,0.383,20,1
2025-02-06 15:43:53,SLEEPING !!!,0.193,0.372,20,1
2025-02-06 15:43:53,SLEEPING !!!,0.175,0.385,20,1
2025-02-06 15:43:53,SLEEPING !!!,0.213,0.373,20,1
2025-02-06 15:43:53,SLEEPING !!!,0.211,0.366,20,1
2025-02-06 15:43:53,SLEEPING !!!,0.189,0.373,20,1
2025-02-06 15:43:53,SLEEPING !!!,0.190,0.390,20,1
2025-02-06 15:43:53,SLEEPING !!!,0.185,0.396,20,1
2025-02-06 15:43:53,SLEEPING !!!,0.212,0.421,20,1
2025-02-06 15:43:53,SLEEPING !!!,0.209,0.434,20,1
2025-02-06 15:43:53,SLEEPING !!!,0.193,0.395,20,1
2025-02-06 15:43:54,SLEEPING !!!,0.227,0.568,20,1
2025-02-06 15:43:54,SLEEPING !!!,0.177,0.542,20,1
2025-02-06 15:43:54,Mild Yawn,0.264,0.404,21,1
2025-02-06 15:43:54,Mild Yawn,0.258,0.464,21,1
2025-02-06 15:43:54,Moderate Yawn !,0.197,0.608,21,1
2025-02-06 15:43:54,Moderate Yawn !,0.179,0.640,21,1
2025-02-06 15:43:54,Mild Yawn,0.289,0.435,21,1
2025-02-06 15:43:54,Mild Yawn,0.291,0.528,21,1
2025-02-06 15:43:54,Moderate Yawn !,0.195,0.623,21,1
2025-02-06 15:43:54,Mild Yawn,0.264,0.492,21,1
2025-02-06 15:43:54,Mild Yawn,0.282,0.421,21,1
2025-02-06 15:43:54,Mild Yawn,0.192,0.511,21,1
2025-02-06 15:43:54,Mild Yawn,0.290,0.537,21,1
2025-02-06 15:43:54,Mild Yawn,0.189,0.500,21,1
2025-02-06 15:43:54,Mild Yawn,0.270,0.487,21,1
2025-02-06 15:43:54,Mild Yawn,0.259,0.416,21,1
2025-02-06 15:43:54,Mild Yawn,0.158,0.523,21,1
2025-02-06 15:43:54,Mild Yawn,0.269,0.429,21,1
2025-02-06 15:43:54,Mild Yawn,0.275,0.442,21,1
2025-02-06 15:43:54,Mild Yawn,0.183,0.549,21,1
2025-02-06 15:43:54,Mild Yawn,0.287,0.472,21,1
2025-02-06 15:43:54,Mild Yawn,0.351,0.448,21,1
2025-02-06 15:43:54,Mild Yawn,0.180,0.567,21,1
2025-02-06 15:43:54,Mild Yawn,0.345,0.445,21,1
2025-02-06 15:43:54,Mild Yawn,0.266,0.490,21,1
2025-02-06 15:43:54,Mild Yawn,0.168,0.563,21,1
2025-02-06 15:43:54,Mild Yawn,0.270,0.431,21,1
2025-02-06 15:43:54,Mild Yawn,0.171,0.563,21,1
2025-02-06 15:43:54,Mild Yawn,0.284,0.425,21,1
2025-02-06 15:43:54,Mild Yawn,0.286,0.510,21,1
2025-02-06 15:43:54,Mild Yawn,0.163,0.569,21,1
2025-02-06 15:43:54,Mild Yawn,0.339,0.397,21,1
2025-02-06 15:43:54,Mild Yawn,0.258,0.447,21,1
2025-02-06 15:43:54,Mild Yawn,0.174,0.548,21,1
2025-02-06 15:43:54,Mild Yawn,0.289,0.396,21,1
2025-02-06 15:43:54,Mild Yawn,0.304,0.438,21,1
2025-02-06 15:43:54,Mild Yawn,0.187,0.562,21,1
2025-02-06 15:43:54,Mild Yawn,0.287,0.401,21,1
2025-02-06 15:43:54,Mild Yawn,0.264,0.480,21,1
2025-02-06 15:43:54,Mild Yawn,0.175,0.558,21,1
2025-02-06 15:43:54,Mild Yawn,0.322,0.378,21,1
2025-02-06 15:43:54,Mild Yawn,0.276,0.436,21,1
2025-02-06 15:43:55,Mild Yawn,0.211,0.593,21,1
2025-02-06 15:43:55,Mild Yawn,0.329,0.438,21,1
2025-02-06 15:43:55,Mild Yawn,0.229,0.431,21,1
2025-02-06 15:43:55,Mild Yawn,0.177,0.580,21,1
2025-02-06 15:43:55,Mild Yawn,0.302,0.482,21,1
2025-02-06 15:43:55,Mild Yawn,0.294,0.421,21,1
2025-02-06 15:43:55,Mild Yawn,0.208,0.589,21,1
2025-02-06 15:43:55,Mild Yawn,0.312,0.401,21,1
2025-02-06 15:43:55,Mild Yawn,0.265,0.400,21,1
2025-02-06 15:43:55,Mild Yawn,0.212,0.556,21,1
2025-02-06 15:43:55,Mild Yawn,0.264,0.362,21,1
2025-02-06 15:43:55,Mild Yawn,0.222,0.572,21,1
2025-02-06 15:43:55,Mild Yawn,0.369,0.352,21,1
2025-02-06 15:43:55,Mild Yawn,0.209,0.558,21,1
2025-02-06 15:43:55,Mild Yawn,0.295,0.282,21,1
2025-02-06 15:43:55,Mild Yawn,0.337,0.463,21,1
2025-02-06 15:43:55,Mild Yawn,0.220,0.555,21,1
2025-02-06 15:43:55,Mild Yawn,0.331,0.308,21,1
2025-02-06 15:43:55,Mild Yawn,0.180,0.535,21,1
2025-02-06 15:43:55,Mild Yawn,0.312,0.314,21,1
2025-02-06 15:43:55,Mild Yawn,0.280,0.405,21,1
2025-02-06 15:43:55,Mild Yawn,0.172,0.553,21,1
2025-02-06 15:43:55,Mild Yawn,0.299,0.455,21,1
2025-02-06 15:43:55,Mild Yawn,0.193,0.556,21,1
2025-02-06 15:43:55,Mild Yawn,0.289,0.439,21,1
2025-02-06 15:43:55,Mild Yawn,0.193,0.596,21,1
2025-02-06 15:43:55,Mild Yawn,0.213,0.461,21,1
2025-02-06 15:43:55,Mild Yawn,0.259,0.441,21,1
2025-02-06 15:43:55,Moderate Yawn !,0.184,0.603,21,1
2025-02-06 15:43:55,Mild Yawn,0.308,0.484,21,1
2025-02-06 15:43:55,Moderate Yawn !,0.194,0.657,21,1
2025-02-06 15:43:55,Mild Yawn,0.284,0.459,21,1
2025-02-06 15:43:55,Mild Yawn,0.197,0.563,21,1
2025-02-06 15:43:55,Mild Yawn,0.331,0.269,21,1
2025-02-06 15:43:55,Mild Yawn,0.185,0.516,21,1
2025-02-06 15:43:55,Mild Yawn,0.312,0.262,21,1
2025-02-06 15:43:55,Mild Yawn,0.243,0.488,21,1
2025-02-06 15:43:55,Mild Yawn,0.222,0.505,21,1
2025-02-06 15:43:55,Mild Yawn,0.281,0.454,21,1
2025-02-06 15:43:55,Mild Yawn,0.344,0.302,21,1
2025-02-06 15:43:55,Mild Yawn,0.216,0.541,21,1
2025-02-06 15:43:55,Mild Yawn,0.310,0.291,21,1
2025-02-06 15:43:55,Mild Yawn,0.194,0.520,21,1
2025-02-06 15:43:55,Mild Yawn,0.241,0.513,21,1
2025-02-06 15:43:55,Mild Yawn,0.311,0.286,21,1
2025-02-06 15:43:55,Mild Yawn,0.255,0.432,21,1
2025-02-06 15:43:55,Mild Yawn,0.205,0.556,21,1
2025-02-06 15:43:55,Mild Yawn,0.306,0.276,21,1
2025-02-06 15:43:55,Mild Yawn,0.215,0.558,21,1
2025-02-06 15:43:55,Mild Yawn,0.252,0.302,21,1
2025-02-06 15:43:55,Mild Yawn,0.196,0.564,21,1
2025-02-06 15:43:55,Mild Yawn,0.294,0.320,21,1
2025-02-06 15:43:55,Mild Yawn,0.220,0.591,21,1
2025-02-06 15:43:55,Mild Yawn,0.281,0.319,21,1
2025-02-06 15:43:55,Mild Yawn,0.143,0.452,21,1
2025-02-06 15:43:55,Mild Yawn,0.191,0.571,21,1
2025-02-06 15:43:55,Mild Yawn,0.302,0.263,21,1
2025-02-06 15:43:55,Mild Yawn,0.200,0.588,21,1
2025-02-06 15:43:55,Mild Yawn,0.274,0.290,21,1
2025-02-06 15:43:55,Mild Yawn,0.194,0.538,21,1
2025-02-06 15:43:55,Mild Yawn,0.311,0.302,21,1
2025-02-06 15:43:55,Mild Yawn,0.201,0.555,21,1
2025-02-06 15:43:55,Mild Yawn,0.301,0.291,21,1
2025-02-06 15:43:55,Mild Yawn,0.204,0.573,21,1
2025-02-06 15:43:55,Mild Yawn,0.272,0.299,21,1
2025-02-06 15:43:55,Mild Yawn,0.210,0.543,21,1
2025-02-06 15:43:55,Mild Yawn,0.298,0.290,21,1
2025-02-06 15:43:55,Mild Yawn,0.183,0.521,21,1
2025-02-06 15:43:55,Mild Yawn,0.268,0.273,21,1
2025-02-06 15:43:55,Mild Yawn,0.195,0.494,21,1
2025-02-06 15:43:55,Mild Yawn,0.286,0.296,21,1
2025-02-06 15:43:56,Mild Yawn,0.205,0.458,21,1
2025-02-06 15:43:56,Mild Yawn,0.321,0.287,21,1
2025-02-06 15:43:56,Mild Yawn,0.212,0.453,21,1
2025-02-06 15:43:56,Mild Yawn,0.270,0.287,21,1
2025-02-06 15:43:56,Mild Yawn,0.202,0.457,21,1
2025-02-06 15:43:56,Mild Yawn,0.269,0.278,21,1
2025-02-06 15:43:56,Mild Yawn,0.350,0.376,21,1
2025-02-06 15:43:56,Mild Yawn,0.197,0.476,21,1
2025-02-06 15:43:56,Mild Yawn,0.314,0.265,21,1
2025-02-06 15:43:56,Mild Yawn,0.199,0.466,21,1
2025-02-06 15:43:56,Mild Yawn,0.329,0.284,21,1
2025-02-06 15:43:56,Mild Yawn,0.195,0.465,21,1
2025-02-06 15:43:56,Mild Yawn,0.278,0.303,21,1
2025-02-06 15:43:56,Mild Yawn,0.203,0.374,21,1
2025-02-06 15:43:56,Mild Yawn,0.193,0.481,21,1
2025-02-06 15:43:56,SLEEPING !!!,0.246,0.368,21,1
2025-02-06 15:43:56,Mild Yawn,0.256,0.265,22,1
2025-02-06 15:43:56,Mild Yawn,0.193,0.482,22,1
2025-02-06 15:43:56,Mild Yawn,0.189,0.356,22,1
2025-02-06 15:43:56,Mild Yawn,0.301,0.282,22,1
2025-02-06 15:43:56,Mild Yawn,0.212,0.484,22,1
2025-02-06 15:43:56,Mild Yawn,0.270,0.414,22,1
2025-02-06 15:43:56,Mild Yawn,0.314,0.284,22,1
2025-02-06 15:43:56,Mild Yawn,0.197,0.484,22,1
2025-02-06 15:43:56,Mild Yawn,0.242,0.431,22,1
2025-02-06 15:43:56,SLEEPING !!!,0.220,0.477,22,1
2025-02-06 15:43:56,SLEEPING !!!,0.196,0.491,22,1
2025-02-06 15:43:56,SLEEPING !!!,0.213,0.493,22,1
2025-02-06 15:43:56,SLEEPING !!!,0.199,0.482,22,1
2025-02-06 15:43:56,SLEEPING !!!,0.195,0.472,22,1
2025-02-06 15:43:56,Mild Yawn,0.314,0.419,23,1
2025-02-06 15:43:56,Mild Yawn,0.299,0.286,23,1
2025-02-06 15:43:56,Mild Yawn,0.203,0.453,23,1
2025-02-06 15:43:56,Mild Yawn,0.358,0.411,23,1
2025-02-06 15:43:56,Mild Yawn,0.212,0.467,23,1
2025-02-06 15:43:56,Mild Yawn,0.363,0.352,23,1
2025-02-06 15:43:56,Mild Yawn,0.282,0.285,23,1
2025-02-06 15:43:56,Mild Yawn,0.197,0.458,23,1
2025-02-06 15:43:56,Mild Yawn,0.318,0.373,23,1
2025-02-06 15:43:56,Mild Yawn,0.193,0.458,23,1
2025-02-06 15:43:56,Mild Yawn,0.206,0.464,23,1
2025-02-06 15:43:56,SLEEPING !!!,0.206,0.470,23,1
2025-02-06 15:43:56,Mild Yawn,0.334,0.367,24,1
2025-02-06 15:43:56,Mild Yawn,0.327,0.309,24,1
2025-02-06 15:43:56,Mild Yawn,0.207,0.456,24,1
2025-02-06 15:43:56,Mild Yawn,0.345,0.382,24,1
2025-02-06 15:43:56,Mild Yawn,0.192,0.478,24,1
2025-02-06 15:43:56,Mild Yawn,0.210,0.463,24,1
2025-02-06 15:43:56,SLEEPING !!!,0.218,0.478,24,1
2025-02-06 15:43:56,SLEEPING !!!,0.207,0.487,24,1
2025-02-06 15:43:56,Mild Yawn,0.324,0.272,25,1
2025-02-06 15:43:56,Mild Yawn,0.197,0.450,25,1
2025-02-06 15:43:56,Mild Yawn,0.210,0.466,25,1
2025-02-06 15:43:57,SLEEPING !!!,0.177,0.439,25,1
2025-02-06 15:43:57,SLEEPING !!!,0.249,0.314,25,1
2025-02-06 15:43:57,SLEEPING !!!,0.208,0.458,25,1
2025-02-06 15:43:57,SLEEPING !!!,0.219,0.479,25,1
2025-02-06 15:43:57,SLEEPING !!!,0.213,0.463,25,1
2025-02-06 15:43:57,Mild Yawn,0.294,0.292,26,1
2025-02-06 15:43:57,Mild Yawn,0.188,0.474,26,1
2025-02-06 15:43:57,Mild Yawn,0.202,0.468,26,1
2025-02-06 15:43:57,SLEEPING !!!,0.214,0.477,26,1
2025-02-06 15:43:57,SLEEPING !!!,0.216,0.477,26,1
2025-02-06 15:43:57,SLEEPING !!!,0.201,0.490,26,1
2025-02-06 15:43:57,SLEEPING !!!,0.223,0.479,26,1
2025-02-06 15:43:57,SLEEPING !!!,0.211,0.495,26,1
2025-02-06 15:43:57,SLEEPING !!!,0.226,0.467,26,1
2025-02-06 15:43:57,SLEEPING !!!,0.239,0.485,26,1
2025-02-06 15:43:57,Mild Yawn,0.260,0.268,27,1
2025-02-06 15:43:57,Mild Yawn,0.235,0.480,27,1
2025-02-06 15:43:57,Mild Yawn,0.311,0.369,27,1
2025-02-06 15:43:57,Mild Yawn,0.190,0.489,27,1
2025-02-06 15:43:57,Mild Yawn,0.267,0.419,27,1
2025-02-06 15:43:57,Mild Yawn,0.225,0.391,27,1
2025-02-06 15:43:57,Mild Yawn,0.309,0.352,27,1
2025-02-06 15:43:57,Mild Yawn,0.213,0.430,27,1
2025-02-06 15:43:57,Mild Yawn,0.182,0.461,27,1
2025-02-06 15:43:57,SLEEPING !!!,0.168,0.436,27,1
2025-02-06 15:43:57,Mild Yawn,0.282,0.296,28,1
2025-02-06 15:43:57,Mild Yawn,0.196,0.469,28,1
2025-02-06 15:43:57,Mild Yawn,0.208,0.459,28,1
2025-02-06 15:43:57,Mild Yawn,0.264,0.466,28,1
2025-02-06 15:43:57,Mild Yawn,0.200,0.477,28,1
2025-02-06 15:43:57,Mild Yawn,0.313,0.301,28,1
2025-02-06 15:43:57,Mild Yawn,0.217,0.450,28,1
2025-02-06 15:43:57,Mild Yawn,0.232,0.450,28,1
2025-02-06 15:43:57,SLEEPING !!!,0.219,0.480,28,1
2025-02-06 15:43:57,SLEEPING !!!,0.223,0.486,28,1
2025-02-06 15:43:57,SLEEPING !!!,0.227,0.505,28,1
2025-02-06 15:43:57,SLEEPING !!!,0.235,0.515,28,1
2025-02-06 15:43:57,SLEEPING !!!,0.228,0.517,28,1
2025-02-06 15:43:57,SLEEPING !!!,0.225,0.516,28,1
2025-02-06 15:43:57,Mild Yawn,0.330,0.267,29,1
2025-02-06 15:43:58,Mild Yawn,0.219,0.510,29,1
2025-02-06 15:43:58,Mild Yawn,0.235,0.295,29,1
2025-02-06 15:43:58,SLEEPING !!!,0.219,0.501,29,1
2025-02-06 15:43:58,Mild Yawn,0.285,0.330,29,1
2025-02-06 15:43:58,Mild Yawn,0.233,0.526,29,1
2025-02-06 15:43:58,Mild Yawn,0.247,0.544,29,1
2025-02-06 15:43:58,SLEEPING !!!,0.234,0.553,29,1
2025-02-06 15:43:58,SLEEPING !!!,0.235,0.578,29,1
2025-02-06 15:43:58,Mild Yawn,0.283,0.269,30,1
2025-02-06 15:43:58,Mild Yawn,0.214,0.574,30,1
2025-02-06 15:43:58,Mild Yawn,0.286,0.290,30,1
2025-02-06 15:43:58,Mild Yawn,0.212,0.573,30,1
2025-02-06 15:43:58,Mild Yawn,0.304,0.303,30,1
2025-02-06 15:43:58,Mild Yawn,0.228,0.580,30,1
2025-02-06 15:43:58,Mild Yawn,0.291,0.267,30,1
2025-02-06 15:43:58,Mild Yawn,0.223,0.576,30,1
2025-02-06 15:43:58,Mild Yawn,0.243,0.574,30,1
2025-02-06 15:43:58,SLEEPING !!!,0.217,0.567,30,1
2025-02-06 15:43:58,SLEEPING !!!,0.224,0.578,30,1
2025-02-06 15:43:58,SLEEPING !!!,0.224,0.559,30,1
2025-02-06 15:43:58,SLEEPING !!!,0.204,0.563,30,1
2025-02-06 15:43:58,Mild Yawn,0.288,0.294,31,1
2025-02-06 15:43:58,Mild Yawn,0.221,0.541,31,1
2025-02-06 15:43:58,Mild Yawn,0.222,0.538,31,1
2025-02-06 15:43:58,SLEEPING !!!,0.212,0.532,31,1
2025-02-06 15:43:58,SLEEPING !!!,0.218,0.528,31,1
2025-02-06 15:43:58,SLEEPING !!!,0.218,0.511,31,1
2025-02-06 15:43:58,SLEEPING !!!,0.227,0.515,31,1
2025-02-06 15:43:58,SLEEPING !!!,0.211,0.499,31,1
2025-02-06 15:43:58,SLEEPING !!!,0.204,0.506,31,1
2025-02-06 15:43:58,SLEEPING !!!,0.230,0.501,31,1
2025-02-06 15:43:58,SLEEPING !!!,0.219,0.495,31,1
2025-02-06 15:43:58,SLEEPING !!!,0.214,0.505,31,1
2025-02-06 15:43:58,SLEEPING !!!,0.214,0.494,31,1
2025-02-06 15:43:58,SLEEPING !!!,0.227,0.502,31,1
2025-02-06 15:43:58,Mild Yawn,0.302,0.477,32,1
2025-02-06 15:43:58,Mild Yawn,0.215,0.495,32,1
2025-02-06 15:43:58,Mild Yawn,0.272,0.274,32,1
2025-02-06 15:43:59,Mild Yawn,0.224,0.513,32,1
2025-02-06 15:43:59,Mild Yawn,0.279,0.299,32,1
2025-02-06 15:43:59,Mild Yawn,0.218,0.534,32,1
2025-02-06 15:43:59,Mild Yawn,0.330,0.274,32,1
2025-02-06 15:43:59,Mild Yawn,0.221,0.554,32,1
2025-02-06 15:43:59,Mild Yawn,0.220,0.561,32,1
2025-02-06 15:43:59,Mild Yawn,0.260,0.318,32,1
2025-02-06 15:43:59,Mild Yawn,0.213,0.593,32,1
2025-02-06 15:43:59,Mild Yawn,0.290,0.302,32,1
2025-02-06 15:43:59,Moderate Yawn !,0.223,0.607,32,1
2025-02-06 15:43:59,Mild Yawn,0.275,0.299,32,1
2025-02-06 15:43:59,Moderate Yawn !,0.230,0.609,32,1
2025-02-06 15:43:59,Mild Yawn,0.263,0.314,32,1
2025-02-06 15:43:59,Moderate Yawn !,0.227,0.612,32,1
2025-02-06 15:43:59,Mild Yawn,0.304,0.281,32,1
2025-02-06 15:43:59,Moderate Yawn !,0.194,0.611,32,1
2025-02-06 15:43:59,Mild Yawn,0.284,0.279,32,1
2025-02-06 15:43:59,Moderate Yawn !,0.219,0.627,32,1
2025-02-06 15:43:59,Mild Yawn,0.328,0.255,32,1
2025-02-06 15:43:59,Moderate Yawn !,0.219,0.612,32,1
2025-02-06 15:43:59,Mild Yawn,0.290,0.301,32,1
2025-02-06 15:43:59,Moderate Yawn !,0.189,0.646,32,1
2025-02-06 15:43:59,Mild Yawn,0.283,0.258,32,1
2025-02-06 15:43:59,Moderate Yawn !,0.188,0.649,32,1
2025-02-06 15:43:59,Mild Yawn,0.274,0.274,32,1
2025-02-06 15:43:59,Moderate Yawn !,0.198,0.665,32,1
2025-02-06 15:43:59,Moderate Yawn !,0.189,0.648,32,1
2025-02-06 15:43:59,SLEEPING !!!,0.192,0.630,32,1
2025-02-06 15:43:59,Mild Yawn,0.263,0.292,33,1
2025-02-06 15:43:59,Moderate Yawn !,0.170,0.607,33,1
2025-02-06 15:43:59,Mild Yawn,0.174,0.593,33,1
2025-02-06 15:43:59,SLEEPING !!!,0.157,0.572,33,1
2025-02-06 15:43:59,SLEEPING !!!,0.179,0.565,33,1
2025-02-06 15:43:59,Mild Yawn,0.261,0.556,34,1
2025-02-06 15:43:59,Mild Yawn,0.294,0.302,34,1
2025-02-06 15:43:59,Mild Yawn,0.165,0.540,34,1
2025-02-06 15:43:59,Mild Yawn,0.295,0.449,34,1
2025-02-06 15:43:59,Mild Yawn,0.154,0.537,34,1
2025-02-06 15:43:59,Mild Yawn,0.268,0.424,34,1
2025-02-06 15:43:59,Mild Yawn,0.172,0.533,34,1
2025-02-06 15:43:59,Mild Yawn,0.164,0.541,34,1
2025-02-06 15:43:59,SLEEPING !!!,0.149,0.531,34,1
2025-02-06 15:43:59,SLEEPING !!!,0.184,0.514,34,1
2025-02-06 15:43:59,Mild Yawn,0.263,0.360,35,1
2025-02-06 15:43:59,Mild Yawn,0.187,0.530,35,1
2025-02-06 15:43:59,Mild Yawn,0.190,0.538,35,1
2025-02-06 15:43:59,SLEEPING !!!,0.194,0.539,35,1
2025-02-06 15:44:00,SLEEPING !!!,0.198,0.552,35,1
2025-02-06 15:44:00,SLEEPING !!!,0.163,0.543,35,1
2025-02-06 15:44:00,SLEEPING !!!,0.184,0.573,35,1
2025-02-06 15:44:00,SLEEPING !!!,0.200,0.576,35,1
2025-02-06 15:44:00,SLEEPING !!!,0.195,0.582,35,1
2025-02-06 15:44:00,SLEEPING !!!,0.192,0.582,35,1
2025-02-06 15:44:00,SLEEPING !!!,0.200,0.587,35,1
2025-02-06 15:44:00,Mild Yawn,0.443,0.543,36,1
2025-02-06 15:44:00,Moderate Yawn !,0.199,0.602,36,1
2025-02-06 15:44:00,Mild Yawn,0.177,0.589,36,1
2025-02-06 15:44:00,SLEEPING !!!,0.175,0.594,36,1
2025-02-06 15:44:00,SLEEPING !!!,0.175,0.599,36,1
2025-02-06 15:44:00,SLEEPING !!!,0.190,0.586,36,1
2025-02-06 15:44:00,SLEEPING !!!,0.160,0.569,36,1
2025-02-06 15:44:00,SLEEPING !!!,0.187,0.606,36,1
2025-02-06 15:44:00,Mild Yawn,0.313,0.314,37,1
2025-02-06 15:44:00,Mild Yawn,0.167,0.589,37,1
2025-02-06 15:44:00,Mild Yawn,0.349,0.253,37,1
2025-02-06 15:44:00,Mild Yawn,0.199,0.586,37,1
2025-02-06 15:44:00,Mild Yawn,0.335,0.356,37,1
2025-02-06 15:44:00,Mild Yawn,0.210,0.570,37,1
2025-02-06 15:44:00,Mild Yawn,0.313,0.301,37,1
2025-02-06 15:44:00,Mild Yawn,0.179,0.556,37,1
2025-02-06 15:44:00,Mild Yawn,0.380,0.300,37,1
2025-02-06 15:44:00,Mild Yawn,0.165,0.573,37,1
2025-02-06 15:44:00,Mild Yawn,0.198,0.571,37,1
2025-02-06 15:44:00,Mild Yawn,0.405,0.256,37,1
2025-02-06 15:44:00,Mild Yawn,0.189,0.518,37,1
2025-02-06 15:44:00,Mild Yawn,0.409,0.308,37,1
2025-02-06 15:44:00,Mild Yawn,0.230,0.531,37,1
2025-02-06 15:44:00,Mild Yawn,0.424,0.286,37,1
2025-02-06 15:44:00,Mild Yawn,0.165,0.550,37,1
2025-02-06 15:44:00,Mild Yawn,0.468,0.214,37,1
2025-02-06 15:44:00,Mild Yawn,0.175,0.552,37,1
2025-02-06 15:44:00,Mild Yawn,0.401,0.259,37,1
2025-02-06 15:44:00,Mild Yawn,0.178,0.561,37,1
2025-02-06 15:44:00,Mild Yawn,0.409,0.272,37,1
2025-02-06 15:44:00,Mild Yawn,0.185,0.554,37,1
2025-02-06 15:44:00,Mild Yawn,0.364,0.256,37,1
2025-02-06 15:44:00,Mild Yawn,0.193,0.573,37,1
2025-02-06 15:44:00,Mild Yawn,0.406,0.298,37,1
2025-02-06 15:44:00,Mild Yawn,0.207,0.542,37,1
2025-02-06 15:44:00,Mild Yawn,0.367,0.248,37,1
2025-02-06 15:44:00,Mild Yawn,0.191,0.557,37,1
2025-02-06 15:44:00,Mild Yawn,0.423,0.237,37,1
2025-02-06 15:44:00,Mild Yawn,0.175,0.559,37,1
2025-02-06 15:44:01,Mild Yawn,0.209,0.553,37,1
2025-02-06 15:44:01,SLEEPING !!!,0.198,0.560,37,1
2025-02-06 15:44:01,Mild Yawn,0.309,0.280,38,1
2025-02-06 15:44:01,Mild Yawn,0.201,0.551,38,1
2025-02-06 15:44:01,Mild Yawn,0.416,0.252,38,1
2025-02-06 15:44:01,Mild Yawn,0.165,0.534,38,1
2025-02-06 15:44:01,Mild Yawn,0.150,0.546,38,1
2025-02-06 15:44:01,Mild Yawn,0.409,0.358,38,1
2025-02-06 15:44:01,Mild Yawn,0.144,0.561,38,1
2025-02-06 15:44:01,Mild Yawn,0.405,0.259,38,1
2025-02-06 15:44:01,Mild Yawn,0.148,0.559,38,1
2025-02-06 15:44:01,Mild Yawn,0.394,0.253,38,1
2025-02-06 15:44:01,Mild Yawn,0.153,0.556,38,1
2025-02-06 15:44:01,Mild Yawn,0.161,0.560,38,1
2025-02-06 15:44:01,SLEEPING !!!,0.136,0.572,38,1
2025-02-06 15:44:01,Mild Yawn,0.420,0.237,39,1
2025-02-06 15:44:01,Mild Yawn,0.172,0.551,39,1
2025-02-06 15:44:01,Mild Yawn,0.417,0.263,39,1
2025-02-06 15:44:01,Mild Yawn,0.204,0.528,39,1
2025-02-06 15:44:01,Mild Yawn,0.211,0.534,39,1
2025-02-06 15:44:01,SLEEPING !!!,0.211,0.554,39,1
2025-02-06 15:44:01,Mild Yawn,0.409,0.259,40,1
2025-02-06 15:44:01,Mild Yawn,0.226,0.549,40,1
2025-02-06 15:44:01,Mild Yawn,0.210,0.555,40,1
2025-02-06 15:44:01,Mild Yawn,0.412,0.293,40,1
2025-02-06 15:44:01,Mild Yawn,0.212,0.562,40,1
2025-02-06 15:44:01,Mild Yawn,0.409,0.253,40,1
2025-02-06 15:44:01,Mild Yawn,0.219,0.556,40,1
2025-02-06 15:44:01,Mild Yawn,0.374,0.183,40,1
2025-02-06 15:44:01,Mild Yawn,0.198,0.548,40,1
2025-02-06 15:44:01,Mild Yawn,0.364,0.255,40,1
2025-02-06 15:44:01,Mild Yawn,0.220,0.540,40,1
2025-02-06 15:44:01,Mild Yawn,0.321,0.256,40,1
2025-02-06 15:44:01,Mild Yawn,0.210,0.541,40,1
2025-02-06 15:44:01,Mild Yawn,0.374,0.245,40,1
2025-02-06 15:44:01,Mild Yawn,0.208,0.543,40,1
2025-02-06 15:44:01,Mild Yawn,0.204,0.538,40,1
2025-02-06 15:44:01,Mild Yawn,0.366,0.238,40,1
2025-02-06 15:44:01,Mild Yawn,0.233,0.544,40,1
2025-02-06 15:44:01,Mild Yawn,0.395,0.237,40,1
2025-02-06 15:44:01,Mild Yawn,0.205,0.562,40,1
2025-02-06 15:44:01,Mild Yawn,0.458,0.290,40,1
2025-02-06 15:44:01,Mild Yawn,0.212,0.543,40,1
2025-02-06 15:44:01,Mild Yawn,0.419,0.220,40,1
2025-02-06 15:44:01,Mild Yawn,0.207,0.543,40,1
2025-02-06 15:44:01,Mild Yawn,0.399,0.255,40,1
2025-02-06 15:44:01,Mild Yawn,0.211,0.553,40,1
2025-02-06 15:44:01,Mild Yawn,0.450,0.235,40,1
2025-02-06 15:44:01,Mild Yawn,0.209,0.541,40,1
2025-02-06 15:44:01,Mild Yawn,0.424,0.278,40,1
2025-02-06 15:44:01,Mild Yawn,0.218,0.535,40,1
2025-02-06 15:44:01,Mild Yawn,0.394,0.278,40,1
2025-02-06 15:44:02,Mild Yawn,0.219,0.559,40,1
2025-02-06 15:44:02,Mild Yawn,0.449,0.279,40,1
2025-02-06 15:44:02,Mild Yawn,0.210,0.567,40,1
2025-02-06 15:44:02,Mild Yawn,0.412,0.317,40,1
2025-02-06 15:44:02,Mild Yawn,0.222,0.558,40,1
2025-02-06 15:44:02,Mild Yawn,0.405,0.293,40,1
2025-02-06 15:44:02,Mild Yawn,0.232,0.566,40,1
2025-02-06 15:44:02,Mild Yawn,0.378,0.324,40,1
2025-02-06 15:44:02,Mild Yawn,0.226,0.564,40,1
2025-02-06 15:44:02,Mild Yawn,0.400,0.304,40,1
2025-02-06 15:44:02,Mild Yawn,0.208,0.558,40,1
2025-02-06 15:44:02,Mild Yawn,0.405,0.374,40,1
2025-02-06 15:44:02,Mild Yawn,0.222,0.588,40,1
2025-02-06 15:44:02,Mild Yawn,0.397,0.381,40,1
2025-02-06 15:44:02,Mild Yawn,0.236,0.566,40,1
2025-02-06 15:44:02,Mild Yawn,0.374,0.343,40,1
2025-02-06 15:44:02,Mild Yawn,0.202,0.567,40,1
2025-02-06 15:44:02,Mild Yawn,0.393,0.309,40,1
2025-02-06 15:44:02,Mild Yawn,0.218,0.561,40,1
2025-02-06 15:44:02,Mild Yawn,0.405,0.374,40,1
2025-02-06 15:44:02,Mild Yawn,0.222,0.576,40,1
2025-02-06 15:44:02,Mild Yawn,0.409,0.341,40,1
2025-02-06 15:44:02,Mild Yawn,0.203,0.582,40,1
2025-02-06 15:44:02,Mild Yawn,0.341,0.338,40,1
2025-02-06 15:44:02,Mild Yawn,0.207,0.596,40,1
2025-02-06 15:44:02,Mild Yawn,0.322,0.385,40,1
2025-02-06 15:44:02,Mild Yawn,0.206,0.586,40,1
2025-02-06 15:44:02,Mild Yawn,0.346,0.383,40,1
2025-02-06 15:44:02,Mild Yawn,0.213,0.582,40,1
2025-02-06 15:44:02,Mild Yawn,0.424,0.382,40,1
2025-02-06 15:44:02,Mild Yawn,0.203,0.582,40,1
2025-02-06 15:44:02,Mild Yawn,0.209,0.581,40,1
2025-02-06 15:44:02,Moderate Yawn !,0.381,0.704,40,1
2025-02-06 15:44:02,Mild Yawn,0.220,0.570,40,1
2025-02-06 15:44:02,Moderate Yawn !,0.357,0.645,40,1
2025-02-06 15:44:02,Mild Yawn,0.223,0.567,40,1
2025-02-06 15:44:02,Mild Yawn,0.212,0.573,40,1
2025-02-06 15:44:02,SLEEPING !!!,0.220,0.560,40,1
2025-02-06 15:44:02,SLEEPING !!!,0.206,0.571,40,1
2025-02-06 15:44:02,SLEEPING !!!,0.193,0.590,40,1
2025-02-06 15:44:02,SLEEPING !!!,0.207,0.571,40,1
2025-02-06 15:44:02,SLEEPING !!!,0.210,0.580,40,1
2025-02-06 15:44:02,SLEEPING !!!,0.207,0.566,40,1
2025-02-06 15:44:02,SLEEPING !!!,0.235,0.576,40,1
2025-02-06 15:44:02,SLEEPING !!!,0.227,0.568,40,1
2025-02-06 15:44:02,SLEEPING !!!,0.226,0.575,40,1
2025-02-06 15:44:02,SLEEPING !!!,0.221,0.540,40,1
2025-02-06 15:44:03,SLEEPING !!!,0.211,0.536,40,1
2025-02-06 15:44:03,SLEEPING !!!,0.220,0.535,40,1
2025-02-06 15:44:03,SLEEPING !!!,0.238,0.499,40,1
2025-02-06 15:44:03,SLEEPING !!!,0.242,0.502,40,1
2025-02-06 15:44:03,SLEEPING !!!,0.246,0.501,40,1
2025-02-06 15:44:03,Mild Yawn,0.255,0.494,41,1
2025-02-06 15:44:03,Mild Yawn,0.255,0.489,41,1
2025-02-06 15:44:03,Mild Yawn,0.250,0.497,41,1
2025-02-06 15:44:03,Mild Yawn,0.255,0.516,41,1
2025-02-06 15:44:03,Mild Yawn,0.242,0.530,41,1
2025-02-06 15:44:03,Mild Yawn,0.246,0.549,41,1
2025-02-06 15:44:03,Mild Yawn,0.254,0.546,41,1
2025-02-06 15:44:03,Mild Yawn,0.228,0.535,41,1
2025-02-06 15:44:03,Mild Yawn,0.233,0.541,41,1
2025-02-06 15:44:03,SLEEPING !!!,0.242,0.509,41,1
2025-02-06 15:44:03,SLEEPING !!!,0.227,0.506,41,1
2025-02-06 15:44:03,SLEEPING !!!,0.220,0.508,41,1
2025-02-06 15:44:03,SLEEPING !!!,0.224,0.493,41,1
2025-02-06 15:44:03,Mild Yawn,0.374,0.321,42,1
2025-02-06 15:44:03,Mild Yawn,0.211,0.501,42,1
2025-02-06 15:44:03,Mild Yawn,0.275,0.477,42,1
2025-02-06 15:44:03,Mild Yawn,0.203,0.513,42,1
2025-02-06 15:44:03,Mild Yawn,0.238,0.495,42,1
2025-02-06 15:44:03,SLEEPING !!!,0.223,0.506,42,1
2025-02-06 15:44:03,SLEEPING !!!,0.189,0.495,42,1
2025-02-06 15:44:03,Mild Yawn,0.348,0.481,43,1
2025-02-06 15:44:03,Mild Yawn,0.220,0.500,43,1
2025-02-06 15:44:03,Mild Yawn,0.386,0.284,43,1
2025-02-06 15:44:03,Mild Yawn,0.170,0.512,43,1
2025-02-06 15:44:03,Mild Yawn,0.384,0.287,43,1
2025-02-06 15:44:03,Mild Yawn,0.135,0.499,43,1
2025-02-06 15:44:03,Mild Yawn,0.132,0.492,43,1
2025-02-06 15:44:03,SLEEPING !!!,0.119,0.488,43,1
2025-02-06 15:44:03,Mild Yawn,0.423,0.249,44,1
2025-02-06 15:44:03,Mild Yawn,0.149,0.495,44,1
2025-02-06 15:44:03,Mild Yawn,0.354,0.308,44,1
2025-02-06 15:44:04,Mild Yawn,0.171,0.501,44,1
2025-02-06 15:44:04,Mild Yawn,0.164,0.502,44,1
2025-02-06 15:44:04,Mild Yawn,0.367,0.514,44,1
2025-02-06 15:44:04,Mild Yawn,0.172,0.507,44,1
2025-02-06 15:44:04,Mild Yawn,0.377,0.435,44,1
2025-02-06 15:44:04,Mild Yawn,0.185,0.493,44,1
2025-02-06 15:44:04,Mild Yawn,0.353,0.456,44,1
2025-02-06 15:44:04,Mild Yawn,0.191,0.496,44,1
2025-02-06 15:44:04,Mild Yawn,0.362,0.482,44,1
2025-02-06 15:44:04,Mild Yawn,0.192,0.506,44,1
2025-02-06 15:44:04,Mild Yawn,0.326,0.337,44,1
2025-02-06 15:44:04,Mild Yawn,0.199,0.502,44,1
2025-02-06 15:44:04,Mild Yawn,0.299,0.337,44,1
2025-02-06 15:44:04,Mild Yawn,0.198,0.514,44,1
2025-02-06 15:44:04,Mild Yawn,0.332,0.255,44,1
2025-02-06 15:44:04,Mild Yawn,0.204,0.520,44,1
2025-02-06 15:44:04,Mild Yawn,0.318,0.241,44,1
2025-02-06 15:44:04,Mild Yawn,0.195,0.499,44,1
2025-02-06 15:44:04,Mild Yawn,0.203,0.526,44,1
2025-02-06 15:44:04,SLEEPING !!!,0.210,0.538,44,1
2025-02-06 15:44:04,SLEEPING !!!,0.199,0.523,44,1
2025-02-06 15:44:04,SLEEPING !!!,0.198,0.522,44,1
2025-02-06 15:44:04,SLEEPING !!!,0.198,0.556,44,1
2025-02-06 15:44:04,SLEEPING !!!,0.201,0.547,44,1
2025-02-06 15:44:04,SLEEPING !!!,0.192,0.535,44,1
2025-02-06 15:44:04,SLEEPING !!!,0.199,0.556,44,1
2025-02-06 15:44:04,SLEEPING !!!,0.204,0.582,44,1
2025-02-06 15:44:04,SLEEPING !!!,0.204,0.553,44,1
2025-02-06 15:44:04,SLEEPING !!!,0.185,0.559,44,1
2025-02-06 15:44:04,Mild Yawn,0.401,0.317,45,1
2025-02-06 15:44:04,Mild Yawn,0.220,0.545,45,1
2025-02-06 15:44:04,Mild Yawn,0.418,0.312,45,1
2025-02-06 15:44:04,Mild Yawn,0.205,0.554,45,1
2025-02-06 15:44:04,Mild Yawn,0.386,0.317,45,1
2025-02-06 15:44:04,Mild Yawn,0.212,0.566,45,1
2025-02-06 15:44:04,Mild Yawn,0.429,0.292,45,1
2025-02-06 15:44:04,Mild Yawn,0.244,0.575,45,1
2025-02-06 15:44:05,Moderate Yawn !,0.275,0.626,45,1
2025-02-06 15:44:05,Mild Yawn,0.346,0.341,45,1
2025-02-06 15:44:05,Mild Yawn,0.329,0.515,45,1
2025-02-06 15:44:05,Mild Yawn,0.333,0.428,45,1
2025-02-06 15:44:05,Mild Yawn,0.357,0.470,45,1
2025-02-06 15:44:05,Mild Yawn,0.364,0.340,45,1
2025-02-06 15:44:05,Mild Yawn,0.381,0.241,45,1
2025-02-06 15:44:05,Mild Yawn,0.398,0.269,45,1
2025-02-06 15:44:05,Mild Yawn,0.302,0.434,45,1
2025-02-06 15:44:05,Mild Yawn,0.455,0.308,45,1
2025-02-06 15:44:05,Mild Yawn,0.402,0.418,45,1
2025-02-06 15:44:05,Mild Yawn,0.389,0.252,45,1
2025-02-06 15:44:05,Mild Yawn,0.389,0.235,45,1
2025-02-06 15:44:05,Mild Yawn,0.179,0.566,45,1
2025-02-06 15:44:05,Mild Yawn,0.175,0.546,45,1
2025-02-06 15:44:05,Mild Yawn,0.362,0.468,45,1
2025-02-06 15:44:05,Mild Yawn,0.184,0.566,45,1
2025-02-06 15:44:05,Mild Yawn,0.335,0.397,45,1
2025-02-06 15:44:06,Mild Yawn,0.206,0.535,45,1
2025-02-06 15:44:06,Mild Yawn,0.344,0.571,45,1
2025-02-06 15:44:06,Mild Yawn,0.214,0.537,45,1
2025-02-06 15:44:06,Mild Yawn,0.290,0.397,45,1
2025-02-06 15:44:06,Mild Yawn,0.193,0.541,45,1
2025-02-06 15:44:06,Mild Yawn,0.270,0.384,45,1
2025-02-06 15:44:06,Mild Yawn,0.187,0.547,45,1
2025-02-06 15:44:06,Mild Yawn,0.234,0.499,45,1
2025-02-06 15:44:06,SLEEPING !!!,0.201,0.537,45,1
2025-02-06 15:44:06,SLEEPING !!!,0.218,0.562,45,1
2025-02-06 15:44:06,SLEEPING !!!,0.215,0.540,45,1
2025-02-06 15:44:06,SLEEPING !!!,0.214,0.583,45,1
2025-02-06 15:44:06,SLEEPING !!!,0.201,0.574,45,1
2025-02-06 15:44:06,SLEEPING !!!,0.200,0.584,45,1
2025-02-06 15:44:06,SLEEPING !!!,0.189,0.648,45,1
2025-02-06 15:44:06,SLEEPING !!!,0.190,0.628,45,1
2025-02-06 15:44:06,SLEEPING !!!,0.210,0.712,45,1
2025-02-06 15:44:06,SLEEPING !!!,0.194,0.725,45,1
2025-02-06 15:44:06,SLEEPING !!!,0.200,0.675,45,1
2025-02-06 15:44:06,SLEEPING !!!,0.212,0.586,45,1
2025-02-06 15:44:06,SLEEPING !!!,0.174,0.515,45,1
2025-02-06 15:44:06,SLEEPING !!!,0.184,0.628,45,1
2025-02-06 15:44:06,Moderate Yawn !,0.290,0.634,46,1
2025-02-06 15:44:06,Mild Yawn,0.321,0.496,46,1
2025-02-06 15:44:06,Mild Yawn,0.285,0.462,46,1
2025-02-06 15:44:06,Mild Yawn,0.305,0.452,46,1
2025-02-06 15:44:06,Mild Yawn,0.326,0.403,46,1
2025-02-06 15:44:07,Mild Yawn,0.327,0.454,46,1
2025-02-06 15:44:07,Mild Yawn,0.328,0.477,46,1
2025-02-06 15:44:07,Mild Yawn,0.296,0.446,46,1
2025-02-06 15:44:07,Mild Yawn,0.341,0.476,46,1
2025-02-06 15:44:07,Mild Yawn,0.339,0.484,46,1
2025-02-06 15:44:07,Mild Yawn,0.320,0.447,46,1
2025-02-06 15:44:07,Mild Yawn,0.303,0.451,46,1
2025-02-06 15:44:07,Mild Yawn,0.312,0.471,46,1
2025-02-06 15:44:07,Mild Yawn,0.293,0.493,46,1
2025-02-06 15:44:07,Mild Yawn,0.344,0.448,46,1
2025-02-06 15:44:08,Mild Yawn,0.238,0.435,46,1
2025-02-06 15:44:08,Mild Yawn,0.320,0.484,46,1
2025-02-06 15:44:08,Mild Yawn,0.249,0.500,46,1
2025-02-06 15:44:08,Mild Yawn,0.175,0.429,46,1
2025-02-06 15:44:08,SLEEPING !!!,0.199,0.421,46,1
2025-02-06 15:44:08,SLEEPING !!!,0.156,0.410,46,1
2025-02-06 15:44:08,SLEEPING !!!,0.187,0.422,46,1
2025-02-06 15:44:08,SLEEPING !!!,0.197,0.410,46,1
2025-02-06 15:44:08,SLEEPING !!!,0.184,0.406,46,1
2025-02-06 15:44:09,SLEEPING !!!,0.160,0.435,46,1
2025-02-06 15:44:09,SLEEPING !!!,0.174,0.417,46,1
2025-02-06 15:44:09,SLEEPING !!!,0.238,0.414,46,1
2025-02-06 15:44:09,SLEEPING !!!,0.222,0.394,46,1
2025-02-06 15:44:09,SLEEPING !!!,0.180,0.392,46,1
2025-02-06 15:44:09,SLEEPING !!!,0.179,0.378,46,1
2025-02-06 15:44:09,SLEEPING !!!,0.143,0.348,46,1
2025-02-06 15:44:09,SLEEPING !!!,0.162,0.358,46,1
2025-02-06 15:44:09,SLEEPING !!!,0.175,0.351,46,1
2025-02-06 15:44:09,SLEEPING !!!,0.166,0.347,46,1
2025-02-06 15:44:09,SLEEPING !!!,0.171,0.372,46,1
2025-02-06 15:44:09,SLEEPING !!!,0.171,0.380,46,1
2025-02-06 15:44:09,SLEEPING !!!,0.229,0.372,46,1
2025-02-06 15:44:09,SLEEPING !!!,0.181,0.381,46,1
2025-02-06 15:44:09,SLEEPING !!!,0.208,0.376,46,1
2025-02-06 15:44:10,Mild Yawn,0.282,0.355,47,1
2025-02-06 15:44:10,Mild Yawn,0.235,0.430,47,1
2025-02-06 15:44:10,Mild Yawn,0.326,0.289,47,1
2025-02-06 15:44:10,Mild Yawn,0.334,0.288,47,1
2025-02-06 15:44:10,Mild Yawn,0.299,0.378,47,1
2025-02-06 15:44:10,Mild Yawn,0.286,0.339,47,1
2025-02-06 15:44:10,Mild Yawn,0.156,0.344,47,1
2025-02-06 15:44:10,Mild Yawn,0.176,0.335,47,1
2025-02-06 15:44:10,SLEEPING !!!,0.181,0.358,47,1
2025-02-06 15:44:10,SLEEPING !!!,0.195,0.342,47,1
2025-02-06 15:44:10,SLEEPING !!!,0.146,0.318,47,1
2025-02-06 15:44:10,SLEEPING !!!,0.114,0.314,47,1
2025-02-06 15:44:10,SLEEPING !!!,0.092,0.322,47,1
2025-02-06 15:44:10,SLEEPING !!!,0.151,0.326,47,1
2025-02-06 15:44:10,SLEEPING !!!,0.128,0.308,47,1
2025-02-06 15:44:10,SLEEPING !!!,0.133,0.329,47,1
2025-02-06 15:44:10,SLEEPING !!!,0.180,0.332,47,1
2025-02-06 15:44:10,SLEEPING !!!,0.172,0.309,47,1
2025-02-06 15:44:10,SLEEPING !!!,0.171,0.331,47,1
2025-02-06 15:44:10,Mild Yawn,0.352,0.336,48,1
2025-02-06 15:44:10,Mild Yawn,0.143,0.315,48,1
2025-02-06 15:44:10,Mild Yawn,0.380,0.334,48,1
2025-02-06 15:44:10,Mild Yawn,0.155,0.318,48,1
2025-02-06 15:44:10,Mild Yawn,0.304,0.367,48,1
2025-02-06 15:44:10,Mild Yawn,0.143,0.316,48,1
2025-02-06 15:44:10,Mild Yawn,0.302,0.355,48,1
2025-02-06 15:44:10,Mild Yawn,0.143,0.317,48,1
2025-02-06 15:44:10,Mild Yawn,0.261,0.368,48,1
2025-02-06 15:44:10,Mild Yawn,0.173,0.310,48,1
2025-02-06 15:44:10,Mild Yawn,0.349,0.348,48,1
2025-02-06 15:44:10,Mild Yawn,0.192,0.296,48,1
2025-02-06 15:44:10,Mild Yawn,0.164,0.308,48,1
2025-02-06 15:44:10,Mild Yawn,0.314,0.347,48,1
2025-02-06 15:44:10,Mild Yawn,0.131,0.314,48,1
2025-02-06 15:44:10,Mild Yawn,0.274,0.368,48,1
2025-02-06 15:44:10,Mild Yawn,0.161,0.328,48,1
2025-02-06 15:44:10,Mild Yawn,0.274,0.423,48,1
2025-02-06 15:44:11,Mild Yawn,0.155,0.325,48,1
2025-02-06 15:44:11,Mild Yawn,0.317,0.358,48,1
2025-02-06 15:44:11,Mild Yawn,0.158,0.317,48,1
2025-02-06 15:44:11,Mild Yawn,0.291,0.373,48,1
2025-02-06 15:44:11,Mild Yawn,0.157,0.317,48,1
2025-02-06 15:44:11,Mild Yawn,0.125,0.329,48,1
2025-02-06 15:44:11,SLEEPING !!!,0.134,0.315,48,1
2025-02-06 15:44:11,SLEEPING !!!,0.160,0.326,48,1
2025-02-06 15:44:11,SLEEPING !!!,0.140,0.320,48,1
2025-02-06 15:44:11,SLEEPING !!!,0.159,0.323,48,1
2025-02-06 15:44:11,SLEEPING !!!,0.143,0.322,48,1
2025-02-06 15:44:11,SLEEPING !!!,0.180,0.315,48,1
2025-02-06 15:44:11,SLEEPING !!!,0.178,0.317,48,1
2025-02-06 15:44:11,Mild Yawn,0.298,0.380,49,1
2025-02-06 15:44:11,Mild Yawn,0.157,0.312,49,1
2025-02-06 15:44:11,Mild Yawn,0.152,0.333,49,1
2025-02-06 15:44:11,SLEEPING !!!,0.158,0.320,49,1
2025-02-06 15:44:11,Mild Yawn,0.332,0.432,50,1
2025-02-06 15:44:11,Mild Yawn,0.136,0.344,50,1
2025-02-06 15:44:11,Mild Yawn,0.324,0.401,50,1
2025-02-06 15:44:11,Mild Yawn,0.168,0.308,50,1
2025-02-06 15:44:11,Mild Yawn,0.343,0.418,50,1
2025-02-06 15:44:11,Mild Yawn,0.176,0.322,50,1
2025-02-06 15:44:11,Mild Yawn,0.291,0.415,50,1
2025-02-06 15:44:11,Mild Yawn,0.180,0.325,50,1
2025-02-06 15:44:11,Mild Yawn,0.328,0.449,50,1
2025-02-06 15:44:11,Mild Yawn,0.208,0.334,50,1
2025-02-06 15:44:11,Mild Yawn,0.308,0.406,50,1
2025-02-06 15:44:11,Mild Yawn,0.190,0.314,50,1
2025-02-06 15:44:11,Mild Yawn,0.344,0.431,50,1
2025-02-06 15:44:11,Mild Yawn,0.182,0.318,50,1
2025-02-06 15:44:11,Mild Yawn,0.290,0.393,50,1
2025-02-06 15:44:11,Mild Yawn,0.200,0.311,50,1
2025-02-06 15:44:11,Mild Yawn,0.315,0.384,50,1
2025-02-06 15:44:11,Mild Yawn,0.216,0.309,50,1
2025-02-06 15:44:11,Mild Yawn,0.317,0.408,50,1
2025-02-06 15:44:11,Mild Yawn,0.217,0.334,50,1
2025-02-06 15:44:11,Mild Yawn,0.340,0.433,50,1
2025-02-06 15:44:11,Mild Yawn,0.193,0.334,50,1
2025-02-06 15:44:11,Mild Yawn,0.353,0.452,50,1
2025-02-06 15:44:11,Mild Yawn,0.177,0.337,50,1
2025-02-06 15:44:11,Mild Yawn,0.365,0.472,50,1
2025-02-06 15:44:11,Mild Yawn,0.166,0.339,50,1
2025-02-06 15:44:11,Mild Yawn,0.371,0.495,50,1
2025-02-06 15:44:11,Moderate Yawn !,0.377,0.763,50,1
2025-02-06 15:44:11,Mild Yawn,0.156,0.324,50,1
2025-02-06 15:44:11,Moderate Yawn !,0.354,0.729,50,1
2025-02-06 15:44:11,Mild Yawn,0.377,0.485,50,1
2025-02-06 15:44:11,Mild Yawn,0.175,0.327,50,1
2025-02-06 15:44:11,Severe Yawn !!!,0.365,0.804,50,1
2025-02-06 15:44:11,Mild Yawn,0.373,0.518,50,1
2025-02-06 15:44:11,Mild Yawn,0.208,0.329,50,1
2025-02-06 15:44:11,Moderate Yawn !,0.288,0.769,50,1
2025-02-06 15:44:11,Mild Yawn,0.378,0.521,50,1
2025-02-06 15:44:11,Mild Yawn,0.151,0.339,50,1
2025-02-06 15:44:12,Mild Yawn,0.326,0.484,50,1
2025-02-06 15:44:12,Moderate Yawn !,0.289,0.657,50,1
2025-02-06 15:44:12,Mild Yawn,0.169,0.315,50,1
2025-02-06 15:44:12,Mild Yawn,0.335,0.465,50,1
2025-02-06 15:44:12,Moderate Yawn !,0.293,0.707,50,1
2025-02-06 15:44:12,Mild Yawn,0.198,0.331,50,1
2025-02-06 15:44:12,Mild Yawn,0.326,0.518,50,1
2025-02-06 15:44:12,Mild Yawn,0.279,0.594,50,1
2025-02-06 15:44:12,Mild Yawn,0.183,0.338,50,1
2025-02-06 15:44:12,Mild Yawn,0.323,0.529,50,1
2025-02-06 15:44:12,Moderate Yawn !,0.322,0.617,50,1
2025-02-06 15:44:12,Mild Yawn,0.185,0.312,50,1
2025-02-06 15:44:12,Mild Yawn,0.306,0.536,50,1
2025-02-06 15:44:12,Moderate Yawn !,0.267,0.629,50,1
2025-02-06 15:44:12,Mild Yawn,0.339,0.599,50,1
2025-02-06 15:44:12,Moderate Yawn !,0.281,0.655,50,1
2025-02-06 15:44:12,Mild Yawn,0.140,0.330,50,1
2025-02-06 15:44:12,Moderate Yawn !,0.283,0.640,50,1
2025-02-06 15:44:12,Mild Yawn,0.166,0.318,50,1
2025-02-06 15:44:12,Mild Yawn,0.272,0.581,50,1
2025-02-06 15:44:12,Moderate Yawn !,0.302,0.681,50,1
2025-02-06 15:44:12,Mild Yawn,0.177,0.348,50,1
2025-02-06 15:44:12,Mild Yawn,0.276,0.591,50,1
2025-02-06 15:44:12,Moderate Yawn !,0.273,0.664,50,1
2025-02-06 15:44:12,Moderate Yawn !,0.285,0.609,50,1
2025-02-06 15:44:12,Mild Yawn,0.206,0.326,50,1
2025-02-06 15:44:12,Moderate Yawn !,0.311,0.697,50,1
2025-02-06 15:44:12,Mild Yawn,0.236,0.580,50,1
2025-02-06 15:44:12,Mild Yawn,0.204,0.331,50,1
2025-02-06 15:44:12,Moderate Yawn !,0.280,0.666,50,1
2025-02-06 15:44:12,Mild Yawn,0.171,0.332,50,1
2025-02-06 15:44:12,Mild Yawn,0.254,0.554,50,1
2025-02-06 15:44:12,Moderate Yawn !,0.276,0.670,50,1
2025-02-06 15:44:12,Mild Yawn,0.262,0.525,50,1
2025-02-06 15:44:12,Mild Yawn,0.196,0.328,50,1
2025-02-06 15:44:12,Mild Yawn,0.235,0.507,50,1
2025-02-06 15:44:12,Moderate Yawn !,0.269,0.647,50,1
2025-02-06 15:44:12,Mild Yawn,0.189,0.337,50,1
2025-02-06 15:44:12,Mild Yawn,0.314,0.533,50,1
2025-02-06 15:44:12,Moderate Yawn !,0.256,0.643,50,1
2025-02-06 15:44:12,Mild Yawn,0.219,0.339,50,1
2025-02-06 15:44:12,Mild Yawn,0.261,0.508,50,1
2025-02-06 15:44:12,Mild Yawn,0.292,0.586,50,1
2025-02-06 15:44:12,Mild Yawn,0.230,0.321,50,1
2025-02-06 15:44:12,Mild Yawn,0.263,0.493,50,1
2025-02-06 15:44:12,Moderate Yawn !,0.266,0.651,50,1
2025-02-06 15:44:12,Mild Yawn,0.239,0.326,50,1
2025-02-06 15:44:12,Mild Yawn,0.257,0.498,50,1
2025-02-06 15:44:12,Moderate Yawn !,0.265,0.620,50,1
2025-02-06 15:44:12,Mild Yawn,0.164,0.321,50,1
2025-02-06 15:44:12,Moderate Yawn !,0.320,0.686,50,1
2025-02-06 15:44:12,Mild Yawn,0.149,0.328,50,1
2025-02-06 15:44:12,Mild Yawn,0.276,0.485,50,1
2025-02-06 15:44:12,Mild Yawn,0.161,0.336,50,1
2025-02-06 15:44:12,Moderate Yawn !,0.274,0.682,50,1
2025-02-06 15:44:12,Mild Yawn,0.284,0.400,50,1
2025-02-06 15:44:12,Moderate Yawn !,0.298,0.604,50,1
2025-02-06 15:44:12,Mild Yawn,0.167,0.342,50,1
2025-02-06 15:44:12,Mild Yawn,0.229,0.406,50,1
2025-02-06 15:44:12,SLEEPING !!!,0.168,0.326,50,1
2025-02-06 15:44:12,SLEEPING !!!,0.240,0.603,50,1
2025-02-06 15:44:12,Mild Yawn,0.254,0.414,51,1
2025-02-06 15:44:12,Mild Yawn,0.211,0.354,51,1
2025-02-06 15:44:12,Mild Yawn,0.271,0.551,51,1
2025-02-06 15:44:12,Mild Yawn,0.175,0.326,51,1
2025-02-06 15:44:12,Moderate Yawn !,0.319,0.656,51,1
2025-02-06 15:44:12,Mild Yawn,0.203,0.339,51,1
2025-02-06 15:44:12,Moderate Yawn !,0.270,0.630,51,1
2025-02-06 15:44:12,Mild Yawn,0.204,0.331,51,1
2025-02-06 15:44:12,Moderate Yawn !,0.287,0.616,51,1
2025-02-06 15:44:12,Moderate Yawn !,0.302,0.666,51,1
2025-02-06 15:44:12,Mild Yawn,0.176,0.336,51,1
2025-02-06 15:44:12,Mild Yawn,0.204,0.344,51,1
2025-02-06 15:44:12,Moderate Yawn !,0.279,0.643,51,1
2025-02-06 15:44:12,Moderate Yawn !,0.276,0.643,51,1
2025-02-06 15:44:12,Mild Yawn,0.211,0.328,51,1
2025-02-06 15:44:12,Mild Yawn,0.252,0.330,51,1
2025-02-06 15:44:12,Mild Yawn,0.270,0.581,51,1
2025-02-06 15:44:12,Mild Yawn,0.261,0.331,51,1
2025-02-06 15:44:12,Mild Yawn,0.328,0.582,51,1
2025-02-06 15:44:13,Mild Yawn,0.245,0.338,51,1
2025-02-06 15:44:13,Mild Yawn,0.226,0.579,51,1
2025-02-06 15:44:13,Mild Yawn,0.292,0.338,51,1
2025-02-06 15:44:13,Mild Yawn,0.270,0.345,51,1
2025-02-06 15:44:13,Mild Yawn,0.295,0.445,51,1
2025-02-06 15:44:13,Mild Yawn,0.248,0.336,51,1
2025-02-06 15:44:13,Mild Yawn,0.241,0.337,51,1
2025-02-06 15:44:13,SLEEPING !!!,0.234,0.353,51,1
2025-02-06 15:44:13,SLEEPING !!!,0.242,0.345,51,1
2025-02-06 15:44:13,SLEEPING !!!,0.237,0.354,51,1
2025-02-06 15:44:13,SLEEPING !!!,0.191,0.347,51,1
2025-02-06 15:44:13,SLEEPING !!!,0.223,0.338,51,1
2025-02-06 15:44:13,SLEEPING !!!,0.145,0.333,51,1
2025-02-06 15:44:13,SLEEPING !!!,0.164,0.350,51,1
2025-02-06 15:44:13,SLEEPING !!!,0.202,0.335,51,1
2025-02-06 15:44:13,SLEEPING !!!,0.163,0.344,51,1
2025-02-06 15:44:13,SLEEPING !!!,0.208,0.332,51,1
2025-02-06 15:44:13,SLEEPING !!!,0.189,0.341,51,1
2025-02-06 15:44:13,SLEEPING !!!,0.173,0.330,51,1
2025-02-06 15:44:13,SLEEPING !!!,0.207,0.322,51,1
2025-02-06 15:44:13,SLEEPING !!!,0.234,0.339,51,1
2025-02-06 15:44:13,SLEEPING !!!,0.197,0.323,51,1
2025-02-06 15:44:13,SLEEPING !!!,0.194,0.330,51,1
2025-02-06 15:44:13,SLEEPING !!!,0.200,0.328,51,1
2025-02-06 15:44:13,SLEEPING !!!,0.143,0.328,51,1
2025-02-06 15:44:13,SLEEPING !!!,0.201,0.341,51,1
2025-02-06 15:44:13,SLEEPING !!!,0.216,0.328,51,1
2025-02-06 15:44:13,SLEEPING !!!,0.163,0.338,51,1
2025-02-06 15:44:13,SLEEPING !!!,0.171,0.345,51,1
2025-02-06 15:44:13,SLEEPING !!!,0.245,0.341,51,1
2025-02-06 15:44:13,SLEEPING !!!,0.148,0.350,51,1
2025-02-06 15:44:13,SLEEPING !!!,0.159,0.330,51,1
2025-02-06 15:44:14,SLEEPING !!!,0.170,0.348,51,1
2025-02-06 15:44:14,Mild Yawn,0.329,0.394,52,1
2025-02-06 15:44:14,Mild Yawn,0.143,0.353,52,1
2025-02-06 15:44:14,Mild Yawn,0.292,0.425,52,1
2025-02-06 15:44:14,Mild Yawn,0.126,0.319,52,1
2025-02-06 15:44:14,Mild Yawn,0.245,0.393,52,1
2025-02-06 15:44:14,SLEEPING !!!,0.149,0.329,52,1
2025-02-06 15:44:14,Mild Yawn,0.272,0.410,52,1
2025-02-06 15:44:14,Mild Yawn,0.137,0.329,52,1
2025-02-06 15:44:14,Mild Yawn,0.199,0.422,52,1
2025-02-06 15:44:14,SLEEPING !!!,0.182,0.338,52,1
2025-02-06 15:44:14,SLEEPING !!!,0.218,0.448,52,1
2025-02-06 15:44:14,SLEEPING !!!,0.213,0.342,52,1
2025-02-06 15:44:14,SLEEPING !!!,0.247,0.393,52,1
2025-02-06 15:44:14,SLEEPING !!!,0.247,0.427,52,1
2025-02-06 15:44:14,SLEEPING !!!,0.158,0.336,52,1
2025-02-06 15:44:14,Mild Yawn,0.282,0.447,53,1
2025-02-06 15:44:14,Mild Yawn,0.174,0.334,53,1
2025-02-06 15:44:14,Mild Yawn,0.238,0.404,53,1
2025-02-06 15:44:14,SLEEPING !!!,0.142,0.326,53,1
2025-02-06 15:44:14,SLEEPING !!!,0.175,0.329,53,1
2025-02-06 15:44:14,SLEEPING !!!,0.213,0.431,53,1
2025-02-06 15:44:14,SLEEPING !!!,0.243,0.447,53,1
2025-02-06 15:44:14,SLEEPING !!!,0.185,0.335,53,1
2025-02-06 15:44:14,Mild Yawn,0.286,0.311,53,1
2025-02-06 15:44:14,Mild Yawn,0.233,0.452,53,1
2025-02-06 15:44:14,Mild Yawn,0.200,0.334,53,1
2025-02-06 15:44:14,Mild Yawn,0.325,0.333,53,1
2025-02-06 15:44:14,Mild Yawn,0.225,0.416,53,1
2025-02-06 15:44:14,Mild Yawn,0.172,0.334,53,1
2025-02-06 15:44:14,Mild Yawn,0.328,0.335,53,1
2025-02-06 15:44:14,Mild Yawn,0.297,0.407,53,1
2025-02-06 15:44:14,Mild Yawn,0.179,0.340,53,1
2025-02-06 15:44:14,Mild Yawn,0.222,0.399,53,1
2025-02-06 15:44:14,SLEEPING !!!,0.190,0.332,53,1
2025-02-06 15:44:14,SLEEPING !!!,0.231,0.413,53,1
2025-02-06 15:44:14,SLEEPING !!!,0.180,0.328,53,1
2025-02-06 15:44:14,SLEEPING !!!,0.212,0.446,53,1
2025-02-06 15:44:14,SLEEPING !!!,0.182,0.343,53,1
2025-02-06 15:44:14,SLEEPING !!!,0.227,0.417,53,1
2025-02-06 15:44:14,SLEEPING !!!,0.174,0.332,53,1
2025-02-06 15:44:14,SLEEPING !!!,0.243,0.422,53,1
2025-02-06 15:44:14,SLEEPING !!!,0.166,0.332,53,1
2025-02-06 15:44:14,SLEEPING !!!,0.227,0.422,53,1
2025-02-06 15:44:14,SLEEPING !!!,0.146,0.332,53,1
2025-02-06 15:44:14,SLEEPING !!!,0.238,0.427,53,1
2025-02-06 15:44:14,SLEEPING !!!,0.168,0.334,53,1
2025-02-06 15:44:14,Mild Yawn,0.281,0.416,54,1
2025-02-06 15:44:14,Mild Yawn,0.157,0.336,54,1
2025-02-06 15:44:14,Mild Yawn,0.239,0.436,54,1
2025-02-06 15:44:14,SLEEPING !!!,0.190,0.341,54,1
2025-02-06 15:44:14,SLEEPING !!!,0.218,0.420,54,1
2025-02-06 15:44:14,SLEEPING !!!,0.168,0.335,54,1
2025-02-06 15:44:14,SLEEPING !!!,0.239,0.405,54,1
2025-02-06 15:44:14,SLEEPING !!!,0.158,0.324,54,1
2025-02-06 15:44:14,SLEEPING !!!,0.210,0.426,54,1
2025-02-06 15:44:14,SLEEPING !!!,0.190,0.327,54,1
2025-02-06 15:44:14,Mild Yawn,0.288,0.381,55,1
2025-02-06 15:44:14,Mild Yawn,0.188,0.323,55,1
2025-02-06 15:44:14,Mild Yawn,0.225,0.420,55,1
2025-02-06 15:44:14,SLEEPING !!!,0.160,0.333,55,1
2025-02-06 15:44:15,SLEEPING !!!,0.246,0.411,55,1
2025-02-06 15:44:15,SLEEPING !!!,0.194,0.326,55,1
2025-02-06 15:44:15,SLEEPING !!!,0.234,0.427,55,1
2025-02-06 15:44:15,SLEEPING !!!,0.181,0.335,55,1
2025-02-06 15:44:15,Mild Yawn,0.292,0.429,56,1
2025-02-06 15:44:15,Mild Yawn,0.202,0.337,56,1
2025-02-06 15:44:15,Mild Yawn,0.245,0.419,56,1
2025-02-06 15:44:15,SLEEPING !!!,0.200,0.329,56,1
2025-02-06 15:44:15,SLEEPING !!!,0.222,0.440,56,1
2025-02-06 15:44:15,SLEEPING !!!,0.184,0.348,56,1
2025-02-06 15:44:15,SLEEPING !!!,0.237,0.424,56,1
2025-02-06 15:44:15,SLEEPING !!!,0.168,0.332,56,1
2025-02-06 15:44:15,Mild Yawn,0.258,0.434,57,1
2025-02-06 15:44:15,Mild Yawn,0.210,0.326,57,1
2025-02-06 15:44:15,Mild Yawn,0.236,0.430,57,1
2025-02-06 15:44:15,SLEEPING !!!,0.191,0.328,57,1
2025-02-06 15:44:15,Mild Yawn,0.263,0.438,58,1
2025-02-06 15:44:15,Mild Yawn,0.194,0.343,58,1
2025-02-06 15:44:15,Mild Yawn,0.247,0.452,58,1
2025-02-06 15:44:15,SLEEPING !!!,0.180,0.342,58,1
2025-02-06 15:44:15,SLEEPING !!!,0.215,0.421,58,1
2025-02-06 15:44:15,SLEEPING !!!,0.170,0.330,58,1
2025-02-06 15:44:15,SLEEPING !!!,0.200,0.449,58,1
2025-02-06 15:44:15,SLEEPING !!!,0.193,0.331,58,1
2025-02-06 15:44:15,SLEEPING !!!,0.213,0.411,58,1
2025-02-06 15:44:15,SLEEPING !!!,0.180,0.330,58,1
2025-02-06 15:44:15,SLEEPING !!!,0.199,0.436,58,1
2025-02-06 15:44:15,SLEEPING !!!,0.154,0.326,58,1
2025-02-06 15:44:15,SLEEPING !!!,0.219,0.427,58,1
2025-02-06 15:44:15,SLEEPING !!!,0.194,0.330,58,1
2025-02-06 15:44:15,Mild Yawn,0.250,0.432,59,1
2025-02-06 15:44:15,Mild Yawn,0.180,0.335,59,1
2025-02-06 15:44:15,Mild Yawn,0.258,0.413,59,1
2025-02-06 15:44:15,Mild Yawn,0.198,0.330,59,1
2025-02-06 15:44:15,Mild Yawn,0.252,0.420,59,1
2025-02-06 15:44:15,Mild Yawn,0.164,0.330,59,1
2025-02-06 15:44:15,Mild Yawn,0.267,0.426,59,1
2025-02-06 15:44:15,Mild Yawn,0.188,0.332,59,1
2025-02-06 15:44:15,Mild Yawn,0.225,0.432,59,1
2025-02-06 15:44:15,SLEEPING !!!,0.181,0.330,59,1
2025-02-06 15:44:15,Mild Yawn,0.253,0.424,60,1
2025-02-06 15:44:15,Mild Yawn,0.157,0.317,60,1
2025-02-06 15:44:15,Mild Yawn,0.241,0.446,60,1
2025-02-06 15:44:15,SLEEPING !!!,0.188,0.327,60,1
2025-02-06 15:44:15,Mild Yawn,0.272,0.428,60,1
2025-02-06 15:44:15,Mild Yawn,0.190,0.336,60,1
2025-02-06 15:44:15,Mild Yawn,0.263,0.428,60,1
2025-02-06 15:44:15,Mild Yawn,0.188,0.318,60,1
2025-02-06 15:44:15,Mild Yawn,0.296,0.409,60,1
2025-02-06 15:44:15,Mild Yawn,0.166,0.325,60,1
2025-02-06 15:44:15,Mild Yawn,0.230,0.403,60,1
2025-02-06 15:44:15,SLEEPING !!!,0.174,0.337,60,1
2025-02-06 15:44:15,SLEEPING !!!,0.222,0.437,60,1
2025-02-06 15:44:15,SLEEPING !!!,0.114,0.317,60,1
2025-02-06 15:44:16,Mild Yawn,0.274,0.453,61,1
2025-02-06 15:44:16,Mild Yawn,0.090,0.341,61,1
2025-02-06 15:44:16,Mild Yawn,0.222,0.413,61,1
2025-02-06 15:44:16,SLEEPING !!!,0.094,0.344,61,1
2025-02-06 15:44:16,Mild Yawn,0.250,0.429,61,1
2025-02-06 15:44:16,Mild Yawn,0.163,0.341,61,1
2025-02-06 15:44:16,Mild Yawn,0.267,0.421,61,1
2025-02-06 15:44:16,Mild Yawn,0.164,0.332,61,1
2025-02-06 15:44:16,Mild Yawn,0.279,0.412,61,1
2025-02-06 15:44:16,Mild Yawn,0.155,0.333,61,1
2025-02-06 15:44:16,Mild Yawn,0.252,0.399,61,1
2025-02-06 15:44:16,Mild Yawn,0.117,0.343,61,1
2025-02-06 15:44:16,Mild Yawn,0.280,0.438,61,1
2025-02-06 15:44:16,Mild Yawn,0.173,0.330,61,1
2025-02-06 15:44:16,Mild Yawn,0.281,0.403,61,1
2025-02-06 15:44:16,Mild Yawn,0.125,0.331,61,1
2025-02-06 15:44:16,Mild Yawn,0.252,0.428,61,1
2025-02-06 15:44:16,Mild Yawn,0.126,0.334,61,1
2025-02-06 15:44:16,Mild Yawn,0.296,0.446,61,1
2025-02-06 15:44:16,Mild Yawn,0.170,0.330,61,1
2025-02-06 15:44:16,Mild Yawn,0.285,0.402,61,1
2025-02-06 15:44:16,Mild Yawn,0.192,0.326,61,1
2025-02-06 15:44:16,Mild Yawn,0.266,0.431,61,1
2025-02-06 15:44:16,Mild Yawn,0.174,0.309,61,1
2025-02-06 15:44:16,Mild Yawn,0.287,0.405,61,1
2025-02-06 15:44:16,Mild Yawn,0.149,0.339,61,1
2025-02-06 15:44:16,Mild Yawn,0.280,0.431,61,1
2025-02-06 15:44:16,Mild Yawn,0.164,0.319,61,1
2025-02-06 15:44:16,Mild Yawn,0.301,0.457,61,1
2025-02-06 15:44:16,Mild Yawn,0.158,0.337,61,1
2025-02-06 15:44:16,Mild Yawn,0.297,0.425,61,1
2025-02-06 15:44:16,Mild Yawn,0.136,0.327,61,1
2025-02-06 15:44:16,Mild Yawn,0.353,0.426,61,1
2025-02-06 15:44:16,Mild Yawn,0.127,0.339,61,1
2025-02-06 15:44:16,Mild Yawn,0.305,0.436,61,1
2025-02-06 15:44:16,Mild Yawn,0.182,0.333,61,1
2025-02-06 15:44:16,Mild Yawn,0.274,0.379,61,1
2025-02-06 15:44:16,Mild Yawn,0.180,0.324,61,1
2025-02-06 15:44:16,Mild Yawn,0.241,0.413,61,1
2025-02-06 15:44:16,SLEEPING !!!,0.207,0.340,61,1
2025-02-06 15:44:16,Mild Yawn,0.301,0.390,62,1
2025-02-06 15:44:16,Mild Yawn,0.204,0.331,62,1
2025-02-06 15:44:16,Mild Yawn,0.289,0.431,62,1
2025-02-06 15:44:16,Mild Yawn,0.195,0.326,62,1
2025-02-06 15:44:16,Mild Yawn,0.267,0.374,62,1
2025-02-06 15:44:16,Mild Yawn,0.212,0.320,62,1
2025-02-06 15:44:16,Mild Yawn,0.245,0.373,62,1
2025-02-06 15:44:16,SLEEPING !!!,0.176,0.326,62,1
2025-02-06 15:44:16,SLEEPING !!!,0.208,0.319,62,1
2025-02-06 15:44:16,SLEEPING !!!,0.241,0.394,62,1
2025-02-06 15:44:16,SLEEPING !!!,0.171,0.337,62,1
2025-02-06 15:44:16,Mild Yawn,0.305,0.425,63,1
2025-02-06 15:44:16,Mild Yawn,0.258,0.424,63,1
2025-02-06 15:44:16,Mild Yawn,0.182,0.335,63,1
2025-02-06 15:44:16,Mild Yawn,0.313,0.387,63,1
2025-02-06 15:44:16,Mild Yawn,0.172,0.320,63,1
2025-02-06 15:44:17,Mild Yawn,0.296,0.450,63,1
2025-02-06 15:44:17,Mild Yawn,0.184,0.311,63,1
2025-02-06 15:44:17,Mild Yawn,0.296,0.413,63,1
2025-02-06 15:44:17,Mild Yawn,0.201,0.332,63,1
2025-02-06 15:44:17,Mild Yawn,0.264,0.396,63,1
2025-02-06 15:44:17,Mild Yawn,0.142,0.334,63,1
2025-02-06 15:44:17,Mild Yawn,0.287,0.388,63,1
2025-02-06 15:44:17,Mild Yawn,0.170,0.344,63,1
2025-02-06 15:44:17,Mild Yawn,0.302,0.394,63,1
2025-02-06 15:44:17,Mild Yawn,0.149,0.335,63,1
2025-02-06 15:44:17,Mild Yawn,0.287,0.347,63,1
2025-02-06 15:44:17,Mild Yawn,0.131,0.327,63,1
2025-02-06 15:44:17,Mild Yawn,0.297,0.362,63,1
2025-02-06 15:44:17,Mild Yawn,0.197,0.340,63,1
2025-02-06 15:44:17,Mild Yawn,0.319,0.403,63,1
2025-02-06 15:44:17,Mild Yawn,0.156,0.337,63,1
2025-02-06 15:44:17,Mild Yawn,0.318,0.410,63,1
2025-02-06 15:44:17,Mild Yawn,0.190,0.326,63,1
2025-02-06 15:44:17,Mild Yawn,0.323,0.417,63,1
2025-02-06 15:44:17,Mild Yawn,0.170,0.317,63,1
2025-02-06 15:44:17,Mild Yawn,0.233,0.414,63,1
2025-02-06 15:44:17,SLEEPING !!!,0.154,0.328,63,1
2025-02-06 15:44:17,Mild Yawn,0.267,0.477,64,1
2025-02-06 15:44:17,Mild Yawn,0.123,0.333,64,1
2025-02-06 15:44:17,Mild Yawn,0.292,0.451,64,1
2025-02-06 15:44:17,Mild Yawn,0.141,0.337,64,1
2025-02-06 15:44:17,Mild Yawn,0.293,0.446,64,1
2025-02-06 15:44:17,Mild Yawn,0.183,0.332,64,1
2025-02-06 15:44:17,Mild Yawn,0.255,0.424,64,1
2025-02-06 15:44:17,Mild Yawn,0.150,0.328,64,1
2025-02-06 15:44:17,Mild Yawn,0.149,0.336,64,1
2025-02-06 15:44:17,Mild Yawn,0.263,0.478,64,1
2025-02-06 15:44:17,Mild Yawn,0.159,0.333,64,1
2025-02-06 15:44:17,Mild Yawn,0.288,0.467,64,1
2025-02-06 15:44:17,Mild Yawn,0.110,0.336,64,1
2025-02-06 15:44:17,Mild Yawn,0.203,0.411,64,1
2025-02-06 15:44:17,SLEEPING !!!,0.125,0.345,64,1
2025-02-06 15:44:17,SLEEPING !!!,0.207,0.531,64,1
2025-02-06 15:44:17,SLEEPING !!!,0.146,0.314,64,1
2025-02-06 15:44:17,Mild Yawn,0.293,0.422,65,1
2025-02-06 15:44:17,Mild Yawn,0.177,0.330,65,1
2025-02-06 15:44:17,Mild Yawn,0.322,0.463,65,1
2025-02-06 15:44:17,Mild Yawn,0.175,0.325,65,1
2025-02-06 15:44:17,Mild Yawn,0.201,0.328,65,1
2025-02-06 15:44:17,Mild Yawn,0.367,0.381,65,1
2025-02-06 15:44:17,Mild Yawn,0.204,0.333,65,1
2025-02-06 15:44:17,Mild Yawn,0.269,0.366,65,1
2025-02-06 15:44:17,Mild Yawn,0.159,0.348,65,1
2025-02-06 15:44:17,Mild Yawn,0.200,0.314,65,1
2025-02-06 15:44:17,SLEEPING !!!,0.198,0.326,65,1
2025-02-06 15:44:17,SLEEPING !!!,0.199,0.338,65,1
2025-02-06 15:44:17,SLEEPING !!!,0.198,0.335,65,1
2025-02-06 15:44:17,SLEEPING !!!,0.194,0.323,65,1
2025-02-06 15:44:17,SLEEPING !!!,0.172,0.334,65,1
2025-02-06 15:44:17,SLEEPING !!!,0.184,0.339,65,1
2025-02-06 15:44:17,SLEEPING !!!,0.193,0.335,65,1
2025-02-06 15:44:18,SLEEPING !!!,0.175,0.325,65,1
2025-02-06 15:44:18,SLEEPING !!!,0.185,0.333,65,1
2025-02-06 15:44:18,SLEEPING !!!,0.199,0.340,65,1
2025-02-06 15:44:18,SLEEPING !!!,0.198,0.318,65,1
2025-02-06 15:44:18,SLEEPING !!!,0.199,0.331,65,1
2025-02-06 15:44:18,SLEEPING !!!,0.184,0.342,65,1
2025-02-06 15:44:18,SLEEPING !!!,0.187,0.314,65,1
2025-02-06 15:44:18,SLEEPING !!!,0.173,0.341,65,1
2025-02-06 15:44:18,SLEEPING !!!,0.162,0.347,65,1
2025-02-06 15:44:18,SLEEPING !!!,0.167,0.344,65,1
2025-02-06 15:44:18,SLEEPING !!!,0.221,0.335,65,1
2025-02-06 15:44:18,SLEEPING !!!,0.173,0.331,65,1
2025-02-06 15:44:18,SLEEPING !!!,0.186,0.349,65,1
2025-02-06 15:44:18,SLEEPING !!!,0.151,0.334,65,1
2025-02-06 15:44:18,SLEEPING !!!,0.151,0.332,65,1
2025-02-06 15:44:18,SLEEPING !!!,0.119,0.329,65,1
2025-02-06 15:44:18,Mild Yawn,0.333,0.338,66,1
2025-02-06 15:44:18,Mild Yawn,0.079,0.334,66,1
2025-02-06 15:44:18,Mild Yawn,0.132,0.339,66,1
2025-02-06 15:44:18,SLEEPING !!!,0.142,0.328,66,1
2025-02-06 15:44:18,SLEEPING !!!,0.147,0.332,66,1
2025-02-06 15:44:18,SLEEPING !!!,0.131,0.332,66,1
2025-02-06 15:44:18,Mild Yawn,0.265,0.325,67,1
2025-02-06 15:44:18,Mild Yawn,0.139,0.345,67,1
2025-02-06 15:44:18,Mild Yawn,0.240,0.341,67,1
2025-02-06 15:44:18,SLEEPING !!!,0.180,0.335,67,1
2025-02-06 15:44:18,SLEEPING !!!,0.163,0.332,67,1
2025-02-06 15:44:18,SLEEPING !!!,0.159,0.345,67,1
2025-02-06 15:44:18,Mild Yawn,0.253,0.334,68,1
2025-02-06 15:44:18,Mild Yawn,0.134,0.339,68,1
2025-02-06 15:44:18,Mild Yawn,0.215,0.307,68,1
2025-02-06 15:44:18,SLEEPING !!!,0.171,0.336,68,1
2025-02-06 15:44:18,SLEEPING !!!,0.081,0.330,68,1
2025-02-06 15:44:18,SLEEPING !!!,0.088,0.333,68,1
2025-02-06 15:44:18,Mild Yawn,0.314,0.381,69,1
2025-02-06 15:44:19,Mild Yawn,0.080,0.330,69,1
2025-02-06 15:44:19,Mild Yawn,0.261,0.323,69,1
2025-02-06 15:44:19,Mild Yawn,0.141,0.338,69,1
2025-02-06 15:44:19,Mild Yawn,0.122,0.339,69,1
2025-02-06 15:44:19,SLEEPING !!!,0.122,0.322,69,1
2025-02-06 15:44:19,Mild Yawn,0.290,0.312,70,1
2025-02-06 15:44:19,Mild Yawn,0.152,0.332,70,1
2025-02-06 15:44:19,Mild Yawn,0.229,0.343,70,1
2025-02-06 15:44:19,SLEEPING !!!,0.167,0.339,70,1
2025-02-06 15:44:19,Mild Yawn,0.281,0.298,70,1
2025-02-06 15:44:19,Mild Yawn,0.124,0.335,70,1
2025-02-06 15:44:19,Mild Yawn,0.264,0.330,70,1
2025-02-06 15:44:19,Mild Yawn,0.158,0.330,70,1
2025-02-06 15:44:19,Mild Yawn,0.287,0.411,70,1
2025-02-06 15:44:19,Mild Yawn,0.168,0.350,70,1
2025-02-06 15:44:19,Mild Yawn,0.290,0.338,70,1
2025-02-06 15:44:19,Mild Yawn,0.161,0.349,70,1
2025-02-06 15:44:19,Mild Yawn,0.260,0.382,70,1
2025-02-06 15:44:19,Mild Yawn,0.170,0.337,70,1
2025-02-06 15:44:19,Mild Yawn,0.259,0.389,70,1
2025-02-06 15:44:19,Mild Yawn,0.288,0.345,70,1
2025-02-06 15:44:19,Mild Yawn,0.176,0.331,70,1
2025-02-06 15:44:19,Mild Yawn,0.269,0.371,70,1
2025-02-06 15:44:19,Mild Yawn,0.303,0.341,70,1
2025-02-06 15:44:19,Mild Yawn,0.155,0.337,70,1
2025-02-06 15:44:19,Mild Yawn,0.253,0.493,70,1
2025-02-06 15:44:19,Mild Yawn,0.239,0.313,70,1
2025-02-06 15:44:19,Mild Yawn,0.171,0.337,70,1
2025-02-06 15:44:19,SLEEPING !!!,0.234,0.313,70,1
2025-02-06 15:44:19,SLEEPING !!!,0.125,0.342,70,1
2025-02-06 15:44:19,Mild Yawn,0.252,0.443,71,1
2025-02-06 15:44:19,Mild Yawn,0.137,0.336,71,1
2025-02-06 15:44:19,Mild Yawn,0.270,0.398,71,1
2025-02-06 15:44:19,Mild Yawn,0.153,0.342,71,1
2025-02-06 15:44:19,Mild Yawn,0.246,0.360,71,1
2025-02-06 15:44:19,SLEEPING !!!,0.157,0.337,71,1
2025-02-06 15:44:19,Mild Yawn,0.254,0.402,72,1
2025-02-06 15:44:19,Mild Yawn,0.162,0.347,72,1
2025-02-06 15:44:19,Mild Yawn,0.265,0.388,72,1
2025-02-06 15:44:19,Mild Yawn,0.222,0.454,72,1
2025-02-06 15:44:19,Mild Yawn,0.140,0.341,72,1
2025-02-06 15:44:19,SLEEPING !!!,0.147,0.344,72,1
2025-02-06 15:44:19,Mild Yawn,0.262,0.460,72,1
2025-02-06 15:44:19,Mild Yawn,0.127,0.328,72,1
2025-02-06 15:44:19,Mild Yawn,0.257,0.429,72,1
2025-02-06 15:44:19,Mild Yawn,0.162,0.335,72,1
2025-02-06 15:44:19,Mild Yawn,0.255,0.416,72,1
2025-02-06 15:44:19,Mild Yawn,0.253,0.297,72,1
2025-02-06 15:44:19,Mild Yawn,0.172,0.350,72,1
2025-02-06 15:44:19,Mild Yawn,0.240,0.393,72,1
2025-02-06 15:44:19,Mild Yawn,0.273,0.311,72,1
2025-02-06 15:44:19,Mild Yawn,0.178,0.343,72,1
2025-02-06 15:44:19,Mild Yawn,0.278,0.397,72,1
2025-02-06 15:44:19,Mild Yawn,0.253,0.290,72,1
2025-02-06 15:44:19,Mild Yawn,0.274,0.405,72,1
2025-02-06 15:44:19,Mild Yawn,0.173,0.332,72,1
2025-02-06 15:44:19,Mild Yawn,0.244,0.309,72,1
2025-02-06 15:44:19,SLEEPING !!!,0.180,0.335,72,1
2025-02-06 15:44:19,Mild Yawn,0.266,0.373,73,1
2025-02-06 15:44:19,Mild Yawn,0.183,0.334,73,1
2025-02-06 15:44:19,Mild Yawn,0.281,0.408,73,1
2025-02-06 15:44:19,Mild Yawn,0.286,0.304,73,1
2025-02-06 15:44:19,Mild Yawn,0.170,0.320,73,1
2025-02-06 15:44:19,Mild Yawn,0.262,0.411,73,1
2025-02-06 15:44:19,Mild Yawn,0.250,0.329,73,1
2025-02-06 15:44:19,Mild Yawn,0.270,0.400,73,1
2025-02-06 15:44:19,Mild Yawn,0.162,0.342,73,1
2025-02-06 15:44:19,Mild Yawn,0.335,0.309,73,1
2025-02-06 15:44:20,Mild Yawn,0.278,0.387,73,1
2025-02-06 15:44:20,Mild Yawn,0.176,0.328,73,1
2025-02-06 15:44:20,Mild Yawn,0.237,0.290,73,1
2025-02-06 15:44:20,Mild Yawn,0.254,0.394,73,1
2025-02-06 15:44:20,Mild Yawn,0.182,0.329,73,1
2025-02-06 15:44:20,Mild Yawn,0.256,0.323,73,1
2025-02-06 15:44:20,Mild Yawn,0.272,0.389,73,1
2025-02-06 15:44:20,Mild Yawn,0.170,0.327,73,1
2025-02-06 15:44:20,Mild Yawn,0.265,0.296,73,1
2025-02-06 15:44:20,Mild Yawn,0.291,0.421,73,1
2025-02-06 15:44:20,Mild Yawn,0.199,0.341,73,1
2025-02-06 15:44:20,Mild Yawn,0.255,0.388,73,1
2025-02-06 15:44:20,Mild Yawn,0.143,0.342,73,1
2025-02-06 15:44:20,Mild Yawn,0.323,0.318,73,1
2025-02-06 15:44:20,Mild Yawn,0.167,0.335,73,1
2025-02-06 15:44:20,Mild Yawn,0.292,0.412,73,1
2025-02-06 15:44:20,Mild Yawn,0.270,0.306,73,1
2025-02-06 15:44:20,Mild Yawn,0.155,0.339,73,1
2025-02-06 15:44:20,Mild Yawn,0.290,0.384,73,1
2025-02-06 15:44:20,Mild Yawn,0.274,0.322,73,1
2025-02-06 15:44:20,Mild Yawn,0.293,0.389,73,1
2025-02-06 15:44:20,Mild Yawn,0.173,0.334,73,1
2025-02-06 15:44:20,Mild Yawn,0.279,0.385,73,1
2025-02-06 15:44:20,Mild Yawn,0.153,0.340,73,1
2025-02-06 15:44:20,Mild Yawn,0.287,0.369,73,1
2025-02-06 15:44:20,Mild Yawn,0.190,0.346,73,1
2025-02-06 15:44:20,Mild Yawn,0.292,0.377,73,1
2025-02-06 15:44:20,Mild Yawn,0.184,0.337,73,1
2025-02-06 15:44:20,Mild Yawn,0.276,0.408,73,1
2025-02-06 15:44:20,Mild Yawn,0.190,0.342,73,1
2025-02-06 15:44:20,Mild Yawn,0.286,0.393,73,1
2025-02-06 15:44:20,Mild Yawn,0.198,0.340,73,1
2025-02-06 15:44:20,Mild Yawn,0.260,0.404,73,1
2025-02-06 15:44:20,Mild Yawn,0.174,0.332,73,1
2025-02-06 15:44:20,Mild Yawn,0.285,0.390,73,1
2025-02-06 15:44:20,Mild Yawn,0.178,0.336,73,1
2025-02-06 15:44:20,Mild Yawn,0.245,0.376,73,1
2025-02-06 15:44:20,SLEEPING !!!,0.165,0.341,73,1
2025-02-06 15:44:20,Mild Yawn,0.285,0.384,74,1
2025-02-06 15:44:20,Mild Yawn,0.178,0.340,74,1
2025-02-06 15:44:20,Mild Yawn,0.283,0.389,74,1
2025-02-06 15:44:20,Mild Yawn,0.153,0.335,74,1
2025-02-06 15:44:20,Mild Yawn,0.186,0.337,74,1
2025-02-06 15:44:20,Mild Yawn,0.276,0.434,74,1
2025-02-06 15:44:20,Mild Yawn,0.276,0.456,74,1
2025-02-06 15:44:20,Mild Yawn,0.143,0.341,74,1
2025-02-06 15:44:20,Mild Yawn,0.281,0.418,74,1
2025-02-06 15:44:20,Mild Yawn,0.173,0.331,74,1
2025-02-06 15:44:20,Mild Yawn,0.290,0.407,74,1
2025-02-06 15:44:20,Mild Yawn,0.170,0.342,74,1
2025-02-06 15:44:20,Mild Yawn,0.318,0.421,74,1
2025-02-06 15:44:20,Mild Yawn,0.162,0.348,74,1
2025-02-06 15:44:20,Mild Yawn,0.270,0.342,74,1
2025-02-06 15:44:20,Mild Yawn,0.308,0.399,74,1
2025-02-06 15:44:20,Mild Yawn,0.167,0.340,74,1
2025-02-06 15:44:20,Mild Yawn,0.270,0.402,74,1
2025-02-06 15:44:20,Mild Yawn,0.300,0.411,74,1
2025-02-06 15:44:20,Mild Yawn,0.161,0.325,74,1
2025-02-06 15:44:20,Mild Yawn,0.234,0.503,74,1
2025-02-06 15:44:20,SLEEPING !!!,0.173,0.334,74,1
2025-02-06 15:44:20,Mild Yawn,0.260,0.421,75,1
2025-02-06 15:44:20,Mild Yawn,0.312,0.380,75,1
2025-02-06 15:44:20,Mild Yawn,0.216,0.328,75,1
2025-02-06 15:44:20,Mild Yawn,0.240,0.455,75,1
2025-02-06 15:44:20,Mild Yawn,0.286,0.417,75,1
2025-02-06 15:44:20,Mild Yawn,0.173,0.343,75,1
2025-02-06 15:44:20,Mild Yawn,0.267,0.386,75,1
2025-02-06 15:44:20,Mild Yawn,0.289,0.398,75,1
2025-02-06 15:44:21,Mild Yawn,0.198,0.336,75,1
2025-02-06 15:44:21,Mild Yawn,0.247,0.411,75,1
2025-02-06 15:44:21,Mild Yawn,0.301,0.385,75,1
2025-02-06 15:44:21,Mild Yawn,0.215,0.335,75,1
2025-02-06 15:44:21,Mild Yawn,0.267,0.380,75,1
2025-02-06 15:44:21,Mild Yawn,0.295,0.383,75,1
2025-02-06 15:44:21,Mild Yawn,0.193,0.336,75,1
2025-02-06 15:44:21,Mild Yawn,0.231,0.422,75,1
2025-02-06 15:44:21,Mild Yawn,0.362,0.375,75,1
2025-02-06 15:44:21,Mild Yawn,0.205,0.339,75,1
2025-02-06 15:44:21,Mild Yawn,0.290,0.408,75,1
2025-02-06 15:44:21,Mild Yawn,0.274,0.416,75,1
2025-02-06 15:44:21,Mild Yawn,0.196,0.330,75,1
2025-02-06 15:44:21,Mild Yawn,0.282,0.423,75,1
2025-02-06 15:44:21,Mild Yawn,0.327,0.427,75,1
2025-02-06 15:44:21,Mild Yawn,0.168,0.343,75,1
2025-02-06 15:44:21,Mild Yawn,0.231,0.421,75,1
2025-02-06 15:44:21,Mild Yawn,0.279,0.381,75,1
2025-02-06 15:44:21,Mild Yawn,0.227,0.348,75,1
2025-02-06 15:44:21,Mild Yawn,0.254,0.419,75,1
2025-02-06 15:44:21,Mild Yawn,0.266,0.408,75,1
2025-02-06 15:44:21,Mild Yawn,0.192,0.340,75,1
2025-02-06 15:44:21,Mild Yawn,0.302,0.398,75,1
2025-02-06 15:44:21,Mild Yawn,0.260,0.402,75,1
2025-02-06 15:44:21,Mild Yawn,0.197,0.347,75,1
2025-02-06 15:44:21,Mild Yawn,0.263,0.380,75,1
2025-02-06 15:44:21,Mild Yawn,0.294,0.380,75,1
2025-02-06 15:44:21,Mild Yawn,0.210,0.347,75,1
2025-02-06 15:44:21,Mild Yawn,0.330,0.378,75,1
2025-02-06 15:44:21,Mild Yawn,0.242,0.399,75,1
2025-02-06 15:44:21,Mild Yawn,0.189,0.331,75,1
2025-02-06 15:44:21,Mild Yawn,0.325,0.415,75,1
2025-02-06 15:44:21,Mild Yawn,0.253,0.402,75,1
2025-02-06 15:44:21,Mild Yawn,0.199,0.336,75,1
2025-02-06 15:44:21,Mild Yawn,0.234,0.379,75,1
2025-02-06 15:44:21,Mild Yawn,0.262,0.371,75,1
2025-02-06 15:44:21,Mild Yawn,0.205,0.331,75,1
2025-02-06 15:44:21,Mild Yawn,0.214,0.395,75,1
2025-02-06 15:44:21,Mild Yawn,0.272,0.399,75,1
2025-02-06 15:44:21,Mild Yawn,0.207,0.330,75,1
2025-02-06 15:44:21,Mild Yawn,0.244,0.385,75,1
2025-02-06 15:44:21,Mild Yawn,0.301,0.394,75,1
2025-02-06 15:44:21,Mild Yawn,0.170,0.337,75,1
2025-02-06 15:44:21,Mild Yawn,0.244,0.384,75,1
2025-02-06 15:44:21,Mild Yawn,0.260,0.416,75,1
2025-02-06 15:44:21,Mild Yawn,0.204,0.330,75,1
2025-02-06 15:44:21,Mild Yawn,0.223,0.384,75,1
2025-02-06 15:44:21,Mild Yawn,0.261,0.416,75,1
2025-02-06 15:44:21,Mild Yawn,0.184,0.338,75,1
2025-02-06 15:44:21,Mild Yawn,0.277,0.384,75,1
2025-02-06 15:44:21,Mild Yawn,0.294,0.409,75,1
2025-02-06 15:44:21,Mild Yawn,0.181,0.340,75,1
2025-02-06 15:44:21,Mild Yawn,0.278,0.400,75,1
2025-02-06 15:44:21,Mild Yawn,0.327,0.390,75,1
2025-02-06 15:44:21,Mild Yawn,0.189,0.328,75,1
2025-02-06 15:44:21,Mild Yawn,0.285,0.381,75,1
2025-02-06 15:44:21,Mild Yawn,0.333,0.401,75,1
2025-02-06 15:44:21,Mild Yawn,0.172,0.331,75,1
2025-02-06 15:44:21,Mild Yawn,0.280,0.396,75,1
2025-02-06 15:44:21,Mild Yawn,0.211,0.419,75,1
2025-02-06 15:44:21,Mild Yawn,0.189,0.330,75,1
2025-02-06 15:44:21,Mild Yawn,0.340,0.371,75,1
2025-02-06 15:44:21,Mild Yawn,0.215,0.316,75,1
2025-02-06 15:44:21,Mild Yawn,0.188,0.342,75,1
2025-02-06 15:44:21,Mild Yawn,0.333,0.366,75,1
2025-02-06 15:44:21,Mild Yawn,0.261,0.408,75,1
2025-02-06 15:44:21,Mild Yawn,0.154,0.338,75,1
2025-02-06 15:44:21,Mild Yawn,0.283,0.403,75,1
2025-02-06 15:44:21,Mild Yawn,0.328,0.409,75,1
2025-02-06 15:44:21,Mild Yawn,0.155,0.341,75,1
2025-02-06 15:44:21,Mild Yawn,0.211,0.382,75,1
2025-02-06 15:44:21,Mild Yawn,0.292,0.389,75,1
2025-02-06 15:44:21,Mild Yawn,0.199,0.339,75,1
2025-02-06 15:44:21,Mild Yawn,0.264,0.389,75,1
2025-02-06 15:44:21,Mild Yawn,0.222,0.410,75,1
2025-02-06 15:44:21,Mild Yawn,0.186,0.330,75,1
2025-02-06 15:44:21,Mild Yawn,0.270,0.363,75,1
2025-02-06 15:44:21,Mild Yawn,0.187,0.334,75,1
2025-02-06 15:44:21,Mild Yawn,0.282,0.384,75,1
2025-02-06 15:44:21,Mild Yawn,0.175,0.338,75,1
2025-02-06 15:44:21,Mild Yawn,0.326,0.406,75,1
2025-02-06 15:44:22,Mild Yawn,0.170,0.343,75,1
2025-02-06 15:44:22,Mild Yawn,0.312,0.373,75,1
2025-02-06 15:44:22,Mild Yawn,0.198,0.393,75,1
2025-02-06 15:44:22,Mild Yawn,0.189,0.348,75,1
2025-02-06 15:44:22,Mild Yawn,0.303,0.396,75,1
2025-02-06 15:44:22,Mild Yawn,0.164,0.322,75,1
2025-02-06 15:44:22,Mild Yawn,0.286,0.397,75,1
2025-02-06 15:44:22,Mild Yawn,0.271,0.389,75,1
2025-02-06 15:44:22,Mild Yawn,0.184,0.322,75,1
2025-02-06 15:44:22,Mild Yawn,0.273,0.369,75,1
2025-02-06 15:44:22,Mild Yawn,0.180,0.332,75,1
2025-02-06 15:44:22,Mild Yawn,0.261,0.377,75,1
2025-02-06 15:44:22,Mild Yawn,0.152,0.345,75,1
2025-02-06 15:44:22,Mild Yawn,0.312,0.385,75,1
2025-02-06 15:44:22,Mild Yawn,0.155,0.327,75,1
2025-02-06 15:44:22,Mild Yawn,0.366,0.381,75,1
2025-02-06 15:44:22,Mild Yawn,0.186,0.332,75,1
2025-02-06 15:44:22,Mild Yawn,0.318,0.363,75,1
2025-02-06 15:44:22,Mild Yawn,0.170,0.340,75,1
2025-02-06 15:44:22,Mild Yawn,0.295,0.401,75,1
2025-02-06 15:44:22,Mild Yawn,0.166,0.325,75,1
2025-02-06 15:44:22,Mild Yawn,0.295,0.367,75,1
2025-02-06 15:44:22,Mild Yawn,0.160,0.336,75,1
2025-02-06 15:44:22,Mild Yawn,0.192,0.345,75,1
2025-02-06 15:44:22,Mild Yawn,0.292,0.383,75,1
2025-02-06 15:44:22,Mild Yawn,0.284,0.407,75,1
2025-02-06 15:44:22,Mild Yawn,0.173,0.342,75,1
2025-02-06 15:44:22,Mild Yawn,0.312,0.391,75,1
2025-02-06 15:44:22,Mild Yawn,0.142,0.344,75,1
2025-02-06 15:44:22,Mild Yawn,0.292,0.363,75,1
2025-02-06 15:44:22,Mild Yawn,0.153,0.343,75,1
2025-02-06 15:44:22,Mild Yawn,0.307,0.398,75,1
2025-02-06 15:44:22,Mild Yawn,0.166,0.335,75,1
2025-02-06 15:44:22,Mild Yawn,0.314,0.375,75,1
2025-02-06 15:44:22,Mild Yawn,0.151,0.329,75,1
2025-02-06 15:44:22,Mild Yawn,0.167,0.329,75,1
2025-02-06 15:44:22,Mild Yawn,0.362,0.377,75,1
2025-02-06 15:44:22,Mild Yawn,0.363,0.380,75,1
2025-02-06 15:44:22,Mild Yawn,0.187,0.346,75,1
2025-02-06 15:44:22,Mild Yawn,0.348,0.389,75,1
2025-02-06 15:44:22,Mild Yawn,0.158,0.341,75,1
2025-02-06 15:44:22,Mild Yawn,0.325,0.394,75,1
2025-02-06 15:44:22,Mild Yawn,0.191,0.339,75,1
2025-02-06 15:44:22,Mild Yawn,0.295,0.392,75,1
2025-02-06 15:44:22,Mild Yawn,0.166,0.345,75,1
2025-02-06 15:44:22,Mild Yawn,0.314,0.388,75,1
2025-02-06 15:44:22,Mild Yawn,0.160,0.351,75,1
2025-02-06 15:44:22,Mild Yawn,0.283,0.371,75,1
2025-02-06 15:44:22,Mild Yawn,0.197,0.338,75,1
2025-02-06 15:44:22,Mild Yawn,0.317,0.376,75,1
2025-02-06 15:44:22,Mild Yawn,0.185,0.341,75,1
2025-02-06 15:44:22,Mild Yawn,0.274,0.388,75,1
2025-02-06 15:44:22,Mild Yawn,0.196,0.341,75,1
2025-02-06 15:44:22,Mild Yawn,0.331,0.398,75,1
2025-02-06 15:44:22,Mild Yawn,0.128,0.343,75,1
2025-02-06 15:44:22,Mild Yawn,0.298,0.388,75,1
2025-02-06 15:44:22,Mild Yawn,0.096,0.341,75,1
2025-02-06 15:44:22,Mild Yawn,0.303,0.363,75,1
2025-02-06 15:44:22,Mild Yawn,0.090,0.337,75,1
2025-02-06 15:44:22,Mild Yawn,0.325,0.389,75,1
2025-02-06 15:44:22,Mild Yawn,0.117,0.338,75,1
2025-02-06 15:44:22,Mild Yawn,0.288,0.406,75,1
2025-02-06 15:44:22,Mild Yawn,0.088,0.328,75,1
2025-02-06 15:44:22,Mild Yawn,0.340,0.371,75,1
2025-02-06 15:44:22,Mild Yawn,0.141,0.340,75,1
2025-02-06 15:44:23,Mild Yawn,0.317,0.391,75,1
2025-02-06 15:44:23,Mild Yawn,0.163,0.338,75,1
2025-02-06 15:44:23,Mild Yawn,0.327,0.405,75,1
2025-02-06 15:44:23,Mild Yawn,0.148,0.327,75,1
2025-02-06 15:44:23,Mild Yawn,0.303,0.370,75,1
2025-02-06 15:44:23,Mild Yawn,0.139,0.341,75,1
2025-02-06 15:44:23,Mild Yawn,0.287,0.360,75,1
2025-02-06 15:44:23,Mild Yawn,0.177,0.322,75,1
2025-02-06 15:44:23,Mild Yawn,0.333,0.394,75,1
2025-02-06 15:44:23,Mild Yawn,0.170,0.348,75,1
2025-02-06 15:44:23,Mild Yawn,0.265,0.380,75,1
2025-02-06 15:44:23,Mild Yawn,0.161,0.341,75,1
2025-02-06 15:44:23,Mild Yawn,0.167,0.311,75,1
2025-02-06 15:44:23,Mild Yawn,0.261,0.373,75,1
2025-02-06 15:44:23,Mild Yawn,0.172,0.331,75,1
2025-02-06 15:44:23,Mild Yawn,0.363,0.375,75,1
2025-02-06 15:44:23,Mild Yawn,0.271,0.380,75,1
2025-02-06 15:44:23,Mild Yawn,0.147,0.347,75,1
2025-02-06 15:44:23,Mild Yawn,0.333,0.400,75,1
2025-02-06 15:44:23,Mild Yawn,0.161,0.345,75,1
2025-02-06 15:44:23,Mild Yawn,0.348,0.368,75,1
2025-02-06 15:44:23,Mild Yawn,0.118,0.334,75,1
2025-02-06 15:44:23,Mild Yawn,0.347,0.376,75,1
2025-02-06 15:44:23,Mild Yawn,0.183,0.339,75,1
2025-02-06 15:44:23,Mild Yawn,0.188,0.337,75,1
2025-02-06 15:44:23,Mild Yawn,0.340,0.375,75,1
2025-02-06 15:44:23,Mild Yawn,0.163,0.335,75,1
2025-02-06 15:44:23,Mild Yawn,0.348,0.349,75,1
2025-02-06 15:44:23,Mild Yawn,0.271,0.388,75,1
2025-02-06 15:44:23,Mild Yawn,0.163,0.341,75,1
2025-02-06 15:44:23,Mild Yawn,0.291,0.383,75,1
2025-02-06 15:44:23,Mild Yawn,0.197,0.334,75,1
2025-02-06 15:44:23,Mild Yawn,0.292,0.363,75,1
2025-02-06 15:44:23,Mild Yawn,0.166,0.338,75,1
2025-02-06 15:44:23,Mild Yawn,0.181,0.326,75,1
2025-02-06 15:44:23,Mild Yawn,0.386,0.389,75,1
2025-02-06 15:44:23,Mild Yawn,0.158,0.339,75,1
2025-02-06 15:44:23,Mild Yawn,0.312,0.375,75,1
2025-02-06 15:44:23,Mild Yawn,0.169,0.337,75,1
2025-02-06 15:44:23,Mild Yawn,0.325,0.375,75,1
2025-02-06 15:44:23,Mild Yawn,0.163,0.331,75,1
2025-02-06 15:44:23,Mild Yawn,0.294,0.404,75,1
2025-02-06 15:44:23,Mild Yawn,0.176,0.327,75,1
2025-02-06 15:44:23,Mild Yawn,0.340,0.355,75,1
2025-02-06 15:44:23,Mild Yawn,0.151,0.336,75,1
2025-02-06 15:44:23,Mild Yawn,0.347,0.366,75,1
2025-02-06 15:44:23,Mild Yawn,0.340,0.390,75,1
2025-02-06 15:44:23,Mild Yawn,0.182,0.336,75,1
2025-02-06 15:44:23,Mild Yawn,0.350,0.406,75,1
2025-02-06 15:44:23,Mild Yawn,0.192,0.331,75,1
2025-02-06 15:44:23,Mild Yawn,0.181,0.327,75,1
2025-02-06 15:44:23,Mild Yawn,0.340,0.383,75,1
2025-02-06 15:44:23,Mild Yawn,0.348,0.398,75,1
2025-02-06 15:44:23,Mild Yawn,0.177,0.338,75,1
2025-02-06 15:44:23,Mild Yawn,0.350,0.375,75,1
2025-02-06 15:44:23,Mild Yawn,0.154,0.341,75,1
2025-02-06 15:44:23,Mild Yawn,0.163,0.343,75,1
2025-02-06 15:44:23,Mild Yawn,0.332,0.406,75,1
2025-02-06 15:44:23,Mild Yawn,0.307,0.367,75,1
2025-02-06 15:44:23,Mild Yawn,0.175,0.348,75,1
2025-02-06 15:44:24,Mild Yawn,0.178,0.336,75,1
2025-02-06 15:44:24,Mild Yawn,0.331,0.389,75,1
2025-02-06 15:44:24,Mild Yawn,0.185,0.335,75,1
2025-02-06 15:44:24,Mild Yawn,0.328,0.374,75,1
2025-02-06 15:44:24,Mild Yawn,0.348,0.347,75,1
2025-02-06 15:44:24,Mild Yawn,0.189,0.336,75,1
2025-02-06 15:44:24,Mild Yawn,0.312,0.364,75,1
2025-02-06 15:44:24,Mild Yawn,0.172,0.342,75,1
2025-02-06 15:44:24,Mild Yawn,0.314,0.358,75,1
2025-02-06 15:44:24,Mild Yawn,0.163,0.340,75,1
2025-02-06 15:44:24,Mild Yawn,0.169,0.343,75,1
2025-02-06 15:44:24,Mild Yawn,0.328,0.356,75,1
2025-02-06 15:44:24,Mild Yawn,0.166,0.336,75,1
2025-02-06 15:44:24,Mild Yawn,0.312,0.368,75,1
2025-02-06 15:44:24,Mild Yawn,0.305,0.366,75,1
2025-02-06 15:44:24,Mild Yawn,0.189,0.339,75,1
2025-02-06 15:44:24,Mild Yawn,0.174,0.342,75,1
2025-02-06 15:44:24,Mild Yawn,0.312,0.391,75,1
2025-02-06 15:44:24,Mild Yawn,0.166,0.326,75,1
2025-02-06 15:44:24,Mild Yawn,0.295,0.380,75,1
2025-02-06 15:44:24,Mild Yawn,0.173,0.324,75,1
2025-02-06 15:44:24,Mild Yawn,0.317,0.417,75,1
2025-02-06 15:44:24,Mild Yawn,0.237,0.398,75,1
2025-02-06 15:44:24,Mild Yawn,0.164,0.333,75,1
2025-02-06 15:44:24,Mild Yawn,0.344,0.394,75,1
2025-02-06 15:44:24,Mild Yawn,0.196,0.319,75,1
2025-02-06 15:44:24,Mild Yawn,0.253,0.484,75,1
2025-02-06 15:44:24,Mild Yawn,0.328,0.406,75,1
2025-02-06 15:44:24,Mild Yawn,0.213,0.332,75,1
2025-02-06 15:44:24,Mild Yawn,0.290,0.498,75,1
2025-02-06 15:44:24,Mild Yawn,0.335,0.385,75,1
2025-02-06 15:44:24,Mild Yawn,0.172,0.338,75,1
2025-02-06 15:44:24,Mild Yawn,0.274,0.414,75,1
2025-02-06 15:44:24,Mild Yawn,0.282,0.411,75,1
2025-02-06 15:44:24,Mild Yawn,0.178,0.327,75,1
2025-02-06 15:44:24,Mild Yawn,0.295,0.457,75,1
2025-02-06 15:44:24,Mild Yawn,0.305,0.406,75,1
2025-02-06 15:44:24,Mild Yawn,0.142,0.354,75,1
2025-02-06 15:44:24,Mild Yawn,0.306,0.406,75,1
2025-02-06 15:44:24,Mild Yawn,0.297,0.361,75,1
2025-02-06 15:44:24,Mild Yawn,0.094,0.340,75,1
2025-02-06 15:44:24,Mild Yawn,0.295,0.396,75,1
2025-02-06 15:44:24,Mild Yawn,0.267,0.507,75,1
2025-02-06 15:44:24,Mild Yawn,0.108,0.331,75,1
2025-02-06 15:44:24,Mild Yawn,0.306,0.417,75,1
2025-02-06 15:44:24,Mild Yawn,0.282,0.417,75,1
2025-02-06 15:44:24,Mild Yawn,0.093,0.349,75,1
2025-02-06 15:44:24,Mild Yawn,0.270,0.399,75,1
2025-02-06 15:44:24,Mild Yawn,0.265,0.435,75,1
2025-02-06 15:44:24,Mild Yawn,0.133,0.343,75,1
2025-02-06 15:44:24,Mild Yawn,0.306,0.374,75,1
2025-02-06 15:44:24,Mild Yawn,0.199,0.380,75,1
2025-02-06 15:44:24,Mild Yawn,0.097,0.382,75,1
2025-02-06 15:44:24,Mild Yawn,0.321,0.389,75,1
2025-02-06 15:44:24,Mild Yawn,0.219,0.397,75,1
2025-02-06 15:44:24,Mild Yawn,0.103,0.409,75,1
2025-02-06 15:44:24,Mild Yawn,0.306,0.393,75,1
2025-02-06 15:44:24,Mild Yawn,0.199,0.424,75,1
2025-02-06 15:44:24,Mild Yawn,0.124,0.431,75,1
2025-02-06 15:44:24,Mild Yawn,0.302,0.383,75,1
2025-02-06 15:44:24,Mild Yawn,0.228,0.428,75,1
2025-02-06 15:44:24,Mild Yawn,0.119,0.464,75,1
2025-02-06 15:44:24,Mild Yawn,0.261,0.364,75,1
2025-02-06 15:44:24,Mild Yawn,0.269,0.407,75,1
2025-02-06 15:44:24,Mild Yawn,0.130,0.505,75,1
2025-02-06 15:44:24,Mild Yawn,0.253,0.381,75,1
2025-02-06 15:44:24,Mild Yawn,0.275,0.347,75,1
2025-02-06 15:44:24,Mild Yawn,0.131,0.493,75,1
2025-02-06 15:44:24,Mild Yawn,0.330,0.398,75,1
2025-02-06 15:44:24,Mild Yawn,0.277,0.443,75,1
2025-02-06 15:44:24,Mild Yawn,0.155,0.476,75,1
2025-02-06 15:44:24,Mild Yawn,0.261,0.390,75,1
2025-02-06 15:44:24,Mild Yawn,0.286,0.511,75,1
2025-02-06 15:44:24,Mild Yawn,0.146,0.471,75,1
2025-02-06 15:44:24,Mild Yawn,0.299,0.354,75,1
2025-02-06 15:44:24,Mild Yawn,0.274,0.508,75,1
2025-02-06 15:44:24,Mild Yawn,0.171,0.496,75,1
2025-02-06 15:44:24,Mild Yawn,0.276,0.405,75,1
2025-02-06 15:44:25,Mild Yawn,0.284,0.492,75,1
2025-02-06 15:44:25,Mild Yawn,0.167,0.498,75,1
2025-02-06 15:44:25,Mild Yawn,0.270,0.377,75,1
2025-02-06 15:44:25,Mild Yawn,0.276,0.490,75,1
2025-02-06 15:44:25,Mild Yawn,0.312,0.361,75,1
2025-02-06 15:44:25,Mild Yawn,0.126,0.471,75,1
2025-02-06 15:44:25,Mild Yawn,0.213,0.511,75,1
2025-02-06 15:44:25,SLEEPING !!!,0.147,0.375,75,1
2025-02-06 15:44:25,Mild Yawn,0.295,0.397,76,1
2025-02-06 15:44:25,Mild Yawn,0.225,0.555,76,1
2025-02-06 15:44:25,Mild Yawn,0.171,0.332,76,1
2025-02-06 15:44:25,Mild Yawn,0.261,0.398,76,1
2025-02-06 15:44:25,Mild Yawn,0.231,0.521,76,1
2025-02-06 15:44:25,Mild Yawn,0.273,0.383,76,1
2025-02-06 15:44:25,Mild Yawn,0.162,0.331,76,1
2025-02-06 15:44:25,Mild Yawn,0.262,0.497,76,1
2025-02-06 15:44:25,Mild Yawn,0.164,0.324,76,1
2025-02-06 15:44:25,Mild Yawn,0.294,0.416,76,1
2025-02-06 15:44:25,Mild Yawn,0.309,0.459,76,1
2025-02-06 15:44:25,Mild Yawn,0.294,0.388,76,1
2025-02-06 15:44:25,Mild Yawn,0.174,0.318,76,1
2025-02-06 15:44:25,Mild Yawn,0.307,0.382,76,1
2025-02-06 15:44:25,Mild Yawn,0.175,0.340,76,1
2025-02-06 15:44:25,Mild Yawn,0.317,0.397,76,1
2025-02-06 15:44:25,Mild Yawn,0.173,0.338,76,1
2025-02-06 15:44:25,Mild Yawn,0.329,0.397,76,1
2025-02-06 15:44:25,Mild Yawn,0.182,0.339,76,1
2025-02-06 15:44:25,Mild Yawn,0.298,0.397,76,1
2025-02-06 15:44:25,Mild Yawn,0.157,0.339,76,1
2025-02-06 15:44:25,Mild Yawn,0.295,0.404,76,1
2025-02-06 15:44:25,Mild Yawn,0.163,0.369,76,1
2025-02-06 15:44:25,Mild Yawn,0.325,0.397,76,1
2025-02-06 15:44:25,Mild Yawn,0.144,0.402,76,1
2025-02-06 15:44:25,Mild Yawn,0.115,0.439,76,1
2025-02-06 15:44:25,Mild Yawn,0.280,0.382,76,1
2025-02-06 15:44:25,Mild Yawn,0.117,0.428,76,1
2025-02-06 15:44:25,Mild Yawn,0.274,0.395,76,1
2025-02-06 15:44:25,Mild Yawn,0.272,0.387,76,1
2025-02-06 15:44:25,Mild Yawn,0.110,0.451,76,1
2025-02-06 15:44:25,Mild Yawn,0.285,0.409,76,1
2025-02-06 15:44:25,Mild Yawn,0.105,0.464,76,1
2025-02-06 15:44:25,Mild Yawn,0.295,0.409,76,1
2025-02-06 15:44:25,Mild Yawn,0.132,0.460,76,1
2025-02-06 15:44:25,Mild Yawn,0.317,0.389,76,1
2025-02-06 15:44:25,Mild Yawn,0.116,0.442,76,1
2025-02-06 15:44:25,Mild Yawn,0.286,0.416,76,1
2025-02-06 15:44:25,Mild Yawn,0.112,0.408,76,1
2025-02-06 15:44:25,Mild Yawn,0.305,0.409,76,1
2025-02-06 15:44:25,Mild Yawn,0.136,0.376,76,1
2025-02-06 15:44:25,Mild Yawn,0.273,0.437,76,1
2025-02-06 15:44:25,Mild Yawn,0.134,0.374,76,1
2025-02-06 15:44:25,Mild Yawn,0.146,0.368,76,1
2025-02-06 15:44:25,Mild Yawn,0.353,0.415,76,1
2025-02-06 15:44:25,Mild Yawn,0.157,0.384,76,1
2025-02-06 15:44:25,Mild Yawn,0.328,0.389,76,1
2025-02-06 15:44:25,Mild Yawn,0.163,0.387,76,1
2025-02-06 15:44:25,Mild Yawn,0.317,0.383,76,1
2025-02-06 15:44:25,Mild Yawn,0.142,0.375,76,1
2025-02-06 15:44:25,Mild Yawn,0.282,0.416,76,1
2025-02-06 15:44:25,Mild Yawn,0.171,0.376,76,1
2025-02-06 15:44:25,Mild Yawn,0.250,0.420,76,1
2025-02-06 15:44:25,Mild Yawn,0.172,0.365,76,1
2025-02-06 15:44:25,Mild Yawn,0.321,0.397,76,1
2025-02-06 15:44:26,Mild Yawn,0.169,0.367,76,1
2025-02-06 15:44:26,Mild Yawn,0.333,0.408,76,1
2025-02-06 15:44:26,Mild Yawn,0.161,0.341,76,1
2025-02-06 15:44:26,Mild Yawn,0.232,0.435,76,1
2025-02-06 15:44:26,SLEEPING !!!,0.138,0.347,76,1
2025-02-06 15:44:26,Mild Yawn,0.262,0.486,77,1
2025-02-06 15:44:26,Mild Yawn,0.150,0.333,77,1
2025-02-06 15:44:26,Mild Yawn,0.272,0.504,77,1
2025-02-06 15:44:26,Mild Yawn,0.138,0.333,77,1
2025-02-06 15:44:26,Mild Yawn,0.264,0.535,77,1
2025-02-06 15:44:26,Mild Yawn,0.147,0.366,77,1
2025-02-06 15:44:26,Mild Yawn,0.319,0.483,77,1
2025-02-06 15:44:26,Mild Yawn,0.210,0.339,77,1
2025-02-06 15:44:26,Mild Yawn,0.295,0.504,77,1
2025-02-06 15:44:26,Mild Yawn,0.229,0.345,77,1
2025-02-06 15:44:26,Mild Yawn,0.261,0.469,77,1
2025-02-06 15:44:26,Mild Yawn,0.216,0.339,77,1
2025-02-06 15:44:26,Mild Yawn,0.261,0.449,77,1
2025-02-06 15:44:26,Mild Yawn,0.186,0.344,77,1
2025-02-06 15:44:26,Mild Yawn,0.261,0.421,77,1
2025-02-06 15:44:26,Mild Yawn,0.156,0.352,77,1
2025-02-06 15:44:26,Mild Yawn,0.215,0.414,77,1
2025-02-06 15:44:26,SLEEPING !!!,0.221,0.378,77,1
2025-02-06 15:44:26,Mild Yawn,0.261,0.477,78,1
2025-02-06 15:44:26,Mild Yawn,0.213,0.344,78,1
2025-02-06 15:44:26,Mild Yawn,0.257,0.420,78,1
2025-02-06 15:44:26,Mild Yawn,0.221,0.408,78,1
2025-02-06 15:44:26,Mild Yawn,0.217,0.349,78,1
2025-02-06 15:44:26,SLEEPING !!!,0.215,0.327,78,1
2025-02-06 15:44:26,Mild Yawn,0.289,0.407,79,1
2025-02-06 15:44:26,Mild Yawn,0.229,0.342,79,1
2025-02-06 15:44:26,Mild Yawn,0.198,0.355,79,1
2025-02-06 15:44:26,Mild Yawn,0.255,0.441,79,1
2025-02-06 15:44:26,Mild Yawn,0.206,0.347,79,1
2025-02-06 15:44:26,Mild Yawn,0.201,0.329,79,1
2025-02-06 15:44:26,SLEEPING !!!,0.180,0.339,79,1
2025-02-06 15:44:26,SLEEPING !!!,0.188,0.344,79,1
2025-02-06 15:44:26,SLEEPING !!!,0.183,0.337,79,1
2025-02-06 15:44:26,SLEEPING !!!,0.170,0.349,79,1
2025-02-06 15:44:26,Moderate Yawn !,0.379,0.619,80,1
2025-02-06 15:44:26,Mild Yawn,0.186,0.362,80,1
2025-02-06 15:44:26,Mild Yawn,0.226,0.463,80,1
2025-02-06 15:44:26,Mild Yawn,0.264,0.471,80,1
2025-02-06 15:44:26,Mild Yawn,0.189,0.355,80,1
2025-02-06 15:44:26,Mild Yawn,0.190,0.348,80,1
2025-02-06 15:44:26,Mild Yawn,0.255,0.469,80,1
2025-02-06 15:44:26,Mild Yawn,0.213,0.337,80,1
2025-02-06 15:44:26,Mild Yawn,0.217,0.477,80,1
2025-02-06 15:44:26,SLEEPING !!!,0.220,0.328,80,1
2025-02-06 15:44:26,SLEEPING !!!,0.221,0.463,80,1
2025-02-06 15:44:26,SLEEPING !!!,0.223,0.334,80,1
2025-02-06 15:44:26,Mild Yawn,0.261,0.446,81,1
2025-02-06 15:44:26,Mild Yawn,0.198,0.326,81,1
2025-02-06 15:44:26,Mild Yawn,0.221,0.463,81,1
2025-02-06 15:44:27,SLEEPING !!!,0.176,0.341,81,1
2025-02-06 15:44:27,Mild Yawn,0.267,0.442,81,1
2025-02-06 15:44:27,Mild Yawn,0.193,0.322,81,1
2025-02-06 15:44:27,Mild Yawn,0.244,0.432,81,1
2025-02-06 15:44:27,SLEEPING !!!,0.177,0.345,81,1
2025-02-06 15:44:27,SLEEPING !!!,0.235,0.464,81,1
2025-02-06 15:44:27,SLEEPING !!!,0.182,0.350,81,1
2025-02-06 15:44:27,SLEEPING !!!,0.221,0.426,81,1
2025-02-06 15:44:27,SLEEPING !!!,0.168,0.326,81,1
2025-02-06 15:44:27,Mild Yawn,0.267,0.446,82,1
2025-02-06 15:44:27,Mild Yawn,0.183,0.329,82,1
2025-02-06 15:44:27,Mild Yawn,0.286,0.461,82,1
2025-02-06 15:44:27,Mild Yawn,0.182,0.323,82,1
2025-02-06 15:44:27,Mild Yawn,0.314,0.464,82,1
2025-02-06 15:44:27,Mild Yawn,0.190,0.334,82,1
2025-02-06 15:44:27,Mild Yawn,0.286,0.434,82,1
2025-02-06 15:44:27,Mild Yawn,0.187,0.315,82,1
2025-02-06 15:44:27,Mild Yawn,0.286,0.434,82,1
2025-02-06 15:44:27,Mild Yawn,0.163,0.322,82,1
2025-02-06 15:44:27,Mild Yawn,0.290,0.405,82,1
2025-02-06 15:44:27,Mild Yawn,0.174,0.339,82,1
2025-02-06 15:44:27,Mild Yawn,0.312,0.410,82,1
2025-02-06 15:44:27,Mild Yawn,0.176,0.330,82,1
2025-02-06 15:44:27,Mild Yawn,0.290,0.427,82,1
2025-02-06 15:44:27,Mild Yawn,0.174,0.315,82,1
2025-02-06 15:44:27,Mild Yawn,0.184,0.316,82,1
2025-02-06 15:44:27,SLEEPING !!!,0.157,0.319,82,1
2025-02-06 15:44:27,Mild Yawn,0.274,0.439,83,1
2025-02-06 15:44:27,Mild Yawn,0.166,0.331,83,1
2025-02-06 15:44:27,Mild Yawn,0.191,0.326,83,1
2025-02-06 15:44:27,SLEEPING !!!,0.174,0.305,83,1
2025-02-06 15:44:27,SLEEPING !!!,0.190,0.322,83,1
2025-02-06 15:44:27,SLEEPING !!!,0.190,0.355,83,1
2025-02-06 15:44:27,SLEEPING !!!,0.153,0.335,83,1
2025-02-06 15:44:27,SLEEPING !!!,0.171,0.327,83,1
2025-02-06 15:44:27,SLEEPING !!!,0.175,0.351,83,1
2025-02-06 15:44:27,Mild Yawn,0.254,0.384,84,1
2025-02-06 15:44:27,Mild Yawn,0.237,0.426,84,1
2025-02-06 15:44:27,Mild Yawn,0.213,0.443,84,1
2025-02-06 15:44:27,SLEEPING !!!,0.203,0.485,84,1
2025-02-06 15:44:27,SLEEPING !!!,0.212,0.490,84,1
2025-02-06 15:44:27,SLEEPING !!!,0.213,0.471,84,1
2025-02-06 15:44:27,Mild Yawn,0.305,0.457,85,1
2025-02-06 15:44:27,Mild Yawn,0.254,0.465,85,1
2025-02-06 15:44:28,Mild Yawn,0.212,0.452,85,1
2025-02-06 15:44:28,Mild Yawn,0.234,0.439,85,1
2025-02-06 15:44:28,SLEEPING !!!,0.208,0.422,85,1
2025-02-06 15:44:28,SLEEPING !!!,0.242,0.452,85,1
2025-02-06 15:44:28,SLEEPING !!!,0.235,0.433,85,1
2025-02-06 15:44:28,Mild Yawn,0.303,0.421,86,1
2025-02-06 15:44:28,Mild Yawn,0.172,0.434,86,1
2025-02-06 15:44:28,Mild Yawn,0.280,0.462,86,1
2025-02-06 15:44:28,Mild Yawn,0.199,0.415,86,1
2025-02-06 15:44:28,Mild Yawn,0.297,0.417,86,1
2025-02-06 15:44:28,Mild Yawn,0.200,0.411,86,1
2025-02-06 15:44:28,Mild Yawn,0.207,0.424,86,1
2025-02-06 15:44:28,Mild Yawn,0.303,0.428,86,1
2025-02-06 15:44:28,Mild Yawn,0.193,0.422,86,1
2025-02-06 15:44:28,Mild Yawn,0.180,0.421,86,1
2025-02-06 15:44:28,SLEEPING !!!,0.189,0.445,86,1
2025-02-06 15:44:28,SLEEPING !!!,0.197,0.440,86,1
2025-02-06 15:44:28,SLEEPING !!!,0.195,0.414,86,1
2025-02-06 15:44:28,SLEEPING !!!,0.168,0.380,86,1
2025-02-06 15:44:28,SLEEPING !!!,0.156,0.395,86,1
2025-02-06 15:44:28,SLEEPING !!!,0.154,0.370,86,1
2025-02-06 15:44:28,SLEEPING !!!,0.133,0.367,86,1
2025-02-06 15:44:28,SLEEPING !!!,0.184,0.408,86,1
2025-02-06 15:44:28,SLEEPING !!!,0.210,0.392,86,1
2025-02-06 15:44:28,SLEEPING !!!,0.221,0.347,86,1
2025-02-06 15:44:28,SLEEPING !!!,0.208,0.340,86,1
2025-02-06 15:44:28,SLEEPING !!!,0.202,0.346,86,1
2025-02-06 15:44:28,SLEEPING !!!,0.241,0.351,86,1
2025-02-06 15:44:28,SLEEPING !!!,0.182,0.393,86,1
2025-02-06 15:44:28,SLEEPING !!!,0.189,0.392,86,1
2025-02-06 15:44:28,SLEEPING !!!,0.212,0.408,86,1
2025-02-06 15:44:28,SLEEPING !!!,0.167,0.432,86,1
2025-02-06 15:44:28,SLEEPING !!!,0.146,0.418,86,1
2025-02-06 15:44:28,SLEEPING !!!,0.148,0.391,86,1
2025-02-06 15:44:28,SLEEPING !!!,0.176,0.429,86,1
2025-02-06 15:44:28,Mild Yawn,0.289,0.418,87,1
2025-02-06 15:44:28,Mild Yawn,0.214,0.391,87,1
2025-02-06 15:44:28,Mild Yawn,0.242,0.340,87,1
2025-02-06 15:44:29,Mild Yawn,0.258,0.342,87,1
2025-02-06 15:44:29,Mild Yawn,0.203,0.366,87,1
2025-02-06 15:44:29,Mild Yawn,0.186,0.388,87,1
2025-02-06 15:44:29,SLEEPING !!!,0.216,0.419,87,1
2025-02-06 15:44:29,SLEEPING !!!,0.185,0.388,87,1
2025-02-06 15:44:29,SLEEPING !!!,0.194,0.345,87,1
2025-02-06 15:44:29,SLEEPING !!!,0.180,0.320,87,1
2025-02-06 15:44:29,SLEEPING !!!,0.179,0.317,87,1
2025-02-06 15:44:29,SLEEPING !!!,0.194,0.301,87,1
2025-02-06 15:44:29,SLEEPING !!!,0.184,0.351,87,1
2025-02-06 15:44:29,SLEEPING !!!,0.153,0.312,87,1
2025-02-06 15:44:29,SLEEPING !!!,0.154,0.330,87,1
2025-02-06 15:44:29,SLEEPING !!!,0.160,0.349,87,1
2025-02-06 15:44:29,SLEEPING !!!,0.178,0.343,87,1
2025-02-06 15:44:30,Mild Yawn,0.369,0.412,88,1
2025-02-06 15:44:30,Mild Yawn,0.352,0.434,88,1
2025-02-06 15:44:30,Mild Yawn,0.359,0.422,88,1
2025-02-06 15:44:31,Mild Yawn,0.366,0.408,88,1
2025-02-06 15:44:31,Mild Yawn,0.312,0.447,88,1
2025-02-06 15:44:33,Mild Yawn,0.245,0.503,88,1
2025-02-06 15:44:33,Mild Yawn,0.261,0.496,88,1
2025-02-06 15:44:33,Mild Yawn,0.222,0.537,88,1
2025-02-06 15:44:33,Mild Yawn,0.267,0.556,88,1
2025-02-06 15:44:33,Moderate Yawn !,0.264,0.605,88,1
2025-02-06 15:44:33,Moderate Yawn !,0.259,0.666,88,1
2025-02-06 15:44:33,Mild Yawn,0.295,0.599,88,1
2025-02-06 15:44:33,Mild Yawn,0.271,0.596,88,1
2025-02-06 15:44:33,Moderate Yawn !,0.241,0.655,88,1
2025-02-06 15:44:40,Mild Yawn,0.316,0.522,88,1
2025-02-06 15:44:40,Mild Yawn,0.291,0.505,88,1
2025-02-06 15:44:40,Mild Yawn,0.284,0.511,88,1
2025-02-06 15:44:40,Mild Yawn,0.243,0.476,88,1
2025-02-06 15:44:40,Mild Yawn,0.319,0.419,88,1
2025-02-06 15:44:40,Mild Yawn,0.313,0.479,88,1
2025-02-06 15:44:40,Mild Yawn,0.306,0.524,88,1
2025-02-06 15:44:40,Mild Yawn,0.238,0.508,88,1
2025-02-06 15:44:40,Mild Yawn,0.245,0.459,88,1
2025-02-06 15:44:40,Mild Yawn,0.272,0.452,88,1
2025-02-06 15:44:40,Mild Yawn,0.298,0.469,88,1
2025-02-06 15:44:40,Mild Yawn,0.305,0.437,88,1
2025-02-06 15:44:40,Mild Yawn,0.345,0.453,88,1
2025-02-06 15:44:40,Mild Yawn,0.299,0.447,88,1
2025-02-06 15:44:41,Mild Yawn,0.200,0.596,88,1
2025-02-06 15:44:41,Moderate Yawn !,0.200,0.603,88,1
2025-02-06 15:44:41,SLEEPING !!!,0.212,0.611,88,1
2025-02-06 15:44:41,SLEEPING !!!,0.212,0.618,88,1
2025-02-06 15:44:41,SLEEPING !!!,0.212,0.610,88,1
2025-02-06 15:44:41,SLEEPING !!!,0.219,0.607,88,1
2025-02-06 15:44:41,SLEEPING !!!,0.228,0.616,88,1
2025-02-06 15:44:41,SLEEPING !!!,0.229,0.595,88,1
2025-02-06 15:44:41,Mild Yawn,0.279,0.449,89,1
2025-02-06 15:44:41,Moderate Yawn !,0.227,0.604,89,1
2025-02-06 15:44:41,Mild Yawn,0.277,0.330,89,1
2025-02-06 15:44:41,Mild Yawn,0.253,0.450,89,1
2025-02-06 15:44:41,Mild Yawn,0.250,0.593,89,1
2025-02-06 15:44:41,Mild Yawn,0.304,0.323,89,1
2025-02-06 15:44:41,Mild Yawn,0.295,0.491,89,1
2025-02-06 15:44:41,Mild Yawn,0.247,0.587,89,1
2025-02-06 15:44:41,Mild Yawn,0.296,0.331,89,1
2025-02-06 15:44:41,Mild Yawn,0.272,0.431,89,1
2025-02-06 15:44:41,Mild Yawn,0.241,0.593,89,1
2025-02-06 15:44:41,Mild Yawn,0.340,0.442,89,1
2025-02-06 15:44:41,Mild Yawn,0.316,0.361,89,1
2025-02-06 15:44:41,Mild Yawn,0.250,0.593,89,1
2025-02-06 15:44:41,Mild Yawn,0.358,0.415,89,1
2025-02-06 15:44:41,Mild Yawn,0.303,0.334,89,1
2025-02-06 15:44:41,Mild Yawn,0.246,0.589,89,1
2025-02-06 15:44:41,Mild Yawn,0.349,0.436,89,1
2025-02-06 15:44:41,Mild Yawn,0.344,0.324,89,1
2025-02-06 15:44:41,Moderate Yawn !,0.250,0.604,89,1
2025-02-06 15:44:41,Mild Yawn,0.297,0.300,89,1
2025-02-06 15:44:41,Mild Yawn,0.340,0.483,89,1
2025-02-06 15:44:41,Moderate Yawn !,0.250,0.615,89,1
2025-02-06 15:44:41,Mild Yawn,0.333,0.442,89,1
2025-02-06 15:44:41,Mild Yawn,0.327,0.294,89,1
2025-02-06 15:44:41,Mild Yawn,0.291,0.428,89,1
2025-02-06 15:44:41,Moderate Yawn !,0.264,0.613,89,1
2025-02-06 15:44:41,Mild Yawn,0.313,0.285,89,1
2025-02-06 15:44:41,Mild Yawn,0.315,0.457,89,1
2025-02-06 15:44:41,Moderate Yawn !,0.260,0.635,89,1
2025-02-06 15:44:41,Mild Yawn,0.293,0.448,89,1
2025-02-06 15:44:41,Mild Yawn,0.305,0.278,89,1
2025-02-06 15:44:41,Moderate Yawn !,0.265,0.608,89,1
2025-02-06 15:44:41,Mild Yawn,0.295,0.421,89,1
2025-02-06 15:44:41,Mild Yawn,0.264,0.277,89,1
2025-02-06 15:44:41,Mild Yawn,0.325,0.499,89,1
2025-02-06 15:44:41,Moderate Yawn !,0.246,0.607,89,1
2025-02-06 15:44:41,Mild Yawn,0.264,0.533,89,1
2025-02-06 15:44:41,Mild Yawn,0.313,0.415,89,1
2025-02-06 15:44:41,Mild Yawn,0.353,0.336,89,1
2025-02-06 15:44:41,Moderate Yawn !,0.255,0.617,89,1
2025-02-06 15:44:41,Mild Yawn,0.267,0.559,89,1
2025-02-06 15:44:41,Mild Yawn,0.324,0.429,89,1
2025-02-06 15:44:41,Mild Yawn,0.281,0.290,89,1
2025-02-06 15:44:41,Moderate Yawn !,0.251,0.615,89,1
2025-02-06 15:44:41,Mild Yawn,0.335,0.437,89,1
2025-02-06 15:44:41,Mild Yawn,0.298,0.285,89,1
2025-02-06 15:44:41,Mild Yawn,0.275,0.493,89,1
2025-02-06 15:44:41,Moderate Yawn !,0.250,0.610,89,1
2025-02-06 15:44:41,Mild Yawn,0.398,0.392,89,1
2025-02-06 15:44:41,Mild Yawn,0.282,0.493,89,1
2025-02-06 15:44:41,Mild Yawn,0.291,0.327,89,1
2025-02-06 15:44:41,Moderate Yawn !,0.260,0.647,89,1
2025-02-06 15:44:41,Mild Yawn,0.357,0.409,89,1
2025-02-06 15:44:41,Mild Yawn,0.350,0.538,89,1
2025-02-06 15:44:41,Mild Yawn,0.287,0.305,89,1
2025-02-06 15:44:41,Moderate Yawn !,0.263,0.634,89,1
2025-02-06 15:44:41,Mild Yawn,0.378,0.527,89,1
2025-02-06 15:44:41,Mild Yawn,0.266,0.301,89,1
2025-02-06 15:44:41,Mild Yawn,0.298,0.386,89,1
2025-02-06 15:44:41,Moderate Yawn !,0.245,0.631,89,1
2025-02-06 15:44:41,Mild Yawn,0.261,0.427,89,1
2025-02-06 15:44:41,Mild Yawn,0.270,0.294,89,1
2025-02-06 15:44:41,Moderate Yawn !,0.255,0.648,89,1
2025-02-06 15:44:41,Mild Yawn,0.298,0.303,89,1
2025-02-06 15:44:41,Mild Yawn,0.340,0.396,89,1
2025-02-06 15:44:41,Mild Yawn,0.342,0.501,89,1
2025-02-06 15:44:41,Moderate Yawn !,0.263,0.610,89,1
2025-02-06 15:44:41,Mild Yawn,0.304,0.330,89,1
2025-02-06 15:44:41,Mild Yawn,0.260,0.423,89,1
2025-02-06 15:44:41,Mild Yawn,0.322,0.561,89,1
2025-02-06 15:44:42,Mild Yawn,0.232,0.585,89,1
2025-02-06 15:44:42,Mild Yawn,0.274,0.431,89,1
2025-02-06 15:44:42,Mild Yawn,0.298,0.491,89,1
2025-02-06 15:44:42,Mild Yawn,0.384,0.566,89,1
2025-02-06 15:44:42,Moderate Yawn !,0.203,0.645,89,1
2025-02-06 15:44:42,Mild Yawn,0.321,0.535,89,1
2025-02-06 15:44:42,Mild Yawn,0.322,0.409,89,1
2025-02-06 15:44:42,Mild Yawn,0.283,0.294,89,1
2025-02-06 15:44:42,Moderate Yawn !,0.138,0.610,89,1
2025-02-06 15:44:42,Mild Yawn,0.215,0.394,89,1
2025-02-06 15:44:42,Mild Yawn,0.288,0.561,89,1
2025-02-06 15:44:42,Mild Yawn,0.298,0.301,89,1
2025-02-06 15:44:42,Mild Yawn,0.122,0.576,89,1
2025-02-06 15:44:42,Mild Yawn,0.289,0.576,89,1
2025-02-06 15:44:42,Mild Yawn,0.241,0.405,89,1
2025-02-06 15:44:42,Mild Yawn,0.260,0.317,89,1
2025-02-06 15:44:42,Mild Yawn,0.148,0.598,89,1
2025-02-06 15:44:42,Mild Yawn,0.403,0.580,89,1
2025-02-06 15:44:42,Mild Yawn,0.253,0.409,89,1
2025-02-06 15:44:42,Mild Yawn,0.258,0.305,89,1
2025-02-06 15:44:42,Moderate Yawn !,0.162,0.642,89,1
2025-02-06 15:44:42,Mild Yawn,0.310,0.520,89,1
2025-02-06 15:44:42,Mild Yawn,0.238,0.385,89,1
2025-02-06 15:44:42,Mild Yawn,0.284,0.310,89,1
2025-02-06 15:44:42,Moderate Yawn !,0.159,0.665,89,1
2025-02-06 15:44:42,Mild Yawn,0.295,0.277,89,1
2025-02-06 15:44:42,Mild Yawn,0.311,0.513,89,1
2025-02-06 15:44:42,Mild Yawn,0.293,0.432,89,1
2025-02-06 15:44:42,Moderate Yawn !,0.140,0.687,89,1
2025-02-06 15:44:42,Mild Yawn,0.277,0.294,89,1
2025-02-06 15:44:42,Mild Yawn,0.251,0.437,89,1
2025-02-06 15:44:42,Mild Yawn,0.273,0.503,89,1
2025-02-06 15:44:42,Moderate Yawn !,0.147,0.675,89,1
2025-02-06 15:44:42,Mild Yawn,0.278,0.262,89,1
2025-02-06 15:44:42,Mild Yawn,0.299,0.398,89,1
2025-02-06 15:44:42,Moderate Yawn !,0.127,0.696,89,1
2025-02-06 15:44:42,Mild Yawn,0.295,0.237,89,1
2025-02-06 15:44:42,Mild Yawn,0.269,0.454,89,1
2025-02-06 15:44:42,Moderate Yawn !,0.177,0.682,89,1
2025-02-06 15:44:42,Mild Yawn,0.266,0.277,89,1
2025-02-06 15:44:42,Mild Yawn,0.272,0.433,89,1
2025-02-06 15:44:42,Moderate Yawn !,0.199,0.670,89,1
2025-02-06 15:44:42,Mild Yawn,0.291,0.343,89,1
2025-02-06 15:44:42,Moderate Yawn !,0.241,0.674,89,1
2025-02-06 15:44:42,Mild Yawn,0.328,0.350,89,1
2025-02-06 15:44:42,Moderate Yawn !,0.260,0.661,89,1
2025-02-06 15:44:42,Mild Yawn,0.289,0.325,89,1
2025-02-06 15:44:42,Moderate Yawn !,0.255,0.654,89,1
2025-02-06 15:44:42,Mild Yawn,0.286,0.341,89,1
2025-02-06 15:44:42,Moderate Yawn !,0.241,0.685,89,1
2025-02-06 15:44:42,Mild Yawn,0.300,0.315,89,1
2025-02-06 15:44:42,Moderate Yawn !,0.259,0.749,89,1
2025-02-06 15:44:42,Mild Yawn,0.277,0.340,89,1
2025-02-06 15:44:42,Moderate Yawn !,0.268,0.780,89,1
2025-02-06 15:44:42,Mild Yawn,0.240,0.319,89,1
2025-02-06 15:44:42,Moderate Yawn !,0.273,0.755,89,1
2025-02-06 15:44:42,Mild Yawn,0.248,0.325,89,1
2025-02-06 15:44:42,Moderate Yawn !,0.268,0.699,89,1
2025-02-06 15:44:42,Mild Yawn,0.265,0.325,89,1
2025-02-06 15:44:42,Moderate Yawn !,0.259,0.686,89,1
2025-02-06 15:44:42,Mild Yawn,0.321,0.328,89,1
2025-02-06 15:44:42,Moderate Yawn !,0.242,0.666,89,1
2025-02-06 15:44:42,Mild Yawn,0.270,0.278,89,1
2025-02-06 15:44:42,Moderate Yawn !,0.260,0.651,89,1
2025-02-06 15:44:42,Mild Yawn,0.247,0.335,89,1
2025-02-06 15:44:42,Moderate Yawn !,0.247,0.621,89,1
2025-02-06 15:44:42,Mild Yawn,0.251,0.306,89,1
2025-02-06 15:44:42,Moderate Yawn !,0.246,0.625,89,1
2025-02-06 15:44:42,Mild Yawn,0.200,0.340,89,1
2025-02-06 15:44:42,SLEEPING !!!,0.245,0.601,89,1
2025-02-06 15:44:42,Mild Yawn,0.315,0.340,90,1
2025-02-06 15:44:42,Mild Yawn,0.241,0.596,90,1
2025-02-06 15:44:42,Mild Yawn,0.262,0.339,90,1
2025-02-06 15:44:42,Moderate Yawn !,0.246,0.605,90,1
2025-02-06 15:44:42,Mild Yawn,0.291,0.311,90,1
2025-02-06 15:44:42,Moderate Yawn !,0.251,0.608,90,1
2025-02-06 15:44:42,Mild Yawn,0.299,0.294,90,1
2025-02-06 15:44:42,Moderate Yawn !,0.281,0.624,90,1
2025-02-06 15:44:42,Mild Yawn,0.274,0.344,90,1
2025-02-06 15:44:42,Moderate Yawn !,0.263,0.616,90,1
2025-02-06 15:44:42,Mild Yawn,0.267,0.305,90,1
2025-02-06 15:44:43,Moderate Yawn !,0.242,0.616,90,1
2025-02-06 15:44:43,Mild Yawn,0.320,0.335,90,1
2025-02-06 15:44:43,Mild Yawn,0.230,0.593,90,1
2025-02-06 15:44:43,Mild Yawn,0.285,0.319,90,1
2025-02-06 15:44:43,Moderate Yawn !,0.259,0.601,90,1
2025-02-06 15:44:43,Mild Yawn,0.279,0.288,90,1
2025-02-06 15:44:43,Moderate Yawn !,0.254,0.622,90,1
2025-02-06 15:44:43,Mild Yawn,0.281,0.321,90,1
2025-02-06 15:44:43,Moderate Yawn !,0.246,0.604,90,1
2025-02-06 15:44:43,Mild Yawn,0.238,0.322,90,1
2025-02-06 15:44:43,Moderate Yawn !,0.263,0.619,90,1
2025-02-06 15:44:43,Mild Yawn,0.254,0.303,90,1
2025-02-06 15:44:43,Mild Yawn,0.241,0.600,90,1
2025-02-06 15:44:43,Mild Yawn,0.263,0.298,90,1
2025-02-06 15:44:43,Mild Yawn,0.241,0.593,90,1
2025-02-06 15:44:43,Mild Yawn,0.269,0.285,90,1
2025-02-06 15:44:43,Moderate Yawn !,0.254,0.669,90,1
2025-02-06 15:44:43,Mild Yawn,0.250,0.315,90,1
2025-02-06 15:44:43,Mild Yawn,0.243,0.591,90,1
2025-02-06 15:44:43,Mild Yawn,0.307,0.303,90,1
2025-02-06 15:44:43,Moderate Yawn !,0.238,0.653,90,1
2025-02-06 15:44:43,Mild Yawn,0.254,0.295,90,1
2025-02-06 15:44:43,Moderate Yawn !,0.259,0.657,90,1
2025-02-06 15:44:43,Mild Yawn,0.305,0.285,90,1
2025-02-06 15:44:43,Moderate Yawn !,0.259,0.663,90,1
2025-02-06 15:44:43,Mild Yawn,0.280,0.315,90,1
2025-02-06 15:44:43,Moderate Yawn !,0.251,0.679,90,1
2025-02-06 15:44:43,Mild Yawn,0.274,0.322,90,1
2025-02-06 15:44:43,Moderate Yawn !,0.255,0.677,90,1
2025-02-06 15:44:43,Mild Yawn,0.265,0.274,90,1
2025-02-06 15:44:43,Moderate Yawn !,0.250,0.662,90,1
2025-02-06 15:44:43,Mild Yawn,0.250,0.297,90,1
2025-02-06 15:44:43,Moderate Yawn !,0.250,0.678,90,1
2025-02-06 15:44:43,Mild Yawn,0.266,0.291,90,1
2025-02-06 15:44:43,Moderate Yawn !,0.255,0.668,90,1
2025-02-06 15:44:43,Mild Yawn,0.275,0.296,90,1
2025-02-06 15:44:43,Moderate Yawn !,0.238,0.682,90,1
2025-02-06 15:44:43,Mild Yawn,0.274,0.284,90,1
2025-02-06 15:44:43,Moderate Yawn !,0.237,0.653,90,1
2025-02-06 15:44:43,Moderate Yawn !,0.242,0.652,90,1
2025-02-06 15:44:43,Mild Yawn,0.272,0.282,90,1
2025-02-06 15:44:43,Moderate Yawn !,0.255,0.624,90,1
2025-02-06 15:44:43,Mild Yawn,0.256,0.265,90,1
2025-02-06 15:44:43,Moderate Yawn !,0.260,0.604,90,1
2025-02-06 15:44:43,Mild Yawn,0.246,0.290,90,1
2025-02-06 15:44:43,Mild Yawn,0.246,0.575,90,1
2025-02-06 15:44:43,SLEEPING !!!,0.248,0.258,90,1
2025-02-06 15:44:43,SLEEPING !!!,0.246,0.549,90,1
2025-02-06 15:44:43,SLEEPING !!!,0.233,0.570,90,1
2025-02-06 15:44:43,SLEEPING !!!,0.219,0.542,90,1
2025-02-06 15:44:43,Mild Yawn,0.258,0.214,91,1
2025-02-06 15:44:43,Mild Yawn,0.246,0.551,91,1
2025-02-06 15:44:43,Mild Yawn,0.325,0.267,91,1
2025-02-06 15:44:43,Moderate Yawn !,0.232,0.616,91,1
2025-02-06 15:44:43,Mild Yawn,0.286,0.298,91,1
2025-02-06 15:44:43,Moderate Yawn !,0.240,0.674,91,1
2025-02-06 15:44:43,Mild Yawn,0.261,0.264,91,1
2025-02-06 15:44:44,Moderate Yawn !,0.182,0.635,91,1
2025-02-06 15:44:44,Mild Yawn,0.237,0.259,91,1
2025-02-06 15:44:44,Moderate Yawn !,0.264,0.725,91,1
2025-02-06 15:44:44,Mild Yawn,0.269,0.266,91,1
2025-02-06 15:44:44,Mild Yawn,0.302,0.271,91,1
2025-02-06 15:44:44,Moderate Yawn !,0.360,0.604,91,1
2025-02-06 15:44:44,Mild Yawn,0.274,0.298,91,1
2025-02-06 15:44:44,Mild Yawn,0.210,0.303,91,1
2025-02-06 15:44:44,Mild Yawn,0.283,0.289,91,1
2025-02-06 15:44:44,Mild Yawn,0.229,0.291,91,1
2025-02-06 15:44:44,Mild Yawn,0.248,0.260,91,1
2025-02-06 15:44:44,Mild Yawn,0.262,0.256,91,1
2025-02-06 15:44:44,Mild Yawn,0.221,0.298,91,1
2025-02-06 15:44:44,Mild Yawn,0.236,0.268,91,1
2025-02-06 15:44:44,Mild Yawn,0.277,0.263,91,1
2025-02-06 15:44:44,Mild Yawn,0.272,0.277,91,1
2025-02-06 15:44:44,Mild Yawn,0.264,0.291,91,1
2025-02-06 15:44:44,Mild Yawn,0.381,0.283,91,1
2025-02-06 15:44:44,Mild Yawn,0.311,0.337,91,1
2025-02-06 15:44:44,Mild Yawn,0.248,0.260,91,1
2025-02-06 15:44:44,Mild Yawn,0.259,0.273,91,1
2025-02-06 15:44:44,Mild Yawn,0.257,0.220,91,1
2025-02-06 15:44:44,Mild Yawn,0.248,0.244,91,1
2025-02-06 15:44:44,Moderate Yawn !,0.262,0.690,91,1
2025-02-06 15:44:44,Mild Yawn,0.270,0.281,91,1
2025-02-06 15:44:44,Moderate Yawn !,0.205,0.640,91,1
2025-02-06 15:44:44,Moderate Yawn !,0.230,0.644,91,1
2025-02-06 15:44:44,Moderate Yawn !,0.251,0.613,91,1
2025-02-06 15:44:45,Mild Yawn,0.277,0.201,91,1
2025-02-06 15:44:45,Moderate Yawn !,0.264,0.639,91,1
2025-02-06 15:44:45,Moderate Yawn !,0.254,0.636,91,1
2025-02-06 15:44:45,Moderate Yawn !,0.249,0.639,91,1
2025-02-06 15:44:45,Mild Yawn,0.265,0.232,91,1
2025-02-06 15:44:45,Moderate Yawn !,0.260,0.705,91,1
2025-02-06 15:44:45,Mild Yawn,0.323,0.302,91,1
2025-02-06 15:44:45,Moderate Yawn !,0.251,0.689,91,1
2025-02-06 15:44:45,Moderate Yawn !,0.250,0.657,91,1
2025-02-06 15:44:45,Moderate Yawn !,0.255,0.660,91,1
2025-02-06 15:44:45,Mild Yawn,0.258,0.235,91,1
2025-02-06 15:44:45,Moderate Yawn !,0.245,0.660,91,1
2025-02-06 15:44:45,Moderate Yawn !,0.222,0.656,91,1
2025-02-06 15:44:45,Mild Yawn,0.274,0.272,91,1
2025-02-06 15:44:45,Moderate Yawn !,0.251,0.668,91,1
2025-02-06 15:44:45,Mild Yawn,0.306,0.334,91,1
2025-02-06 15:44:45,Moderate Yawn !,0.232,0.658,91,1
2025-02-06 15:44:45,Moderate Yawn !,0.235,0.689,91,1
2025-02-06 15:44:45,Mild Yawn,0.280,0.260,91,1
2025-02-06 15:44:45,Moderate Yawn !,0.214,0.671,91,1
2025-02-06 15:44:45,Mild Yawn,0.372,0.487,91,1
2025-02-06 15:44:45,Moderate Yawn !,0.269,0.697,91,1
2025-02-06 15:44:45,Mild Yawn,0.332,0.445,91,1
2025-02-06 15:44:45,Moderate Yawn !,0.246,0.680,91,1
2025-02-06 15:44:45,Mild Yawn,0.301,0.442,91,1
2025-02-06 15:44:45,Mild Yawn,0.280,0.284,91,1
2025-02-06 15:44:45,Moderate Yawn !,0.254,0.651,91,1
2025-02-06 15:44:45,Mild Yawn,0.284,0.399,91,1
2025-02-06 15:44:45,Moderate Yawn !,0.241,0.668,91,1
2025-02-06 15:44:45,Mild Yawn,0.332,0.395,91,1
2025-02-06 15:44:45,Moderate Yawn !,0.250,0.672,91,1
2025-02-06 15:44:45,Mild Yawn,0.353,0.409,91,1
2025-02-06 15:44:45,Moderate Yawn !,0.260,0.699,91,1
2025-02-06 15:44:45,Moderate Yawn !,0.245,0.687,91,1
2025-02-06 15:44:45,Mild Yawn,0.325,0.379,91,1
2025-02-06 15:44:45,Moderate Yawn !,0.259,0.689,91,1
2025-02-06 15:44:45,Mild Yawn,0.319,0.322,91,1
2025-02-06 15:44:45,Moderate Yawn !,0.260,0.642,91,1
2025-02-06 15:44:45,Mild Yawn,0.294,0.338,91,1
2025-02-06 15:44:45,Moderate Yawn !,0.266,0.633,91,1
2025-02-06 15:44:45,Mild Yawn,0.260,0.372,91,1
2025-02-06 15:44:45,Moderate Yawn !,0.258,0.659,91,1
2025-02-06 15:44:45,Mild Yawn,0.251,0.351,91,1
2025-02-06 15:44:45,Moderate Yawn !,0.249,0.667,91,1
2025-02-06 15:44:45,Mild Yawn,0.282,0.358,91,1
2025-02-06 15:44:45,Moderate Yawn !,0.272,0.697,91,1
2025-02-06 15:44:45,Mild Yawn,0.300,0.326,91,1
2025-02-06 15:44:45,Moderate Yawn !,0.254,0.718,91,1
2025-02-06 15:44:45,Mild Yawn,0.270,0.340,91,1
2025-02-06 15:44:45,Moderate Yawn !,0.227,0.736,91,1
2025-02-06 15:44:45,Mild Yawn,0.342,0.352,91,1
2025-02-06 15:44:46,Moderate Yawn !,0.260,0.736,91,1
2025-02-06 15:44:46,Mild Yawn,0.263,0.350,91,1
2025-02-06 15:44:46,Moderate Yawn !,0.239,0.736,91,1
2025-02-06 15:44:46,Moderate Yawn !,0.265,0.744,91,1
2025-02-06 15:44:46,Moderate Yawn !,0.246,0.716,91,1
2025-02-06 15:44:46,Mild Yawn,0.326,0.350,91,1
2025-02-06 15:44:46,Moderate Yawn !,0.203,0.789,91,1
2025-02-06 15:44:46,Moderate Yawn !,0.171,0.710,91,1
2025-02-06 15:44:46,Mild Yawn,0.272,0.396,91,1
2025-02-06 15:44:46,Moderate Yawn !,0.245,0.647,91,1
2025-02-06 15:44:46,Mild Yawn,0.276,0.343,91,1
2025-02-06 15:44:46,Moderate Yawn !,0.334,0.699,91,1
2025-02-06 15:44:46,Mild Yawn,0.274,0.324,91,1
2025-02-06 15:44:46,Moderate Yawn !,0.467,0.679,91,1
2025-02-06 15:44:46,Severe Yawn !!!,0.496,0.804,91,1
2025-02-06 15:44:46,Mild Yawn,0.300,0.331,91,1
2025-02-06 15:44:46,Mild Yawn,0.277,0.350,91,1
2025-02-06 15:44:46,Mild Yawn,0.277,0.372,91,1
2025-02-06 15:44:46,Mild Yawn,0.256,0.321,91,1
2025-02-06 15:44:46,Mild Yawn,0.297,0.313,91,1
2025-02-06 15:44:46,Mild Yawn,0.278,0.341,91,1
2025-02-06 15:44:46,Mild Yawn,0.358,0.354,91,1
2025-02-06 15:44:46,Severe Yawn !!!,0.566,0.819,91,1
2025-02-06 15:44:46,Mild Yawn,0.257,0.333,91,1
2025-02-06 15:44:46,Severe Yawn !!!,0.430,0.932,91,1
2025-02-06 15:44:46,Moderate Yawn !,0.268,0.703,91,1
2025-02-06 15:44:46,Mild Yawn,0.287,0.310,91,1
2025-02-06 15:44:46,Moderate Yawn !,0.231,0.671,91,1
2025-02-06 15:44:46,Mild Yawn,0.271,0.349,91,1
2025-02-06 15:44:46,Moderate Yawn !,0.207,0.630,91,1
2025-02-06 15:44:46,Mild Yawn,0.303,0.306,91,1
2025-02-06 15:44:46,Mild Yawn,0.246,0.536,91,1
2025-02-06 15:44:46,Mild Yawn,0.243,0.324,91,1
2025-02-06 15:44:47,SLEEPING !!!,0.237,0.676,91,1
2025-02-06 15:44:47,Mild Yawn,0.295,0.337,92,1
2025-02-06 15:44:47,Moderate Yawn !,0.240,0.625,92,1
2025-02-06 15:44:47,Mild Yawn,0.294,0.323,92,1
2025-02-06 15:44:47,Mild Yawn,0.227,0.593,92,1
2025-02-06 15:44:47,Mild Yawn,0.251,0.308,92,1
2025-02-06 15:44:47,Moderate Yawn !,0.241,0.633,92,1
2025-02-06 15:44:47,Mild Yawn,0.310,0.328,92,1
2025-02-06 15:44:47,Moderate Yawn !,0.227,0.632,92,1
2025-02-06 15:44:47,Mild Yawn,0.248,0.312,92,1
2025-02-06 15:44:47,SLEEPING !!!,0.245,0.621,92,1
2025-02-06 15:44:47,Mild Yawn,0.289,0.314,93,1
2025-02-06 15:44:47,Moderate Yawn !,0.241,0.625,93,1
2025-02-06 15:44:47,Mild Yawn,0.262,0.296,93,1
2025-02-06 15:44:47,Moderate Yawn !,0.278,0.638,93,1
2025-02-06 15:44:47,Mild Yawn,0.376,0.269,93,1
2025-02-06 15:44:47,Moderate Yawn !,0.246,0.653,93,1
2025-02-06 15:44:47,Moderate Yawn !,0.231,0.667,93,1
2025-02-06 15:44:47,SLEEPING !!!,0.231,0.328,93,1
2025-02-06 15:44:47,SLEEPING !!!,0.189,0.616,93,1
2025-02-06 15:44:47,SLEEPING !!!,0.117,0.554,93,1
2025-02-06 15:44:47,SLEEPING !!!,0.131,0.540,93,1
2025-02-06 15:44:47,SLEEPING !!!,0.187,0.534,93,1
2025-02-06 15:44:47,SLEEPING !!!,0.235,0.402,93,1
2025-02-06 15:44:47,SLEEPING !!!,0.208,0.600,93,1
2025-02-06 15:44:47,SLEEPING !!!,0.210,0.704,93,1
2025-02-06 15:44:47,Moderate Yawn !,0.254,0.795,94,1
2025-02-06 15:44:47,Severe Yawn !!!,0.277,0.840,94,1
2025-02-06 15:44:47,Severe Yawn !!!,0.282,0.827,94,1
2025-02-06 15:44:47,Severe Yawn !!!,0.268,0.814,94,1
2025-02-06 15:44:47,Moderate Yawn !,0.298,0.780,94,1
2025-02-06 15:44:47,Moderate Yawn !,0.268,0.719,94,1
2025-02-06 15:44:47,Mild Yawn,0.269,0.596,94,1
2025-02-06 15:44:47,Mild Yawn,0.269,0.562,94,1
2025-02-06 15:44:47,Moderate Yawn !,0.251,0.612,94,1
2025-02-06 15:44:47,Moderate Yawn !,0.214,0.664,94,1
2025-02-06 15:44:47,Moderate Yawn !,0.278,0.663,94,1
2025-02-06 15:44:47,Mild Yawn,0.287,0.317,94,1
2025-02-06 15:44:48,Mild Yawn,0.302,0.327,94,1
2025-02-06 15:44:48,Mild Yawn,0.306,0.267,94,1
2025-02-06 15:44:48,Mild Yawn,0.263,0.253,94,1
2025-02-06 15:44:48,Mild Yawn,0.266,0.358,94,1
2025-02-06 15:44:48,Severe Yawn !!!,0.379,0.811,94,1
2025-02-06 15:44:48,Severe Yawn !!!,0.303,0.803,94,1
2025-02-06 15:44:48,Severe Yawn !!!,0.248,0.834,94,1
2025-02-06 15:44:48,Moderate Yawn !,0.225,0.781,94,1
2025-02-06 15:44:48,SLEEPING !!!,0.221,0.765,94,1
2025-02-06 15:44:48,SLEEPING !!!,0.250,0.815,94,1
2025-02-06 15:44:48,Moderate Yawn !,0.273,0.717,95,1
2025-02-06 15:44:48,Mild Yawn,0.247,0.565,95,1
2025-02-06 15:44:48,Mild Yawn,0.251,0.539,95,1
2025-02-06 15:44:48,Mild Yawn,0.267,0.548,95,1
2025-02-06 15:44:48,Mild Yawn,0.278,0.572,95,1
2025-02-06 15:44:48,Moderate Yawn !,0.307,0.604,95,1
2025-02-06 15:44:48,Mild Yawn,0.283,0.583,95,1
2025-02-06 15:44:48,Moderate Yawn !,0.306,0.630,95,1
2025-02-06 15:44:48,Moderate Yawn !,0.279,0.670,95,1
2025-02-06 15:44:48,Moderate Yawn !,0.215,0.672,95,1
2025-02-06 15:44:48,Mild Yawn,0.224,0.596,95,1
2025-02-06 15:44:48,SLEEPING !!!,0.195,0.710,95,1
2025-02-06 15:44:49,Mild Yawn,0.310,0.247,96,1
2025-02-06 15:44:49,Mild Yawn,0.285,0.328,96,1
2025-02-06 15:44:49,Mild Yawn,0.320,0.318,96,1
2025-02-06 15:44:49,Mild Yawn,0.268,0.347,96,1
2025-02-06 15:44:49,Mild Yawn,0.277,0.343,96,1
2025-02-06 15:44:49,Mild Yawn,0.291,0.296,96,1
2025-02-06 15:44:49,Mild Yawn,0.301,0.267,96,1
2025-02-06 15:44:49,Mild Yawn,0.304,0.284,96,1
2025-02-06 15:44:49,Mild Yawn,0.295,0.300,96,1
2025-02-06 15:44:49,Mild Yawn,0.334,0.295,96,1
2025-02-06 15:44:49,Mild Yawn,0.345,0.310,96,1
2025-02-06 15:44:49,Mild Yawn,0.297,0.297,96,1
2025-02-06 15:44:49,Mild Yawn,0.276,0.339,96,1
2025-02-06 15:44:49,Mild Yawn,0.294,0.319,96,1
2025-02-06 15:44:49,Mild Yawn,0.321,0.301,96,1
2025-02-06 15:44:49,Mild Yawn,0.319,0.347,96,1
2025-02-06 15:44:50,Mild Yawn,0.294,0.333,96,1
2025-02-06 15:44:50,Mild Yawn,0.303,0.347,96,1
2025-02-06 15:44:50,Mild Yawn,0.292,0.376,96,1
2025-02-06 15:44:50,Mild Yawn,0.286,0.341,96,1
2025-02-06 15:44:50,Mild Yawn,0.299,0.319,96,1
2025-02-06 15:44:51,Mild Yawn,0.304,0.319,96,1
2025-02-06 15:44:51,Mild Yawn,0.299,0.381,96,1
2025-02-06 15:44:51,Mild Yawn,0.329,0.311,96,1
2025-02-06 15:44:51,Mild Yawn,0.314,0.333,96,1
2025-02-06 15:44:51,Mild Yawn,0.325,0.310,96,1
2025-02-06 15:44:51,Mild Yawn,0.278,0.333,96,1
2025-02-06 15:44:51,Mild Yawn,0.306,0.305,96,1
2025-02-06 15:44:51,Mild Yawn,0.319,0.280,96,1
2025-02-06 15:44:51,Mild Yawn,0.274,0.343,96,1
2025-02-06 15:44:51,Mild Yawn,0.323,0.332,96,1
2025-02-06 15:44:51,Moderate Yawn !,0.391,0.638,96,1
2025-02-06 15:44:51,Moderate Yawn !,0.276,0.668,96,1
2025-02-06 15:44:51,Moderate Yawn !,0.273,0.602,96,1
2025-02-06 15:44:51,Moderate Yawn !,0.255,0.631,96,1
2025-02-06 15:44:51,Moderate Yawn !,0.184,0.631,96,1
2025-02-06 15:44:51,Moderate Yawn !,0.178,0.637,96,1
2025-02-06 15:44:52,SLEEPING !!!,0.221,0.663,96,1
2025-02-06 15:44:52,SLEEPING !!!,0.204,0.650,96,1
2025-02-06 15:44:52,SLEEPING !!!,0.201,0.668,96,1
2025-02-06 15:44:52,Mild Yawn,0.287,0.333,97,1
2025-02-06 15:44:52,Moderate Yawn !,0.196,0.645,97,1
2025-02-06 15:44:52,Mild Yawn,0.289,0.350,97,1
2025-02-06 15:44:52,Moderate Yawn !,0.200,0.619,97,1
2025-02-06 15:44:52,Mild Yawn,0.214,0.567,97,1
2025-02-06 15:44:52,SLEEPING !!!,0.228,0.539,97,1
2025-02-06 15:44:52,Mild Yawn,0.290,0.314,98,1
2025-02-06 15:44:52,Mild Yawn,0.223,0.551,98,1
2025-02-06 15:44:52,Mild Yawn,0.298,0.319,98,1
2025-02-06 15:44:52,Mild Yawn,0.218,0.551,98,1
2025-02-06 15:44:52,Mild Yawn,0.224,0.554,98,1
2025-02-06 15:44:52,SLEEPING !!!,0.214,0.531,98,1
2025-02-06 15:44:52,SLEEPING !!!,0.211,0.544,98,1
2025-02-06 15:44:52,SLEEPING !!!,0.250,0.543,98,1
2025-02-06 15:44:52,SLEEPING !!!,0.233,0.518,98,1
2025-02-06 15:44:52,SLEEPING !!!,0.229,0.507,98,1
2025-02-06 15:44:52,SLEEPING !!!,0.237,0.505,98,1
2025-02-06 15:44:52,Mild Yawn,0.329,0.359,99,1
2025-02-06 15:44:52,Mild Yawn,0.232,0.500,99,1
2025-02-06 15:44:52,Mild Yawn,0.291,0.331,99,1
2025-02-06 15:44:52,Mild Yawn,0.211,0.492,99,1
2025-02-06 15:44:52,Mild Yawn,0.324,0.303,99,1
2025-02-06 15:44:52,Mild Yawn,0.216,0.483,99,1
2025-02-06 15:44:52,Mild Yawn,0.249,0.321,99,1
2025-02-06 15:44:52,SLEEPING !!!,0.212,0.477,99,1
2025-02-06 15:44:52,SLEEPING !!!,0.212,0.482,99,1
2025-02-06 15:44:52,SLEEPING !!!,0.209,0.471,99,1
2025-02-06 15:44:52,SLEEPING !!!,0.195,0.471,99,1
2025-02-06 15:44:52,SLEEPING !!!,0.194,0.475,99,1
2025-02-06 15:44:52,SLEEPING !!!,0.193,0.470,99,1
2025-02-06 15:44:52,SLEEPING !!!,0.196,0.472,99,1
2025-02-06 15:44:52,SLEEPING !!!,0.190,0.480,99,1
2025-02-06 15:44:52,SLEEPING !!!,0.181,0.480,99,1
2025-02-06 15:44:52,SLEEPING !!!,0.181,0.516,99,1
2025-02-06 15:44:52,SLEEPING !!!,0.192,0.519,99,1
2025-02-06 15:44:53,SLEEPING !!!,0.192,0.548,99,1
2025-02-06 15:44:53,SLEEPING !!!,0.178,0.561,99,1
2025-02-06 15:44:53,SLEEPING !!!,0.192,0.579,99,1
2025-02-06 15:44:53,Mild Yawn,0.278,0.319,100,1
2025-02-06 15:44:53,Mild Yawn,0.219,0.589,100,1
2025-02-06 15:44:53,Mild Yawn,0.290,0.305,100,1
2025-02-06 15:44:53,Mild Yawn,0.210,0.583,100,1
2025-02-06 15:44:53,Mild Yawn,0.210,0.589,100,1
2025-02-06 15:44:53,SLEEPING !!!,0.197,0.600,100,1
2025-02-06 15:44:53,SLEEPING !!!,0.214,0.599,100,1
2025-02-06 15:44:53,Mild Yawn,0.287,0.319,101,1
2025-02-06 15:44:53,Moderate Yawn !,0.215,0.602,101,1
2025-02-06 15:44:53,Mild Yawn,0.325,0.288,101,1
2025-02-06 15:44:53,Mild Yawn,0.220,0.593,101,1
2025-02-06 15:44:53,Mild Yawn,0.252,0.305,101,1
2025-02-06 15:44:53,Mild Yawn,0.212,0.594,101,1
2025-02-06 15:44:53,Mild Yawn,0.302,0.352,101,1
2025-02-06 15:44:53,Moderate Yawn !,0.196,0.616,101,1
2025-02-06 15:44:53,Mild Yawn,0.285,0.319,101,1
2025-02-06 15:44:53,Moderate Yawn !,0.211,0.627,101,1
2025-02-06 15:44:53,Mild Yawn,0.288,0.277,101,1
2025-02-06 15:44:53,Moderate Yawn !,0.207,0.616,101,1
2025-02-06 15:44:53,Mild Yawn,0.268,0.322,101,1
2025-02-06 15:44:53,Moderate Yawn !,0.220,0.652,101,1
2025-02-06 15:44:53,Mild Yawn,0.289,0.302,101,1
2025-02-06 15:44:53,Moderate Yawn !,0.206,0.666,101,1
2025-02-06 15:44:53,Mild Yawn,0.251,0.324,101,1
2025-02-06 15:44:53,Moderate Yawn !,0.223,0.636,101,1
2025-02-06 15:44:53,Mild Yawn,0.267,0.316,101,1
2025-02-06 15:44:53,Moderate Yawn !,0.242,0.613,101,1
2025-02-06 15:44:53,Mild Yawn,0.280,0.313,101,1
2025-02-06 15:44:53,Mild Yawn,0.251,0.587,101,1
2025-02-06 15:44:53,Mild Yawn,0.232,0.556,101,1
2025-02-06 15:44:53,Mild Yawn,0.184,0.548,101,1
2025-02-06 15:44:53,Mild Yawn,0.318,0.325,101,1
2025-02-06 15:44:53,Mild Yawn,0.197,0.530,101,1
2025-02-06 15:44:53,Mild Yawn,0.291,0.350,101,1
2025-02-06 15:44:53,Mild Yawn,0.149,0.562,101,1
2025-02-06 15:44:53,Mild Yawn,0.237,0.336,101,1
2025-02-06 15:44:53,SLEEPING !!!,0.189,0.546,101,1
2025-02-06 15:44:53,Mild Yawn,0.297,0.345,102,1
2025-02-06 15:44:53,Mild Yawn,0.205,0.389,102,1
2025-02-06 15:44:53,Mild Yawn,0.274,0.367,102,1
2025-02-06 15:44:53,Mild Yawn,0.299,0.384,102,1
2025-02-06 15:44:54,Mild Yawn,0.258,0.325,102,1
2025-02-06 15:44:54,Mild Yawn,0.298,0.372,102,1
2025-02-06 15:44:54,Mild Yawn,0.268,0.594,102,1
2025-02-06 15:44:54,Mild Yawn,0.269,0.575,102,1
2025-02-06 15:44:54,Moderate Yawn !,0.285,0.626,102,1
2025-02-06 15:44:54,Moderate Yawn !,0.272,0.600,102,1
2025-02-06 15:44:54,Mild Yawn,0.270,0.574,102,1
2025-02-06 15:44:54,Mild Yawn,0.281,0.547,102,1
2025-02-06 15:44:54,Mild Yawn,0.292,0.579,102,1
2025-02-06 15:44:54,Mild Yawn,0.314,0.600,102,1
2025-02-06 15:44:54,Moderate Yawn !,0.320,0.626,102,1
2025-02-06 15:44:54,Moderate Yawn !,0.333,0.610,102,1
2025-02-06 15:44:54,Moderate Yawn !,0.337,0.623,102,1
2025-02-06 15:44:54,Moderate Yawn !,0.334,0.611,102,1
2025-02-06 15:44:54,Mild Yawn,0.326,0.594,102,1
2025-02-06 15:44:54,Mild Yawn,0.325,0.571,102,1
2025-02-06 15:44:54,Mild Yawn,0.252,0.547,102,1
2025-02-06 15:44:54,Mild Yawn,0.316,0.526,102,1
2025-02-06 15:44:54,Mild Yawn,0.353,0.544,102,1
2025-02-06 15:44:54,Mild Yawn,0.292,0.589,102,1
2025-02-06 15:44:54,Moderate Yawn !,0.217,0.611,102,1
2025-02-06 15:44:54,Mild Yawn,0.262,0.310,102,1
2025-02-06 15:44:54,Moderate Yawn !,0.246,0.631,102,1
2025-02-06 15:44:54,Moderate Yawn !,0.244,0.695,102,1
2025-02-06 15:44:54,Moderate Yawn !,0.283,0.682,102,1
2025-02-06 15:44:54,Moderate Yawn !,0.266,0.636,102,1
2025-02-06 15:44:54,Moderate Yawn !,0.273,0.647,102,1
2025-02-06 15:44:55,Moderate Yawn !,0.299,0.660,102,1
2025-02-06 15:44:55,Mild Yawn,0.296,0.283,102,1
2025-02-06 15:44:55,Moderate Yawn !,0.302,0.657,102,1
2025-02-06 15:44:55,Moderate Yawn !,0.306,0.678,102,1
2025-02-06 15:44:55,Moderate Yawn !,0.299,0.674,102,1
2025-02-06 15:44:55,Mild Yawn,0.263,0.335,102,1
2025-02-06 15:44:55,Moderate Yawn !,0.279,0.628,102,1
2025-02-06 15:44:55,Mild Yawn,0.285,0.587,102,1
2025-02-06 15:44:55,Mild Yawn,0.256,0.531,102,1
2025-02-06 15:44:55,Mild Yawn,0.260,0.595,102,1
2025-02-06 15:44:55,Moderate Yawn !,0.265,0.613,102,1
2025-02-06 15:44:55,Mild Yawn,0.220,0.308,102,1
2025-02-06 15:44:55,Mild Yawn,0.257,0.480,102,1
2025-02-06 15:44:55,Mild Yawn,0.239,0.560,102,1
2025-02-06 15:44:55,Mild Yawn,0.251,0.554,102,1
2025-02-06 15:44:55,Mild Yawn,0.298,0.344,102,1
2025-02-06 15:44:55,Mild Yawn,0.256,0.517,102,1
2025-02-06 15:44:55,Mild Yawn,0.287,0.273,102,1
2025-02-06 15:44:55,Mild Yawn,0.236,0.506,102,1
2025-02-06 15:44:55,Mild Yawn,0.255,0.505,102,1
2025-02-06 15:44:55,Mild Yawn,0.313,0.312,102,1
2025-02-06 15:44:55,Mild Yawn,0.241,0.558,102,1
2025-02-06 15:44:55,Mild Yawn,0.260,0.586,102,1
2025-02-06 15:44:55,Mild Yawn,0.257,0.336,102,1
2025-02-06 15:44:55,Mild Yawn,0.232,0.578,102,1
2025-02-06 15:44:55,Mild Yawn,0.233,0.514,102,1
2025-02-06 15:44:55,SLEEPING !!!,0.237,0.496,102,1
2025-02-06 15:44:55,SLEEPING !!!,0.237,0.508,102,1
2025-02-06 15:44:55,Mild Yawn,0.251,0.538,103,1
2025-02-06 15:44:55,Mild Yawn,0.255,0.565,103,1
2025-02-06 15:44:55,Mild Yawn,0.255,0.579,103,1
2025-02-06 15:44:55,Mild Yawn,0.227,0.558,103,1
2025-02-06 15:44:55,Mild Yawn,0.244,0.564,103,1
2025-02-06 15:44:55,SLEEPING !!!,0.242,0.561,103,1
2025-02-06 15:44:55,SLEEPING !!!,0.242,0.583,103,1
2025-02-06 15:44:55,SLEEPING !!!,0.242,0.601,103,1
2025-02-06 15:44:55,SLEEPING !!!,0.228,0.657,103,1
2025-02-06 15:44:56,SLEEPING !!!,0.219,0.789,103,1
2025-02-06 15:44:56,SLEEPING !!!,0.211,0.781,103,1
2025-02-06 15:44:56,SLEEPING !!!,0.221,0.578,103,1
2025-02-06 15:44:56,Mild Yawn,0.252,0.505,104,1
2025-02-06 15:44:56,Mild Yawn,0.245,0.362,104,1
2025-02-06 15:44:56,Mild Yawn,0.281,0.597,104,1
2025-02-06 15:44:56,Mild Yawn,0.303,0.361,104,1
2025-02-06 15:44:56,Moderate Yawn !,0.386,0.648,104,1
2025-02-06 15:44:56,Mild Yawn,0.243,0.354,104,1
2025-02-06 15:44:56,Mild Yawn,0.270,0.331,104,1
2025-02-06 15:44:56,Mild Yawn,0.265,0.344,104,1
2025-02-06 15:44:56,Moderate Yawn !,0.474,0.684,104,1
2025-02-06 15:44:56,Mild Yawn,0.272,0.398,104,1
2025-02-06 15:44:56,Mild Yawn,0.308,0.348,104,1
2025-02-06 15:44:56,Mild Yawn,0.275,0.387,104,1
2025-02-06 15:44:56,Mild Yawn,0.256,0.380,104,1
2025-02-06 15:44:56,Mild Yawn,0.256,0.398,104,1
2025-02-06 15:44:56,Mild Yawn,0.274,0.370,104,1
2025-02-06 15:44:56,Mild Yawn,0.256,0.399,104,1
2025-02-06 15:44:56,Mild Yawn,0.305,0.368,104,1
2025-02-06 15:44:56,Mild Yawn,0.263,0.386,104,1
2025-02-06 15:44:56,Mild Yawn,0.257,0.366,104,1
2025-02-06 15:44:56,Mild Yawn,0.285,0.359,104,1
2025-02-06 15:44:56,Mild Yawn,0.274,0.368,104,1
2025-02-06 15:44:56,Mild Yawn,0.285,0.385,104,1
2025-02-06 15:44:56,Mild Yawn,0.252,0.373,104,1
2025-02-06 15:44:56,Mild Yawn,0.262,0.374,104,1
2025-02-06 15:44:56,Mild Yawn,0.253,0.378,104,1
2025-02-06 15:44:56,Mild Yawn,0.330,0.377,104,1
2025-02-06 15:44:56,Mild Yawn,0.255,0.322,104,1
2025-02-06 15:44:57,Mild Yawn,0.310,0.378,104,1
2025-02-06 15:44:57,Mild Yawn,0.250,0.356,104,1
2025-02-06 15:44:57,Mild Yawn,0.391,0.588,104,1
2025-02-06 15:44:57,Moderate Yawn !,0.290,0.631,104,1
2025-02-06 15:44:57,Mild Yawn,0.247,0.591,104,1
2025-02-06 15:44:57,Mild Yawn,0.199,0.595,104,1
2025-02-06 15:44:57,SLEEPING !!!,0.214,0.593,104,1
2025-02-06 15:44:57,SLEEPING !!!,0.234,0.600,104,1
2025-02-06 15:44:57,SLEEPING !!!,0.222,0.584,104,1
2025-02-06 15:44:57,SLEEPING !!!,0.236,0.595,104,1
2025-02-06 15:44:57,SLEEPING !!!,0.231,0.579,104,1
2025-02-06 15:44:57,Mild Yawn,0.251,0.596,105,1
2025-02-06 15:44:57,Mild Yawn,0.241,0.596,105,1
2025-02-06 15:44:57,Mild Yawn,0.254,0.599,105,1
2025-02-06 15:44:57,Mild Yawn,0.240,0.590,105,1
2025-02-06 15:44:57,Mild Yawn,0.232,0.590,105,1
2025-02-06 15:44:57,Mild Yawn,0.287,0.596,105,1
2025-02-06 15:44:57,Mild Yawn,0.255,0.598,105,1
2025-02-06 15:44:57,Moderate Yawn !,0.259,0.604,105,1
2025-02-06 15:44:57,Mild Yawn,0.265,0.588,105,1
2025-02-06 15:44:57,Moderate Yawn !,0.255,0.607,105,1
2025-02-06 15:44:57,Moderate Yawn !,0.259,0.631,105,1
2025-02-06 15:44:57,Mild Yawn,0.251,0.599,105,1
2025-02-06 15:44:58,Mild Yawn,0.246,0.579,105,1
2025-02-06 15:44:58,Mild Yawn,0.274,0.590,105,1
2025-02-06 15:44:58,Moderate Yawn !,0.261,0.634,105,1
2025-02-06 15:44:58,Mild Yawn,0.296,0.361,105,1
2025-02-06 15:44:58,Moderate Yawn !,0.246,0.605,105,1
2025-02-06 15:44:58,Mild Yawn,0.320,0.413,105,1
2025-02-06 15:44:58,Mild Yawn,0.250,0.560,105,1
2025-02-06 15:44:58,Mild Yawn,0.340,0.416,105,1
2025-02-06 15:44:58,Mild Yawn,0.269,0.568,105,1
2025-02-06 15:44:58,Mild Yawn,0.222,0.317,105,1
2025-02-06 15:44:58,Mild Yawn,0.269,0.581,105,1
2025-02-06 15:44:58,Mild Yawn,0.290,0.317,105,1
2025-02-06 15:44:58,Mild Yawn,0.274,0.567,105,1
2025-02-06 15:44:58,Mild Yawn,0.313,0.317,105,1
2025-02-06 15:44:58,Mild Yawn,0.254,0.569,105,1
2025-02-06 15:44:58,Mild Yawn,0.274,0.306,105,1
2025-02-06 15:44:58,Mild Yawn,0.254,0.546,105,1
2025-02-06 15:44:58,Mild Yawn,0.298,0.318,105,1
2025-02-06 15:44:58,Mild Yawn,0.259,0.531,105,1
2025-02-06 15:44:58,Mild Yawn,0.283,0.305,105,1
2025-02-06 15:44:58,Mild Yawn,0.256,0.556,105,1
2025-02-06 15:44:58,Mild Yawn,0.270,0.337,105,1
2025-02-06 15:44:58,Mild Yawn,0.246,0.555,105,1
2025-02-06 15:44:58,Mild Yawn,0.303,0.347,105,1
2025-02-06 15:44:58,Mild Yawn,0.250,0.565,105,1
2025-02-06 15:44:58,Mild Yawn,0.277,0.264,105,1
2025-02-06 15:44:58,Mild Yawn,0.246,0.593,105,1
2025-02-06 15:44:58,Mild Yawn,0.298,0.318,105,1
2025-02-06 15:44:58,Mild Yawn,0.232,0.564,105,1
2025-02-06 15:44:58,Mild Yawn,0.269,0.308,105,1
2025-02-06 15:44:58,Moderate Yawn !,0.275,0.637,105,1
2025-02-06 15:44:58,Mild Yawn,0.272,0.400,105,1
2025-02-06 15:44:58,Severe Yawn !!!,0.246,0.821,105,1
2025-02-06 15:44:58,Mild Yawn,0.307,0.275,105,1
2025-02-06 15:44:58,Severe Yawn !!!,0.277,0.807,105,1
2025-02-06 15:44:58,Mild Yawn,0.287,0.314,105,1
2025-02-06 15:44:58,Moderate Yawn !,0.361,0.620,105,1
2025-02-06 15:44:58,Mild Yawn,0.380,0.508,105,1
2025-02-06 15:44:58,Mild Yawn,0.277,0.354,105,1
2025-02-06 15:44:58,Mild Yawn,0.321,0.306,105,1
2025-02-06 15:44:58,Mild Yawn,0.306,0.377,105,1
2025-02-06 15:44:58,Mild Yawn,0.203,0.377,105,1
2025-02-06 15:44:58,Mild Yawn,0.289,0.380,105,1
2025-02-06 15:44:58,Mild Yawn,0.242,0.361,105,1
2025-02-06 15:44:58,Mild Yawn,0.250,0.456,105,1
2025-02-06 15:44:58,Mild Yawn,0.282,0.308,105,1
2025-02-06 15:44:58,Mild Yawn,0.330,0.333,105,1
2025-02-06 15:44:58,Mild Yawn,0.340,0.312,105,1
2025-02-06 15:44:59,Mild Yawn,0.323,0.369,105,1
2025-02-06 15:44:59,Mild Yawn,0.275,0.340,105,1
2025-02-06 15:44:59,Mild Yawn,0.332,0.309,105,1
2025-02-06 15:44:59,Moderate Yawn !,0.313,0.614,105,1
2025-02-06 15:44:59,Mild Yawn,0.298,0.331,105,1
2025-02-06 15:44:59,Moderate Yawn !,0.256,0.601,105,1
2025-02-06 15:44:59,Mild Yawn,0.297,0.313,105,1
2025-02-06 15:44:59,Mild Yawn,0.262,0.562,105,1
2025-02-06 15:44:59,Mild Yawn,0.290,0.349,105,1
2025-02-06 15:44:59,Mild Yawn,0.268,0.592,105,1
2025-02-06 15:44:59,Mild Yawn,0.222,0.588,105,1
2025-02-06 15:44:59,Mild Yawn,0.249,0.597,105,1
2025-02-06 15:44:59,SLEEPING !!!,0.245,0.610,105,1
2025-02-06 15:44:59,Mild Yawn,0.323,0.297,106,1
2025-02-06 15:44:59,Moderate Yawn !,0.241,0.637,106,1
2025-02-06 15:44:59,Moderate Yawn !,0.236,0.609,106,1
2025-02-06 15:44:59,Mild Yawn,0.308,0.258,106,1
2025-02-06 15:44:59,Mild Yawn,0.255,0.555,106,1
2025-02-06 15:44:59,Mild Yawn,0.295,0.357,106,1
2025-02-06 15:44:59,Moderate Yawn !,0.219,0.607,106,1
2025-02-06 15:44:59,Mild Yawn,0.241,0.593,106,1
2025-02-06 15:44:59,Mild Yawn,0.255,0.339,106,1
2025-02-06 15:44:59,Mild Yawn,0.316,0.420,106,1
2025-02-06 15:44:59,Mild Yawn,0.213,0.552,106,1
2025-02-06 15:44:59,Mild Yawn,0.280,0.330,106,1
2025-02-06 15:44:59,Mild Yawn,0.233,0.543,106,1
2025-02-06 15:44:59,Mild Yawn,0.313,0.317,106,1
2025-02-06 15:44:59,Mild Yawn,0.255,0.545,106,1
2025-02-06 15:44:59,Mild Yawn,0.245,0.521,106,1
2025-02-06 15:44:59,Mild Yawn,0.310,0.241,106,1
2025-02-06 15:44:59,Mild Yawn,0.236,0.513,106,1
2025-02-06 15:44:59,Mild Yawn,0.281,0.334,106,1
2025-02-06 15:44:59,Mild Yawn,0.222,0.533,106,1
2025-02-06 15:44:59,Mild Yawn,0.270,0.377,106,1
2025-02-06 15:44:59,Mild Yawn,0.241,0.513,106,1
2025-02-06 15:44:59,Mild Yawn,0.332,0.326,106,1
2025-02-06 15:44:59,Mild Yawn,0.232,0.534,106,1
2025-02-06 15:44:59,Mild Yawn,0.303,0.335,106,1
2025-02-06 15:44:59,Mild Yawn,0.245,0.525,106,1
2025-02-06 15:44:59,Mild Yawn,0.290,0.334,106,1
2025-02-06 15:44:59,Mild Yawn,0.246,0.530,106,1
2025-02-06 15:44:59,Mild Yawn,0.287,0.277,106,1
2025-02-06 15:44:59,Mild Yawn,0.255,0.542,106,1
2025-02-06 15:44:59,Mild Yawn,0.262,0.290,106,1
2025-02-06 15:44:59,Mild Yawn,0.242,0.513,106,1
2025-02-06 15:44:59,Mild Yawn,0.228,0.522,106,1
2025-02-06 15:44:59,Mild Yawn,0.283,0.332,106,1
2025-02-06 15:44:59,Mild Yawn,0.254,0.524,106,1
2025-02-06 15:44:59,Mild Yawn,0.287,0.345,106,1
2025-02-06 15:44:59,Mild Yawn,0.237,0.520,106,1
2025-02-06 15:44:59,Mild Yawn,0.290,0.313,106,1
2025-02-06 15:45:00,Mild Yawn,0.227,0.531,106,1
2025-02-06 15:45:00,Mild Yawn,0.222,0.369,106,1
2025-02-06 15:45:00,Mild Yawn,0.264,0.515,106,1
2025-02-06 15:45:00,Mild Yawn,0.246,0.532,106,1
2025-02-06 15:45:00,Mild Yawn,0.234,0.321,106,1
2025-02-06 15:45:00,Mild Yawn,0.265,0.534,106,1
2025-02-06 15:45:00,Mild Yawn,0.262,0.334,106,1
2025-02-06 15:45:00,Mild Yawn,0.254,0.557,106,1
2025-02-06 15:45:00,Mild Yawn,0.254,0.351,106,1
2025-02-06 15:45:00,Mild Yawn,0.259,0.577,106,1
2025-02-06 15:45:00,Mild Yawn,0.290,0.306,106,1
2025-02-06 15:45:00,Moderate Yawn !,0.245,0.645,106,1
2025-02-06 15:45:00,Mild Yawn,0.218,0.326,106,1
2025-02-06 15:45:00,Moderate Yawn !,0.273,0.640,106,1
2025-02-06 15:45:00,Mild Yawn,0.264,0.317,106,1
2025-02-06 15:45:00,Mild Yawn,0.254,0.581,106,1
2025-02-06 15:45:00,Mild Yawn,0.260,0.369,106,1
2025-02-06 15:45:00,Mild Yawn,0.252,0.590,106,1
2025-02-06 15:45:00,Mild Yawn,0.286,0.316,106,1
2025-02-06 15:45:00,Moderate Yawn !,0.227,0.613,106,1
2025-02-06 15:45:00,Mild Yawn,0.251,0.337,106,1
2025-02-06 15:45:00,Moderate Yawn !,0.242,0.620,106,1
2025-02-06 15:45:00,Mild Yawn,0.276,0.330,106,1
2025-02-06 15:45:00,Moderate Yawn !,0.227,0.605,106,1
2025-02-06 15:45:00,Mild Yawn,0.245,0.349,106,1
2025-02-06 15:45:00,Moderate Yawn !,0.265,0.602,106,1
2025-02-06 15:45:00,Mild Yawn,0.267,0.337,106,1
2025-02-06 15:45:00,Moderate Yawn !,0.236,0.604,106,1
2025-02-06 15:45:00,Mild Yawn,0.248,0.348,106,1
2025-02-06 15:45:00,SLEEPING !!!,0.236,0.613,106,1
2025-02-06 15:45:00,Mild Yawn,0.254,0.384,107,1
2025-02-06 15:45:00,Moderate Yawn !,0.260,0.631,107,1
2025-02-06 15:45:00,Mild Yawn,0.358,0.281,107,1
2025-02-06 15:45:00,Moderate Yawn !,0.230,0.645,107,1
2025-02-06 15:45:00,Moderate Yawn !,0.232,0.651,107,1
2025-02-06 15:45:00,SLEEPING !!!,0.243,0.397,107,1
2025-02-06 15:45:00,Moderate Yawn !,0.251,0.627,108,1
2025-02-06 15:45:00,Mild Yawn,0.269,0.362,108,1
2025-02-06 15:45:00,Moderate Yawn !,0.245,0.612,108,1
2025-02-06 15:45:00,Mild Yawn,0.226,0.581,108,1
2025-02-06 15:45:00,Mild Yawn,0.276,0.403,108,1
2025-02-06 15:45:00,Mild Yawn,0.232,0.574,108,1
2025-02-06 15:45:00,Mild Yawn,0.300,0.337,108,1
2025-02-06 15:45:00,Mild Yawn,0.249,0.566,108,1
2025-02-06 15:45:00,Mild Yawn,0.326,0.404,108,1
2025-02-06 15:45:00,Moderate Yawn !,0.245,0.601,108,1
2025-02-06 15:45:00,Mild Yawn,0.318,0.375,108,1
2025-02-06 15:45:00,Mild Yawn,0.251,0.573,108,1
2025-02-06 15:45:00,Mild Yawn,0.330,0.329,108,1
2025-02-06 15:45:00,Mild Yawn,0.241,0.579,108,1
2025-02-06 15:45:00,Mild Yawn,0.266,0.391,108,1
2025-02-06 15:45:00,Mild Yawn,0.239,0.578,108,1
2025-02-06 15:45:01,Mild Yawn,0.291,0.342,108,1
2025-02-06 15:45:01,Mild Yawn,0.237,0.554,108,1
2025-02-06 15:45:01,Mild Yawn,0.349,0.339,108,1
2025-02-06 15:45:01,Mild Yawn,0.260,0.553,108,1
2025-02-06 15:45:01,Mild Yawn,0.294,0.354,108,1
2025-02-06 15:45:01,Mild Yawn,0.232,0.579,108,1
2025-02-06 15:45:01,Mild Yawn,0.310,0.366,108,1
2025-02-06 15:45:01,Mild Yawn,0.231,0.591,108,1
2025-02-06 15:45:01,Mild Yawn,0.243,0.341,108,1
2025-02-06 15:45:01,Mild Yawn,0.292,0.398,108,1
2025-02-06 15:45:01,Mild Yawn,0.237,0.555,108,1
2025-02-06 15:45:01,Mild Yawn,0.269,0.382,108,1
2025-02-06 15:45:01,Mild Yawn,0.223,0.520,108,1
2025-02-06 15:45:01,Mild Yawn,0.283,0.340,108,1
2025-02-06 15:45:01,Mild Yawn,0.259,0.589,108,1
2025-02-06 15:45:01,Mild Yawn,0.283,0.333,108,1
2025-02-06 15:45:01,Mild Yawn,0.210,0.594,108,1
2025-02-06 15:45:01,Mild Yawn,0.222,0.337,108,1
2025-02-06 15:45:01,SLEEPING !!!,0.164,0.435,108,1
2025-02-06 15:45:01,Mild Yawn,0.283,0.335,109,1
2025-02-06 15:45:01,Mild Yawn,0.152,0.447,109,1
2025-02-06 15:45:01,Mild Yawn,0.266,0.366,109,1
2025-02-06 15:45:01,Moderate Yawn !,0.267,0.649,109,1
2025-02-06 15:45:01,Mild Yawn,0.309,0.366,109,1
2025-02-06 15:45:01,Mild Yawn,0.326,0.377,109,1
2025-02-06 15:45:01,Mild Yawn,0.396,0.548,109,1
2025-02-06 15:45:01,Mild Yawn,0.316,0.426,109,1
2025-02-06 15:45:01,Moderate Yawn !,0.434,0.667,109,1
2025-02-06 15:45:01,Mild Yawn,0.279,0.395,109,1
2025-02-06 15:45:01,Mild Yawn,0.199,0.396,109,1
2025-02-06 15:45:01,Mild Yawn,0.253,0.366,109,1
2025-02-06 15:45:01,Mild Yawn,0.295,0.368,109,1
2025-02-06 15:45:01,Mild Yawn,0.324,0.337,109,1
2025-02-06 15:45:01,Mild Yawn,0.336,0.323,109,1
2025-02-06 15:45:01,Mild Yawn,0.300,0.316,109,1
2025-02-06 15:45:01,Mild Yawn,0.330,0.306,109,1
2025-02-06 15:45:01,Mild Yawn,0.347,0.302,109,1
2025-02-06 15:45:01,Mild Yawn,0.351,0.351,109,1
2025-02-06 15:45:01,Mild Yawn,0.386,0.311,109,1
2025-02-06 15:45:01,Mild Yawn,0.337,0.319,109,1
2025-02-06 15:45:01,Mild Yawn,0.300,0.361,109,1
2025-02-06 15:45:01,Mild Yawn,0.294,0.377,109,1
2025-02-06 15:45:02,Mild Yawn,0.264,0.374,109,1
2025-02-06 15:45:02,Mild Yawn,0.323,0.329,109,1
2025-02-06 15:45:02,Moderate Yawn !,0.440,0.654,109,1
2025-02-06 15:45:02,Mild Yawn,0.213,0.351,109,1
2025-02-06 15:45:02,Moderate Yawn !,0.348,0.795,109,1
2025-02-06 15:45:02,Mild Yawn,0.274,0.345,109,1
2025-02-06 15:45:02,Moderate Yawn !,0.283,0.682,109,1
2025-02-06 15:45:02,Mild Yawn,0.280,0.387,109,1
2025-02-06 15:45:02,Moderate Yawn !,0.261,0.676,109,1
2025-02-06 15:45:02,Mild Yawn,0.271,0.375,109,1
2025-02-06 15:45:02,Moderate Yawn !,0.293,0.644,109,1
2025-02-06 15:45:02,Mild Yawn,0.353,0.310,109,1
2025-02-06 15:45:02,Moderate Yawn !,0.329,0.636,109,1
2025-02-06 15:45:02,Mild Yawn,0.369,0.304,109,1
2025-02-06 15:45:02,Moderate Yawn !,0.307,0.619,109,1
2025-02-06 15:45:02,Mild Yawn,0.334,0.306,109,1
2025-02-06 15:45:02,Moderate Yawn !,0.306,0.616,109,1
2025-02-06 15:45:02,Mild Yawn,0.285,0.337,109,1
2025-02-06 15:45:02,Moderate Yawn !,0.280,0.614,109,1
2025-02-06 15:45:02,Mild Yawn,0.290,0.326,109,1
2025-02-06 15:45:02,Moderate Yawn !,0.270,0.616,109,1
2025-02-06 15:45:02,Mild Yawn,0.317,0.355,109,1
2025-02-06 15:45:02,Moderate Yawn !,0.251,0.616,109,1
2025-02-06 15:45:02,Mild Yawn,0.290,0.292,109,1
2025-02-06 15:45:02,Moderate Yawn !,0.278,0.619,109,1
2025-02-06 15:45:02,Mild Yawn,0.320,0.293,109,1
2025-02-06 15:45:02,Moderate Yawn !,0.287,0.619,109,1
2025-02-06 15:45:02,Mild Yawn,0.354,0.298,109,1
2025-02-06 15:45:02,Mild Yawn,0.264,0.580,109,1
2025-02-06 15:45:02,Mild Yawn,0.334,0.315,109,1
2025-02-06 15:45:02,Moderate Yawn !,0.261,0.617,109,1
2025-02-06 15:45:02,Mild Yawn,0.290,0.295,109,1
2025-02-06 15:45:02,Moderate Yawn !,0.245,0.613,109,1
2025-02-06 15:45:02,Mild Yawn,0.323,0.302,109,1
2025-02-06 15:45:02,Mild Yawn,0.246,0.590,109,1
2025-02-06 15:45:02,Mild Yawn,0.304,0.305,109,1
2025-02-06 15:45:02,Moderate Yawn !,0.265,0.607,109,1
2025-02-06 15:45:02,Mild Yawn,0.310,0.314,109,1
2025-02-06 15:45:02,Moderate Yawn !,0.235,0.625,109,1
2025-02-06 15:45:02,Mild Yawn,0.298,0.289,109,1
2025-02-06 15:45:02,Moderate Yawn !,0.264,0.608,109,1
2025-02-06 15:45:02,Mild Yawn,0.316,0.251,109,1
2025-02-06 15:45:02,Moderate Yawn !,0.232,0.622,109,1
2025-02-06 15:45:02,Mild Yawn,0.296,0.326,109,1
2025-02-06 15:45:02,Moderate Yawn !,0.250,0.630,109,1
2025-02-06 15:45:02,Mild Yawn,0.298,0.313,109,1
2025-02-06 15:45:02,Moderate Yawn !,0.231,0.630,109,1
2025-02-06 15:45:02,Mild Yawn,0.303,0.326,109,1
2025-02-06 15:45:02,Moderate Yawn !,0.246,0.642,109,1
2025-02-06 15:45:02,Mild Yawn,0.267,0.340,109,1
2025-02-06 15:45:02,Mild Yawn,0.275,0.489,109,1
2025-02-06 15:45:02,Moderate Yawn !,0.218,0.636,109,1
2025-02-06 15:45:02,Mild Yawn,0.321,0.306,109,1
2025-02-06 15:45:02,Moderate Yawn !,0.196,0.625,109,1
2025-02-06 15:45:02,Mild Yawn,0.298,0.301,109,1
2025-02-06 15:45:02,Moderate Yawn !,0.198,0.631,109,1
2025-02-06 15:45:02,Mild Yawn,0.299,0.306,109,1
2025-02-06 15:45:02,Moderate Yawn !,0.221,0.636,109,1
2025-02-06 15:45:02,Mild Yawn,0.290,0.292,109,1
2025-02-06 15:45:02,Moderate Yawn !,0.212,0.605,109,1
2025-02-06 15:45:02,Mild Yawn,0.318,0.264,109,1
2025-02-06 15:45:02,Moderate Yawn !,0.201,0.624,109,1
2025-02-06 15:45:02,Mild Yawn,0.310,0.309,109,1
2025-02-06 15:45:03,Moderate Yawn !,0.231,0.637,109,1
2025-02-06 15:45:03,Mild Yawn,0.267,0.298,109,1
2025-02-06 15:45:03,Mild Yawn,0.189,0.596,109,1
2025-02-06 15:45:03,Mild Yawn,0.298,0.306,109,1
2025-02-06 15:45:03,Moderate Yawn !,0.231,0.630,109,1
2025-02-06 15:45:03,Mild Yawn,0.298,0.301,109,1
2025-02-06 15:45:03,Moderate Yawn !,0.206,0.636,109,1
2025-02-06 15:45:03,Mild Yawn,0.330,0.309,109,1
2025-02-06 15:45:03,Moderate Yawn !,0.218,0.639,109,1
2025-02-06 15:45:03,Mild Yawn,0.313,0.301,109,1
2025-02-06 15:45:03,Moderate Yawn !,0.208,0.637,109,1
2025-02-06 15:45:03,Mild Yawn,0.318,0.297,109,1
2025-02-06 15:45:03,Mild Yawn,0.200,0.583,109,1
2025-02-06 15:45:03,Mild Yawn,0.264,0.293,109,1
2025-02-06 15:45:03,Mild Yawn,0.195,0.526,109,1
2025-02-06 15:45:03,Mild Yawn,0.286,0.301,109,1
2025-02-06 15:45:03,Mild Yawn,0.223,0.590,109,1
2025-02-06 15:45:03,Mild Yawn,0.310,0.302,109,1
2025-02-06 15:45:03,Moderate Yawn !,0.216,0.619,109,1
2025-02-06 15:45:03,Mild Yawn,0.321,0.314,109,1
2025-02-06 15:45:03,Moderate Yawn !,0.232,0.625,109,1
2025-02-06 15:45:03,Mild Yawn,0.270,0.238,109,1
2025-02-06 15:45:03,Moderate Yawn !,0.204,0.616,109,1
2025-02-06 15:45:03,Mild Yawn,0.262,0.268,109,1
2025-02-06 15:45:03,Moderate Yawn !,0.212,0.625,109,1
2025-02-06 15:45:03,Mild Yawn,0.283,0.293,109,1
2025-02-06 15:45:03,Moderate Yawn !,0.203,0.625,109,1
2025-02-06 15:45:03,Mild Yawn,0.305,0.344,109,1
2025-02-06 15:45:03,Moderate Yawn !,0.192,0.653,109,1
2025-02-06 15:45:03,Mild Yawn,0.298,0.315,109,1
2025-02-06 15:45:03,Moderate Yawn !,0.194,0.698,109,1
2025-02-06 15:45:03,Mild Yawn,0.290,0.326,109,1
2025-02-06 15:45:03,Mild Yawn,0.196,0.586,109,1
2025-02-06 15:45:03,Mild Yawn,0.313,0.306,109,1
2025-02-06 15:45:03,Mild Yawn,0.212,0.561,109,1
2025-02-06 15:45:03,Mild Yawn,0.308,0.309,109,1
2025-02-06 15:45:03,Mild Yawn,0.185,0.549,109,1
2025-02-06 15:45:03,Mild Yawn,0.314,0.269,109,1
2025-02-06 15:45:03,Mild Yawn,0.244,0.552,109,1
2025-02-06 15:45:03,Mild Yawn,0.328,0.306,109,1
2025-02-06 15:45:03,Mild Yawn,0.296,0.298,109,1
2025-02-06 15:45:03,Mild Yawn,0.302,0.547,109,1
2025-02-06 15:45:03,Mild Yawn,0.269,0.331,109,1
2025-02-06 15:45:03,Mild Yawn,0.313,0.313,109,1
2025-02-06 15:45:03,Mild Yawn,0.274,0.337,109,1
2025-02-06 15:45:03,Mild Yawn,0.326,0.306,109,1
2025-02-06 15:45:03,Mild Yawn,0.307,0.340,109,1
2025-02-06 15:45:03,Mild Yawn,0.318,0.274,109,1
2025-02-06 15:45:03,Mild Yawn,0.308,0.283,109,1
2025-02-06 15:45:03,Mild Yawn,0.290,0.238,109,1
2025-02-06 15:45:03,Mild Yawn,0.287,0.258,109,1
2025-02-06 15:45:04,Mild Yawn,0.326,0.297,109,1
2025-02-06 15:45:04,Mild Yawn,0.326,0.284,109,1
2025-02-06 15:45:04,Mild Yawn,0.267,0.299,109,1
2025-02-06 15:45:04,Severe Yawn !!!,0.390,1.002,109,1
2025-02-06 15:45:04,Moderate Yawn !,0.265,0.745,109,1
2025-02-06 15:45:04,Mild Yawn,0.361,0.265,109,1
2025-02-06 15:45:04,Moderate Yawn !,0.229,0.650,109,1
2025-02-06 15:45:04,Mild Yawn,0.326,0.279,109,1
2025-02-06 15:45:04,Moderate Yawn !,0.245,0.619,109,1
2025-02-06 15:45:04,Mild Yawn,0.326,0.313,109,1
2025-02-06 15:45:04,Mild Yawn,0.235,0.598,109,1
2025-02-06 15:45:04,Mild Yawn,0.260,0.317,109,1
2025-02-06 15:45:04,Mild Yawn,0.263,0.595,109,1
2025-02-06 15:45:04,Mild Yawn,0.361,0.338,109,1
2025-02-06 15:45:04,Mild Yawn,0.240,0.582,109,1
2025-02-06 15:45:04,Mild Yawn,0.351,0.274,109,1
2025-02-06 15:45:04,Mild Yawn,0.250,0.581,109,1
2025-02-06 15:45:04,Mild Yawn,0.308,0.283,109,1
2025-02-06 15:45:04,Mild Yawn,0.259,0.599,109,1
2025-02-06 15:45:04,Mild Yawn,0.338,0.273,109,1
2025-02-06 15:45:04,Mild Yawn,0.236,0.561,109,1
2025-02-06 15:45:04,Mild Yawn,0.317,0.365,109,1
2025-02-06 15:45:04,Mild Yawn,0.265,0.574,109,1
2025-02-06 15:45:04,Mild Yawn,0.324,0.297,109,1
2025-02-06 15:45:04,Mild Yawn,0.241,0.582,109,1
2025-02-06 15:45:04,Mild Yawn,0.325,0.279,109,1
2025-02-06 15:45:04,Mild Yawn,0.274,0.590,109,1
2025-02-06 15:45:04,Mild Yawn,0.358,0.342,109,1
2025-02-06 15:45:04,Moderate Yawn !,0.261,0.603,109,1
2025-02-06 15:45:04,Mild Yawn,0.349,0.313,109,1
2025-02-06 15:45:04,Mild Yawn,0.252,0.589,109,1
2025-02-06 15:45:04,Mild Yawn,0.304,0.275,109,1
2025-02-06 15:45:04,Mild Yawn,0.232,0.597,109,1
2025-02-06 15:45:04,Mild Yawn,0.294,0.283,109,1
2025-02-06 15:45:04,Moderate Yawn !,0.236,0.602,109,1
2025-02-06 15:45:04,Mild Yawn,0.304,0.302,109,1
2025-02-06 15:45:04,Moderate Yawn !,0.255,0.624,109,1
2025-02-06 15:45:04,Mild Yawn,0.287,0.272,109,1
2025-02-06 15:45:04,Moderate Yawn !,0.244,0.619,109,1
2025-02-06 15:45:04,Mild Yawn,0.199,0.350,109,1
2025-02-06 15:45:04,SLEEPING !!!,0.226,0.622,109,1
2025-02-06 15:45:04,Mild Yawn,0.287,0.258,110,1
2025-02-06 15:45:04,Moderate Yawn !,0.228,0.618,110,1
2025-02-06 15:45:04,Mild Yawn,0.332,0.281,110,1
2025-02-06 15:45:04,Moderate Yawn !,0.226,0.631,110,1
2025-02-06 15:45:04,Mild Yawn,0.330,0.248,110,1
2025-02-06 15:45:04,Moderate Yawn !,0.216,0.625,110,1
2025-02-06 15:45:04,Mild Yawn,0.300,0.236,110,1
2025-02-06 15:45:04,Moderate Yawn !,0.255,0.606,110,1
2025-02-06 15:45:04,Mild Yawn,0.275,0.330,110,1
2025-02-06 15:45:04,Moderate Yawn !,0.232,0.637,110,1
2025-02-06 15:45:04,Mild Yawn,0.294,0.321,110,1
2025-02-06 15:45:04,Moderate Yawn !,0.241,0.631,110,1
2025-02-06 15:45:04,Mild Yawn,0.303,0.290,110,1
2025-02-06 15:45:04,Moderate Yawn !,0.241,0.616,110,1
2025-02-06 15:45:04,Mild Yawn,0.290,0.296,110,1
2025-02-06 15:45:05,Mild Yawn,0.195,0.534,110,1
2025-02-06 15:45:05,Mild Yawn,0.282,0.258,110,1
2025-02-06 15:45:05,Moderate Yawn !,0.227,0.625,110,1
2025-02-06 15:45:05,Mild Yawn,0.305,0.336,110,1
2025-02-06 15:45:05,Mild Yawn,0.216,0.529,110,1
2025-02-06 15:45:05,Mild Yawn,0.290,0.311,110,1
2025-02-06 15:45:05,Moderate Yawn !,0.222,0.628,110,1
2025-02-06 15:45:05,Mild Yawn,0.255,0.357,110,1
2025-02-06 15:45:05,Moderate Yawn !,0.228,0.604,110,1
2025-02-06 15:45:05,Mild Yawn,0.277,0.317,110,1
2025-02-06 15:45:05,Moderate Yawn !,0.216,0.625,110,1
2025-02-06 15:45:05,Mild Yawn,0.241,0.371,110,1
2025-02-06 15:45:05,SLEEPING !!!,0.216,0.642,110,1
2025-02-06 15:45:05,Mild Yawn,0.266,0.299,111,1
2025-02-06 15:45:05,Moderate Yawn !,0.208,0.610,111,1
2025-02-06 15:45:05,Mild Yawn,0.283,0.317,111,1
2025-02-06 15:45:05,Moderate Yawn !,0.249,0.600,111,1
2025-02-06 15:45:05,Mild Yawn,0.282,0.323,111,1
2025-02-06 15:45:05,Mild Yawn,0.264,0.593,111,1
2025-02-06 15:45:05,Mild Yawn,0.285,0.344,111,1
2025-02-06 15:45:05,Mild Yawn,0.347,0.414,111,1
2025-02-06 15:45:05,Mild Yawn,0.235,0.572,111,1
2025-02-06 15:45:05,Mild Yawn,0.277,0.362,111,1
2025-02-06 15:45:05,Moderate Yawn !,0.223,0.603,111,1
2025-02-06 15:45:05,Mild Yawn,0.290,0.352,111,1
2025-02-06 15:45:05,Mild Yawn,0.231,0.566,111,1
2025-02-06 15:45:05,Mild Yawn,0.270,0.341,111,1
2025-02-06 15:45:05,Mild Yawn,0.208,0.579,111,1
2025-02-06 15:45:05,Mild Yawn,0.227,0.323,111,1
2025-02-06 15:45:05,SLEEPING !!!,0.223,0.608,111,1
2025-02-06 15:45:05,Mild Yawn,0.286,0.323,112,1
2025-02-06 15:45:05,Moderate Yawn !,0.216,0.691,112,1
2025-02-06 15:45:05,Mild Yawn,0.253,0.340,112,1
2025-02-06 15:45:05,Moderate Yawn !,0.221,0.666,112,1
2025-02-06 15:45:05,Mild Yawn,0.250,0.357,112,1
2025-02-06 15:45:05,SLEEPING !!!,0.212,0.625,112,1
2025-02-06 15:45:05,Mild Yawn,0.313,0.309,113,1
2025-02-06 15:45:05,Mild Yawn,0.222,0.586,113,1
2025-02-06 15:45:05,Mild Yawn,0.249,0.351,113,1
2025-02-06 15:45:05,SLEEPING !!!,0.220,0.608,113,1
2025-02-06 15:45:05,Mild Yawn,0.259,0.336,113,1
2025-02-06 15:45:05,Moderate Yawn !,0.226,0.648,113,1
2025-02-06 15:45:05,Mild Yawn,0.250,0.321,113,1
2025-02-06 15:45:05,SLEEPING !!!,0.212,0.633,113,1
2025-02-06 15:45:05,SLEEPING !!!,0.243,0.319,113,1
2025-02-06 15:45:05,SLEEPING !!!,0.231,0.533,113,1
2025-02-06 15:45:05,Mild Yawn,0.321,0.344,114,1
2025-02-06 15:45:05,Mild Yawn,0.255,0.571,114,1
2025-02-06 15:45:05,Mild Yawn,0.285,0.307,114,1
2025-02-06 15:45:05,Mild Yawn,0.239,0.406,114,1
2025-02-06 15:45:05,Mild Yawn,0.218,0.350,114,1
2025-02-06 15:45:05,SLEEPING !!!,0.209,0.368,114,1
2025-02-06 15:45:05,Mild Yawn,0.312,0.344,115,1
2025-02-06 15:45:06,Mild Yawn,0.226,0.344,115,1
2025-02-06 15:45:06,Mild Yawn,0.290,0.340,115,1
2025-02-06 15:45:06,Mild Yawn,0.285,0.335,115,1
2025-02-06 15:45:06,Mild Yawn,0.339,0.339,115,1
2025-02-06 15:45:06,Mild Yawn,0.389,0.364,115,1
2025-02-06 15:45:06,Mild Yawn,0.250,0.369,115,1
2025-02-06 15:45:06,Mild Yawn,0.260,0.429,115,1
2025-02-06 15:45:06,Mild Yawn,0.287,0.262,115,1
2025-02-06 15:45:06,Mild Yawn,0.304,0.271,115,1
2025-02-06 15:45:06,Mild Yawn,0.290,0.362,115,1
2025-02-06 15:45:06,Mild Yawn,0.349,0.359,115,1
2025-02-06 15:45:06,Mild Yawn,0.358,0.351,115,1
2025-02-06 15:45:06,Mild Yawn,0.315,0.333,115,1
2025-02-06 15:45:06,Mild Yawn,0.316,0.317,115,1
2025-02-06 15:45:06,Mild Yawn,0.343,0.297,115,1
2025-02-06 15:45:06,Mild Yawn,0.330,0.300,115,1
2025-02-06 15:45:06,Mild Yawn,0.308,0.349,115,1
2025-02-06 15:45:06,Mild Yawn,0.270,0.358,115,1
2025-02-06 15:45:06,Mild Yawn,0.285,0.345,115,1
2025-02-06 15:45:06,Mild Yawn,0.290,0.330,115,1
2025-02-06 15:45:06,Mild Yawn,0.331,0.351,115,1
2025-02-06 15:45:06,Mild Yawn,0.272,0.266,115,1
2025-02-06 15:45:06,Mild Yawn,0.315,0.393,115,1
2025-02-06 15:45:06,Mild Yawn,0.282,0.318,115,1
2025-02-06 15:45:06,Mild Yawn,0.309,0.306,115,1
2025-02-06 15:45:06,Mild Yawn,0.303,0.281,115,1
2025-02-06 15:45:06,Mild Yawn,0.292,0.339,115,1
2025-02-06 15:45:06,Mild Yawn,0.358,0.339,115,1
2025-02-06 15:45:06,Mild Yawn,0.312,0.356,115,1
2025-02-06 15:45:06,Mild Yawn,0.283,0.412,115,1
2025-02-06 15:45:07,Mild Yawn,0.326,0.323,115,1
2025-02-06 15:45:07,Mild Yawn,0.290,0.233,115,1
2025-02-06 15:45:07,Mild Yawn,0.290,0.358,115,1
2025-02-06 15:45:07,Mild Yawn,0.305,0.428,115,1
2025-02-06 15:45:07,Mild Yawn,0.278,0.355,115,1
2025-02-06 15:45:07,Mild Yawn,0.259,0.395,115,1
2025-02-06 15:45:07,Mild Yawn,0.277,0.356,115,1
2025-02-06 15:45:07,Mild Yawn,0.314,0.326,115,1
2025-02-06 15:45:07,Mild Yawn,0.211,0.306,115,1
2025-02-06 15:45:07,Mild Yawn,0.290,0.311,115,1
2025-02-06 15:45:07,Mild Yawn,0.286,0.274,115,1
2025-02-06 15:45:07,Mild Yawn,0.243,0.387,115,1
2025-02-06 15:45:07,Mild Yawn,0.222,0.349,115,1
2025-02-06 15:45:07,Mild Yawn,0.317,0.384,115,1
2025-02-06 15:45:07,Mild Yawn,0.269,0.338,115,1
2025-02-06 15:45:07,Mild Yawn,0.304,0.246,115,1
2025-02-06 15:45:07,Mild Yawn,0.339,0.367,115,1
2025-02-06 15:45:07,Mild Yawn,0.274,0.326,115,1
2025-02-06 15:45:07,Mild Yawn,0.277,0.282,115,1
2025-02-06 15:45:07,Mild Yawn,0.313,0.254,115,1
2025-02-06 15:45:07,Mild Yawn,0.313,0.305,115,1
2025-02-06 15:45:07,Mild Yawn,0.264,0.341,115,1
2025-02-06 15:45:07,Mild Yawn,0.286,0.412,115,1
2025-02-06 15:45:07,Mild Yawn,0.271,0.344,115,1
2025-02-06 15:45:07,Mild Yawn,0.288,0.401,115,1
2025-02-06 15:45:07,Mild Yawn,0.282,0.485,115,1
2025-02-06 15:45:08,Mild Yawn,0.304,0.474,115,1
2025-02-06 15:45:08,Mild Yawn,0.411,0.568,115,1
2025-02-06 15:45:08,Mild Yawn,0.411,0.406,115,1
2025-02-06 15:45:08,Mild Yawn,0.350,0.350,115,1
2025-02-06 15:45:08,Mild Yawn,0.292,0.320,115,1
2025-02-06 15:45:08,Mild Yawn,0.274,0.330,115,1
2025-02-06 15:45:08,Mild Yawn,0.265,0.323,115,1
2025-02-06 15:45:08,Mild Yawn,0.291,0.326,115,1
2025-02-06 15:45:08,Mild Yawn,0.272,0.334,115,1
2025-02-06 15:45:08,Mild Yawn,0.268,0.324,115,1
2025-02-06 15:45:08,Mild Yawn,0.271,0.338,115,1
2025-02-06 15:45:08,Mild Yawn,0.294,0.337,115,1
2025-02-06 15:45:08,Mild Yawn,0.281,0.340,115,1
2025-02-06 15:45:08,Mild Yawn,0.269,0.347,115,1
2025-02-06 15:45:08,Mild Yawn,0.295,0.450,115,1
2025-02-06 15:45:08,Mild Yawn,0.264,0.335,115,1
2025-02-06 15:45:08,Mild Yawn,0.282,0.347,115,1
2025-02-06 15:45:08,Mild Yawn,0.275,0.343,115,1
2025-02-06 15:45:08,Mild Yawn,0.284,0.472,115,1
2025-02-06 15:45:08,Mild Yawn,0.291,0.345,115,1
2025-02-06 15:45:08,Mild Yawn,0.273,0.308,115,1
2025-02-06 15:45:08,Mild Yawn,0.273,0.341,115,1
2025-02-06 15:45:08,Mild Yawn,0.339,0.215,115,1
2025-02-06 15:45:08,Mild Yawn,0.259,0.343,115,1
2025-02-06 15:45:08,Mild Yawn,0.358,0.225,115,1
2025-02-06 15:45:08,Mild Yawn,0.280,0.343,115,1
2025-02-06 15:45:08,Mild Yawn,0.378,0.203,115,1
2025-02-06 15:45:09,Mild Yawn,0.270,0.315,115,1
2025-02-06 15:45:09,Mild Yawn,0.310,0.212,115,1
2025-02-06 15:45:09,Mild Yawn,0.284,0.320,115,1
2025-02-06 15:45:09,Mild Yawn,0.357,0.230,115,1
2025-02-06 15:45:09,Mild Yawn,0.253,0.323,115,1
2025-02-06 15:45:09,Mild Yawn,0.286,0.353,115,1
2025-02-06 15:45:09,Mild Yawn,0.302,0.240,115,1
2025-02-06 15:45:09,Mild Yawn,0.320,0.439,115,1
2025-02-06 15:45:09,Mild Yawn,0.281,0.337,115,1
2025-02-06 15:45:09,Mild Yawn,0.365,0.173,115,1
2025-02-06 15:45:09,Mild Yawn,0.316,0.452,115,1
2025-02-06 15:45:09,Mild Yawn,0.274,0.361,115,1
2025-02-06 15:45:09,Mild Yawn,0.382,0.258,115,1
2025-02-06 15:45:09,Mild Yawn,0.292,0.352,115,1
2025-02-06 15:45:09,Mild Yawn,0.269,0.370,115,1
2025-02-06 15:45:09,Mild Yawn,0.345,0.206,115,1
2025-02-06 15:45:09,Mild Yawn,0.391,0.447,115,1
2025-02-06 15:45:09,Mild Yawn,0.274,0.371,115,1
2025-02-06 15:45:09,Mild Yawn,0.336,0.439,115,1
2025-02-06 15:45:09,Mild Yawn,0.283,0.368,115,1
2025-02-06 15:45:09,Mild Yawn,0.365,0.285,115,1
2025-02-06 15:45:09,Mild Yawn,0.260,0.390,115,1
2025-02-06 15:45:09,Mild Yawn,0.370,0.418,115,1
2025-02-06 15:45:09,Mild Yawn,0.345,0.238,115,1
2025-02-06 15:45:09,Mild Yawn,0.260,0.412,115,1
2025-02-06 15:45:09,Mild Yawn,0.377,0.476,115,1
2025-02-06 15:45:09,Mild Yawn,0.347,0.261,115,1
2025-02-06 15:45:09,Mild Yawn,0.273,0.423,115,1
2025-02-06 15:45:09,Mild Yawn,0.344,0.470,115,1
2025-02-06 15:45:09,Mild Yawn,0.348,0.279,115,1
2025-02-06 15:45:09,Mild Yawn,0.264,0.454,115,1
2025-02-06 15:45:09,Mild Yawn,0.351,0.290,115,1
2025-02-06 15:45:09,Mild Yawn,0.239,0.493,115,1
2025-02-06 15:45:09,Mild Yawn,0.269,0.498,115,1
2025-02-06 15:45:09,Mild Yawn,0.359,0.302,115,1
2025-02-06 15:45:09,Mild Yawn,0.337,0.426,115,1
2025-02-06 15:45:09,Mild Yawn,0.252,0.530,115,1
2025-02-06 15:45:09,Mild Yawn,0.323,0.351,115,1
2025-02-06 15:45:09,Mild Yawn,0.291,0.340,115,1
2025-02-06 15:45:09,Mild Yawn,0.255,0.567,115,1
2025-02-06 15:45:09,Mild Yawn,0.326,0.286,115,1
2025-02-06 15:45:09,Mild Yawn,0.347,0.317,115,1
2025-02-06 15:45:09,Mild Yawn,0.269,0.590,115,1
2025-02-06 15:45:09,Mild Yawn,0.344,0.318,115,1
2025-02-06 15:45:09,Mild Yawn,0.360,0.348,115,1
2025-02-06 15:45:09,Mild Yawn,0.270,0.584,115,1
2025-02-06 15:45:09,Mild Yawn,0.336,0.270,115,1
2025-02-06 15:45:09,Mild Yawn,0.222,0.425,115,1
2025-02-06 15:45:09,Moderate Yawn !,0.272,0.606,115,1
2025-02-06 15:45:09,Mild Yawn,0.196,0.476,115,1
2025-02-06 15:45:09,Mild Yawn,0.321,0.293,115,1
2025-02-06 15:45:09,Moderate Yawn !,0.272,0.609,115,1
2025-02-06 15:45:09,Mild Yawn,0.190,0.458,115,1
2025-02-06 15:45:09,Mild Yawn,0.264,0.588,115,1
2025-02-06 15:45:09,Mild Yawn,0.303,0.338,115,1
2025-02-06 15:45:09,Mild Yawn,0.346,0.251,115,1
2025-02-06 15:45:09,Mild Yawn,0.255,0.565,115,1
2025-02-06 15:45:09,Mild Yawn,0.324,0.315,115,1
2025-02-06 15:45:09,Mild Yawn,0.323,0.261,115,1
2025-02-06 15:45:09,Mild Yawn,0.242,0.568,115,1
2025-02-06 15:45:09,Mild Yawn,0.221,0.347,115,1
2025-02-06 15:45:09,Mild Yawn,0.256,0.589,115,1
2025-02-06 15:45:09,Mild Yawn,0.320,0.342,115,1
2025-02-06 15:45:09,Moderate Yawn !,0.260,0.674,115,1
2025-02-06 15:45:09,Mild Yawn,0.243,0.398,115,1
2025-02-06 15:45:09,Mild Yawn,0.250,0.219,115,1
2025-02-06 15:45:09,Moderate Yawn !,0.277,0.643,115,1
2025-02-06 15:45:09,Mild Yawn,0.272,0.269,115,1
2025-02-06 15:45:09,Mild Yawn,0.230,0.420,115,1
2025-02-06 15:45:09,Moderate Yawn !,0.273,0.629,115,1
2025-02-06 15:45:09,Moderate Yawn !,0.296,0.646,115,1
2025-02-06 15:45:09,Moderate Yawn !,0.282,0.630,115,1
2025-02-06 15:45:09,Mild Yawn,0.200,0.253,115,1
2025-02-06 15:45:10,Moderate Yawn !,0.263,0.635,115,1
2025-02-06 15:45:10,Mild Yawn,0.242,0.322,115,1
2025-02-06 15:45:10,Moderate Yawn !,0.272,0.624,115,1
2025-02-06 15:45:10,Mild Yawn,0.303,0.350,115,1
2025-02-06 15:45:10,Mild Yawn,0.270,0.280,115,1
2025-02-06 15:45:10,Moderate Yawn !,0.277,0.622,115,1
2025-02-06 15:45:10,Mild Yawn,0.270,0.283,115,1
2025-02-06 15:45:10,Mild Yawn,0.344,0.328,115,1
2025-02-06 15:45:10,Moderate Yawn !,0.294,0.644,115,1
2025-02-06 15:45:10,Mild Yawn,0.291,0.237,115,1
2025-02-06 15:45:10,Moderate Yawn !,0.297,0.621,115,1
2025-02-06 15:45:10,Mild Yawn,0.290,0.311,115,1
2025-02-06 15:45:10,Moderate Yawn !,0.278,0.642,115,1
2025-02-06 15:45:10,Mild Yawn,0.270,0.318,115,1
2025-02-06 15:45:10,Moderate Yawn !,0.294,0.652,115,1
2025-02-06 15:45:10,Mild Yawn,0.285,0.310,115,1
2025-02-06 15:45:10,Mild Yawn,0.283,0.582,115,1
2025-02-06 15:45:10,Mild Yawn,0.279,0.352,115,1
2025-02-06 15:45:10,Mild Yawn,0.307,0.367,115,1
2025-02-06 15:45:10,Mild Yawn,0.270,0.519,115,1
2025-02-06 15:45:10,Mild Yawn,0.264,0.329,115,1
2025-02-06 15:45:10,Mild Yawn,0.238,0.507,115,1
2025-02-06 15:45:10,Mild Yawn,0.282,0.304,115,1
2025-02-06 15:45:10,Mild Yawn,0.221,0.541,115,1
2025-02-06 15:45:10,Mild Yawn,0.228,0.304,115,1
2025-02-06 15:45:10,SLEEPING !!!,0.127,0.637,115,1
2025-02-06 15:45:10,Mild Yawn,0.288,0.287,116,1
2025-02-06 15:45:10,Moderate Yawn !,0.140,0.643,116,1
2025-02-06 15:45:10,Mild Yawn,0.218,0.326,116,1
2025-02-06 15:45:10,SLEEPING !!!,0.188,0.721,116,1
2025-02-06 15:45:10,Mild Yawn,0.269,0.312,116,1
2025-02-06 15:45:10,Moderate Yawn !,0.220,0.689,116,1
2025-02-06 15:45:10,Mild Yawn,0.262,0.255,116,1
2025-02-06 15:45:10,Moderate Yawn !,0.246,0.655,116,1
2025-02-06 15:45:10,Mild Yawn,0.291,0.296,116,1
2025-02-06 15:45:10,Moderate Yawn !,0.264,0.642,116,1
2025-02-06 15:45:10,Mild Yawn,0.284,0.323,116,1
2025-02-06 15:45:10,Moderate Yawn !,0.264,0.654,116,1
2025-02-06 15:45:10,Mild Yawn,0.300,0.259,116,1
2025-02-06 15:45:10,Moderate Yawn !,0.264,0.619,116,1
2025-02-06 15:45:10,Mild Yawn,0.289,0.242,116,1
2025-02-06 15:45:10,Moderate Yawn !,0.260,0.621,116,1
2025-02-06 15:45:10,Mild Yawn,0.260,0.261,116,1
2025-02-06 15:45:10,Mild Yawn,0.278,0.593,116,1
2025-02-06 15:45:10,Moderate Yawn !,0.274,0.603,116,1
2025-02-06 15:45:10,Mild Yawn,0.264,0.582,116,1
2025-02-06 15:45:10,Mild Yawn,0.269,0.563,116,1
2025-02-06 15:45:10,Mild Yawn,0.277,0.286,116,1
2025-02-06 15:45:10,Mild Yawn,0.277,0.580,116,1
2025-02-06 15:45:10,Mild Yawn,0.323,0.292,116,1
2025-02-06 15:45:10,Moderate Yawn !,0.270,0.610,116,1
2025-02-06 15:45:10,Moderate Yawn !,0.256,0.635,116,1
2025-02-06 15:45:10,Mild Yawn,0.239,0.599,116,1
2025-02-06 15:45:11,Mild Yawn,0.229,0.580,116,1
2025-02-06 15:45:11,SLEEPING !!!,0.238,0.616,116,1
2025-02-06 15:45:11,SLEEPING !!!,0.239,0.671,116,1
2025-02-06 15:45:11,Mild Yawn,0.270,0.233,117,1
2025-02-06 15:45:11,Moderate Yawn !,0.242,0.677,117,1
2025-02-06 15:45:11,Moderate Yawn !,0.217,0.646,117,1
2025-02-06 15:45:11,SLEEPING !!!,0.218,0.623,117,1
2025-02-06 15:45:11,Mild Yawn,0.277,0.549,118,1
2025-02-06 15:45:11,Mild Yawn,0.305,0.301,118,1
2025-02-06 15:45:11,Moderate Yawn !,0.216,0.610,118,1
2025-02-06 15:45:11,Mild Yawn,0.354,0.426,118,1
2025-02-06 15:45:11,Mild Yawn,0.218,0.583,118,1
2025-02-06 15:45:11,Mild Yawn,0.274,0.302,118,1
2025-02-06 15:45:11,Mild Yawn,0.345,0.510,118,1
2025-02-06 15:45:11,Mild Yawn,0.225,0.557,118,1
2025-02-06 15:45:11,Mild Yawn,0.253,0.227,118,1
2025-02-06 15:45:11,Mild Yawn,0.401,0.370,118,1
2025-02-06 15:45:11,Mild Yawn,0.230,0.523,118,1
2025-02-06 15:45:11,Mild Yawn,0.250,0.313,118,1
2025-02-06 15:45:11,Mild Yawn,0.306,0.474,118,1
2025-02-06 15:45:11,Mild Yawn,0.238,0.525,118,1
2025-02-06 15:45:11,Mild Yawn,0.326,0.441,118,1
2025-02-06 15:45:11,Mild Yawn,0.214,0.538,118,1
2025-02-06 15:45:11,Mild Yawn,0.277,0.260,118,1
2025-02-06 15:45:11,Mild Yawn,0.287,0.549,118,1
2025-02-06 15:45:11,Mild Yawn,0.214,0.545,118,1
2025-02-06 15:45:11,Mild Yawn,0.274,0.270,118,1
2025-02-06 15:45:11,Mild Yawn,0.323,0.458,118,1
2025-02-06 15:45:11,Mild Yawn,0.209,0.548,118,1
2025-02-06 15:45:11,Mild Yawn,0.290,0.433,118,1
2025-02-06 15:45:11,Mild Yawn,0.252,0.267,118,1
2025-02-06 15:45:11,Mild Yawn,0.206,0.526,118,1
2025-02-06 15:45:11,Mild Yawn,0.361,0.385,118,1
2025-02-06 15:45:11,Mild Yawn,0.230,0.540,118,1
2025-02-06 15:45:11,Mild Yawn,0.307,0.514,118,1
2025-02-06 15:45:11,Mild Yawn,0.260,0.278,118,1
2025-02-06 15:45:11,Mild Yawn,0.203,0.531,118,1
2025-02-06 15:45:11,Mild Yawn,0.333,0.489,118,1
2025-02-06 15:45:11,Mild Yawn,0.280,0.246,118,1
2025-02-06 15:45:11,Mild Yawn,0.206,0.537,118,1
2025-02-06 15:45:11,Mild Yawn,0.278,0.540,118,1
2025-02-06 15:45:11,Mild Yawn,0.274,0.242,118,1
2025-02-06 15:45:11,Mild Yawn,0.203,0.534,118,1
2025-02-06 15:45:11,Mild Yawn,0.324,0.512,118,1
2025-02-06 15:45:11,Mild Yawn,0.267,0.266,118,1
2025-02-06 15:45:11,Mild Yawn,0.205,0.540,118,1
2025-02-06 15:45:11,Mild Yawn,0.275,0.489,118,1
2025-02-06 15:45:11,Mild Yawn,0.274,0.265,118,1
2025-02-06 15:45:11,Mild Yawn,0.203,0.523,118,1
2025-02-06 15:45:11,Mild Yawn,0.289,0.520,118,1
2025-02-06 15:45:11,Mild Yawn,0.216,0.538,118,1
2025-02-06 15:45:11,Mild Yawn,0.383,0.419,118,1
2025-02-06 15:45:11,Mild Yawn,0.309,0.233,118,1
2025-02-06 15:45:11,Mild Yawn,0.210,0.532,118,1
2025-02-06 15:45:11,Mild Yawn,0.404,0.442,118,1
2025-02-06 15:45:11,Mild Yawn,0.270,0.263,118,1
2025-02-06 15:45:11,Mild Yawn,0.213,0.539,118,1
2025-02-06 15:45:11,Mild Yawn,0.386,0.427,118,1
2025-02-06 15:45:11,Mild Yawn,0.259,0.255,118,1
2025-02-06 15:45:11,Mild Yawn,0.200,0.523,118,1
2025-02-06 15:45:11,Mild Yawn,0.285,0.398,118,1
2025-02-06 15:45:11,Mild Yawn,0.260,0.238,118,1
2025-02-06 15:45:11,Mild Yawn,0.211,0.526,118,1
2025-02-06 15:45:11,Mild Yawn,0.308,0.427,118,1
2025-02-06 15:45:11,Mild Yawn,0.269,0.253,118,1
2025-02-06 15:45:11,Mild Yawn,0.212,0.523,118,1
2025-02-06 15:45:11,Mild Yawn,0.324,0.486,118,1
2025-02-06 15:45:11,Mild Yawn,0.279,0.215,118,1
2025-02-06 15:45:11,Mild Yawn,0.196,0.526,118,1
2025-02-06 15:45:11,Mild Yawn,0.362,0.393,118,1
2025-02-06 15:45:11,Mild Yawn,0.295,0.273,118,1
2025-02-06 15:45:11,Mild Yawn,0.201,0.529,118,1
2025-02-06 15:45:11,Mild Yawn,0.411,0.374,118,1
2025-02-06 15:45:11,Mild Yawn,0.187,0.591,118,1
2025-02-06 15:45:11,Mild Yawn,0.216,0.532,118,1
2025-02-06 15:45:11,Mild Yawn,0.381,0.418,118,1
2025-02-06 15:45:11,Mild Yawn,0.366,0.426,118,1
2025-02-06 15:45:11,Mild Yawn,0.200,0.522,118,1
2025-02-06 15:45:12,Mild Yawn,0.340,0.428,118,1
2025-02-06 15:45:12,Mild Yawn,0.194,0.512,118,1
2025-02-06 15:45:12,Mild Yawn,0.259,0.267,118,1
2025-02-06 15:45:12,Mild Yawn,0.383,0.448,118,1
2025-02-06 15:45:12,Mild Yawn,0.168,0.537,118,1
2025-02-06 15:45:12,Mild Yawn,0.274,0.284,118,1
2025-02-06 15:45:12,Mild Yawn,0.368,0.456,118,1
2025-02-06 15:45:12,Mild Yawn,0.171,0.512,118,1
2025-02-06 15:45:12,Mild Yawn,0.267,0.254,118,1
2025-02-06 15:45:12,Mild Yawn,0.341,0.407,118,1
2025-02-06 15:45:12,Mild Yawn,0.167,0.523,118,1
2025-02-06 15:45:12,Mild Yawn,0.234,0.289,118,1
2025-02-06 15:45:12,SLEEPING !!!,0.170,0.527,118,1
2025-02-06 15:45:12,Mild Yawn,0.298,0.407,119,1
2025-02-06 15:45:12,Mild Yawn,0.273,0.600,119,1
2025-02-06 15:45:12,Mild Yawn,0.164,0.534,119,1
2025-02-06 15:45:12,Mild Yawn,0.325,0.435,119,1
2025-02-06 15:45:12,Mild Yawn,0.258,0.578,119,1
2025-02-06 15:45:12,Mild Yawn,0.162,0.534,119,1
2025-02-06 15:45:12,Mild Yawn,0.386,0.446,119,1
2025-02-06 15:45:12,Mild Yawn,0.237,0.594,119,1
2025-02-06 15:45:12,Mild Yawn,0.159,0.521,119,1
2025-02-06 15:45:12,Mild Yawn,0.350,0.470,119,1
2025-02-06 15:45:12,Mild Yawn,0.219,0.263,119,1
2025-02-06 15:45:12,Mild Yawn,0.172,0.532,119,1
2025-02-06 15:45:12,Mild Yawn,0.340,0.449,119,1
2025-02-06 15:45:12,Mild Yawn,0.256,0.275,119,1
