Timestamp,Status,Eye_Aspect_Ratio,Mouth_Aspect_Ratio,Blink_Count,Yawn_Count
2024-11-28 12:14:20,Active,0.219,0.531,0,0
2024-11-28 12:14:20,Active,0.284,0.646,0,0
2024-11-28 12:14:21,Active,0.218,0.554,0,0
2024-11-28 12:14:21,Active,0.306,0.665,0,0
2024-11-28 12:14:21,Active,0.217,0.506,0,0
2024-11-28 12:14:21,Active,0.317,0.514,0,0
2024-11-28 12:14:21,Active,0.175,0.523,0,0
2024-11-28 12:14:21,Active,0.317,0.458,0,0
2024-11-28 12:14:21,Active,0.180,0.512,0,0
2024-11-28 12:14:21,Active,0.298,0.458,0,0
2024-11-28 12:14:21,Active,0.211,0.478,0,0
2024-11-28 12:14:21,Active,0.337,0.589,0,0
2024-11-28 12:14:21,Active,0.185,0.483,0,0
2024-11-28 12:14:21,Active,0.350,0.543,0,0
2024-11-28 12:14:21,Active,0.183,0.477,0,0
2024-11-28 12:14:21,Active,0.177,0.467,0,0
2024-11-28 12:14:21,SLEEPING !!!,0.197,0.471,0,0
2024-11-28 12:14:21,SLEEPING !!!,0.234,0.457,0,1
2024-11-28 12:14:21,SLEEPING !!!,0.246,0.452,0,1
2024-11-28 12:14:21,Mild Yawn,0.264,0.459,1,1
2024-11-28 12:14:21,Mild Yawn,0.252,0.446,1,1
2024-11-28 12:14:21,Mild Yawn,0.261,0.451,1,1
2024-11-28 12:14:21,Mild Yawn,0.243,0.509,1,1
2024-11-28 12:14:21,Moderate Yawn !,0.278,0.602,1,1
2024-11-28 12:14:21,Mild Yawn,0.269,0.495,1,1
2024-11-28 12:14:21,Mild Yawn,0.316,0.596,1,1
2024-11-28 12:14:21,Mild Yawn,0.275,0.488,1,1
2024-11-28 12:14:21,Mild Yawn,0.298,0.572,1,1
2024-11-28 12:14:21,Mild Yawn,0.211,0.478,1,1
2024-11-28 12:14:21,Mild Yawn,0.286,0.594,1,1
2024-11-28 12:14:21,Mild Yawn,0.237,0.478,1,1
2024-11-28 12:14:21,Moderate Yawn !,0.263,0.631,1,1
2024-11-28 12:14:21,Mild Yawn,0.235,0.478,1,1
2024-11-28 12:14:21,Mild Yawn,0.301,0.584,1,1
2024-11-28 12:14:21,Mild Yawn,0.236,0.464,1,1
2024-11-28 12:14:21,Moderate Yawn !,0.280,0.608,1,1
2024-11-28 12:14:21,Mild Yawn,0.245,0.477,1,1
2024-11-28 12:14:21,Mild Yawn,0.269,0.566,1,1
2024-11-28 12:14:21,Mild Yawn,0.229,0.470,1,1
2024-11-28 12:14:21,Mild Yawn,0.301,0.537,1,1
2024-11-28 12:14:21,Mild Yawn,0.203,0.455,1,1
2024-11-28 12:14:21,Mild Yawn,0.269,0.547,1,1
2024-11-28 12:14:21,Mild Yawn,0.228,0.460,1,1
2024-11-28 12:14:21,Mild Yawn,0.307,0.514,1,1
2024-11-28 12:14:21,Mild Yawn,0.247,0.469,1,1
2024-11-28 12:14:21,Mild Yawn,0.276,0.552,1,1
2024-11-28 12:14:21,Mild Yawn,0.252,0.486,1,1
2024-11-28 12:14:21,Mild Yawn,0.310,0.524,1,1
2024-11-28 12:14:21,Mild Yawn,0.207,0.473,1,1
2024-11-28 12:14:21,Mild Yawn,0.302,0.560,1,1
2024-11-28 12:14:21,Mild Yawn,0.235,0.457,1,1
2024-11-28 12:14:21,Mild Yawn,0.283,0.527,1,1
2024-11-28 12:14:21,Mild Yawn,0.234,0.494,1,1
2024-11-28 12:14:21,Mild Yawn,0.309,0.554,1,1
2024-11-28 12:14:21,Mild Yawn,0.265,0.480,1,1
2024-11-28 12:14:21,Mild Yawn,0.227,0.455,1,1
2024-11-28 12:14:21,Mild Yawn,0.262,0.473,1,1
2024-11-28 12:14:22,Mild Yawn,0.240,0.480,1,1
2024-11-28 12:14:22,Mild Yawn,0.255,0.448,1,1
2024-11-28 12:14:22,Mild Yawn,0.263,0.410,1,1
2024-11-28 12:14:22,Mild Yawn,0.236,0.370,1,1
2024-11-28 12:14:22,Mild Yawn,0.256,0.402,1,1
2024-11-28 12:14:22,Mild Yawn,0.271,0.371,1,1
2024-11-28 12:14:22,Mild Yawn,0.273,0.394,1,1
2024-11-28 12:14:22,Mild Yawn,0.269,0.379,1,1
2024-11-28 12:14:22,Mild Yawn,0.290,0.365,1,1
2024-11-28 12:14:31,Mild Yawn,0.273,0.481,1,1
2024-11-28 12:14:35,Mild Yawn,0.322,0.477,1,1
2024-11-28 12:14:36,Mild Yawn,0.240,0.503,1,1
2024-11-28 12:14:37,Mild Yawn,0.202,0.519,1,1
2024-11-28 12:14:37,SLEEPING !!!,0.233,0.443,1,1
2024-11-28 12:14:37,SLEEPING !!!,0.223,0.479,1,1
2024-11-28 12:14:37,SLEEPING !!!,0.209,0.479,1,1
2024-11-28 12:14:39,SLEEPING !!!,0.161,0.391,1,1
2024-11-28 12:14:40,SLEEPING !!!,0.199,0.350,1,1
2024-11-28 12:14:42,SLEEPING !!!,0.216,0.377,1,1
2024-11-28 12:14:42,SLEEPING !!!,0.189,0.361,1,1
2024-11-28 12:14:43,SLEEPING !!!,0.226,0.313,1,1
2024-11-28 12:14:43,Mild Yawn,0.252,0.325,2,1
2024-11-28 12:14:43,Mild Yawn,0.214,0.334,2,1
2024-11-28 12:14:43,Mild Yawn,0.244,0.377,2,1
2024-11-28 12:14:43,SLEEPING !!!,0.244,0.306,2,1
2024-11-28 12:14:43,SLEEPING !!!,0.222,0.338,2,1
2024-11-28 12:14:43,SLEEPING !!!,0.245,0.325,2,1
2024-11-28 12:14:43,SLEEPING !!!,0.214,0.318,2,1
2024-11-28 12:14:43,SLEEPING !!!,0.195,0.306,2,1
2024-11-28 12:14:43,SLEEPING !!!,0.190,0.312,2,1
2024-11-28 12:14:43,SLEEPING !!!,0.206,0.315,2,1
2024-11-28 12:14:43,SLEEPING !!!,0.236,0.293,2,1
2024-11-28 12:14:43,SLEEPING !!!,0.186,0.320,2,1
2024-11-28 12:14:43,SLEEPING !!!,0.191,0.309,2,1
2024-11-28 12:14:43,SLEEPING !!!,0.231,0.302,2,1
2024-11-28 12:14:43,SLEEPING !!!,0.211,0.298,2,1
2024-11-28 12:14:44,SLEEPING !!!,0.225,0.315,2,1
2024-11-28 12:14:44,SLEEPING !!!,0.219,0.302,2,1
2024-11-28 12:14:44,Mild Yawn,0.258,0.311,3,1
2024-11-28 12:14:44,Mild Yawn,0.225,0.294,3,1
2024-11-28 12:14:44,Mild Yawn,0.210,0.313,3,1
2024-11-28 12:14:44,SLEEPING !!!,0.225,0.317,3,1
2024-11-28 12:14:44,SLEEPING !!!,0.184,0.308,3,1
2024-11-28 12:14:44,SLEEPING !!!,0.199,0.308,3,1
2024-11-28 12:14:44,SLEEPING !!!,0.205,0.283,3,1
2024-11-28 12:14:44,SLEEPING !!!,0.232,0.302,3,1
2024-11-28 12:14:44,SLEEPING !!!,0.202,0.317,3,1
2024-11-28 12:14:44,SLEEPING !!!,0.239,0.303,3,1
2024-11-28 12:14:45,SLEEPING !!!,0.187,0.315,3,1
2024-11-28 12:14:45,SLEEPING !!!,0.220,0.311,3,1
2024-11-28 12:14:45,SLEEPING !!!,0.189,0.311,3,1
2024-11-28 12:14:45,SLEEPING !!!,0.209,0.340,3,1
2024-11-28 12:14:45,SLEEPING !!!,0.180,0.304,3,1
2024-11-28 12:14:45,SLEEPING !!!,0.227,0.301,3,1
2024-11-28 12:14:45,Mild Yawn,0.275,0.303,4,1
2024-11-28 12:14:45,Mild Yawn,0.198,0.310,4,1
2024-11-28 12:14:45,Mild Yawn,0.179,0.318,4,1
2024-11-28 12:14:45,SLEEPING !!!,0.213,0.354,4,1
2024-11-28 12:14:45,SLEEPING !!!,0.165,0.329,4,1
2024-11-28 12:14:45,SLEEPING !!!,0.200,0.345,4,1
2024-11-28 12:14:45,SLEEPING !!!,0.212,0.288,4,1
2024-11-28 12:14:45,SLEEPING !!!,0.219,0.308,4,1
2024-11-28 12:14:45,SLEEPING !!!,0.190,0.309,4,1
2024-11-28 12:14:45,SLEEPING !!!,0.217,0.302,4,1
2024-11-28 12:14:45,SLEEPING !!!,0.244,0.304,4,1
2024-11-28 12:14:45,SLEEPING !!!,0.226,0.311,4,1
2024-11-28 12:14:45,Mild Yawn,0.252,0.315,5,1
2024-11-28 12:14:45,Mild Yawn,0.232,0.311,5,1
2024-11-28 12:14:45,Mild Yawn,0.224,0.287,5,1
2024-11-28 12:14:45,SLEEPING !!!,0.193,0.309,5,1
2024-11-28 12:14:45,SLEEPING !!!,0.239,0.304,5,1
2024-11-28 12:14:45,SLEEPING !!!,0.194,0.305,5,1
2024-11-28 12:14:45,SLEEPING !!!,0.172,0.345,5,1
2024-11-28 12:14:45,Mild Yawn,0.265,0.328,6,1
2024-11-28 12:14:45,Mild Yawn,0.244,0.311,6,1
2024-11-28 12:14:45,Mild Yawn,0.197,0.301,6,1
2024-11-28 12:14:45,SLEEPING !!!,0.213,0.307,6,1
2024-11-28 12:14:45,Mild Yawn,0.268,0.440,6,1
2024-11-28 12:14:46,Mild Yawn,0.223,0.340,6,1
2024-11-28 12:14:46,Mild Yawn,0.232,0.301,6,1
2024-11-28 12:14:46,SLEEPING !!!,0.209,0.312,6,1
2024-11-28 12:14:46,Mild Yawn,0.293,0.526,7,1
2024-11-28 12:14:46,Mild Yawn,0.239,0.302,7,1
2024-11-28 12:14:46,Mild Yawn,0.299,0.540,7,1
2024-11-28 12:14:46,Mild Yawn,0.259,0.318,7,1
2024-11-28 12:14:46,Mild Yawn,0.289,0.563,7,1
2024-11-28 12:14:46,Mild Yawn,0.212,0.311,7,1
2024-11-28 12:14:46,Mild Yawn,0.336,0.432,7,1
2024-11-28 12:14:46,Mild Yawn,0.268,0.537,7,1
2024-11-28 12:14:46,Mild Yawn,0.245,0.356,7,1
2024-11-28 12:14:46,Mild Yawn,0.250,0.534,7,1
2024-11-28 12:14:46,SLEEPING !!!,0.239,0.302,7,1
2024-11-28 12:14:46,SLEEPING !!!,0.209,0.297,7,1
2024-11-28 12:14:46,Mild Yawn,0.259,0.519,8,1
2024-11-28 12:14:46,Mild Yawn,0.211,0.321,8,1
2024-11-28 12:14:46,Mild Yawn,0.262,0.540,8,1
2024-11-28 12:14:46,Mild Yawn,0.226,0.301,8,1
2024-11-28 12:14:46,Mild Yawn,0.293,0.546,8,1
2024-11-28 12:14:46,Mild Yawn,0.237,0.305,8,1
2024-11-28 12:14:46,Mild Yawn,0.256,0.443,8,1
2024-11-28 12:14:46,Mild Yawn,0.191,0.329,8,1
2024-11-28 12:14:46,Mild Yawn,0.291,0.504,8,1
2024-11-28 12:14:46,Mild Yawn,0.191,0.352,8,1
2024-11-28 12:14:46,Mild Yawn,0.252,0.329,8,1
2024-11-28 12:14:46,Mild Yawn,0.267,0.421,8,1
2024-11-28 12:14:46,Mild Yawn,0.253,0.321,8,1
2024-11-28 12:14:46,Mild Yawn,0.278,0.425,8,1
2024-11-28 12:14:46,Mild Yawn,0.208,0.318,8,1
2024-11-28 12:14:46,Mild Yawn,0.220,0.272,8,1
2024-11-28 12:14:46,Mild Yawn,0.281,0.416,8,1
2024-11-28 12:14:46,Mild Yawn,0.209,0.311,8,1
2024-11-28 12:14:46,Mild Yawn,0.282,0.461,8,1
2024-11-28 12:14:46,Mild Yawn,0.234,0.248,8,1
2024-11-28 12:14:46,Mild Yawn,0.243,0.572,8,1
2024-11-28 12:14:46,SLEEPING !!!,0.245,0.276,8,1
2024-11-28 12:14:46,SLEEPING !!!,0.209,0.309,8,1
2024-11-28 12:14:46,SLEEPING !!!,0.199,0.519,8,1
2024-11-28 12:14:46,SLEEPING !!!,0.231,0.307,8,1
2024-11-28 12:14:46,SLEEPING !!!,0.212,0.280,8,1
2024-11-28 12:14:46,SLEEPING !!!,0.213,0.449,8,1
2024-11-28 12:14:46,SLEEPING !!!,0.234,0.314,8,1
2024-11-28 12:14:46,SLEEPING !!!,0.211,0.357,8,1
2024-11-28 12:14:46,SLEEPING !!!,0.225,0.508,8,1
2024-11-28 12:14:46,SLEEPING !!!,0.180,0.309,8,1
2024-11-28 12:14:46,SLEEPING !!!,0.213,0.309,8,1
2024-11-28 12:14:46,SLEEPING !!!,0.216,0.415,8,1
2024-11-28 12:14:46,SLEEPING !!!,0.238,0.371,8,1
2024-11-28 12:14:46,SLEEPING !!!,0.219,0.315,8,1
2024-11-28 12:14:46,Mild Yawn,0.255,0.437,9,1
2024-11-28 12:14:46,Mild Yawn,0.312,0.305,9,1
2024-11-28 12:14:46,Mild Yawn,0.289,0.329,9,1
2024-11-28 12:14:46,Mild Yawn,0.261,0.425,9,1
2024-11-28 12:14:46,Mild Yawn,0.193,0.314,9,1
2024-11-28 12:14:46,Mild Yawn,0.240,0.304,9,1
2024-11-28 12:14:46,Mild Yawn,0.299,0.341,9,1
2024-11-28 12:14:46,Mild Yawn,0.276,0.518,9,1
2024-11-28 12:14:46,Mild Yawn,0.184,0.318,9,1
2024-11-28 12:14:46,Mild Yawn,0.271,0.440,9,1
2024-11-28 12:14:46,Mild Yawn,0.292,0.301,9,1
2024-11-28 12:14:46,Mild Yawn,0.204,0.303,9,1
2024-11-28 12:14:46,Mild Yawn,0.301,0.346,9,1
2024-11-28 12:14:46,Mild Yawn,0.310,0.355,9,1
2024-11-28 12:14:46,Mild Yawn,0.204,0.309,9,1
2024-11-28 12:14:46,Mild Yawn,0.295,0.456,9,1
2024-11-28 12:14:46,Mild Yawn,0.306,0.314,9,1
2024-11-28 12:14:46,Mild Yawn,0.232,0.316,9,1
2024-11-28 12:14:46,Mild Yawn,0.280,0.321,9,1
2024-11-28 12:14:46,Mild Yawn,0.326,0.457,9,1
2024-11-28 12:14:46,Mild Yawn,0.240,0.316,9,1
2024-11-28 12:14:46,Mild Yawn,0.310,0.345,9,1
2024-11-28 12:14:46,Mild Yawn,0.335,0.496,9,1
2024-11-28 12:14:47,Mild Yawn,0.225,0.327,9,1
2024-11-28 12:14:47,Mild Yawn,0.313,0.367,9,1
2024-11-28 12:14:47,Mild Yawn,0.318,0.391,9,1
2024-11-28 12:14:47,Mild Yawn,0.246,0.309,9,1
2024-11-28 12:14:47,Mild Yawn,0.278,0.391,9,1
2024-11-28 12:14:47,Mild Yawn,0.209,0.321,9,1
2024-11-28 12:14:47,Mild Yawn,0.281,0.346,9,1
2024-11-28 12:14:47,Mild Yawn,0.241,0.312,9,1
2024-11-28 12:14:47,Mild Yawn,0.261,0.424,9,1
2024-11-28 12:14:47,Mild Yawn,0.204,0.308,9,1
2024-11-28 12:14:47,Mild Yawn,0.251,0.487,9,1
2024-11-28 12:14:47,Mild Yawn,0.280,0.400,9,1
2024-11-28 12:14:47,Mild Yawn,0.219,0.322,9,1
2024-11-28 12:14:47,Mild Yawn,0.261,0.411,9,1
2024-11-28 12:14:47,Mild Yawn,0.246,0.308,9,1
2024-11-28 12:14:47,Mild Yawn,0.315,0.384,9,1
2024-11-28 12:14:47,Mild Yawn,0.239,0.316,9,1
2024-11-28 12:14:47,Mild Yawn,0.260,0.409,9,1
2024-11-28 12:14:47,Mild Yawn,0.219,0.308,9,1
2024-11-28 12:14:47,Mild Yawn,0.281,0.371,9,1
2024-11-28 12:14:47,Mild Yawn,0.258,0.395,9,1
2024-11-28 12:14:47,Mild Yawn,0.245,0.309,9,1
2024-11-28 12:14:47,Mild Yawn,0.299,0.385,9,1
2024-11-28 12:14:47,Mild Yawn,0.225,0.322,9,1
2024-11-28 12:14:47,Mild Yawn,0.238,0.424,9,1
2024-11-28 12:14:47,SLEEPING !!!,0.212,0.311,9,1
2024-11-28 12:14:47,SLEEPING !!!,0.240,0.409,9,1
2024-11-28 12:14:47,SLEEPING !!!,0.235,0.303,9,1
2024-11-28 12:14:47,SLEEPING !!!,0.243,0.394,9,1
2024-11-28 12:14:47,SLEEPING !!!,0.232,0.312,9,1
2024-11-28 12:14:47,Mild Yawn,0.323,0.409,10,1
2024-11-28 12:14:47,Mild Yawn,0.240,0.313,10,1
2024-11-28 12:14:47,Mild Yawn,0.295,0.409,10,1
2024-11-28 12:14:47,Mild Yawn,0.225,0.316,10,1
2024-11-28 12:14:47,Mild Yawn,0.272,0.391,10,1
2024-11-28 12:14:47,Mild Yawn,0.224,0.307,10,1
2024-11-28 12:14:47,Mild Yawn,0.243,0.393,10,1
2024-11-28 12:14:47,SLEEPING !!!,0.219,0.307,10,1
2024-11-28 12:14:47,Mild Yawn,0.263,0.425,11,1
2024-11-28 12:14:47,Mild Yawn,0.213,0.317,11,1
2024-11-28 12:14:47,Mild Yawn,0.270,0.415,11,1
2024-11-28 12:14:47,Mild Yawn,0.209,0.323,11,1
2024-11-28 12:14:47,Mild Yawn,0.315,0.401,11,1
2024-11-28 12:14:47,Mild Yawn,0.224,0.307,11,1
2024-11-28 12:14:47,Mild Yawn,0.278,0.400,11,1
2024-11-28 12:14:47,Mild Yawn,0.223,0.327,11,1
2024-11-28 12:14:47,Mild Yawn,0.283,0.408,11,1
2024-11-28 12:14:47,Mild Yawn,0.205,0.304,11,1
2024-11-28 12:14:47,Mild Yawn,0.297,0.383,11,1
2024-11-28 12:14:47,Mild Yawn,0.199,0.309,11,1
2024-11-28 12:14:47,Mild Yawn,0.261,0.399,11,1
2024-11-28 12:14:47,Mild Yawn,0.217,0.314,11,1
2024-11-28 12:14:47,Mild Yawn,0.270,0.410,11,1
2024-11-28 12:14:47,Mild Yawn,0.197,0.322,11,1
2024-11-28 12:14:47,Mild Yawn,0.205,0.322,11,1
2024-11-28 12:14:47,Mild Yawn,0.291,0.443,11,1
2024-11-28 12:14:47,Mild Yawn,0.268,0.393,11,1
2024-11-28 12:14:47,Mild Yawn,0.247,0.297,11,1
2024-11-28 12:14:47,Mild Yawn,0.268,0.409,11,1
2024-11-28 12:14:47,Mild Yawn,0.202,0.324,11,1
2024-11-28 12:14:47,Mild Yawn,0.267,0.412,11,1
2024-11-28 12:14:47,Mild Yawn,0.205,0.347,11,1
2024-11-28 12:14:48,Mild Yawn,0.301,0.410,11,1
2024-11-28 12:14:48,Mild Yawn,0.239,0.311,11,1
2024-11-28 12:14:48,Mild Yawn,0.271,0.403,11,1
2024-11-28 12:14:48,Mild Yawn,0.213,0.317,11,1
2024-11-28 12:14:48,Mild Yawn,0.290,0.372,11,1
2024-11-28 12:14:48,Mild Yawn,0.224,0.309,11,1
2024-11-28 12:14:48,Mild Yawn,0.253,0.417,11,1
2024-11-28 12:14:48,Mild Yawn,0.211,0.318,11,1
2024-11-28 12:14:48,Mild Yawn,0.309,0.408,11,1
2024-11-28 12:14:48,Mild Yawn,0.211,0.322,11,1
2024-11-28 12:14:48,Mild Yawn,0.312,0.447,11,1
2024-11-28 12:14:48,Mild Yawn,0.239,0.313,11,1
2024-11-28 12:14:48,Mild Yawn,0.307,0.441,11,1
2024-11-28 12:14:48,Mild Yawn,0.208,0.322,11,1
2024-11-28 12:14:48,Mild Yawn,0.308,0.434,11,1
2024-11-28 12:14:48,Mild Yawn,0.221,0.309,11,1
2024-11-28 12:14:48,Mild Yawn,0.311,0.426,11,1
2024-11-28 12:14:48,Mild Yawn,0.211,0.328,11,1
2024-11-28 12:14:48,Mild Yawn,0.281,0.447,11,1
2024-11-28 12:14:48,Mild Yawn,0.228,0.325,11,1
2024-11-28 12:14:48,Mild Yawn,0.301,0.448,11,1
2024-11-28 12:14:48,Mild Yawn,0.221,0.322,11,1
2024-11-28 12:14:48,Mild Yawn,0.319,0.435,11,1
2024-11-28 12:14:48,Mild Yawn,0.231,0.332,11,1
2024-11-28 12:14:48,Mild Yawn,0.293,0.418,11,1
2024-11-28 12:14:48,Mild Yawn,0.223,0.335,11,1
2024-11-28 12:14:48,Mild Yawn,0.267,0.418,11,1
2024-11-28 12:14:48,Mild Yawn,0.208,0.324,11,1
2024-11-28 12:14:48,Mild Yawn,0.319,0.435,11,1
2024-11-28 12:14:48,Mild Yawn,0.199,0.320,11,1
2024-11-28 12:14:48,Mild Yawn,0.264,0.418,11,1
2024-11-28 12:14:48,Mild Yawn,0.200,0.323,11,1
2024-11-28 12:14:48,Mild Yawn,0.290,0.419,11,1
2024-11-28 12:14:48,Mild Yawn,0.239,0.320,11,1
2024-11-28 12:14:48,Mild Yawn,0.280,0.401,11,1
2024-11-28 12:14:48,Mild Yawn,0.198,0.335,11,1
2024-11-28 12:14:48,Mild Yawn,0.269,0.409,11,1
2024-11-28 12:14:48,Mild Yawn,0.205,0.314,11,1
2024-11-28 12:14:48,Mild Yawn,0.311,0.409,11,1
2024-11-28 12:14:48,Mild Yawn,0.204,0.334,11,1
2024-11-28 12:14:48,Mild Yawn,0.259,0.426,11,1
2024-11-28 12:14:48,Mild Yawn,0.212,0.330,11,1
2024-11-28 12:14:48,Mild Yawn,0.209,0.334,11,1
2024-11-28 12:14:48,Mild Yawn,0.281,0.434,11,1
2024-11-28 12:14:48,Mild Yawn,0.250,0.435,11,1
2024-11-28 12:14:48,Mild Yawn,0.217,0.311,11,1
2024-11-28 12:14:48,SLEEPING !!!,0.240,0.479,11,1
2024-11-28 12:14:48,SLEEPING !!!,0.231,0.315,11,1
2024-11-28 12:14:48,SLEEPING !!!,0.250,0.453,11,1
2024-11-28 12:14:48,SLEEPING !!!,0.225,0.330,11,1
2024-11-28 12:14:48,Mild Yawn,0.299,0.417,12,1
2024-11-28 12:14:48,Mild Yawn,0.222,0.315,12,1
2024-11-28 12:14:48,Mild Yawn,0.225,0.334,12,1
2024-11-28 12:14:48,Mild Yawn,0.312,0.440,12,1
2024-11-28 12:14:48,Mild Yawn,0.297,0.409,12,1
2024-11-28 12:14:48,Mild Yawn,0.231,0.317,12,1
2024-11-28 12:14:48,Mild Yawn,0.270,0.399,12,1
2024-11-28 12:14:48,Mild Yawn,0.179,0.316,12,1
2024-11-28 12:14:48,Mild Yawn,0.261,0.385,12,1
2024-11-28 12:14:48,Mild Yawn,0.224,0.343,12,1
2024-11-28 12:14:49,Mild Yawn,0.259,0.385,12,1
2024-11-28 12:14:49,Mild Yawn,0.213,0.326,12,1
2024-11-28 12:14:49,Mild Yawn,0.259,0.362,12,1
2024-11-28 12:14:49,Mild Yawn,0.241,0.326,12,1
2024-11-28 12:14:49,Mild Yawn,0.261,0.362,12,1
2024-11-28 12:14:49,Mild Yawn,0.186,0.316,12,1
2024-11-28 12:14:49,Mild Yawn,0.270,0.362,12,1
2024-11-28 12:14:49,Mild Yawn,0.244,0.343,12,1
2024-11-28 12:14:49,Mild Yawn,0.299,0.363,12,1
2024-11-28 12:14:49,Mild Yawn,0.191,0.326,12,1
2024-11-28 12:14:49,Mild Yawn,0.269,0.378,12,1
2024-11-28 12:14:49,Mild Yawn,0.224,0.316,12,1
2024-11-28 12:14:49,Mild Yawn,0.299,0.399,12,1
2024-11-28 12:14:49,Mild Yawn,0.183,0.317,12,1
2024-11-28 12:14:49,Mild Yawn,0.299,0.371,12,1
2024-11-28 12:14:49,Mild Yawn,0.217,0.307,12,1
2024-11-28 12:14:49,Mild Yawn,0.299,0.371,12,1
2024-11-28 12:14:49,Mild Yawn,0.195,0.315,12,1
2024-11-28 12:14:49,Mild Yawn,0.299,0.398,12,1
2024-11-28 12:14:49,Mild Yawn,0.200,0.318,12,1
2024-11-28 12:14:49,Mild Yawn,0.229,0.358,12,1
2024-11-28 12:14:49,SLEEPING !!!,0.224,0.309,12,1
2024-11-28 12:14:49,Mild Yawn,0.264,0.396,13,1
2024-11-28 12:14:49,Mild Yawn,0.207,0.342,13,1
2024-11-28 12:14:49,Mild Yawn,0.219,0.392,13,1
2024-11-28 12:14:49,SLEEPING !!!,0.224,0.324,13,1
2024-11-28 12:14:49,SLEEPING !!!,0.219,0.393,13,1
2024-11-28 12:14:49,SLEEPING !!!,0.238,0.325,13,1
2024-11-28 12:14:49,SLEEPING !!!,0.173,0.378,13,1
2024-11-28 12:14:49,SLEEPING !!!,0.235,0.335,13,1
2024-11-28 12:14:49,SLEEPING !!!,0.219,0.403,13,1
2024-11-28 12:14:49,SLEEPING !!!,0.224,0.315,13,1
2024-11-28 12:14:49,Mild Yawn,0.259,0.378,14,1
2024-11-28 12:14:49,Mild Yawn,0.213,0.335,14,1
2024-11-28 12:14:49,Mild Yawn,0.291,0.370,14,1
2024-11-28 12:14:49,Mild Yawn,0.239,0.346,14,1
2024-11-28 12:14:49,Mild Yawn,0.269,0.381,14,1
2024-11-28 12:14:49,Mild Yawn,0.206,0.329,14,1
2024-11-28 12:14:49,Mild Yawn,0.312,0.357,14,1
2024-11-28 12:14:49,Mild Yawn,0.234,0.330,14,1
2024-11-28 12:14:49,Mild Yawn,0.200,0.343,14,1
2024-11-28 12:14:49,Mild Yawn,0.271,0.372,14,1
2024-11-28 12:14:49,Mild Yawn,0.314,0.377,14,1
2024-11-28 12:14:49,Mild Yawn,0.219,0.306,14,1
2024-11-28 12:14:49,Mild Yawn,0.211,0.335,14,1
2024-11-28 12:14:49,Mild Yawn,0.288,0.350,14,1
2024-11-28 12:14:49,Mild Yawn,0.232,0.333,14,1
2024-11-28 12:14:49,Mild Yawn,0.243,0.349,14,1
2024-11-28 12:14:49,SLEEPING !!!,0.220,0.322,14,1
2024-11-28 12:14:49,Mild Yawn,0.319,0.374,15,1
2024-11-28 12:14:49,Mild Yawn,0.307,0.349,15,1
2024-11-28 12:14:49,Mild Yawn,0.186,0.313,15,1
2024-11-28 12:14:49,Mild Yawn,0.288,0.365,15,1
2024-11-28 12:14:49,Mild Yawn,0.221,0.320,15,1
2024-11-28 12:14:49,Mild Yawn,0.268,0.365,15,1
2024-11-28 12:14:49,Mild Yawn,0.238,0.327,15,1
2024-11-28 12:14:49,Mild Yawn,0.278,0.340,15,1
2024-11-28 12:14:49,Mild Yawn,0.212,0.333,15,1
2024-11-28 12:14:49,Mild Yawn,0.291,0.352,15,1
2024-11-28 12:14:49,Mild Yawn,0.198,0.321,15,1
2024-11-28 12:14:49,Mild Yawn,0.302,0.333,15,1
2024-11-28 12:14:49,Mild Yawn,0.192,0.330,15,1
2024-11-28 12:14:50,Mild Yawn,0.263,0.350,15,1
2024-11-28 12:14:50,Mild Yawn,0.197,0.325,15,1
2024-11-28 12:14:50,Mild Yawn,0.252,0.341,15,1
2024-11-28 12:14:50,Mild Yawn,0.213,0.314,15,1
2024-11-28 12:14:50,Mild Yawn,0.201,0.317,15,1
2024-11-28 12:14:50,Mild Yawn,0.270,0.313,15,1
2024-11-28 12:14:50,Mild Yawn,0.280,0.348,15,1
2024-11-28 12:14:50,Mild Yawn,0.225,0.324,15,1
2024-11-28 12:14:50,Mild Yawn,0.293,0.328,15,1
2024-11-28 12:14:50,Mild Yawn,0.226,0.326,15,1
2024-11-28 12:14:50,Mild Yawn,0.259,0.329,15,1
2024-11-28 12:14:50,Mild Yawn,0.219,0.321,15,1
2024-11-28 12:14:50,Mild Yawn,0.270,0.332,15,1
2024-11-28 12:14:50,Mild Yawn,0.215,0.316,15,1
2024-11-28 12:14:50,Mild Yawn,0.253,0.337,15,1
2024-11-28 12:14:50,Mild Yawn,0.205,0.319,15,1
2024-11-28 12:14:50,Mild Yawn,0.250,0.312,15,1
2024-11-28 12:14:50,SLEEPING !!!,0.225,0.331,15,1
2024-11-28 12:14:50,Mild Yawn,0.311,0.332,16,1
2024-11-28 12:14:50,Mild Yawn,0.199,0.327,16,1
2024-11-28 12:14:50,Mild Yawn,0.259,0.349,16,1
2024-11-28 12:14:50,Mild Yawn,0.150,0.294,16,1
2024-11-28 12:14:50,Mild Yawn,0.225,0.332,16,1
2024-11-28 12:14:50,Mild Yawn,0.270,0.368,16,1
2024-11-28 12:14:50,Mild Yawn,0.182,0.322,16,1
2024-11-28 12:14:50,Mild Yawn,0.278,0.349,16,1
2024-11-28 12:14:50,Mild Yawn,0.240,0.377,16,1
2024-11-28 12:14:50,Mild Yawn,0.181,0.312,16,1
2024-11-28 12:14:50,SLEEPING !!!,0.243,0.335,16,1
2024-11-28 12:14:50,SLEEPING !!!,0.156,0.321,16,1
2024-11-28 12:14:50,Mild Yawn,0.291,0.360,17,1
2024-11-28 12:14:50,Mild Yawn,0.194,0.317,17,1
2024-11-28 12:14:50,Mild Yawn,0.262,0.368,17,1
2024-11-28 12:14:50,Mild Yawn,0.206,0.326,17,1
2024-11-28 12:14:50,Mild Yawn,0.219,0.310,17,1
2024-11-28 12:14:50,Mild Yawn,0.250,0.354,17,1
2024-11-28 12:14:50,Mild Yawn,0.211,0.329,17,1
2024-11-28 12:14:50,Mild Yawn,0.216,0.381,17,1
2024-11-28 12:14:50,SLEEPING !!!,0.226,0.321,17,1
2024-11-28 12:14:50,SLEEPING !!!,0.165,0.349,17,1
2024-11-28 12:14:50,SLEEPING !!!,0.227,0.322,17,1
2024-11-28 12:14:50,SLEEPING !!!,0.199,0.335,17,1
2024-11-28 12:14:50,SLEEPING !!!,0.170,0.321,17,1
2024-11-28 12:14:50,SLEEPING !!!,0.179,0.338,17,1
2024-11-28 12:14:50,SLEEPING !!!,0.226,0.317,17,1
2024-11-28 12:14:50,SLEEPING !!!,0.158,0.412,17,1
2024-11-28 12:14:50,SLEEPING !!!,0.199,0.324,17,1
2024-11-28 12:14:50,SLEEPING !!!,0.152,0.421,17,1
2024-11-28 12:14:50,SLEEPING !!!,0.180,0.331,17,1
2024-11-28 12:14:50,SLEEPING !!!,0.234,0.333,17,1
2024-11-28 12:14:50,SLEEPING !!!,0.213,0.330,17,1
2024-11-28 12:14:50,SLEEPING !!!,0.198,0.316,17,1
2024-11-28 12:14:51,SLEEPING !!!,0.172,0.322,17,1
2024-11-28 12:14:51,SLEEPING !!!,0.204,0.321,17,1
2024-11-28 12:14:51,SLEEPING !!!,0.211,0.328,17,1
2024-11-28 12:14:51,SLEEPING !!!,0.200,0.341,17,1
2024-11-28 12:14:51,SLEEPING !!!,0.205,0.327,17,1
2024-11-28 12:14:51,SLEEPING !!!,0.200,0.316,17,1
2024-11-28 12:14:51,SLEEPING !!!,0.205,0.302,17,1
2024-11-28 12:14:51,SLEEPING !!!,0.176,0.328,17,1
2024-11-28 12:14:51,SLEEPING !!!,0.225,0.320,17,1
2024-11-28 12:14:51,SLEEPING !!!,0.215,0.323,17,1
2024-11-28 12:14:51,SLEEPING !!!,0.213,0.315,17,1
2024-11-28 12:14:51,SLEEPING !!!,0.220,0.309,17,1
2024-11-28 12:14:51,SLEEPING !!!,0.198,0.301,17,1
2024-11-28 12:14:51,Mild Yawn,0.255,0.315,18,1
2024-11-28 12:14:51,Mild Yawn,0.191,0.315,18,1
2024-11-28 12:14:51,Active,0.225,0.343,18,1
2024-11-28 12:14:51,SLEEPING !!!,0.200,0.311,18,1
2024-11-28 12:14:51,SLEEPING !!!,0.213,0.318,18,1
2024-11-28 12:14:51,SLEEPING !!!,0.178,0.318,18,1
2024-11-28 12:14:51,SLEEPING !!!,0.212,0.320,18,1
2024-11-28 12:14:51,SLEEPING !!!,0.206,0.318,18,1
2024-11-28 12:14:51,SLEEPING !!!,0.239,0.321,18,1
2024-11-28 12:14:51,SLEEPING !!!,0.223,0.334,18,1
2024-11-28 12:14:51,Active,0.307,0.365,19,1
2024-11-28 12:14:51,Active,0.239,0.318,19,1
2024-11-28 12:14:51,Active,0.310,0.373,19,1
2024-11-28 12:14:51,Active,0.307,0.372,19,1
2024-11-28 12:14:51,Active,0.210,0.320,19,1
2024-11-28 12:14:51,Active,0.325,0.349,19,1
2024-11-28 12:14:51,Active,0.223,0.329,19,1
2024-11-28 12:14:51,Active,0.307,0.318,19,1
2024-11-28 12:14:51,Active,0.251,0.334,19,1
2024-11-28 12:14:51,Active,0.300,0.392,19,1
2024-11-28 12:14:51,Active,0.233,0.354,19,1
2024-11-28 12:14:51,Active,0.303,0.408,19,1
2024-11-28 12:14:51,Active,0.228,0.365,19,1
2024-11-28 12:14:51,Active,0.301,0.406,19,1
2024-11-28 12:14:51,Active,0.307,0.362,19,1
2024-11-28 12:14:51,Active,0.290,0.362,19,1
2024-11-28 12:14:52,Active,0.306,0.331,19,1
2024-11-28 12:14:52,Active,0.322,0.319,19,1
2024-11-28 12:14:52,Active,0.310,0.333,19,1
2024-11-28 12:14:52,Active,0.309,0.333,19,1
2024-11-28 12:14:52,Active,0.283,0.328,19,1
2024-11-28 12:14:52,Active,0.208,0.385,19,1
2024-11-28 12:14:52,Active,0.283,0.353,19,1
2024-11-28 12:14:52,Active,0.293,0.362,19,1
2024-11-28 12:14:52,Active,0.261,0.367,19,1
2024-11-28 12:14:52,Active,0.299,0.356,19,1
2024-11-28 12:14:52,Active,0.299,0.385,19,1
2024-11-28 12:14:52,Active,0.293,0.376,19,1
2024-11-28 12:14:52,Active,0.215,0.383,19,1
2024-11-28 12:14:52,Active,0.293,0.384,19,1
2024-11-28 12:14:52,Active,0.283,0.385,19,1
2024-11-28 12:14:52,Active,0.187,0.389,19,1
2024-11-28 12:14:52,Active,0.290,0.370,19,1
2024-11-28 12:14:52,Active,0.293,0.349,19,1
2024-11-28 12:14:52,Active,0.230,0.379,19,1
2024-11-28 12:14:52,Active,0.250,0.328,19,1
2024-11-28 12:14:52,SLEEPING !!!,0.222,0.356,19,1
2024-11-28 12:14:52,Active,0.287,0.372,20,1
2024-11-28 12:14:52,Active,0.222,0.361,20,1
2024-11-28 12:14:52,Active,0.280,0.337,20,1
2024-11-28 12:14:52,Active,0.206,0.352,20,1
2024-11-28 12:14:52,Active,0.295,0.341,20,1
2024-11-28 12:14:52,Active,0.201,0.321,20,1
2024-11-28 12:14:52,Active,0.290,0.336,20,1
2024-11-28 12:14:52,Active,0.234,0.328,20,1
2024-11-28 12:14:52,Active,0.201,0.304,20,1
2024-11-28 12:14:52,Active,0.288,0.371,20,1
2024-11-28 12:14:52,Active,0.310,0.350,20,1
2024-11-28 12:14:52,Active,0.230,0.290,20,1
2024-11-28 12:14:52,Active,0.328,0.367,20,1
2024-11-28 12:14:52,Active,0.216,0.319,20,1
2024-11-28 12:14:52,Active,0.204,0.329,20,1
2024-11-28 12:14:52,Active,0.347,0.323,20,1
2024-11-28 12:14:52,Active,0.309,0.341,20,1
2024-11-28 12:14:52,Active,0.356,0.365,20,1
2024-11-28 12:14:52,Active,0.307,0.344,20,1
2024-11-28 12:14:52,Active,0.244,0.299,20,1
2024-11-28 12:14:52,Active,0.322,0.349,20,1
2024-11-28 12:14:52,Active,0.384,0.359,20,1
2024-11-28 12:14:52,Active,0.231,0.292,20,1
2024-11-28 12:14:52,Active,0.392,0.373,20,1
2024-11-28 12:14:52,Active,0.171,0.301,20,1
2024-11-28 12:14:52,Active,0.300,0.344,20,1
2024-11-28 12:14:52,Active,0.288,0.345,20,1
2024-11-28 12:14:52,Active,0.220,0.312,20,1
2024-11-28 12:14:53,Active,0.291,0.336,20,1
2024-11-28 12:14:53,Active,0.361,0.330,20,1
2024-11-28 12:14:53,Active,0.212,0.309,20,1
2024-11-28 12:14:53,Active,0.291,0.354,20,1
2024-11-28 12:14:53,Active,0.207,0.311,20,1
2024-11-28 12:14:53,Active,0.312,0.325,20,1
2024-11-28 12:14:53,Active,0.271,0.352,20,1
2024-11-28 12:14:53,Active,0.233,0.309,20,1
2024-11-28 12:14:53,Active,0.268,0.349,20,1
2024-11-28 12:14:53,Active,0.203,0.311,20,1
2024-11-28 12:14:53,Active,0.350,0.419,20,1
2024-11-28 12:14:53,Active,0.285,0.349,20,1
2024-11-28 12:14:53,Active,0.245,0.311,20,1
2024-11-28 12:14:53,Active,0.316,0.419,20,1
2024-11-28 12:14:53,Active,0.291,0.337,20,1
2024-11-28 12:14:53,Active,0.225,0.292,20,1
2024-11-28 12:14:53,Active,0.341,0.444,20,1
2024-11-28 12:14:53,Active,0.291,0.345,20,1
2024-11-28 12:14:53,Active,0.341,0.404,20,1
2024-11-28 12:14:53,Active,0.196,0.316,20,1
2024-11-28 12:14:53,Active,0.291,0.345,20,1
2024-11-28 12:14:53,Active,0.357,0.559,20,1
2024-11-28 12:14:53,Active,0.191,0.316,20,1
2024-11-28 12:14:53,Active,0.294,0.337,20,1
2024-11-28 12:14:53,Active,0.175,0.329,20,1
2024-11-28 12:14:53,Active,0.250,0.337,20,1
2024-11-28 12:14:53,SLEEPING !!!,0.225,0.315,20,1
2024-11-28 12:14:53,Active,0.269,0.320,21,1
2024-11-28 12:14:53,Active,0.213,0.303,21,1
2024-11-28 12:14:53,Active,0.195,0.344,21,1
2024-11-28 12:14:53,Active,0.291,0.342,21,1
2024-11-28 12:14:53,Active,0.288,0.344,21,1
2024-11-28 12:14:53,Active,0.203,0.332,21,1
2024-11-28 12:14:53,Active,0.283,0.337,21,1
2024-11-28 12:14:53,Active,0.244,0.346,21,1
2024-11-28 12:14:53,Active,0.280,0.354,21,1
2024-11-28 12:14:53,Active,0.225,0.346,21,1
2024-11-28 12:14:53,Active,0.310,0.319,21,1
2024-11-28 12:14:53,Active,0.232,0.327,21,1
2024-11-28 12:14:53,Active,0.280,0.349,21,1
2024-11-28 12:14:53,Active,0.272,0.327,21,1
2024-11-28 12:14:53,Active,0.286,0.340,21,1
2024-11-28 12:14:53,Active,0.214,0.346,21,1
2024-11-28 12:14:53,Active,0.250,0.353,21,1
2024-11-28 12:14:53,SLEEPING !!!,0.212,0.321,21,1
2024-11-28 12:14:53,SLEEPING !!!,0.230,0.346,21,1
2024-11-28 12:14:53,Active,0.291,0.337,22,1
2024-11-28 12:14:53,Active,0.221,0.342,22,1
2024-11-28 12:14:53,Active,0.274,0.341,22,1
2024-11-28 12:14:53,Active,0.198,0.355,22,1
2024-11-28 12:14:53,Active,0.250,0.350,22,1
2024-11-28 12:14:53,Active,0.288,0.319,22,1
2024-11-28 12:14:53,Active,0.194,0.321,22,1
2024-11-28 12:14:53,Active,0.256,0.328,22,1
2024-11-28 12:14:53,Active,0.290,0.340,22,1
2024-11-28 12:14:53,Active,0.290,0.349,22,1
2024-11-28 12:14:53,Active,0.250,0.328,22,1
2024-11-28 12:14:53,Active,0.338,0.361,22,1
2024-11-28 12:14:53,Active,0.232,0.310,22,1
2024-11-28 12:14:53,Active,0.218,0.321,22,1
2024-11-28 12:14:53,Active,0.288,0.340,22,1
2024-11-28 12:14:53,Active,0.238,0.331,22,1
2024-11-28 12:14:53,Active,0.322,0.340,22,1
2024-11-28 12:14:53,Active,0.197,0.327,22,1
2024-11-28 12:14:53,Active,0.288,0.348,22,1
2024-11-28 12:14:53,Active,0.238,0.337,22,1
2024-11-28 12:14:53,Active,0.310,0.331,22,1
2024-11-28 12:14:54,Active,0.217,0.327,22,1
2024-11-28 12:14:54,Active,0.309,0.344,22,1
2024-11-28 12:14:54,Active,0.288,0.355,22,1
2024-11-28 12:14:54,Active,0.223,0.339,22,1
2024-11-28 12:14:54,Active,0.211,0.330,22,1
2024-11-28 12:14:54,Active,0.289,0.345,22,1
2024-11-28 12:14:54,Active,0.218,0.340,22,1
2024-11-28 12:14:54,Active,0.310,0.337,22,1
2024-11-28 12:14:54,Active,0.269,0.323,22,1
2024-11-28 12:14:54,Active,0.237,0.327,22,1
2024-11-28 12:14:54,Active,0.238,0.332,22,1
2024-11-28 12:14:54,Active,0.310,0.337,22,1
2024-11-28 12:14:54,Active,0.278,0.362,22,1
2024-11-28 12:14:54,Active,0.281,0.307,22,1
2024-11-28 12:14:54,Active,0.288,0.337,22,1
2024-11-28 12:14:54,Active,0.287,0.341,22,1
2024-11-28 12:14:54,Active,0.249,0.343,22,1
2024-11-28 12:14:54,Active,0.300,0.340,22,1
2024-11-28 12:14:54,Active,0.242,0.323,22,1
2024-11-28 12:14:54,Active,0.294,0.340,22,1
2024-11-28 12:14:54,Active,0.252,0.321,22,1
2024-11-28 12:14:54,Active,0.303,0.349,22,1
2024-11-28 12:14:54,Active,0.290,0.349,22,1
2024-11-28 12:14:54,Active,0.301,0.349,22,1
2024-11-28 12:14:54,Active,0.301,0.379,22,1
2024-11-28 12:14:54,Active,0.301,0.349,22,1
2024-11-28 12:14:54,Active,0.302,0.341,22,1
2024-11-28 12:14:54,Active,0.299,0.341,22,1
2024-11-28 12:14:54,Active,0.307,0.337,22,1
2024-11-28 12:14:54,Active,0.290,0.344,22,1
2024-11-28 12:14:54,Active,0.269,0.362,22,1
2024-11-28 12:14:54,Active,0.290,0.350,22,1
2024-11-28 12:14:54,Active,0.252,0.354,22,1
2024-11-28 12:14:54,Active,0.290,0.350,22,1
2024-11-28 12:14:54,Active,0.290,0.362,22,1
2024-11-28 12:14:54,Active,0.307,0.340,22,1
2024-11-28 12:14:54,Active,0.152,0.329,22,1
2024-11-28 12:14:54,Active,0.166,0.343,22,1
2024-11-28 12:14:54,Active,0.290,0.336,22,1
2024-11-28 12:14:54,Active,0.153,0.349,22,1
2024-11-28 12:14:54,Active,0.329,0.363,22,1
2024-11-28 12:14:54,Active,0.156,0.331,22,1
2024-11-28 12:14:54,Active,0.271,0.353,22,1
2024-11-28 12:14:54,Active,0.162,0.327,22,1
2024-11-28 12:14:54,Active,0.269,0.337,22,1
2024-11-28 12:14:55,Active,0.288,0.340,22,1
2024-11-28 12:14:55,Active,0.177,0.355,22,1
2024-11-28 12:14:55,Active,0.310,0.361,22,1
2024-11-28 12:14:55,Active,0.177,0.341,22,1
2024-11-28 12:14:55,Active,0.290,0.331,22,1
2024-11-28 12:14:55,Active,0.203,0.341,22,1
2024-11-28 12:14:55,Active,0.290,0.348,22,1
2024-11-28 12:14:55,Active,0.290,0.361,22,1
2024-11-28 12:14:55,Active,0.271,0.341,22,1
2024-11-28 12:14:55,Active,0.189,0.337,22,1
2024-11-28 12:14:55,Active,0.293,0.340,22,1
2024-11-28 12:14:55,Active,0.290,0.341,22,1
2024-11-28 12:14:55,Active,0.271,0.345,22,1
2024-11-28 12:14:55,Active,0.290,0.340,22,1
2024-11-28 12:14:55,Active,0.310,0.340,22,1
2024-11-28 12:14:55,Active,0.310,0.349,22,1
2024-11-28 12:14:55,Active,0.310,0.331,22,1
2024-11-28 12:14:55,Active,0.290,0.340,22,1
2024-11-28 12:14:55,Active,0.290,0.357,22,1
2024-11-28 12:14:55,Active,0.288,0.349,22,1
2024-11-28 12:14:55,Active,0.288,0.327,22,1
2024-11-28 12:14:55,Active,0.301,0.341,22,1
2024-11-28 12:14:55,Active,0.288,0.340,22,1
2024-11-28 12:14:55,Active,0.288,0.349,22,1
2024-11-28 12:14:55,Active,0.291,0.353,22,1
2024-11-28 12:14:55,Active,0.288,0.331,22,1
2024-11-28 12:14:55,Active,0.288,0.371,22,1
2024-11-28 12:14:55,Active,0.299,0.349,22,1
2024-11-28 12:14:55,Active,0.272,0.340,22,1
2024-11-28 12:14:55,Active,0.303,0.349,22,1
2024-11-28 12:14:55,Active,0.320,0.361,22,1
2024-11-28 12:14:55,Active,0.303,0.349,22,1
2024-11-28 12:14:55,Active,0.261,0.361,22,1
2024-11-28 12:14:55,Active,0.314,0.340,22,1
2024-11-28 12:14:56,Active,0.320,0.319,22,1
2024-11-28 12:14:56,Active,0.303,0.352,22,1
2024-11-28 12:14:56,Active,0.302,0.340,22,1
2024-11-28 12:14:56,Active,0.320,0.371,22,1
2024-11-28 12:14:56,Active,0.303,0.369,22,1
2024-11-28 12:14:56,Active,0.228,0.405,22,1
2024-11-28 12:14:56,Active,0.283,0.339,22,1
2024-11-28 12:14:56,Active,0.307,0.328,22,1
2024-11-28 12:14:56,Active,0.290,0.340,22,1
2024-11-28 12:14:56,Active,0.303,0.331,22,1
2024-11-28 12:14:56,Active,0.324,0.345,22,1
2024-11-28 12:14:56,Active,0.302,0.353,22,1
2024-11-28 12:14:56,Active,0.302,0.354,22,1
2024-11-28 12:14:56,Active,0.290,0.352,22,1
2024-11-28 12:14:56,Active,0.247,0.355,22,1
2024-11-28 12:14:56,Active,0.288,0.331,22,1
2024-11-28 12:14:56,Active,0.322,0.331,22,1
2024-11-28 12:14:56,Active,0.288,0.350,22,1
2024-11-28 12:14:56,Active,0.269,0.328,22,1
2024-11-28 12:14:56,Active,0.291,0.328,22,1
2024-11-28 12:14:56,Active,0.269,0.320,22,1
2024-11-28 12:14:56,Active,0.282,0.357,22,1
2024-11-28 12:14:56,Active,0.312,0.357,22,1
2024-11-28 12:14:56,Active,0.268,0.341,22,1
2024-11-28 12:14:56,Active,0.292,0.361,22,1
2024-11-28 12:14:56,Active,0.288,0.375,22,1
2024-11-28 12:14:56,Active,0.288,0.350,22,1
2024-11-28 12:14:56,Active,0.307,0.344,22,1
2024-11-28 12:14:56,Active,0.272,0.337,22,1
2024-11-28 12:14:56,Active,0.283,0.332,22,1
2024-11-28 12:14:56,Active,0.314,0.350,22,1
2024-11-28 12:14:56,Active,0.299,0.349,22,1
2024-11-28 12:14:57,Active,0.320,0.350,22,1
2024-11-28 12:14:57,Active,0.325,0.349,22,1
2024-11-28 12:14:57,Active,0.312,0.349,22,1
2024-11-28 12:14:57,Active,0.290,0.344,22,1
2024-11-28 12:14:57,Active,0.288,0.371,22,1
2024-11-28 12:14:57,Active,0.310,0.356,22,1
2024-11-28 12:14:57,Active,0.288,0.336,22,1
2024-11-28 12:14:57,Active,0.269,0.349,22,1
2024-11-28 12:14:57,Active,0.290,0.350,22,1
2024-11-28 12:14:57,Active,0.289,0.341,22,1
2024-11-28 12:14:57,Active,0.308,0.350,22,1
2024-11-28 12:14:57,Active,0.310,0.349,22,1
2024-11-28 12:14:57,Active,0.293,0.341,22,1
2024-11-28 12:14:57,Active,0.253,0.353,22,1
2024-11-28 12:14:57,Active,0.211,0.341,22,1
2024-11-28 12:14:57,Active,0.223,0.297,22,1
2024-11-28 12:14:57,SLEEPING !!!,0.191,0.286,22,1
2024-11-28 12:14:57,Active,0.252,0.310,23,1
2024-11-28 12:14:57,Active,0.241,0.320,23,1
2024-11-28 12:14:57,Active,0.249,0.284,23,1
2024-11-28 12:14:57,SLEEPING !!!,0.181,0.352,23,1
2024-11-28 12:14:57,SLEEPING !!!,0.173,0.362,23,1
2024-11-28 12:14:57,SLEEPING !!!,0.176,0.460,23,1
2024-11-28 12:14:57,SLEEPING !!!,0.148,0.485,23,1
2024-11-28 12:14:57,Active,0.266,0.300,24,1
2024-11-28 12:14:57,Active,0.154,0.478,24,1
2024-11-28 12:14:57,Active,0.237,0.291,24,1
2024-11-28 12:14:57,SLEEPING !!!,0.147,0.527,24,1
2024-11-28 12:14:57,SLEEPING !!!,0.192,0.510,24,1
2024-11-28 12:14:57,SLEEPING !!!,0.235,0.295,24,1
2024-11-28 12:14:58,SLEEPING !!!,0.173,0.521,24,1
2024-11-28 12:14:58,Active,0.254,0.305,25,1
2024-11-28 12:14:58,Active,0.158,0.469,25,1
2024-11-28 12:14:58,Active,0.169,0.456,25,1
2024-11-28 12:14:58,SLEEPING !!!,0.183,0.460,25,1
2024-11-28 12:14:58,SLEEPING !!!,0.157,0.511,25,1
2024-11-28 12:14:58,SLEEPING !!!,0.229,0.305,25,1
2024-11-28 12:14:58,SLEEPING !!!,0.181,0.459,25,1
2024-11-28 12:14:58,SLEEPING !!!,0.157,0.470,25,1
2024-11-28 12:14:58,SLEEPING !!!,0.212,0.299,25,1
2024-11-28 12:14:58,SLEEPING !!!,0.204,0.474,25,1
2024-11-28 12:14:58,SLEEPING !!!,0.201,0.455,25,1
2024-11-28 12:14:58,Active,0.254,0.303,26,1
2024-11-28 12:14:58,Active,0.196,0.449,26,1
2024-11-28 12:14:58,Active,0.247,0.317,26,1
2024-11-28 12:14:58,SLEEPING !!!,0.192,0.465,26,1
2024-11-28 12:14:58,SLEEPING !!!,0.236,0.300,26,1
2024-11-28 12:14:58,SLEEPING !!!,0.187,0.470,26,1
2024-11-28 12:14:58,SLEEPING !!!,0.230,0.309,26,1
2024-11-28 12:14:58,SLEEPING !!!,0.216,0.450,26,1
2024-11-28 12:14:58,Active,0.251,0.307,27,1
2024-11-28 12:14:58,Active,0.195,0.461,27,1
2024-11-28 12:14:58,Active,0.250,0.331,27,1
2024-11-28 12:14:58,SLEEPING !!!,0.197,0.468,27,1
2024-11-28 12:14:58,SLEEPING !!!,0.195,0.496,27,1
2024-11-28 12:14:58,SLEEPING !!!,0.235,0.307,27,1
2024-11-28 12:14:58,SLEEPING !!!,0.185,0.488,27,1
2024-11-28 12:14:58,SLEEPING !!!,0.233,0.317,27,1
2024-11-28 12:14:58,SLEEPING !!!,0.174,0.456,27,1
2024-11-28 12:14:58,SLEEPING !!!,0.153,0.462,27,1
2024-11-28 12:14:58,Active,0.263,0.304,28,1
2024-11-28 12:14:58,Active,0.133,0.479,28,1
2024-11-28 12:14:58,Active,0.250,0.314,28,1
2024-11-28 12:14:58,Active,0.170,0.458,28,1
2024-11-28 12:14:58,Active,0.238,0.303,28,1
2024-11-28 12:14:58,SLEEPING !!!,0.211,0.460,28,2
2024-11-28 12:14:58,SLEEPING !!!,0.192,0.478,28,2
2024-11-28 12:14:58,SLEEPING !!!,0.238,0.289,28,2
2024-11-28 12:14:58,SLEEPING !!!,0.169,0.483,28,2
2024-11-28 12:14:58,SLEEPING !!!,0.158,0.496,28,2
2024-11-28 12:14:58,Mild Yawn,0.265,0.312,29,2
2024-11-28 12:14:58,Mild Yawn,0.156,0.434,29,2
2024-11-28 12:14:58,Mild Yawn,0.236,0.317,29,2
2024-11-28 12:14:58,SLEEPING !!!,0.194,0.460,29,2
2024-11-28 12:14:58,SLEEPING !!!,0.213,0.480,29,2
2024-11-28 12:14:58,SLEEPING !!!,0.194,0.459,29,2
2024-11-28 12:14:58,SLEEPING !!!,0.158,0.455,29,2
2024-11-28 12:14:58,SLEEPING !!!,0.240,0.313,29,2
2024-11-28 12:14:59,SLEEPING !!!,0.189,0.434,29,2
2024-11-28 12:14:59,Mild Yawn,0.262,0.312,30,2
2024-11-28 12:14:59,Mild Yawn,0.175,0.481,30,2
2024-11-28 12:14:59,Mild Yawn,0.172,0.487,30,2
2024-11-28 12:14:59,Mild Yawn,0.264,0.310,30,2
2024-11-28 12:14:59,Mild Yawn,0.197,0.465,30,2
2024-11-28 12:14:59,Mild Yawn,0.181,0.464,30,2
2024-11-28 12:14:59,SLEEPING !!!,0.250,0.322,30,2
2024-11-28 12:14:59,SLEEPING !!!,0.187,0.456,30,2
2024-11-28 12:14:59,SLEEPING !!!,0.197,0.455,30,2
2024-11-28 12:14:59,SLEEPING !!!,0.197,0.485,30,2
2024-11-28 12:14:59,SLEEPING !!!,0.235,0.315,30,2
2024-11-28 12:14:59,SLEEPING !!!,0.200,0.344,30,2
2024-11-28 12:14:59,Mild Yawn,0.258,0.299,31,2
2024-11-28 12:14:59,Mild Yawn,0.216,0.443,31,2
2024-11-28 12:14:59,Mild Yawn,0.211,0.313,31,2
2024-11-28 12:14:59,SLEEPING !!!,0.215,0.440,31,2
2024-11-28 12:14:59,Mild Yawn,0.259,0.319,31,2
2024-11-28 12:14:59,Mild Yawn,0.199,0.526,31,2
2024-11-28 12:14:59,Mild Yawn,0.189,0.501,31,2
2024-11-28 12:14:59,SLEEPING !!!,0.213,0.508,31,2
2024-11-28 12:14:59,Mild Yawn,0.273,0.307,32,2
2024-11-28 12:14:59,Mild Yawn,0.187,0.470,32,2
2024-11-28 12:14:59,Mild Yawn,0.241,0.314,32,2
2024-11-28 12:14:59,SLEEPING !!!,0.219,0.469,32,2
2024-11-28 12:14:59,Mild Yawn,0.276,0.308,32,2
2024-11-28 12:14:59,Mild Yawn,0.172,0.455,32,2
2024-11-28 12:14:59,Mild Yawn,0.248,0.313,32,2
2024-11-28 12:14:59,SLEEPING !!!,0.176,0.487,32,2
2024-11-28 12:14:59,Mild Yawn,0.265,0.313,33,2
2024-11-28 12:14:59,Mild Yawn,0.158,0.485,33,2
2024-11-28 12:14:59,Mild Yawn,0.257,0.309,33,2
2024-11-28 12:14:59,Mild Yawn,0.144,0.479,33,2
2024-11-28 12:14:59,Mild Yawn,0.245,0.311,33,2
2024-11-28 12:14:59,SLEEPING !!!,0.181,0.443,33,2
2024-11-28 12:14:59,SLEEPING !!!,0.243,0.295,33,2
2024-11-28 12:14:59,SLEEPING !!!,0.158,0.462,33,2
2024-11-28 12:14:59,SLEEPING !!!,0.235,0.306,33,2
2024-11-28 12:14:59,SLEEPING !!!,0.175,0.475,33,2
2024-11-28 12:14:59,Mild Yawn,0.255,0.302,34,2
2024-11-28 12:14:59,Mild Yawn,0.147,0.490,34,2
2024-11-28 12:14:59,Mild Yawn,0.241,0.314,34,2
2024-11-28 12:14:59,SLEEPING !!!,0.163,0.458,34,2
2024-11-28 12:14:59,SLEEPING !!!,0.247,0.324,34,2
2024-11-28 12:14:59,SLEEPING !!!,0.200,0.496,34,2
2024-11-28 12:14:59,SLEEPING !!!,0.221,0.308,34,2
2024-11-28 12:14:59,SLEEPING !!!,0.158,0.423,34,2
2024-11-28 12:14:59,SLEEPING !!!,0.242,0.314,34,2
2024-11-28 12:14:59,SLEEPING !!!,0.196,0.479,34,2
2024-11-28 12:14:59,SLEEPING !!!,0.230,0.297,34,2
2024-11-28 12:14:59,SLEEPING !!!,0.177,0.469,34,2
2024-11-28 12:15:00,SLEEPING !!!,0.158,0.473,34,2
2024-11-28 12:15:00,SLEEPING !!!,0.245,0.319,34,2
2024-11-28 12:15:00,SLEEPING !!!,0.176,0.480,34,2
2024-11-28 12:15:00,Mild Yawn,0.255,0.327,35,2
2024-11-28 12:15:00,Mild Yawn,0.152,0.414,35,2
2024-11-28 12:15:00,Mild Yawn,0.236,0.322,35,2
2024-11-28 12:15:00,SLEEPING !!!,0.143,0.477,35,2
2024-11-28 12:15:00,SLEEPING !!!,0.241,0.304,35,2
2024-11-28 12:15:00,SLEEPING !!!,0.176,0.469,35,2
2024-11-28 12:15:00,SLEEPING !!!,0.218,0.304,35,2
2024-11-28 12:15:00,SLEEPING !!!,0.133,0.474,35,2
2024-11-28 12:15:00,SLEEPING !!!,0.229,0.301,35,2
2024-11-28 12:15:00,SLEEPING !!!,0.162,0.484,35,2
2024-11-28 12:15:00,SLEEPING !!!,0.238,0.319,35,2
2024-11-28 12:15:00,SLEEPING !!!,0.152,0.457,35,2
2024-11-28 12:15:00,SLEEPING !!!,0.158,0.471,35,2
2024-11-28 12:15:00,SLEEPING !!!,0.171,0.507,35,2
2024-11-28 12:15:00,Mild Yawn,0.254,0.317,36,2
2024-11-28 12:15:00,Mild Yawn,0.152,0.496,36,2
2024-11-28 12:15:00,Mild Yawn,0.237,0.320,36,2
2024-11-28 12:15:00,SLEEPING !!!,0.173,0.491,36,2
2024-11-28 12:15:00,SLEEPING !!!,0.191,0.469,36,2
2024-11-28 12:15:00,Mild Yawn,0.256,0.310,36,2
2024-11-28 12:15:00,Mild Yawn,0.176,0.460,36,2
2024-11-28 12:15:00,Mild Yawn,0.275,0.306,36,2
2024-11-28 12:15:00,Mild Yawn,0.163,0.497,36,2
2024-11-28 12:15:00,Mild Yawn,0.170,0.434,36,2
2024-11-28 12:15:00,Mild Yawn,0.261,0.305,36,2
2024-11-28 12:15:00,Mild Yawn,0.189,0.442,36,2
2024-11-28 12:15:00,Mild Yawn,0.228,0.329,36,2
2024-11-28 12:15:00,SLEEPING !!!,0.173,0.462,36,2
2024-11-28 12:15:00,SLEEPING !!!,0.241,0.314,36,2
2024-11-28 12:15:00,SLEEPING !!!,0.158,0.481,36,2
2024-11-28 12:15:00,Mild Yawn,0.270,0.313,37,2
2024-11-28 12:15:00,Mild Yawn,0.158,0.460,37,2
2024-11-28 12:15:00,Mild Yawn,0.232,0.319,37,2
2024-11-28 12:15:00,SLEEPING !!!,0.196,0.469,37,2
2024-11-28 12:15:00,SLEEPING !!!,0.237,0.335,37,2
2024-11-28 12:15:00,SLEEPING !!!,0.188,0.458,37,2
2024-11-28 12:15:00,SLEEPING !!!,0.243,0.303,37,2
2024-11-28 12:15:00,Mild Yawn,0.268,0.300,38,2
2024-11-28 12:15:00,Mild Yawn,0.158,0.449,38,2
2024-11-28 12:15:00,Mild Yawn,0.152,0.426,38,2
2024-11-28 12:15:00,SLEEPING !!!,0.248,0.317,38,2
2024-11-28 12:15:00,SLEEPING !!!,0.189,0.457,38,2
2024-11-28 12:15:00,Mild Yawn,0.255,0.325,38,2
2024-11-28 12:15:00,Mild Yawn,0.175,0.440,38,2
2024-11-28 12:15:00,Mild Yawn,0.245,0.317,38,2
2024-11-28 12:15:00,SLEEPING !!!,0.233,0.455,38,2
2024-11-28 12:15:00,SLEEPING !!!,0.244,0.329,38,2
2024-11-28 12:15:00,SLEEPING !!!,0.195,0.449,38,2
2024-11-28 12:15:00,SLEEPING !!!,0.214,0.323,38,2
2024-11-28 12:15:00,SLEEPING !!!,0.195,0.469,38,2
2024-11-28 12:15:00,SLEEPING !!!,0.236,0.308,38,2
2024-11-28 12:15:00,SLEEPING !!!,0.177,0.465,38,2
2024-11-28 12:15:00,SLEEPING !!!,0.239,0.324,38,2
2024-11-28 12:15:00,SLEEPING !!!,0.169,0.472,38,2
2024-11-28 12:15:01,SLEEPING !!!,0.208,0.478,38,2
2024-11-28 12:15:01,SLEEPING !!!,0.152,0.485,38,2
2024-11-28 12:15:01,SLEEPING !!!,0.197,0.501,38,2
2024-11-28 12:15:01,SLEEPING !!!,0.194,0.455,38,2
2024-11-28 12:15:01,SLEEPING !!!,0.213,0.475,38,2
2024-11-28 12:15:01,SLEEPING !!!,0.197,0.476,38,2
2024-11-28 12:15:01,SLEEPING !!!,0.209,0.440,38,2
2024-11-28 12:15:01,SLEEPING !!!,0.186,0.487,38,2
2024-11-28 12:15:01,SLEEPING !!!,0.227,0.504,38,2
2024-11-28 12:15:01,SLEEPING !!!,0.221,0.345,38,2
2024-11-28 12:15:01,Mild Yawn,0.276,0.362,39,2
2024-11-28 12:15:01,Mild Yawn,0.299,0.381,39,2
2024-11-28 12:15:01,Mild Yawn,0.291,0.364,39,2
2024-11-28 12:15:01,Mild Yawn,0.297,0.349,39,2
2024-11-28 12:15:01,Mild Yawn,0.308,0.333,39,2
2024-11-28 12:15:01,Mild Yawn,0.324,0.349,39,2
2024-11-28 12:15:01,Mild Yawn,0.327,0.394,39,2
2024-11-28 12:15:01,Mild Yawn,0.305,0.343,39,2
2024-11-28 12:15:01,Mild Yawn,0.316,0.389,39,2
2024-11-28 12:15:01,Mild Yawn,0.299,0.379,39,2
2024-11-28 12:15:01,Mild Yawn,0.323,0.331,39,2
2024-11-28 12:15:01,Mild Yawn,0.343,0.329,39,2
2024-11-28 12:15:01,Mild Yawn,0.342,0.347,39,2
2024-11-28 12:15:01,Mild Yawn,0.321,0.356,39,2
2024-11-28 12:15:01,Mild Yawn,0.300,0.385,39,2
2024-11-28 12:15:01,Mild Yawn,0.319,0.338,39,2
2024-11-28 12:15:01,Mild Yawn,0.344,0.333,39,2
2024-11-28 12:15:02,Mild Yawn,0.391,0.331,39,2
2024-11-28 12:15:02,Mild Yawn,0.325,0.393,39,2
2024-11-28 12:15:02,Mild Yawn,0.306,0.369,39,2
2024-11-28 12:15:02,Mild Yawn,0.323,0.352,39,2
2024-11-28 12:15:02,Mild Yawn,0.315,0.350,39,2
2024-11-28 12:15:02,Mild Yawn,0.319,0.360,39,2
2024-11-28 12:15:02,Mild Yawn,0.355,0.305,39,2
2024-11-28 12:15:02,Mild Yawn,0.315,0.369,39,2
2024-11-28 12:15:02,Mild Yawn,0.298,0.369,39,2
2024-11-28 12:15:02,Mild Yawn,0.336,0.333,39,2
2024-11-28 12:15:02,Mild Yawn,0.319,0.325,39,2
2024-11-28 12:15:02,Mild Yawn,0.325,0.357,39,2
2024-11-28 12:15:02,Mild Yawn,0.282,0.350,39,2
2024-11-28 12:15:02,Mild Yawn,0.182,0.414,39,2
2024-11-28 12:15:02,Mild Yawn,0.163,0.418,39,2
2024-11-28 12:15:02,SLEEPING !!!,0.177,0.387,39,2
2024-11-28 12:15:02,SLEEPING !!!,0.189,0.476,39,2
2024-11-28 12:15:02,SLEEPING !!!,0.191,0.426,39,2
2024-11-28 12:15:02,SLEEPING !!!,0.169,0.473,39,2
2024-11-28 12:15:02,SLEEPING !!!,0.189,0.460,39,2
2024-11-28 12:15:02,SLEEPING !!!,0.180,0.432,39,2
2024-11-28 12:15:02,SLEEPING !!!,0.170,0.434,39,2
2024-11-28 12:15:02,SLEEPING !!!,0.194,0.472,39,2
2024-11-28 12:15:02,SLEEPING !!!,0.176,0.440,39,2
2024-11-28 12:15:03,SLEEPING !!!,0.158,0.391,39,2
2024-11-28 12:15:03,SLEEPING !!!,0.173,0.429,39,2
2024-11-28 12:15:03,SLEEPING !!!,0.199,0.477,39,2
2024-11-28 12:15:03,SLEEPING !!!,0.188,0.469,39,2
2024-11-28 12:15:03,SLEEPING !!!,0.175,0.465,39,2
2024-11-28 12:15:03,SLEEPING !!!,0.188,0.453,39,2
2024-11-28 12:15:03,SLEEPING !!!,0.158,0.435,39,2
2024-11-28 12:15:03,SLEEPING !!!,0.227,0.471,39,2
2024-11-28 12:15:03,SLEEPING !!!,0.233,0.449,39,2
2024-11-28 12:15:03,SLEEPING !!!,0.185,0.415,39,2
2024-11-28 12:15:03,SLEEPING !!!,0.158,0.410,39,2
2024-11-28 12:15:03,SLEEPING !!!,0.158,0.413,39,2
2024-11-28 12:15:03,SLEEPING !!!,0.196,0.427,39,2
2024-11-28 12:15:03,SLEEPING !!!,0.162,0.411,39,2
2024-11-28 12:15:03,SLEEPING !!!,0.158,0.421,39,2
2024-11-28 12:15:03,SLEEPING !!!,0.195,0.424,39,2
2024-11-28 12:15:03,SLEEPING !!!,0.176,0.420,39,2
2024-11-28 12:15:03,SLEEPING !!!,0.157,0.412,39,2
2024-11-28 12:15:03,SLEEPING !!!,0.158,0.423,39,2
2024-11-28 12:15:03,SLEEPING !!!,0.171,0.442,39,2
2024-11-28 12:15:03,SLEEPING !!!,0.171,0.420,39,2
2024-11-28 12:15:03,SLEEPING !!!,0.173,0.487,39,2
2024-11-28 12:15:03,SLEEPING !!!,0.199,0.432,39,2
2024-11-28 12:15:03,SLEEPING !!!,0.168,0.412,39,2
2024-11-28 12:15:04,SLEEPING !!!,0.188,0.413,39,2
2024-11-28 12:15:04,SLEEPING !!!,0.200,0.443,39,2
2024-11-28 12:15:04,SLEEPING !!!,0.196,0.494,39,2
2024-11-28 12:15:04,SLEEPING !!!,0.158,0.435,39,2
2024-11-28 12:15:04,SLEEPING !!!,0.188,0.452,39,2
2024-11-28 12:15:04,SLEEPING !!!,0.152,0.459,39,2
2024-11-28 12:15:04,SLEEPING !!!,0.157,0.459,39,2
2024-11-28 12:15:04,SLEEPING !!!,0.172,0.412,39,2
2024-11-28 12:15:04,SLEEPING !!!,0.157,0.439,39,2
2024-11-28 12:15:04,SLEEPING !!!,0.186,0.451,39,2
2024-11-28 12:15:04,SLEEPING !!!,0.167,0.404,39,2
2024-11-28 12:15:04,SLEEPING !!!,0.176,0.464,39,2
2024-11-28 12:15:04,SLEEPING !!!,0.187,0.443,39,2
2024-11-28 12:15:05,SLEEPING !!!,0.152,0.458,39,2
2024-11-28 12:15:05,SLEEPING !!!,0.164,0.412,39,2
2024-11-28 12:15:05,SLEEPING !!!,0.168,0.467,39,2
2024-11-28 12:15:05,SLEEPING !!!,0.138,0.461,39,2
2024-11-28 12:15:05,SLEEPING !!!,0.176,0.493,39,2
2024-11-28 12:15:05,SLEEPING !!!,0.173,0.428,39,2
2024-11-28 12:15:05,SLEEPING !!!,0.152,0.456,39,2
2024-11-28 12:15:05,SLEEPING !!!,0.158,0.483,39,2
2024-11-28 12:15:05,SLEEPING !!!,0.163,0.460,39,2
2024-11-28 12:15:05,SLEEPING !!!,0.157,0.490,39,2
2024-11-28 12:15:05,SLEEPING !!!,0.171,0.441,39,2
2024-11-28 12:15:05,SLEEPING !!!,0.168,0.457,39,2
2024-11-28 12:15:05,SLEEPING !!!,0.163,0.486,39,2
2024-11-28 12:15:05,SLEEPING !!!,0.185,0.473,39,2
2024-11-28 12:15:05,SLEEPING !!!,0.152,0.444,39,2
2024-11-28 12:15:05,SLEEPING !!!,0.177,0.483,39,2
2024-11-28 12:15:05,SLEEPING !!!,0.175,0.441,39,2
2024-11-28 12:15:05,SLEEPING !!!,0.191,0.377,39,2
2024-11-28 12:15:05,SLEEPING !!!,0.202,0.432,39,2
2024-11-28 12:15:05,SLEEPING !!!,0.179,0.460,39,2
2024-11-28 12:15:05,SLEEPING !!!,0.168,0.422,39,2
2024-11-28 12:15:05,Mild Yawn,0.259,0.305,40,2
2024-11-28 12:15:05,Mild Yawn,0.191,0.494,40,2
2024-11-28 12:15:05,Mild Yawn,0.240,0.297,40,2
2024-11-28 12:15:05,SLEEPING !!!,0.241,0.304,40,2
2024-11-28 12:15:05,SLEEPING !!!,0.226,0.314,40,2
2024-11-28 12:15:06,SLEEPING !!!,0.224,0.326,40,2
2024-11-28 12:15:06,SLEEPING !!!,0.168,0.461,40,2
2024-11-28 12:15:06,SLEEPING !!!,0.226,0.319,40,2
2024-11-28 12:15:06,SLEEPING !!!,0.192,0.467,40,2
2024-11-28 12:15:06,SLEEPING !!!,0.206,0.324,40,2
2024-11-28 12:15:06,SLEEPING !!!,0.199,0.322,40,2
2024-11-28 12:15:06,SLEEPING !!!,0.250,0.376,40,2
2024-11-28 12:15:06,SLEEPING !!!,0.228,0.322,40,2
2024-11-28 12:15:06,SLEEPING !!!,0.189,0.498,40,2
2024-11-28 12:15:06,SLEEPING !!!,0.184,0.327,40,2
2024-11-28 12:15:06,SLEEPING !!!,0.171,0.440,40,2
2024-11-28 12:15:06,SLEEPING !!!,0.247,0.315,40,2
2024-11-28 12:15:06,SLEEPING !!!,0.176,0.451,40,2
2024-11-28 12:15:06,SLEEPING !!!,0.235,0.318,40,2
2024-11-28 12:15:06,SLEEPING !!!,0.203,0.467,40,2
2024-11-28 12:15:06,SLEEPING !!!,0.216,0.312,40,2
2024-11-28 12:15:06,SLEEPING !!!,0.234,0.299,40,2
2024-11-28 12:15:06,SLEEPING !!!,0.243,0.512,40,2
2024-11-28 12:15:06,SLEEPING !!!,0.205,0.318,40,2
2024-11-28 12:15:06,SLEEPING !!!,0.194,0.463,40,2
2024-11-28 12:15:06,SLEEPING !!!,0.242,0.304,40,2
2024-11-28 12:15:06,Mild Yawn,0.251,0.304,41,2
2024-11-28 12:15:06,Mild Yawn,0.178,0.367,41,2
2024-11-28 12:15:06,Mild Yawn,0.252,0.295,41,2
2024-11-28 12:15:06,Mild Yawn,0.237,0.289,41,2
2024-11-28 12:15:06,Mild Yawn,0.238,0.298,41,2
2024-11-28 12:15:06,SLEEPING !!!,0.242,0.296,41,2
2024-11-28 12:15:06,SLEEPING !!!,0.236,0.392,41,2
2024-11-28 12:15:06,SLEEPING !!!,0.194,0.304,41,2
2024-11-28 12:15:06,Mild Yawn,0.271,0.392,42,2
2024-11-28 12:15:06,Mild Yawn,0.216,0.296,42,2
2024-11-28 12:15:06,Mild Yawn,0.271,0.377,42,2
2024-11-28 12:15:06,Mild Yawn,0.222,0.297,42,2
2024-11-28 12:15:06,Mild Yawn,0.305,0.354,42,2
2024-11-28 12:15:06,Mild Yawn,0.222,0.288,42,2
2024-11-28 12:15:06,Mild Yawn,0.211,0.284,42,2
2024-11-28 12:15:06,SLEEPING !!!,0.225,0.303,42,2
2024-11-28 12:15:06,Mild Yawn,0.269,0.377,43,2
2024-11-28 12:15:06,Mild Yawn,0.235,0.292,43,2
2024-11-28 12:15:06,Mild Yawn,0.285,0.371,43,2
2024-11-28 12:15:06,Mild Yawn,0.193,0.291,43,2
2024-11-28 12:15:06,Mild Yawn,0.251,0.421,43,2
2024-11-28 12:15:06,Mild Yawn,0.185,0.299,43,2
2024-11-28 12:15:07,Mild Yawn,0.180,0.290,43,2
2024-11-28 12:15:07,SLEEPING !!!,0.174,0.317,43,2
2024-11-28 12:15:07,SLEEPING !!!,0.214,0.315,43,2
2024-11-28 12:15:07,Mild Yawn,0.321,0.353,44,2
2024-11-28 12:15:07,Mild Yawn,0.159,0.310,44,2
2024-11-28 12:15:07,Mild Yawn,0.214,0.310,44,2
2024-11-28 12:15:07,SLEEPING !!!,0.177,0.321,44,2
2024-11-28 12:15:07,SLEEPING !!!,0.206,0.309,44,2
2024-11-28 12:15:07,Mild Yawn,0.292,0.341,44,2
2024-11-28 12:15:07,Mild Yawn,0.172,0.330,44,2
2024-11-28 12:15:07,Mild Yawn,0.198,0.336,44,2
2024-11-28 12:15:07,SLEEPING !!!,0.220,0.321,44,2
2024-11-28 12:15:07,Mild Yawn,0.289,0.367,45,2
2024-11-28 12:15:07,Mild Yawn,0.310,0.363,45,2
2024-11-28 12:15:07,Mild Yawn,0.290,0.365,45,2
2024-11-28 12:15:07,Mild Yawn,0.219,0.371,45,2
2024-11-28 12:15:07,Mild Yawn,0.230,0.357,45,2
2024-11-28 12:15:07,SLEEPING !!!,0.195,0.341,45,2
2024-11-28 12:15:07,Mild Yawn,0.311,0.354,46,2
2024-11-28 12:15:07,Mild Yawn,0.211,0.345,46,2
2024-11-28 12:15:07,Mild Yawn,0.208,0.354,46,2
2024-11-28 12:15:07,SLEEPING !!!,0.169,0.339,46,2
2024-11-28 12:15:07,Mild Yawn,0.263,0.384,46,2
2024-11-28 12:15:07,Mild Yawn,0.297,0.365,46,2
2024-11-28 12:15:07,Mild Yawn,0.176,0.352,46,2
2024-11-28 12:15:07,Mild Yawn,0.179,0.425,46,2
2024-11-28 12:15:07,Mild Yawn,0.292,0.349,46,2
2024-11-28 12:15:07,Mild Yawn,0.142,0.427,46,2
2024-11-28 12:15:07,Mild Yawn,0.211,0.419,46,2
2024-11-28 12:15:07,SLEEPING !!!,0.211,0.433,46,2
2024-11-28 12:15:07,Mild Yawn,0.300,0.363,47,2
2024-11-28 12:15:07,Mild Yawn,0.188,0.405,47,2
2024-11-28 12:15:07,Mild Yawn,0.185,0.431,47,2
2024-11-28 12:15:07,Mild Yawn,0.274,0.422,47,2
2024-11-28 12:15:07,Mild Yawn,0.232,0.472,47,2
2024-11-28 12:15:07,Mild Yawn,0.252,0.374,47,2
2024-11-28 12:15:07,Mild Yawn,0.232,0.377,47,2
2024-11-28 12:15:07,Mild Yawn,0.198,0.438,47,2
2024-11-28 12:15:07,SLEEPING !!!,0.166,0.465,47,2
2024-11-28 12:15:08,SLEEPING !!!,0.195,0.434,47,2
2024-11-28 12:15:08,SLEEPING !!!,0.188,0.467,47,2
2024-11-28 12:15:08,SLEEPING !!!,0.169,0.381,47,2
2024-11-28 12:15:08,SLEEPING !!!,0.136,0.493,47,2
2024-11-28 12:15:08,SLEEPING !!!,0.179,0.362,47,2
2024-11-28 12:15:08,SLEEPING !!!,0.161,0.523,47,2
2024-11-28 12:15:08,SLEEPING !!!,0.200,0.368,47,2
2024-11-28 12:15:08,SLEEPING !!!,0.169,0.554,47,2
2024-11-28 12:15:08,SLEEPING !!!,0.177,0.456,47,2
2024-11-28 12:15:08,SLEEPING !!!,0.168,0.562,47,2
2024-11-28 12:15:08,SLEEPING !!!,0.179,0.371,47,2
2024-11-28 12:15:08,SLEEPING !!!,0.199,0.560,47,2
2024-11-28 12:15:08,SLEEPING !!!,0.195,0.377,47,2
2024-11-28 12:15:08,SLEEPING !!!,0.195,0.377,47,2
2024-11-28 12:15:08,SLEEPING !!!,0.203,0.564,47,2
2024-11-28 12:15:08,SLEEPING !!!,0.167,0.555,47,2
2024-11-28 12:15:08,SLEEPING !!!,0.187,0.390,47,2
2024-11-28 12:15:08,SLEEPING !!!,0.177,0.528,47,2
2024-11-28 12:15:08,SLEEPING !!!,0.166,0.430,47,2
2024-11-28 12:15:08,SLEEPING !!!,0.180,0.498,47,2
2024-11-28 12:15:08,SLEEPING !!!,0.213,0.408,47,2
2024-11-28 12:15:08,SLEEPING !!!,0.182,0.471,47,2
2024-11-28 12:15:08,SLEEPING !!!,0.214,0.410,47,2
2024-11-28 12:15:08,SLEEPING !!!,0.168,0.466,47,2
2024-11-28 12:15:08,SLEEPING !!!,0.202,0.416,47,2
2024-11-28 12:15:08,SLEEPING !!!,0.174,0.409,47,2
2024-11-28 12:15:08,SLEEPING !!!,0.166,0.411,47,2
2024-11-28 12:15:08,SLEEPING !!!,0.218,0.450,47,2
2024-11-28 12:15:08,SLEEPING !!!,0.209,0.413,47,2
2024-11-28 12:15:08,SLEEPING !!!,0.205,0.435,47,2
2024-11-28 12:15:08,Mild Yawn,0.264,0.449,48,2
2024-11-28 12:15:08,Mild Yawn,0.209,0.416,48,2
2024-11-28 12:15:08,Mild Yawn,0.194,0.529,48,2
2024-11-28 12:15:08,SLEEPING !!!,0.166,0.410,48,2
2024-11-28 12:15:08,SLEEPING !!!,0.206,0.405,48,2
2024-11-28 12:15:08,SLEEPING !!!,0.206,0.406,48,2
2024-11-28 12:15:08,SLEEPING !!!,0.199,0.432,48,2
2024-11-28 12:15:08,SLEEPING !!!,0.211,0.422,48,2
2024-11-28 12:15:08,SLEEPING !!!,0.216,0.429,48,2
2024-11-28 12:15:08,SLEEPING !!!,0.188,0.401,48,2
2024-11-28 12:15:08,SLEEPING !!!,0.225,0.407,48,2
2024-11-28 12:15:08,Mild Yawn,0.268,0.450,49,2
2024-11-28 12:15:08,Mild Yawn,0.214,0.412,49,2
2024-11-28 12:15:08,Mild Yawn,0.232,0.432,49,2
2024-11-28 12:15:08,SLEEPING !!!,0.192,0.416,49,2
2024-11-28 12:15:08,SLEEPING !!!,0.191,0.412,49,2
2024-11-28 12:15:08,SLEEPING !!!,0.173,0.403,49,2
2024-11-28 12:15:09,SLEEPING !!!,0.201,0.419,49,2
2024-11-28 12:15:09,SLEEPING !!!,0.243,0.393,49,2
2024-11-28 12:15:09,SLEEPING !!!,0.247,0.395,49,2
2024-11-28 12:15:09,SLEEPING !!!,0.226,0.485,49,2
2024-11-28 12:15:09,SLEEPING !!!,0.173,0.364,49,2
2024-11-28 12:15:09,SLEEPING !!!,0.174,0.393,49,2
2024-11-28 12:15:09,SLEEPING !!!,0.196,0.404,49,2
2024-11-28 12:15:09,SLEEPING !!!,0.203,0.367,49,2
2024-11-28 12:15:09,Mild Yawn,0.264,0.464,50,2
2024-11-28 12:15:09,Mild Yawn,0.242,0.423,50,2
2024-11-28 12:15:09,Mild Yawn,0.217,0.438,50,2
2024-11-28 12:15:09,SLEEPING !!!,0.242,0.447,50,2
2024-11-28 12:15:09,SLEEPING !!!,0.209,0.414,50,2
2024-11-28 12:15:09,SLEEPING !!!,0.226,0.405,50,2
2024-11-28 12:15:09,SLEEPING !!!,0.209,0.425,50,2
2024-11-28 12:15:09,SLEEPING !!!,0.195,0.388,50,2
2024-11-28 12:15:09,SLEEPING !!!,0.200,0.416,50,2
2024-11-28 12:15:09,SLEEPING !!!,0.204,0.416,50,2
2024-11-28 12:15:09,SLEEPING !!!,0.195,0.409,50,2
2024-11-28 12:15:09,SLEEPING !!!,0.212,0.433,50,2
2024-11-28 12:15:09,SLEEPING !!!,0.217,0.452,50,2
2024-11-28 12:15:09,SLEEPING !!!,0.229,0.424,50,2
2024-11-28 12:15:09,SLEEPING !!!,0.221,0.397,50,2
2024-11-28 12:15:09,Mild Yawn,0.253,0.422,51,2
2024-11-28 12:15:09,Mild Yawn,0.208,0.441,51,2
2024-11-28 12:15:09,Mild Yawn,0.166,0.408,51,2
2024-11-28 12:15:09,SLEEPING !!!,0.219,0.423,51,2
2024-11-28 12:15:09,SLEEPING !!!,0.192,0.397,51,2
2024-11-28 12:15:09,SLEEPING !!!,0.166,0.431,51,2
2024-11-28 12:15:09,SLEEPING !!!,0.208,0.413,51,2
2024-11-28 12:15:09,SLEEPING !!!,0.221,0.399,51,2
2024-11-28 12:15:09,SLEEPING !!!,0.188,0.373,51,2
2024-11-28 12:15:09,SLEEPING !!!,0.197,0.379,51,2
2024-11-28 12:15:09,SLEEPING !!!,0.179,0.364,51,2
2024-11-28 12:15:10,SLEEPING !!!,0.187,0.354,51,2
2024-11-28 12:15:10,SLEEPING !!!,0.223,0.354,51,2
2024-11-28 12:15:10,SLEEPING !!!,0.179,0.399,51,2
2024-11-28 12:15:10,SLEEPING !!!,0.188,0.376,51,2
2024-11-28 12:15:10,SLEEPING !!!,0.188,0.388,51,2
2024-11-28 12:15:10,SLEEPING !!!,0.200,0.380,51,2
2024-11-28 12:15:10,SLEEPING !!!,0.187,0.388,51,2
2024-11-28 12:15:10,SLEEPING !!!,0.166,0.417,51,2
2024-11-28 12:15:10,SLEEPING !!!,0.217,0.388,51,2
2024-11-28 12:15:10,SLEEPING !!!,0.166,0.410,51,2
2024-11-28 12:15:10,SLEEPING !!!,0.166,0.399,51,2
2024-11-28 12:15:10,SLEEPING !!!,0.200,0.374,51,2
2024-11-28 12:15:10,SLEEPING !!!,0.217,0.381,51,2
2024-11-28 12:15:10,SLEEPING !!!,0.229,0.375,51,2
2024-11-28 12:15:10,SLEEPING !!!,0.191,0.399,51,2
2024-11-28 12:15:10,SLEEPING !!!,0.244,0.398,51,2
2024-11-28 12:15:10,SLEEPING !!!,0.240,0.388,51,2
2024-11-28 12:15:10,SLEEPING !!!,0.240,0.399,51,2
2024-11-28 12:15:10,SLEEPING !!!,0.243,0.347,51,2
2024-11-28 12:15:10,SLEEPING !!!,0.187,0.376,51,2
2024-11-28 12:15:10,SLEEPING !!!,0.232,0.400,51,2
2024-11-28 12:15:10,SLEEPING !!!,0.208,0.393,51,2
2024-11-28 12:15:10,Mild Yawn,0.255,0.393,52,2
2024-11-28 12:15:11,Mild Yawn,0.208,0.377,52,2
2024-11-28 12:15:11,Mild Yawn,0.263,0.360,52,2
2024-11-28 12:15:11,Mild Yawn,0.214,0.360,52,2
2024-11-28 12:15:11,Mild Yawn,0.211,0.347,52,2
2024-11-28 12:15:11,SLEEPING !!!,0.207,0.362,52,2
2024-11-28 12:15:11,Mild Yawn,0.259,0.369,53,2
2024-11-28 12:15:11,Mild Yawn,0.207,0.354,53,2
2024-11-28 12:15:11,Mild Yawn,0.203,0.353,53,2
2024-11-28 12:15:11,SLEEPING !!!,0.222,0.349,53,2
2024-11-28 12:15:11,SLEEPING !!!,0.199,0.362,53,2
2024-11-28 12:15:11,SLEEPING !!!,0.185,0.353,53,2
2024-11-28 12:15:11,SLEEPING !!!,0.182,0.345,53,2
2024-11-28 12:15:11,SLEEPING !!!,0.208,0.362,53,2
2024-11-28 12:15:11,SLEEPING !!!,0.248,0.362,53,2
2024-11-28 12:15:11,SLEEPING !!!,0.236,0.353,53,2
2024-11-28 12:15:11,SLEEPING !!!,0.229,0.345,53,2
2024-11-28 12:15:11,SLEEPING !!!,0.222,0.345,53,2
2024-11-28 12:15:11,SLEEPING !!!,0.222,0.362,53,2
2024-11-28 12:15:11,SLEEPING !!!,0.185,0.385,53,2
2024-11-28 12:15:11,SLEEPING !!!,0.204,0.371,53,2
2024-11-28 12:15:11,SLEEPING !!!,0.226,0.345,53,2
2024-11-28 12:15:11,SLEEPING !!!,0.199,0.353,53,2
2024-11-28 12:15:11,SLEEPING !!!,0.220,0.345,53,2
2024-11-28 12:15:11,SLEEPING !!!,0.203,0.341,53,2
2024-11-28 12:15:11,SLEEPING !!!,0.204,0.353,53,2
2024-11-28 12:15:11,Mild Yawn,0.253,0.362,54,2
2024-11-28 12:15:11,Mild Yawn,0.208,0.362,54,2
2024-11-28 12:15:11,Mild Yawn,0.212,0.354,54,2
2024-11-28 12:15:11,SLEEPING !!!,0.207,0.332,54,2
2024-11-28 12:15:11,SLEEPING !!!,0.208,0.363,54,2
2024-11-28 12:15:12,SLEEPING !!!,0.185,0.354,54,2
2024-11-28 12:15:12,SLEEPING !!!,0.158,0.405,54,2
2024-11-28 12:15:12,SLEEPING !!!,0.203,0.375,54,2
2024-11-28 12:15:12,SLEEPING !!!,0.182,0.362,54,2
2024-11-28 12:15:12,SLEEPING !!!,0.197,0.367,54,2
2024-11-28 12:15:12,SLEEPING !!!,0.158,0.379,54,2
2024-11-28 12:15:12,SLEEPING !!!,0.158,0.373,54,2
2024-11-28 12:15:12,SLEEPING !!!,0.217,0.358,54,2
2024-11-28 12:15:12,SLEEPING !!!,0.194,0.340,54,2
2024-11-28 12:15:12,SLEEPING !!!,0.195,0.358,54,2
2024-11-28 12:15:12,SLEEPING !!!,0.214,0.367,54,2
2024-11-28 12:15:12,SLEEPING !!!,0.213,0.353,54,2
2024-11-28 12:15:12,SLEEPING !!!,0.233,0.395,54,2
2024-11-28 12:15:12,Mild Yawn,0.308,0.377,55,2
2024-11-28 12:15:12,Mild Yawn,0.303,0.385,55,2
2024-11-28 12:15:12,Mild Yawn,0.287,0.349,55,2
2024-11-28 12:15:12,Mild Yawn,0.302,0.375,55,2
2024-11-28 12:15:12,Mild Yawn,0.308,0.392,55,2
2024-11-28 12:15:13,Mild Yawn,0.308,0.340,55,2
2024-11-28 12:15:13,Mild Yawn,0.306,0.362,55,2
2024-11-28 12:15:13,Mild Yawn,0.308,0.355,55,2
2024-11-28 12:15:13,Mild Yawn,0.280,0.348,55,2
2024-11-28 12:15:13,Mild Yawn,0.308,0.361,55,2
2024-11-28 12:15:13,Mild Yawn,0.336,0.352,55,2
2024-11-28 12:15:13,Mild Yawn,0.310,0.377,55,2
2024-11-28 12:15:13,Mild Yawn,0.311,0.358,55,2
2024-11-28 12:15:13,Mild Yawn,0.292,0.345,55,2
2024-11-28 12:15:13,Mild Yawn,0.285,0.376,55,2
2024-11-28 12:15:13,Mild Yawn,0.280,0.376,55,2
2024-11-28 12:15:13,Mild Yawn,0.310,0.354,55,2
2024-11-28 12:15:13,Mild Yawn,0.306,0.340,55,2
2024-11-28 12:15:14,Mild Yawn,0.313,0.349,55,2
2024-11-28 12:15:14,Mild Yawn,0.280,0.341,55,2
2024-11-28 12:15:14,Mild Yawn,0.312,0.354,55,2
2024-11-28 12:15:14,Mild Yawn,0.314,0.353,55,2
2024-11-28 12:15:14,Mild Yawn,0.304,0.354,55,2
2024-11-28 12:15:14,Mild Yawn,0.318,0.357,55,2
2024-11-28 12:15:14,Mild Yawn,0.298,0.331,55,2
2024-11-28 12:15:14,Mild Yawn,0.304,0.368,55,2
2024-11-28 12:15:14,Mild Yawn,0.287,0.363,55,2
2024-11-28 12:15:14,Mild Yawn,0.306,0.365,55,2
2024-11-28 12:15:14,Mild Yawn,0.248,0.350,55,2
2024-11-28 12:15:14,Mild Yawn,0.288,0.349,55,2
2024-11-28 12:15:14,Mild Yawn,0.296,0.349,55,2
2024-11-28 12:15:15,Mild Yawn,0.273,0.354,55,2
2024-11-28 12:15:15,Mild Yawn,0.279,0.348,55,2
2024-11-28 12:15:15,Mild Yawn,0.310,0.354,55,2
2024-11-28 12:15:15,Mild Yawn,0.316,0.364,55,2
2024-11-28 12:15:15,Mild Yawn,0.330,0.326,55,2
2024-11-28 12:15:15,Mild Yawn,0.311,0.363,55,2
2024-11-28 12:15:15,Mild Yawn,0.327,0.353,55,2
2024-11-28 12:15:15,Mild Yawn,0.304,0.359,55,2
2024-11-28 12:15:15,Mild Yawn,0.345,0.335,55,2
2024-11-28 12:15:15,Mild Yawn,0.304,0.349,55,2
2024-11-28 12:15:15,Mild Yawn,0.304,0.275,55,2
2024-11-28 12:15:15,Mild Yawn,0.312,0.327,55,2
2024-11-28 12:15:15,Mild Yawn,0.312,0.323,55,2
2024-11-28 12:15:15,Mild Yawn,0.304,0.295,55,2
2024-11-28 12:15:15,Mild Yawn,0.325,0.335,55,2
2024-11-28 12:15:15,Mild Yawn,0.327,0.266,55,2
2024-11-28 12:15:15,Mild Yawn,0.318,0.318,55,2
2024-11-28 12:15:15,Mild Yawn,0.279,0.335,55,2
2024-11-28 12:15:16,Mild Yawn,0.320,0.253,55,2
2024-11-28 12:15:16,Mild Yawn,0.320,0.285,55,2
2024-11-28 12:15:16,Mild Yawn,0.304,0.297,55,2
2024-11-28 12:15:16,Mild Yawn,0.304,0.348,55,2
2024-11-28 12:15:16,Mild Yawn,0.308,0.283,55,2
2024-11-28 12:15:16,Mild Yawn,0.327,0.289,55,2
2024-11-28 12:15:16,Mild Yawn,0.324,0.298,55,2
2024-11-28 12:15:16,Mild Yawn,0.324,0.243,55,2
2024-11-28 12:15:16,Mild Yawn,0.326,0.320,55,2
2024-11-28 12:15:16,Mild Yawn,0.276,0.326,55,2
2024-11-28 12:15:16,Mild Yawn,0.329,0.274,55,2
2024-11-28 12:15:16,Mild Yawn,0.312,0.287,55,2
2024-11-28 12:15:16,Mild Yawn,0.272,0.336,55,2
2024-11-28 12:15:16,Mild Yawn,0.312,0.287,55,2
2024-11-28 12:15:16,Mild Yawn,0.269,0.329,55,2
2024-11-28 12:15:16,Mild Yawn,0.346,0.254,55,2
2024-11-28 12:15:16,Mild Yawn,0.347,0.311,55,2
2024-11-28 12:15:16,Mild Yawn,0.309,0.347,55,2
2024-11-28 12:15:16,Mild Yawn,0.380,0.286,55,2
2024-11-28 12:15:16,Mild Yawn,0.279,0.254,55,2
2024-11-28 12:15:16,Mild Yawn,0.304,0.320,55,2
2024-11-28 12:15:16,Mild Yawn,0.275,0.357,55,2
2024-11-28 12:15:16,Mild Yawn,0.327,0.311,55,2
2024-11-28 12:15:16,Mild Yawn,0.324,0.286,55,2
2024-11-28 12:15:16,Mild Yawn,0.317,0.321,55,2
2024-11-28 12:15:16,Mild Yawn,0.257,0.348,55,2
2024-11-28 12:15:16,Mild Yawn,0.325,0.290,55,2
2024-11-28 12:15:16,Mild Yawn,0.305,0.357,55,2
2024-11-28 12:15:16,Mild Yawn,0.302,0.345,55,2
2024-11-28 12:15:16,Mild Yawn,0.275,0.332,55,2
2024-11-28 12:15:16,Mild Yawn,0.327,0.280,55,2
2024-11-28 12:15:16,Mild Yawn,0.282,0.347,55,2
2024-11-28 12:15:16,Mild Yawn,0.327,0.254,55,2
2024-11-28 12:15:16,Mild Yawn,0.269,0.329,55,2
2024-11-28 12:15:16,Mild Yawn,0.362,0.341,55,2
2024-11-28 12:15:16,Mild Yawn,0.263,0.335,55,2
2024-11-28 12:15:16,Mild Yawn,0.318,0.269,55,2
2024-11-28 12:15:16,Mild Yawn,0.330,0.276,55,2
2024-11-28 12:15:16,Mild Yawn,0.335,0.328,55,2
2024-11-28 12:15:16,Mild Yawn,0.302,0.340,55,2
2024-11-28 12:15:16,Mild Yawn,0.327,0.329,55,2
2024-11-28 12:15:17,Mild Yawn,0.318,0.258,55,2
2024-11-28 12:15:17,Mild Yawn,0.324,0.265,55,2
2024-11-28 12:15:17,Mild Yawn,0.281,0.341,55,2
2024-11-28 12:15:17,Mild Yawn,0.322,0.337,55,2
2024-11-28 12:15:17,Mild Yawn,0.290,0.338,55,2
2024-11-28 12:15:17,Mild Yawn,0.342,0.296,55,2
2024-11-28 12:15:17,Mild Yawn,0.345,0.305,55,2
2024-11-28 12:15:17,Mild Yawn,0.345,0.278,55,2
2024-11-28 12:15:17,Mild Yawn,0.326,0.332,55,2
2024-11-28 12:15:17,Mild Yawn,0.326,0.328,55,2
2024-11-28 12:15:17,Mild Yawn,0.362,0.297,55,2
2024-11-28 12:15:17,Mild Yawn,0.340,0.304,55,2
2024-11-28 12:15:17,Mild Yawn,0.324,0.263,55,2
2024-11-28 12:15:17,Mild Yawn,0.290,0.264,55,2
2024-11-28 12:15:17,Mild Yawn,0.324,0.306,55,2
2024-11-28 12:15:17,Mild Yawn,0.324,0.365,55,2
2024-11-28 12:15:17,Mild Yawn,0.336,0.277,55,2
2024-11-28 12:15:17,Mild Yawn,0.342,0.254,55,2
2024-11-28 12:15:17,Mild Yawn,0.324,0.287,55,2
2024-11-28 12:15:17,Mild Yawn,0.324,0.265,55,2
2024-11-28 12:15:17,Mild Yawn,0.324,0.303,55,2
2024-11-28 12:15:17,Mild Yawn,0.338,0.291,55,2
2024-11-28 12:15:17,Mild Yawn,0.279,0.244,55,2
2024-11-28 12:15:17,Mild Yawn,0.298,0.232,55,2
2024-11-28 12:15:17,Mild Yawn,0.281,0.299,55,2
2024-11-28 12:15:17,Mild Yawn,0.324,0.277,55,2
2024-11-28 12:15:17,Mild Yawn,0.335,0.295,55,2
2024-11-28 12:15:17,Mild Yawn,0.302,0.277,55,2
2024-11-28 12:15:17,Mild Yawn,0.291,0.275,55,2
2024-11-28 12:15:17,Mild Yawn,0.365,0.277,55,2
2024-11-28 12:15:17,Mild Yawn,0.343,0.301,55,2
2024-11-28 12:15:17,Mild Yawn,0.383,0.325,55,2
2024-11-28 12:15:17,Mild Yawn,0.257,0.256,55,2
2024-11-28 12:15:18,Mild Yawn,0.346,0.289,55,2
2024-11-28 12:15:18,Mild Yawn,0.345,0.341,55,2
2024-11-28 12:15:18,Mild Yawn,0.269,0.276,55,2
2024-11-28 12:15:18,Mild Yawn,0.247,0.264,55,2
2024-11-28 12:15:18,Mild Yawn,0.316,0.276,55,2
2024-11-28 12:15:18,Mild Yawn,0.290,0.428,55,2
2024-11-28 12:15:18,Mild Yawn,0.286,0.388,55,2
2024-11-28 12:15:19,Mild Yawn,0.259,0.386,55,2
2024-11-28 12:15:19,Mild Yawn,0.253,0.406,55,2
2024-11-28 12:15:19,Mild Yawn,0.247,0.422,55,2
2024-11-28 12:15:19,Mild Yawn,0.246,0.419,55,2
2024-11-28 12:15:19,SLEEPING !!!,0.246,0.432,55,2
2024-11-28 12:15:19,Mild Yawn,0.282,0.414,56,2
2024-11-28 12:15:19,Mild Yawn,0.252,0.395,56,2
2024-11-28 12:15:19,Mild Yawn,0.239,0.380,56,2
2024-11-28 12:15:19,Mild Yawn,0.271,0.372,56,2
2024-11-28 12:15:19,Mild Yawn,0.265,0.391,56,2
2024-11-28 12:15:19,Mild Yawn,0.248,0.384,56,2
2024-11-28 12:15:19,Mild Yawn,0.246,0.387,56,2
2024-11-28 12:15:19,SLEEPING !!!,0.250,0.401,56,2
2024-11-28 12:15:19,Mild Yawn,0.257,0.428,57,2
2024-11-28 12:15:19,Mild Yawn,0.270,0.420,57,2
2024-11-28 12:15:19,Mild Yawn,0.295,0.438,57,2
2024-11-28 12:15:19,Mild Yawn,0.276,0.445,57,2
2024-11-28 12:15:19,Mild Yawn,0.252,0.434,57,2
2024-11-28 12:15:19,Mild Yawn,0.272,0.404,57,2
2024-11-28 12:15:19,Mild Yawn,0.253,0.378,57,2
2024-11-28 12:15:19,Mild Yawn,0.275,0.382,57,2
2024-11-28 12:15:20,Mild Yawn,0.240,0.380,57,2
2024-11-28 12:15:20,Mild Yawn,0.273,0.370,57,2
2024-11-28 12:15:22,Mild Yawn,0.288,0.443,57,2
2024-11-28 12:15:22,Mild Yawn,0.241,0.442,57,2
2024-11-28 12:15:23,Mild Yawn,0.253,0.432,57,2
2024-11-28 12:15:23,Mild Yawn,0.224,0.415,57,2
2024-11-28 12:15:23,Mild Yawn,0.286,0.432,57,2
2024-11-28 12:15:23,Mild Yawn,0.275,0.453,57,2
2024-11-28 12:15:23,Mild Yawn,0.262,0.457,57,2
2024-11-28 12:15:23,Mild Yawn,0.298,0.412,57,2
2024-11-28 12:15:25,Mild Yawn,0.196,0.370,57,2
2024-11-28 12:15:25,Mild Yawn,0.197,0.368,57,2
2024-11-28 12:15:25,SLEEPING !!!,0.239,0.392,57,2
2024-11-28 12:15:25,SLEEPING !!!,0.241,0.379,57,2
2024-11-28 12:15:25,SLEEPING !!!,0.246,0.409,57,2
2024-11-28 12:15:25,Mild Yawn,0.275,0.439,58,2
2024-11-28 12:15:25,Mild Yawn,0.251,0.391,58,2
2024-11-28 12:15:25,Mild Yawn,0.251,0.382,58,2
2024-11-28 12:15:25,Mild Yawn,0.264,0.342,58,2
2024-11-28 12:15:25,Mild Yawn,0.244,0.365,58,2
2024-11-28 12:15:25,Mild Yawn,0.204,0.339,58,2
2024-11-28 12:15:26,SLEEPING !!!,0.244,0.340,58,2
2024-11-28 12:15:26,SLEEPING !!!,0.233,0.336,58,2
2024-11-28 12:15:26,SLEEPING !!!,0.211,0.334,58,2
2024-11-28 12:15:26,SLEEPING !!!,0.243,0.328,58,2
2024-11-28 12:15:27,Mild Yawn,0.256,0.332,59,2
2024-11-28 12:15:27,Mild Yawn,0.250,0.325,59,2
2024-11-28 12:15:27,Mild Yawn,0.223,0.322,59,2
2024-11-28 12:15:27,Mild Yawn,0.281,0.400,59,2
2024-11-28 12:15:27,Mild Yawn,0.258,0.340,59,2
2024-11-28 12:15:27,Mild Yawn,0.290,0.351,59,2
2024-11-28 12:15:27,Mild Yawn,0.296,0.396,59,2
2024-11-28 12:15:27,Mild Yawn,0.273,0.363,59,2
2024-11-28 12:15:27,Mild Yawn,0.282,0.352,59,2
2024-11-28 12:15:27,Mild Yawn,0.259,0.337,59,2
2024-11-28 12:15:27,Mild Yawn,0.231,0.364,59,2
2024-11-28 12:15:27,Mild Yawn,0.246,0.381,59,2
2024-11-28 12:15:27,SLEEPING !!!,0.241,0.357,59,2
2024-11-28 12:15:27,Mild Yawn,0.267,0.349,60,2
2024-11-28 12:15:27,Mild Yawn,0.229,0.359,60,2
2024-11-28 12:15:27,Mild Yawn,0.276,0.342,60,2
2024-11-28 12:15:27,Mild Yawn,0.288,0.349,60,2
2024-11-28 12:15:27,Mild Yawn,0.287,0.332,60,2
2024-11-28 12:15:27,Mild Yawn,0.313,0.342,60,2
2024-11-28 12:15:27,Mild Yawn,0.316,0.351,60,2
2024-11-28 12:15:27,Mild Yawn,0.251,0.350,60,2
2024-11-28 12:15:27,Mild Yawn,0.287,0.359,60,2
2024-11-28 12:15:27,Mild Yawn,0.302,0.355,60,2
2024-11-28 12:15:27,Mild Yawn,0.286,0.361,60,2
2024-11-28 12:15:27,Mild Yawn,0.291,0.335,60,2
2024-11-28 12:15:28,Mild Yawn,0.260,0.341,60,2
2024-11-28 12:15:28,Mild Yawn,0.304,0.346,60,2
2024-11-28 12:15:28,Mild Yawn,0.288,0.351,60,2
2024-11-28 12:15:28,Mild Yawn,0.276,0.363,60,2
2024-11-28 12:15:28,Mild Yawn,0.287,0.359,60,2
2024-11-28 12:15:28,Mild Yawn,0.282,0.350,60,2
2024-11-28 12:15:28,Mild Yawn,0.239,0.330,60,2
2024-11-28 12:15:28,Mild Yawn,0.280,0.363,60,2
2024-11-28 12:15:28,Mild Yawn,0.276,0.365,60,2
2024-11-28 12:15:28,Mild Yawn,0.287,0.364,60,2
2024-11-28 12:15:28,Mild Yawn,0.294,0.360,60,2
2024-11-28 12:15:28,Mild Yawn,0.293,0.388,60,2
2024-11-28 12:15:28,Mild Yawn,0.315,0.363,60,2
2024-11-28 12:15:28,Mild Yawn,0.336,0.370,60,2
2024-11-28 12:15:28,Mild Yawn,0.303,0.376,60,2
2024-11-28 12:15:28,Mild Yawn,0.282,0.369,60,2
2024-11-28 12:15:28,Mild Yawn,0.293,0.363,60,2
2024-11-28 12:15:28,Mild Yawn,0.267,0.373,60,2
2024-11-28 12:15:28,Mild Yawn,0.266,0.354,60,2
2024-11-28 12:15:28,Mild Yawn,0.258,0.361,60,2
2024-11-28 12:15:29,Mild Yawn,0.285,0.348,60,2
2024-11-28 12:15:29,Mild Yawn,0.294,0.357,60,2
2024-11-28 12:15:29,Mild Yawn,0.284,0.348,60,2
2024-11-28 12:15:29,Mild Yawn,0.251,0.325,60,2
2024-11-28 12:15:29,Mild Yawn,0.298,0.368,60,2
2024-11-28 12:15:29,Mild Yawn,0.252,0.343,60,2
2024-11-28 12:15:29,Mild Yawn,0.275,0.326,60,2
2024-11-28 12:15:29,Mild Yawn,0.241,0.348,60,2
2024-11-28 12:15:29,Mild Yawn,0.282,0.343,60,2
2024-11-28 12:15:29,Mild Yawn,0.256,0.312,60,2
2024-11-28 12:15:29,Mild Yawn,0.270,0.357,60,2
2024-11-28 12:15:29,Mild Yawn,0.296,0.365,60,2
2024-11-28 12:15:29,Mild Yawn,0.282,0.376,60,2
2024-11-28 12:15:29,Mild Yawn,0.293,0.381,60,2
2024-11-28 12:15:30,Mild Yawn,0.300,0.385,60,2
2024-11-28 12:15:31,Mild Yawn,0.390,0.431,60,2
2024-11-28 12:15:32,Mild Yawn,0.366,0.506,60,2
2024-11-28 12:15:32,Mild Yawn,0.365,0.565,60,2
2024-11-28 12:15:32,Mild Yawn,0.330,0.511,60,2
2024-11-28 12:15:32,Mild Yawn,0.332,0.498,60,2
2024-11-28 12:15:34,Mild Yawn,0.254,0.418,60,2
2024-11-28 12:15:34,Mild Yawn,0.265,0.334,60,2
2024-11-28 12:15:34,Mild Yawn,0.198,0.344,60,2
2024-11-28 12:15:34,Mild Yawn,0.239,0.328,60,2
2024-11-28 12:15:34,SLEEPING !!!,0.207,0.320,60,2
2024-11-28 12:15:34,SLEEPING !!!,0.233,0.333,60,2
2024-11-28 12:15:34,Mild Yawn,0.256,0.354,61,2
2024-11-28 12:15:34,Mild Yawn,0.238,0.354,61,2
2024-11-28 12:15:34,Mild Yawn,0.258,0.329,61,2
2024-11-28 12:15:34,Mild Yawn,0.241,0.337,61,2
2024-11-28 12:15:34,Mild Yawn,0.256,0.335,61,2
2024-11-28 12:15:34,Mild Yawn,0.227,0.318,61,2
2024-11-28 12:15:34,Mild Yawn,0.297,0.380,61,2
2024-11-28 12:15:34,Mild Yawn,0.282,0.384,61,2
2024-11-28 12:15:34,Mild Yawn,0.203,0.351,61,2
2024-11-28 12:15:35,Mild Yawn,0.252,0.348,61,2
2024-11-28 12:15:35,Mild Yawn,0.244,0.337,61,2
2024-11-28 12:15:35,Mild Yawn,0.270,0.343,61,2
2024-11-28 12:15:35,Mild Yawn,0.281,0.330,61,2
2024-11-28 12:15:35,Mild Yawn,0.227,0.330,61,2
2024-11-28 12:15:35,Mild Yawn,0.276,0.315,61,2
2024-11-28 12:15:35,Mild Yawn,0.210,0.314,61,2
2024-11-28 12:15:35,Mild Yawn,0.291,0.426,61,2
2024-11-28 12:15:35,Mild Yawn,0.360,0.428,61,2
2024-11-28 12:15:35,Mild Yawn,0.208,0.314,61,2
2024-11-28 12:15:35,Mild Yawn,0.334,0.416,61,2
2024-11-28 12:15:35,Mild Yawn,0.239,0.326,61,2
2024-11-28 12:15:35,Mild Yawn,0.312,0.405,61,2
2024-11-28 12:15:35,Mild Yawn,0.288,0.399,61,2
2024-11-28 12:15:35,Mild Yawn,0.324,0.456,61,2
2024-11-28 12:15:35,Mild Yawn,0.395,0.430,61,2
2024-11-28 12:15:35,Mild Yawn,0.347,0.438,61,2
2024-11-28 12:15:35,Mild Yawn,0.351,0.434,61,2
2024-11-28 12:15:35,Mild Yawn,0.360,0.446,61,2
2024-11-28 12:15:35,Mild Yawn,0.338,0.470,61,2
2024-11-28 12:15:35,Mild Yawn,0.332,0.370,61,2
2024-11-28 12:15:35,Mild Yawn,0.306,0.412,61,2
2024-11-28 12:15:35,Mild Yawn,0.286,0.389,61,2
2024-11-28 12:15:42,Mild Yawn,0.298,0.589,61,2
2024-11-28 12:15:42,Mild Yawn,0.239,0.345,61,2
2024-11-28 12:15:42,Mild Yawn,0.233,0.352,61,2
2024-11-28 12:15:42,SLEEPING !!!,0.195,0.365,61,2
2024-11-28 12:15:42,SLEEPING !!!,0.239,0.365,61,2
2024-11-28 12:15:42,SLEEPING !!!,0.205,0.360,61,2
2024-11-28 12:15:43,SLEEPING !!!,0.218,0.360,61,2
2024-11-28 12:15:43,SLEEPING !!!,0.239,0.357,61,2
2024-11-28 12:15:43,SLEEPING !!!,0.215,0.368,61,2
2024-11-28 12:15:43,SLEEPING !!!,0.240,0.347,61,2
2024-11-28 12:15:43,SLEEPING !!!,0.245,0.341,61,2
2024-11-28 12:15:43,SLEEPING !!!,0.228,0.369,61,2
2024-11-28 12:15:43,SLEEPING !!!,0.241,0.375,61,2
2024-11-28 12:15:43,Mild Yawn,0.260,0.345,62,2
2024-11-28 12:15:43,Mild Yawn,0.240,0.350,62,2
2024-11-28 12:15:43,Mild Yawn,0.234,0.360,62,2
2024-11-28 12:15:43,SLEEPING !!!,0.239,0.355,62,2
2024-11-28 12:15:43,SLEEPING !!!,0.215,0.360,62,2
2024-11-28 12:15:43,SLEEPING !!!,0.215,0.357,62,2
2024-11-28 12:15:43,SLEEPING !!!,0.239,0.333,62,2
2024-11-28 12:15:43,SLEEPING !!!,0.233,0.357,62,2
2024-11-28 12:15:43,SLEEPING !!!,0.245,0.357,62,2
2024-11-28 12:15:43,SLEEPING !!!,0.246,0.358,62,2
2024-11-28 12:15:43,SLEEPING !!!,0.229,0.334,62,2
2024-11-28 12:15:43,SLEEPING !!!,0.234,0.348,62,2
2024-11-28 12:15:43,SLEEPING !!!,0.221,0.344,62,2
2024-11-28 12:15:43,Mild Yawn,0.251,0.340,63,2
2024-11-28 12:15:43,Mild Yawn,0.246,0.363,63,2
2024-11-28 12:15:43,Mild Yawn,0.222,0.363,63,2
2024-11-28 12:15:43,SLEEPING !!!,0.229,0.334,63,2
2024-11-28 12:15:43,SLEEPING !!!,0.214,0.339,63,2
2024-11-28 12:15:43,SLEEPING !!!,0.214,0.340,63,2
2024-11-28 12:15:43,SLEEPING !!!,0.239,0.334,63,2
2024-11-28 12:15:43,Mild Yawn,0.257,0.339,64,2
2024-11-28 12:15:43,Mild Yawn,0.228,0.350,64,2
2024-11-28 12:15:43,Mild Yawn,0.228,0.363,64,2
2024-11-28 12:15:43,SLEEPING !!!,0.218,0.363,64,2
2024-11-28 12:15:43,SLEEPING !!!,0.211,0.340,64,2
2024-11-28 12:15:44,SLEEPING !!!,0.228,0.344,64,2
2024-11-28 12:15:44,SLEEPING !!!,0.246,0.356,64,2
2024-11-28 12:15:44,SLEEPING !!!,0.233,0.346,64,2
2024-11-28 12:15:44,SLEEPING !!!,0.234,0.345,64,2
2024-11-28 12:15:44,SLEEPING !!!,0.214,0.352,64,2
2024-11-28 12:15:44,SLEEPING !!!,0.239,0.360,64,2
2024-11-28 12:15:44,Mild Yawn,0.257,0.344,65,2
2024-11-28 12:15:44,Mild Yawn,0.228,0.344,65,2
2024-11-28 12:15:44,Mild Yawn,0.239,0.352,65,2
2024-11-28 12:15:44,Mild Yawn,0.257,0.349,65,2
2024-11-28 12:15:44,Mild Yawn,0.241,0.350,65,2
2024-11-28 12:15:44,Mild Yawn,0.256,0.348,65,2
2024-11-28 12:15:44,Mild Yawn,0.239,0.346,65,2
2024-11-28 12:15:44,Mild Yawn,0.256,0.353,65,2
2024-11-28 12:15:44,Mild Yawn,0.257,0.359,65,2
2024-11-28 12:15:44,Mild Yawn,0.232,0.362,65,2
2024-11-28 12:15:44,Mild Yawn,0.246,0.344,65,2
2024-11-28 12:15:44,Mild Yawn,0.252,0.355,65,2
2024-11-28 12:15:44,Mild Yawn,0.246,0.352,65,2
2024-11-28 12:15:44,Mild Yawn,0.239,0.358,65,2
2024-11-28 12:15:44,SLEEPING !!!,0.240,0.351,65,2
2024-11-28 12:15:44,SLEEPING !!!,0.246,0.357,65,2
2024-11-28 12:15:44,SLEEPING !!!,0.201,0.593,65,2
2024-11-28 12:15:44,SLEEPING !!!,0.241,0.354,65,2
2024-11-28 12:15:44,Mild Yawn,0.263,0.367,66,2
2024-11-28 12:15:44,Mild Yawn,0.262,0.345,66,2
2024-11-28 12:15:44,Mild Yawn,0.273,0.351,66,2
2024-11-28 12:15:44,Mild Yawn,0.264,0.362,66,2
2024-11-28 12:15:44,Mild Yawn,0.256,0.349,66,2
2024-11-28 12:15:44,Mild Yawn,0.280,0.365,66,2
2024-11-28 12:15:44,Mild Yawn,0.239,0.354,66,2
2024-11-28 12:15:45,Mild Yawn,0.280,0.354,66,2
2024-11-28 12:15:45,Mild Yawn,0.198,0.395,66,2
2024-11-28 12:15:45,Mild Yawn,0.251,0.357,66,2
2024-11-28 12:15:45,Mild Yawn,0.262,0.367,66,2
2024-11-28 12:15:45,Mild Yawn,0.262,0.342,66,2
2024-11-28 12:15:45,Mild Yawn,0.273,0.354,66,2
2024-11-28 12:15:45,Mild Yawn,0.269,0.370,66,2
2024-11-28 12:15:45,Mild Yawn,0.274,0.352,66,2
2024-11-28 12:15:45,Mild Yawn,0.269,0.354,66,2
2024-11-28 12:15:45,Mild Yawn,0.250,0.345,66,2
2024-11-28 12:15:45,Mild Yawn,0.246,0.350,66,2
2024-11-28 12:15:45,Mild Yawn,0.251,0.370,66,2
2024-11-28 12:15:45,Mild Yawn,0.252,0.350,66,2
2024-11-28 12:15:45,Mild Yawn,0.256,0.377,66,2
2024-11-28 12:15:45,Mild Yawn,0.281,0.364,66,2
2024-11-28 12:15:45,Mild Yawn,0.256,0.344,66,2
2024-11-28 12:15:45,Mild Yawn,0.245,0.344,66,2
2024-11-28 12:15:45,Mild Yawn,0.233,0.344,66,2
2024-11-28 12:15:45,Mild Yawn,0.264,0.351,66,2
2024-11-28 12:15:45,Mild Yawn,0.251,0.366,66,2
2024-11-28 12:15:45,Mild Yawn,0.233,0.344,66,2
2024-11-28 12:15:45,Mild Yawn,0.241,0.352,66,2
2024-11-28 12:15:45,SLEEPING !!!,0.240,0.344,66,2
2024-11-28 12:15:45,SLEEPING !!!,0.245,0.333,66,2
2024-11-28 12:15:45,SLEEPING !!!,0.232,0.344,66,2
2024-11-28 12:15:45,SLEEPING !!!,0.243,0.349,66,2
2024-11-28 12:15:45,Mild Yawn,0.263,0.357,67,2
2024-11-28 12:15:45,Mild Yawn,0.240,0.333,67,2
2024-11-28 12:15:45,Mild Yawn,0.275,0.349,67,2
2024-11-28 12:15:45,Mild Yawn,0.244,0.357,67,2
2024-11-28 12:15:46,Mild Yawn,0.236,0.339,67,2
2024-11-28 12:15:46,Mild Yawn,0.281,0.357,67,2
2024-11-28 12:15:46,Mild Yawn,0.223,0.357,67,2
2024-11-28 12:15:46,Mild Yawn,0.239,0.360,67,2
2024-11-28 12:15:46,Mild Yawn,0.279,0.360,67,2
2024-11-28 12:15:46,Mild Yawn,0.246,0.361,67,2
2024-11-28 12:15:46,Mild Yawn,0.240,0.352,67,2
2024-11-28 12:15:46,SLEEPING !!!,0.247,0.365,67,2
2024-11-28 12:15:46,SLEEPING !!!,0.239,0.344,67,2
2024-11-28 12:15:46,SLEEPING !!!,0.240,0.365,67,2
2024-11-28 12:15:46,Mild Yawn,0.262,0.344,68,2
2024-11-28 12:15:46,Mild Yawn,0.246,0.362,68,2
2024-11-28 12:15:46,Mild Yawn,0.251,0.356,68,2
2024-11-28 12:15:46,Mild Yawn,0.250,0.339,68,2
2024-11-28 12:15:46,Mild Yawn,0.282,0.346,68,2
2024-11-28 12:15:46,Mild Yawn,0.246,0.336,68,2
2024-11-28 12:15:46,Mild Yawn,0.263,0.349,68,2
2024-11-28 12:15:46,Mild Yawn,0.258,0.350,68,2
2024-11-28 12:15:46,Mild Yawn,0.268,0.357,68,2
2024-11-28 12:15:46,Mild Yawn,0.250,0.357,68,2
2024-11-28 12:15:47,Mild Yawn,0.246,0.357,68,2
2024-11-28 12:15:47,Mild Yawn,0.258,0.356,68,2
2024-11-28 12:15:47,Mild Yawn,0.236,0.345,68,2
2024-11-28 12:15:47,Mild Yawn,0.198,0.346,68,2
2024-11-28 12:15:47,SLEEPING !!!,0.235,0.362,68,2
2024-11-28 12:15:47,SLEEPING !!!,0.197,0.332,68,2
2024-11-28 12:15:47,SLEEPING !!!,0.233,0.367,68,2
2024-11-28 12:15:47,Mild Yawn,0.257,0.341,69,2
2024-11-28 12:15:47,Mild Yawn,0.238,0.343,69,2
2024-11-28 12:15:47,Mild Yawn,0.233,0.354,69,2
2024-11-28 12:15:47,SLEEPING !!!,0.233,0.344,69,2
2024-11-28 12:15:47,SLEEPING !!!,0.240,0.348,69,2
2024-11-28 12:15:47,SLEEPING !!!,0.246,0.337,69,2
2024-11-28 12:15:47,SLEEPING !!!,0.239,0.351,69,2
2024-11-28 12:15:47,Mild Yawn,0.263,0.344,70,2
2024-11-28 12:15:47,Mild Yawn,0.262,0.358,70,2
2024-11-28 12:15:47,Mild Yawn,0.223,0.336,70,2
2024-11-28 12:15:47,Mild Yawn,0.229,0.331,70,2
2024-11-28 12:15:47,SLEEPING !!!,0.239,0.344,70,2
2024-11-28 12:15:47,Mild Yawn,0.252,0.331,71,2
2024-11-28 12:15:47,Mild Yawn,0.257,0.351,71,2
2024-11-28 12:15:47,Mild Yawn,0.238,0.346,71,2
2024-11-28 12:15:47,Mild Yawn,0.233,0.338,71,2
2024-11-28 12:15:47,Mild Yawn,0.256,0.333,71,2
2024-11-28 12:15:47,Mild Yawn,0.202,0.326,71,2
2024-11-28 12:15:48,Mild Yawn,0.234,0.382,71,2
2024-11-28 12:15:48,SLEEPING !!!,0.247,0.375,71,2
2024-11-28 12:15:48,Mild Yawn,0.252,0.382,72,2
2024-11-28 12:15:48,Mild Yawn,0.246,0.379,72,2
2024-11-28 12:15:48,Mild Yawn,0.244,0.403,72,2
2024-11-28 12:15:48,SLEEPING !!!,0.234,0.407,72,2
2024-11-28 12:15:48,Mild Yawn,0.283,0.417,73,2
2024-11-28 12:15:48,Mild Yawn,0.239,0.421,73,2
2024-11-28 12:15:48,Mild Yawn,0.234,0.431,73,2
2024-11-28 12:15:48,SLEEPING !!!,0.229,0.440,73,2
2024-11-28 12:15:48,Mild Yawn,0.257,0.398,74,2
2024-11-28 12:15:48,Mild Yawn,0.251,0.464,74,2
2024-11-28 12:15:48,Mild Yawn,0.252,0.470,74,2
2024-11-28 12:15:48,Mild Yawn,0.276,0.422,74,2
2024-11-28 12:15:48,Mild Yawn,0.211,0.399,74,2
2024-11-28 12:15:48,Mild Yawn,0.233,0.374,74,2
2024-11-28 12:15:48,SLEEPING !!!,0.222,0.353,74,2
2024-11-28 12:15:48,SLEEPING !!!,0.198,0.341,74,2
2024-11-28 12:15:48,SLEEPING !!!,0.216,0.328,74,2
2024-11-28 12:15:48,SLEEPING !!!,0.199,0.321,74,2
2024-11-28 12:15:48,SLEEPING !!!,0.207,0.317,74,2
2024-11-28 12:15:48,SLEEPING !!!,0.233,0.300,74,2
2024-11-28 12:15:48,SLEEPING !!!,0.234,0.318,74,2
2024-11-28 12:15:48,SLEEPING !!!,0.234,0.306,74,2
2024-11-28 12:15:48,SLEEPING !!!,0.193,0.290,74,2
2024-11-28 12:15:48,SLEEPING !!!,0.235,0.294,74,2
2024-11-28 12:15:48,SLEEPING !!!,0.222,0.287,74,2
2024-11-28 12:15:48,SLEEPING !!!,0.240,0.296,74,2
2024-11-28 12:15:48,SLEEPING !!!,0.227,0.301,74,2
2024-11-28 12:15:49,SLEEPING !!!,0.231,0.295,74,2
2024-11-28 12:15:49,SLEEPING !!!,0.194,0.288,74,2
2024-11-28 12:15:49,SLEEPING !!!,0.192,0.294,74,2
2024-11-28 12:15:49,SLEEPING !!!,0.232,0.317,74,2
2024-11-28 12:15:49,SLEEPING !!!,0.223,0.321,74,2
2024-11-28 12:15:49,SLEEPING !!!,0.232,0.323,74,2
2024-11-28 12:15:56,Mild Yawn,0.264,0.314,75,2
2024-11-28 12:15:56,Mild Yawn,0.232,0.336,75,2
2024-11-28 12:15:57,Mild Yawn,0.258,0.332,75,2
2024-11-28 12:15:57,Mild Yawn,0.202,0.326,75,2
2024-11-28 12:15:57,Mild Yawn,0.241,0.326,75,2
2024-11-28 12:15:57,SLEEPING !!!,0.222,0.314,75,2
2024-11-28 12:15:57,SLEEPING !!!,0.227,0.331,75,2
2024-11-28 12:15:57,SLEEPING !!!,0.199,0.336,75,2
2024-11-28 12:15:57,Mild Yawn,0.263,0.304,76,2
2024-11-28 12:15:57,Mild Yawn,0.275,0.312,76,2
2024-11-28 12:15:57,Mild Yawn,0.251,0.318,76,2
2024-11-28 12:15:57,Mild Yawn,0.264,0.318,76,2
2024-11-28 12:15:57,Mild Yawn,0.232,0.335,76,2
2024-11-28 12:15:57,Mild Yawn,0.245,0.319,76,2
2024-11-28 12:15:57,SLEEPING !!!,0.222,0.325,76,2
2024-11-28 12:15:57,SLEEPING !!!,0.235,0.322,76,2
2024-11-28 12:15:57,SLEEPING !!!,0.235,0.318,76,2
2024-11-28 12:15:57,SLEEPING !!!,0.222,0.331,76,2
2024-11-28 12:15:57,SLEEPING !!!,0.227,0.327,76,2
2024-11-28 12:15:57,SLEEPING !!!,0.234,0.327,76,2
2024-11-28 12:15:57,Mild Yawn,0.251,0.349,77,2
2024-11-28 12:15:57,Mild Yawn,0.245,0.349,77,2
2024-11-28 12:15:57,Mild Yawn,0.233,0.341,77,2
2024-11-28 12:15:57,SLEEPING !!!,0.223,0.368,77,2
2024-11-28 12:15:57,SLEEPING !!!,0.221,0.378,77,2
2024-11-28 12:15:57,Mild Yawn,0.251,0.366,78,2
2024-11-28 12:15:57,Mild Yawn,0.226,0.375,78,2
2024-11-28 12:15:57,Mild Yawn,0.235,0.413,78,2
2024-11-28 12:15:57,Mild Yawn,0.263,0.412,78,2
2024-11-28 12:15:58,Mild Yawn,0.210,0.403,78,2
2024-11-28 12:15:58,Mild Yawn,0.251,0.388,78,2
2024-11-28 12:15:58,Mild Yawn,0.239,0.406,78,2
2024-11-28 12:15:58,Mild Yawn,0.252,0.397,78,2
2024-11-28 12:15:58,Mild Yawn,0.234,0.388,78,2
2024-11-28 12:15:58,Mild Yawn,0.233,0.374,78,2
2024-11-28 12:15:58,SLEEPING !!!,0.226,0.354,78,2
2024-11-28 12:15:58,SLEEPING !!!,0.241,0.341,78,2
2024-11-28 12:15:58,SLEEPING !!!,0.233,0.328,78,2
2024-11-28 12:15:58,SLEEPING !!!,0.234,0.326,78,2
2024-11-28 12:15:58,Mild Yawn,0.251,0.320,79,2
2024-11-28 12:15:58,Mild Yawn,0.261,0.336,79,2
2024-11-28 12:15:58,Mild Yawn,0.252,0.314,79,2
2024-11-28 12:15:58,Mild Yawn,0.238,0.337,79,2
2024-11-28 12:15:58,Mild Yawn,0.233,0.331,79,2
2024-11-28 12:15:58,SLEEPING !!!,0.239,0.336,79,2
2024-11-28 12:15:58,SLEEPING !!!,0.238,0.322,79,2
2024-11-28 12:15:58,SLEEPING !!!,0.246,0.332,79,2
2024-11-28 12:15:58,SLEEPING !!!,0.239,0.328,79,2
2024-11-28 12:15:58,SLEEPING !!!,0.238,0.321,79,2
2024-11-28 12:15:58,SLEEPING !!!,0.238,0.327,79,2
2024-11-28 12:15:58,SLEEPING !!!,0.246,0.317,79,2
2024-11-28 12:15:58,SLEEPING !!!,0.239,0.319,79,2
2024-11-28 12:15:58,SLEEPING !!!,0.239,0.320,79,2
2024-11-28 12:15:58,SLEEPING !!!,0.238,0.311,79,2
2024-11-28 12:15:59,SLEEPING !!!,0.209,0.337,79,2
2024-11-28 12:15:59,SLEEPING !!!,0.199,0.320,79,2
2024-11-28 12:15:59,SLEEPING !!!,0.223,0.328,79,2
2024-11-28 12:15:59,SLEEPING !!!,0.202,0.340,79,2
2024-11-28 12:15:59,SLEEPING !!!,0.207,0.340,79,2
2024-11-28 12:15:59,SLEEPING !!!,0.204,0.332,79,2
2024-11-28 12:15:59,SLEEPING !!!,0.207,0.342,79,2
2024-11-28 12:15:59,SLEEPING !!!,0.195,0.332,79,2
2024-11-28 12:15:59,SLEEPING !!!,0.192,0.332,79,2
2024-11-28 12:15:59,SLEEPING !!!,0.209,0.357,79,2
2024-11-28 12:15:59,SLEEPING !!!,0.234,0.350,79,2
2024-11-28 12:15:59,Mild Yawn,0.274,0.341,80,2
2024-11-28 12:15:59,Mild Yawn,0.261,0.345,80,2
2024-11-28 12:15:59,Mild Yawn,0.262,0.370,80,2
2024-11-28 12:15:59,Mild Yawn,0.280,0.367,80,2
2024-11-28 12:15:59,Active,0.259,0.362,80,2
2024-11-28 12:15:59,Active,0.288,0.372,80,2
2024-11-28 12:15:59,Active,0.269,0.370,80,2
2024-11-28 12:15:59,Active,0.267,0.365,80,2
2024-11-28 12:15:59,Active,0.274,0.344,80,2
2024-11-28 12:15:59,Active,0.287,0.333,80,2
2024-11-28 12:15:59,Active,0.282,0.377,80,2
2024-11-28 12:16:00,Active,0.263,0.380,80,2
2024-11-28 12:16:00,Active,0.276,0.356,80,2
2024-11-28 12:16:00,Active,0.290,0.369,80,2
2024-11-28 12:16:00,Active,0.294,0.356,80,2
2024-11-28 12:16:00,Active,0.286,0.370,80,2
2024-11-28 12:16:00,Active,0.304,0.360,80,2
2024-11-28 12:16:00,Active,0.281,0.364,80,2
2024-11-28 12:16:00,Active,0.268,0.362,80,2
2024-11-28 12:16:00,Active,0.268,0.365,80,2
2024-11-28 12:16:00,Active,0.281,0.380,80,2
2024-11-28 12:16:00,Active,0.256,0.367,80,2
2024-11-28 12:16:00,Active,0.251,0.362,80,2
2024-11-28 12:16:00,Active,0.257,0.362,80,2
2024-11-28 12:16:01,Active,0.381,0.529,80,2
2024-11-28 12:16:02,Active,0.286,0.336,80,2
2024-11-28 12:16:02,Active,0.389,0.637,80,2
2024-11-28 12:16:02,Active,0.311,0.364,80,2
2024-11-28 12:16:02,Active,0.322,0.357,80,2
2024-11-28 12:16:02,Active,0.305,0.364,80,2
2024-11-28 12:16:02,Active,0.288,0.362,80,2
2024-11-28 12:16:02,Active,0.284,0.367,80,2
2024-11-28 12:16:02,Active,0.354,0.527,80,2
2024-11-28 12:16:02,Active,0.240,0.349,80,2
2024-11-28 12:16:02,Active,0.383,0.487,80,2
2024-11-28 12:16:02,Active,0.227,0.337,80,2
2024-11-28 12:16:02,Active,0.331,0.468,80,2
2024-11-28 12:16:02,Active,0.228,0.349,80,2
2024-11-28 12:16:02,Active,0.421,0.569,80,2
2024-11-28 12:16:02,Active,0.390,0.608,80,2
2024-11-28 12:16:02,Active,0.192,0.391,80,2
2024-11-28 12:16:02,Active,0.414,0.585,80,2
2024-11-28 12:16:02,Active,0.184,0.362,80,2
2024-11-28 12:16:02,Active,0.154,0.356,80,2
2024-11-28 12:16:02,SLEEPING !!!,0.196,0.362,80,2
2024-11-28 12:16:02,Active,0.335,0.586,81,2
2024-11-28 12:16:02,Active,0.199,0.365,81,2
2024-11-28 12:16:02,Active,0.420,0.532,81,2
2024-11-28 12:16:02,Active,0.234,0.370,81,2
2024-11-28 12:16:02,Active,0.356,0.581,81,2
2024-11-28 12:16:02,Active,0.239,0.361,81,2
2024-11-28 12:16:02,Active,0.350,0.528,81,2
2024-11-28 12:16:02,Active,0.257,0.340,81,2
2024-11-28 12:16:02,Mild Yawn,0.425,0.567,81,3
2024-11-28 12:16:02,Mild Yawn,0.245,0.350,81,3
2024-11-28 12:16:02,Active,0.234,0.327,81,3
2024-11-28 12:16:02,SLEEPING !!!,0.234,0.267,81,3
2024-11-28 12:16:02,Mild Yawn,0.355,0.523,82,4
2024-11-28 12:16:02,Active,0.234,0.280,82,4
2024-11-28 12:16:02,Active,0.233,0.333,82,4
2024-11-28 12:16:02,Active,0.250,0.293,82,4
2024-11-28 12:16:03,Active,0.251,0.374,82,4
2024-11-28 12:16:03,Active,0.254,0.374,82,4
2024-11-28 12:16:03,Active,0.218,0.342,82,4
2024-11-28 12:16:03,Active,0.250,0.383,82,4
2024-11-28 12:16:03,SLEEPING !!!,0.228,0.357,82,4
2024-11-28 12:16:03,SLEEPING !!!,0.227,0.360,82,4
2024-11-28 12:16:03,SLEEPING !!!,0.233,0.340,82,4
2024-11-28 12:16:03,SLEEPING !!!,0.234,0.352,82,4
2024-11-28 12:16:03,SLEEPING !!!,0.200,0.257,82,4
2024-11-28 12:16:06,Active,0.305,0.389,83,4
2024-11-28 12:16:06,Active,0.379,0.341,83,4
2024-11-28 12:16:06,Active,0.297,0.354,83,4
2024-11-28 12:16:06,Active,0.261,0.273,83,4
2024-11-28 12:16:06,Active,0.251,0.364,83,4
2024-11-28 12:16:06,Active,0.216,0.336,83,4
2024-11-28 12:16:06,Active,0.269,0.353,83,4
2024-11-28 12:16:06,Active,0.221,0.354,83,4
2024-11-28 12:16:06,Active,0.221,0.339,83,4
2024-11-28 12:16:06,SLEEPING !!!,0.223,0.353,83,4
2024-11-28 12:16:06,Active,0.273,0.380,84,4
2024-11-28 12:16:06,Active,0.255,0.380,84,4
2024-11-28 12:16:06,Active,0.269,0.379,84,4
2024-11-28 12:16:06,Active,0.183,0.389,84,4
2024-11-28 12:16:06,Active,0.275,0.397,84,4
2024-11-28 12:16:06,Active,0.195,0.343,84,4
2024-11-28 12:16:06,Active,0.290,0.373,84,4
2024-11-28 12:16:06,Active,0.288,0.373,84,4
2024-11-28 12:16:06,Active,0.315,0.369,84,4
2024-11-28 12:16:06,Active,0.322,0.405,84,4
2024-11-28 12:16:06,Active,0.304,0.411,84,4
2024-11-28 12:16:06,Active,0.363,0.417,84,4
2024-11-28 12:16:07,Active,0.363,0.403,84,4
2024-11-28 12:16:07,Active,0.337,0.403,84,4
2024-11-28 12:16:07,Active,0.337,0.402,84,4
2024-11-28 12:16:07,Active,0.325,0.397,84,4
2024-11-28 12:16:07,Active,0.357,0.397,84,4
2024-11-28 12:16:07,Active,0.327,0.455,84,4
2024-11-28 12:16:07,Active,0.319,0.397,84,4
2024-11-28 12:16:07,Active,0.303,0.431,84,4
2024-11-28 12:16:07,Active,0.328,0.386,84,4
2024-11-28 12:16:07,Active,0.321,0.451,84,4
2024-11-28 12:16:07,Active,0.385,0.439,84,4
2024-11-28 12:16:07,Active,0.407,0.418,84,4
2024-11-28 12:16:07,Active,0.320,0.417,84,4
2024-11-28 12:16:07,Active,0.318,0.435,84,4
2024-11-28 12:16:07,Active,0.327,0.386,84,4
2024-11-28 12:16:07,Active,0.344,0.471,84,4
2024-11-28 12:16:07,Mild Yawn,0.312,0.443,84,5
2024-11-28 12:16:09,Mild Yawn,0.336,0.475,84,5
2024-11-28 12:16:09,Mild Yawn,0.300,0.442,84,5
2024-11-28 12:16:09,Mild Yawn,0.315,0.475,84,5
2024-11-28 12:16:10,Mild Yawn,0.249,0.328,84,5
2024-11-28 12:16:10,Mild Yawn,0.266,0.346,84,5
2024-11-28 12:16:18,Mild Yawn,0.228,0.414,84,5
2024-11-28 12:16:18,Mild Yawn,0.179,0.371,84,5
2024-11-28 12:16:18,SLEEPING !!!,0.192,0.391,84,5
2024-11-28 12:16:18,Mild Yawn,0.268,0.394,85,5
2024-11-28 12:16:18,Mild Yawn,0.202,0.331,85,5
2024-11-28 12:16:18,Mild Yawn,0.272,0.319,85,5
2024-11-28 12:16:19,Mild Yawn,0.246,0.359,85,5
2024-11-28 12:16:19,Mild Yawn,0.221,0.359,85,5
2024-11-28 12:16:19,SLEEPING !!!,0.171,0.354,85,5
2024-11-28 12:16:19,SLEEPING !!!,0.226,0.331,85,5
2024-11-28 12:16:19,SLEEPING !!!,0.213,0.295,85,5
2024-11-28 12:16:19,SLEEPING !!!,0.221,0.304,85,5
2024-11-28 12:16:19,SLEEPING !!!,0.243,0.337,85,5
2024-11-28 12:16:19,SLEEPING !!!,0.212,0.280,85,5
2024-11-28 12:16:19,SLEEPING !!!,0.230,0.311,85,5
2024-11-28 12:16:19,Active,0.282,0.322,86,5
2024-11-28 12:16:19,Active,0.321,0.353,86,5
2024-11-28 12:16:19,Active,0.295,0.351,86,5
2024-11-28 12:16:19,Active,0.308,0.309,86,5
2024-11-28 12:16:19,Active,0.382,0.302,86,5
2024-11-28 12:16:19,Active,0.305,0.312,86,5
2024-11-28 12:16:19,Active,0.323,0.284,86,5
2024-11-28 12:16:20,Active,0.239,0.379,86,5
2024-11-28 12:16:28,Active,0.302,0.416,86,5
2024-11-28 12:16:28,Active,0.282,0.392,86,5
2024-11-28 12:16:29,Active,0.254,0.398,86,5
2024-11-28 12:16:29,Active,0.268,0.375,86,5
2024-11-28 12:16:29,Active,0.247,0.424,86,5
2024-11-28 12:16:29,Active,0.270,0.450,86,5
2024-11-28 12:16:29,Active,0.243,0.459,86,5
2024-11-28 12:16:29,Active,0.228,0.417,86,5
2024-11-28 12:16:29,SLEEPING !!!,0.249,0.398,86,5
2024-11-28 12:16:29,SLEEPING !!!,0.161,0.364,86,5
2024-11-28 12:16:30,SLEEPING !!!,0.237,0.372,86,5
2024-11-28 12:16:30,SLEEPING !!!,0.221,0.357,86,5
2024-11-28 12:16:30,Active,0.288,0.308,87,5
2024-11-28 12:16:30,Active,0.264,0.309,87,5
2024-11-28 12:16:31,Active,0.172,0.319,87,5
2024-11-28 12:16:31,Active,0.256,0.306,87,5
2024-11-28 12:16:31,Active,0.190,0.317,87,5
2024-11-28 12:16:31,Active,0.252,0.326,87,5
2024-11-28 12:16:31,Active,0.189,0.317,87,5
2024-11-28 12:16:31,Active,0.250,0.276,87,5
2024-11-28 12:16:31,Active,0.182,0.416,87,5
2024-11-28 12:16:31,Active,0.233,0.424,87,5
2024-11-28 12:16:31,Active,0.270,0.359,87,5
2024-11-28 12:16:31,Active,0.254,0.321,87,5
2024-11-28 12:16:31,Active,0.295,0.356,87,5
2024-11-28 12:16:31,Active,0.319,0.321,87,5
2024-11-28 12:16:31,Active,0.296,0.359,87,5
2024-11-28 12:16:31,Active,0.295,0.379,87,5
2024-11-28 12:16:31,Active,0.215,0.367,87,5
2024-11-28 12:16:31,Active,0.273,0.372,87,5
2024-11-28 12:16:32,Active,0.324,0.416,87,5
2024-11-28 12:16:33,Active,0.213,0.451,87,5
2024-11-28 12:16:33,Active,0.192,0.449,87,5
2024-11-28 12:16:33,SLEEPING !!!,0.188,0.398,87,5
2024-11-28 12:16:33,SLEEPING !!!,0.207,0.459,87,5
2024-11-28 12:16:33,SLEEPING !!!,0.209,0.485,87,5
2024-11-28 12:16:33,SLEEPING !!!,0.231,0.494,87,5
2024-11-28 12:16:33,SLEEPING !!!,0.189,0.486,87,5
2024-11-28 12:16:33,SLEEPING !!!,0.199,0.495,87,6
2024-11-28 12:16:33,SLEEPING !!!,0.193,0.497,87,6
2024-11-28 12:16:33,SLEEPING !!!,0.208,0.490,87,6
2024-11-28 12:16:33,SLEEPING !!!,0.234,0.479,87,6
2024-11-28 12:16:33,Mild Yawn,0.294,0.468,88,6
2024-11-28 12:16:33,Mild Yawn,0.322,0.460,88,6
2024-11-28 12:16:33,Mild Yawn,0.323,0.468,88,6
2024-11-28 12:16:33,Mild Yawn,0.337,0.464,88,6
2024-11-28 12:16:33,Mild Yawn,0.331,0.472,88,6
2024-11-28 12:16:33,Mild Yawn,0.353,0.452,88,6
2024-11-28 12:16:33,Mild Yawn,0.339,0.469,88,6
2024-11-28 12:16:33,Mild Yawn,0.358,0.438,88,6
2024-11-28 12:16:33,Mild Yawn,0.362,0.412,88,6
2024-11-28 12:16:33,Mild Yawn,0.370,0.313,88,6
2024-11-28 12:16:33,Mild Yawn,0.377,0.389,88,6
2024-11-28 12:16:33,Mild Yawn,0.302,0.475,88,6
2024-11-28 12:16:33,Mild Yawn,0.247,0.471,88,6
2024-11-28 12:16:33,Mild Yawn,0.224,0.454,88,6
2024-11-28 12:16:33,Mild Yawn,0.253,0.428,88,6
2024-11-28 12:16:33,Mild Yawn,0.237,0.467,88,6
2024-11-28 12:16:33,Mild Yawn,0.276,0.458,88,6
2024-11-28 12:16:34,Mild Yawn,0.244,0.440,88,6
2024-11-28 12:16:34,Mild Yawn,0.279,0.327,88,6
2024-11-28 12:16:34,Mild Yawn,0.217,0.408,88,6
2024-11-28 12:16:34,Mild Yawn,0.211,0.373,88,6
2024-11-28 12:16:34,SLEEPING !!!,0.195,0.374,88,6
2024-11-28 12:16:34,SLEEPING !!!,0.169,0.369,88,6
2024-11-28 12:16:34,SLEEPING !!!,0.195,0.388,88,6
2024-11-28 12:16:34,SLEEPING !!!,0.205,0.434,88,6
2024-11-28 12:16:34,SLEEPING !!!,0.199,0.430,88,6
2024-11-28 12:16:34,Mild Yawn,0.299,0.278,89,6
2024-11-28 12:16:34,Mild Yawn,0.209,0.433,89,6
2024-11-28 12:16:34,Mild Yawn,0.208,0.402,89,6
2024-11-28 12:16:34,Mild Yawn,0.321,0.395,89,6
2024-11-28 12:16:34,Mild Yawn,0.214,0.365,89,6
2024-11-28 12:16:35,Mild Yawn,0.307,0.377,89,6
2024-11-28 12:16:35,Mild Yawn,0.311,0.389,89,6
2024-11-28 12:16:35,Mild Yawn,0.293,0.352,89,6
2024-11-28 12:16:35,Mild Yawn,0.272,0.429,89,6
2024-11-28 12:16:35,Mild Yawn,0.257,0.432,89,6
2024-11-28 12:16:35,Mild Yawn,0.244,0.445,89,6
2024-11-28 12:16:35,Mild Yawn,0.257,0.437,89,6
2024-11-28 12:16:35,Mild Yawn,0.260,0.440,89,6
2024-11-28 12:16:35,Mild Yawn,0.244,0.448,89,6
2024-11-28 12:16:35,Mild Yawn,0.232,0.463,89,6
2024-11-28 12:16:35,SLEEPING !!!,0.244,0.439,89,6
2024-11-28 12:16:35,SLEEPING !!!,0.247,0.441,89,6
2024-11-28 12:16:35,SLEEPING !!!,0.224,0.436,89,6
2024-11-28 12:16:35,SLEEPING !!!,0.226,0.450,89,6
2024-11-28 12:16:35,SLEEPING !!!,0.220,0.441,89,6
2024-11-28 12:16:35,SLEEPING !!!,0.226,0.448,89,6
2024-11-28 12:16:35,SLEEPING !!!,0.241,0.458,89,6
2024-11-28 12:16:35,SLEEPING !!!,0.245,0.451,89,6
2024-11-28 12:16:36,SLEEPING !!!,0.235,0.429,89,6
2024-11-28 12:16:36,SLEEPING !!!,0.225,0.438,89,6
2024-11-28 12:16:36,SLEEPING !!!,0.229,0.427,89,6
2024-11-28 12:16:36,Mild Yawn,0.269,0.432,90,6
2024-11-28 12:16:36,Mild Yawn,0.269,0.416,90,6
2024-11-28 12:16:36,Mild Yawn,0.278,0.422,90,6
2024-11-28 12:16:36,Mild Yawn,0.260,0.414,90,6
2024-11-28 12:16:36,Mild Yawn,0.216,0.414,90,6
2024-11-28 12:16:36,Mild Yawn,0.198,0.434,90,6
2024-11-28 12:16:36,SLEEPING !!!,0.206,0.441,90,6
2024-11-28 12:16:36,SLEEPING !!!,0.211,0.415,90,6
2024-11-28 12:16:36,SLEEPING !!!,0.174,0.429,90,6
2024-11-28 12:16:36,SLEEPING !!!,0.216,0.457,90,6
2024-11-28 12:16:36,Mild Yawn,0.271,0.462,91,6
2024-11-28 12:16:36,Mild Yawn,0.139,0.462,91,6
2024-11-28 12:16:36,Mild Yawn,0.189,0.432,91,6
2024-11-28 12:16:36,SLEEPING !!!,0.182,0.462,91,6
2024-11-28 12:16:36,SLEEPING !!!,0.182,0.424,91,6
2024-11-28 12:16:36,SLEEPING !!!,0.187,0.414,91,6
2024-11-28 12:16:36,SLEEPING !!!,0.189,0.407,91,6
2024-11-28 12:16:36,SLEEPING !!!,0.223,0.425,91,6
2024-11-28 12:16:36,SLEEPING !!!,0.237,0.411,91,6
2024-11-28 12:16:36,SLEEPING !!!,0.220,0.392,91,6
2024-11-28 12:16:36,SLEEPING !!!,0.227,0.424,91,6
2024-11-28 12:16:36,SLEEPING !!!,0.229,0.374,91,6
2024-11-28 12:16:36,Mild Yawn,0.251,0.335,92,6
2024-11-28 12:16:36,Mild Yawn,0.241,0.367,92,6
2024-11-28 12:16:36,Mild Yawn,0.266,0.350,92,6
2024-11-28 12:16:36,Mild Yawn,0.306,0.382,92,6
2024-11-28 12:16:36,Mild Yawn,0.323,0.356,92,6
2024-11-28 12:16:37,Mild Yawn,0.320,0.344,92,6
2024-11-28 12:16:37,Mild Yawn,0.324,0.384,92,6
2024-11-28 12:16:37,Mild Yawn,0.333,0.365,92,6
2024-11-28 12:16:37,Mild Yawn,0.335,0.380,92,6
2024-11-28 12:16:37,Mild Yawn,0.324,0.354,92,6
2024-11-28 12:16:37,Mild Yawn,0.335,0.387,92,6
2024-11-28 12:16:37,Mild Yawn,0.323,0.392,92,6
2024-11-28 12:16:37,Mild Yawn,0.333,0.399,92,6
2024-11-28 12:16:37,Mild Yawn,0.326,0.413,92,6
2024-11-28 12:16:37,Mild Yawn,0.180,0.400,92,6
2024-11-28 12:16:37,Mild Yawn,0.170,0.395,92,6
2024-11-28 12:16:37,SLEEPING !!!,0.198,0.402,92,6
2024-11-28 12:16:37,SLEEPING !!!,0.185,0.363,92,6
2024-11-28 12:16:37,SLEEPING !!!,0.222,0.372,92,6
2024-11-28 12:16:37,SLEEPING !!!,0.192,0.402,92,6
2024-11-28 12:16:37,SLEEPING !!!,0.191,0.364,92,6
2024-11-28 12:16:37,SLEEPING !!!,0.189,0.401,92,6
2024-11-28 12:16:37,SLEEPING !!!,0.206,0.405,92,6
2024-11-28 12:16:37,SLEEPING !!!,0.203,0.396,92,6
2024-11-28 12:16:37,SLEEPING !!!,0.215,0.376,92,6
2024-11-28 12:16:37,SLEEPING !!!,0.236,0.377,92,6
2024-11-28 12:16:37,SLEEPING !!!,0.236,0.391,92,6
2024-11-28 12:16:37,SLEEPING !!!,0.236,0.372,92,6
2024-11-28 12:16:37,SLEEPING !!!,0.232,0.371,92,6
2024-11-28 12:16:37,SLEEPING !!!,0.234,0.377,92,6
2024-11-28 12:16:37,SLEEPING !!!,0.233,0.359,92,6
2024-11-28 12:16:37,SLEEPING !!!,0.219,0.362,92,6
2024-11-28 12:16:37,SLEEPING !!!,0.247,0.347,92,6
2024-11-28 12:16:37,SLEEPING !!!,0.222,0.352,92,6
2024-11-28 12:16:37,SLEEPING !!!,0.218,0.309,92,6
2024-11-28 12:16:38,SLEEPING !!!,0.240,0.293,92,6
2024-11-28 12:16:38,SLEEPING !!!,0.191,0.330,92,6
2024-11-28 12:16:38,SLEEPING !!!,0.180,0.325,92,6
2024-11-28 12:16:38,SLEEPING !!!,0.173,0.304,92,6
2024-11-28 12:16:38,SLEEPING !!!,0.166,0.340,92,6
2024-11-28 12:16:38,SLEEPING !!!,0.160,0.345,92,6
2024-11-28 12:16:38,SLEEPING !!!,0.159,0.365,92,6
2024-11-28 12:16:38,SLEEPING !!!,0.154,0.338,92,6
2024-11-28 12:16:38,SLEEPING !!!,0.160,0.327,92,6
2024-11-28 12:16:38,SLEEPING !!!,0.178,0.323,92,6
2024-11-28 12:16:38,SLEEPING !!!,0.126,0.326,92,6
2024-11-28 12:16:38,SLEEPING !!!,0.136,0.320,92,6
2024-11-28 12:16:38,SLEEPING !!!,0.125,0.325,92,6
2024-11-28 12:16:38,SLEEPING !!!,0.131,0.343,92,6
2024-11-28 12:16:38,SLEEPING !!!,0.114,0.367,92,6
2024-11-28 12:16:38,SLEEPING !!!,0.192,0.326,92,6
2024-11-28 12:16:38,Mild Yawn,0.279,0.330,93,6
2024-11-28 12:16:38,Mild Yawn,0.338,0.335,93,6
2024-11-28 12:16:38,Mild Yawn,0.289,0.311,93,6
2024-11-28 12:16:38,Mild Yawn,0.348,0.345,93,6
2024-11-28 12:16:38,Mild Yawn,0.346,0.320,93,6
2024-11-28 12:16:38,Mild Yawn,0.350,0.304,93,6
2024-11-28 12:16:38,Mild Yawn,0.354,0.293,93,6
2024-11-28 12:16:38,Mild Yawn,0.375,0.278,93,6
2024-11-28 12:16:38,Mild Yawn,0.371,0.264,93,6
2024-11-28 12:16:38,Mild Yawn,0.371,0.287,93,6
2024-11-28 12:16:38,Mild Yawn,0.371,0.265,93,6
2024-11-28 12:16:38,Mild Yawn,0.354,0.303,93,6
2024-11-28 12:16:38,Mild Yawn,0.399,0.335,93,6
2024-11-28 12:16:38,Mild Yawn,0.386,0.346,93,6
2024-11-28 12:16:39,Mild Yawn,0.354,0.299,93,6
2024-11-28 12:16:39,Mild Yawn,0.340,0.266,93,6
2024-11-28 12:16:39,Mild Yawn,0.384,0.333,93,6
2024-11-28 12:16:39,Mild Yawn,0.231,0.308,93,6
2024-11-28 12:16:39,Mild Yawn,0.306,0.291,93,6
2024-11-28 12:16:39,Mild Yawn,0.283,0.324,93,6
2024-11-28 12:16:39,Mild Yawn,0.320,0.320,93,6
2024-11-28 12:16:39,Mild Yawn,0.338,0.302,93,6
2024-11-28 12:16:39,Mild Yawn,0.372,0.306,93,6
2024-11-28 12:16:39,Mild Yawn,0.300,0.260,93,6
2024-11-28 12:16:39,Mild Yawn,0.326,0.247,93,6
2024-11-28 12:16:39,Mild Yawn,0.317,0.255,93,6
2024-11-28 12:16:39,Mild Yawn,0.336,0.255,93,6
2024-11-28 12:16:39,Mild Yawn,0.424,0.296,93,6
2024-11-28 12:16:39,Mild Yawn,0.391,0.260,93,6
2024-11-28 12:16:39,Mild Yawn,0.294,0.242,93,6
2024-11-28 12:16:39,Mild Yawn,0.302,0.285,93,6
2024-11-28 12:16:39,Mild Yawn,0.309,0.243,93,6
2024-11-28 12:16:39,Mild Yawn,0.261,0.230,93,6
2024-11-28 12:16:39,Mild Yawn,0.313,0.270,93,6
2024-11-28 12:16:39,Mild Yawn,0.484,0.232,93,6
2024-11-28 12:16:39,Mild Yawn,0.344,0.331,93,6
2024-11-28 12:16:40,Mild Yawn,0.355,0.258,93,6
2024-11-28 12:16:40,Mild Yawn,0.359,0.265,93,6
2024-11-28 12:16:40,Mild Yawn,0.402,0.245,93,6
2024-11-28 12:16:40,Mild Yawn,0.441,0.266,93,6
2024-11-28 12:16:40,Mild Yawn,0.463,0.210,93,6
2024-11-28 12:16:40,Mild Yawn,0.408,0.497,93,6
2024-11-28 12:16:40,Mild Yawn,0.431,0.261,93,6
2024-11-28 12:16:40,Mild Yawn,0.411,0.198,93,6
2024-11-28 12:16:40,Mild Yawn,0.370,0.193,93,6
2024-11-28 12:16:40,Mild Yawn,0.317,0.467,93,6
2024-11-28 12:16:40,Mild Yawn,0.385,0.235,93,6
2024-11-28 12:16:40,Mild Yawn,0.442,0.467,93,6
2024-11-28 12:16:40,Mild Yawn,0.376,0.326,93,6
2024-11-28 12:16:41,Moderate Yawn !,0.386,0.639,93,6
2024-11-28 12:16:41,Mild Yawn,0.366,0.568,93,6
2024-11-28 12:16:41,Mild Yawn,0.417,0.542,93,6
2024-11-28 12:16:41,Moderate Yawn !,0.395,0.694,93,6
2024-11-28 12:16:41,Severe Yawn !!!,0.369,0.845,93,6
2024-11-28 12:16:41,Moderate Yawn !,0.382,0.641,93,6
2024-11-28 12:16:41,Moderate Yawn !,0.429,0.611,93,6
2024-11-28 12:16:41,Moderate Yawn !,0.391,0.633,93,6
2024-11-28 12:16:41,Moderate Yawn !,0.402,0.652,93,6
2024-11-28 12:16:41,Moderate Yawn !,0.362,0.652,93,6
2024-11-28 12:16:41,Moderate Yawn !,0.393,0.626,93,6
2024-11-28 12:16:41,Mild Yawn,0.392,0.390,93,6
2024-11-28 12:16:41,Mild Yawn,0.389,0.407,93,6
2024-11-28 12:16:41,Moderate Yawn !,0.367,0.685,93,6
2024-11-28 12:16:41,Mild Yawn,0.367,0.537,93,6
2024-11-28 12:16:41,Mild Yawn,0.358,0.435,93,6
2024-11-28 12:18:18,Mild Yawn,0.258,0.407,93,6
2024-11-28 12:18:18,Mild Yawn,0.189,0.332,93,6
2024-11-28 12:18:18,Mild Yawn,0.237,0.351,93,6
2024-11-28 12:18:18,SLEEPING !!!,0.153,0.361,93,6
2024-11-28 12:18:18,SLEEPING !!!,0.164,0.352,93,6
2024-11-28 12:18:18,SLEEPING !!!,0.210,0.377,93,6
2024-11-28 12:18:18,SLEEPING !!!,0.244,0.329,93,6
2024-11-28 12:18:18,SLEEPING !!!,0.175,0.377,93,6
2024-11-28 12:18:18,SLEEPING !!!,0.186,0.359,93,6
2024-11-28 12:18:18,SLEEPING !!!,0.171,0.460,93,6
2024-11-28 12:18:18,SLEEPING !!!,0.154,0.394,93,6
2024-11-28 12:18:18,SLEEPING !!!,0.185,0.467,93,6
2024-11-28 12:18:18,Mild Yawn,0.409,0.474,94,6
2024-11-28 12:18:19,Mild Yawn,0.246,0.394,94,6
2024-11-28 12:18:19,Mild Yawn,0.230,0.391,94,6
2024-11-28 12:18:19,SLEEPING !!!,0.225,0.396,94,6
2024-11-28 12:18:19,SLEEPING !!!,0.215,0.449,94,6
2024-11-28 12:18:19,SLEEPING !!!,0.227,0.440,94,6
2024-11-28 12:18:19,SLEEPING !!!,0.201,0.527,94,6
2024-11-28 12:18:19,SLEEPING !!!,0.208,0.499,94,6
2024-11-28 12:18:19,SLEEPING !!!,0.202,0.479,94,6
2024-11-28 12:18:19,SLEEPING !!!,0.214,0.483,94,6
2024-11-28 12:18:19,SLEEPING !!!,0.206,0.462,94,6
2024-11-28 12:18:19,SLEEPING !!!,0.211,0.457,94,6
2024-11-28 12:18:19,SLEEPING !!!,0.220,0.422,94,6
2024-11-28 12:18:19,SLEEPING !!!,0.187,0.433,94,6
2024-11-28 12:18:19,SLEEPING !!!,0.159,0.416,94,6
2024-11-28 12:18:19,SLEEPING !!!,0.187,0.402,94,6
2024-11-28 12:18:19,SLEEPING !!!,0.167,0.396,94,6
2024-11-28 12:18:19,SLEEPING !!!,0.171,0.400,94,6
2024-11-28 12:18:19,SLEEPING !!!,0.186,0.409,94,6
2024-11-28 12:18:19,SLEEPING !!!,0.172,0.412,94,6
2024-11-28 12:18:19,SLEEPING !!!,0.175,0.397,94,6
2024-11-28 12:18:19,SLEEPING !!!,0.180,0.389,94,6
2024-11-28 12:18:19,SLEEPING !!!,0.143,0.415,94,6
2024-11-28 12:18:20,SLEEPING !!!,0.191,0.404,94,6
2024-11-28 12:18:20,SLEEPING !!!,0.170,0.431,94,6
2024-11-28 12:18:20,SLEEPING !!!,0.179,0.426,94,6
2024-11-28 12:18:20,SLEEPING !!!,0.179,0.430,94,6
2024-11-28 12:18:20,SLEEPING !!!,0.190,0.446,94,6
2024-11-28 12:18:20,SLEEPING !!!,0.188,0.472,94,6
2024-11-28 12:18:20,SLEEPING !!!,0.205,0.467,94,6
2024-11-28 12:18:20,SLEEPING !!!,0.189,0.481,94,6
2024-11-28 12:18:20,SLEEPING !!!,0.203,0.490,94,6
2024-11-28 12:18:20,SLEEPING !!!,0.207,0.508,94,6
2024-11-28 12:18:20,SLEEPING !!!,0.210,0.511,94,6
2024-11-28 12:18:20,SLEEPING !!!,0.205,0.508,94,6
2024-11-28 12:18:20,SLEEPING !!!,0.246,0.485,94,6
2024-11-28 12:18:20,SLEEPING !!!,0.229,0.517,94,6
2024-11-28 12:18:20,SLEEPING !!!,0.237,0.484,94,6
2024-11-28 12:18:20,SLEEPING !!!,0.243,0.455,94,6
2024-11-28 12:18:20,SLEEPING !!!,0.232,0.443,94,6
2024-11-28 12:18:20,SLEEPING !!!,0.233,0.402,94,6
2024-11-28 12:18:20,SLEEPING !!!,0.242,0.390,94,6
2024-11-28 12:18:20,SLEEPING !!!,0.229,0.370,94,6
2024-11-28 12:18:20,SLEEPING !!!,0.237,0.416,94,6
2024-11-28 12:18:20,SLEEPING !!!,0.245,0.534,94,6
2024-11-28 12:18:20,SLEEPING !!!,0.246,0.532,94,6
2024-11-28 12:18:20,Mild Yawn,0.491,0.488,95,6
2024-11-28 12:18:21,Mild Yawn,0.229,0.468,95,6
2024-11-28 12:18:21,Mild Yawn,0.250,0.539,95,6
2024-11-28 12:18:21,SLEEPING !!!,0.223,0.518,95,6
2024-11-28 12:18:21,SLEEPING !!!,0.199,0.541,95,6
2024-11-28 12:18:21,SLEEPING !!!,0.207,0.489,95,6
2024-11-28 12:18:21,SLEEPING !!!,0.179,0.546,95,6
2024-11-28 12:18:21,SLEEPING !!!,0.170,0.514,95,6
2024-11-28 12:18:21,SLEEPING !!!,0.183,0.532,95,6
2024-11-28 12:18:21,SLEEPING !!!,0.183,0.543,95,6
2024-11-28 12:18:21,SLEEPING !!!,0.182,0.537,95,6
2024-11-28 12:18:21,SLEEPING !!!,0.186,0.517,95,6
2024-11-28 12:18:21,SLEEPING !!!,0.196,0.485,95,6
2024-11-28 12:18:21,SLEEPING !!!,0.194,0.522,95,6
2024-11-28 12:18:21,SLEEPING !!!,0.189,0.512,95,6
2024-11-28 12:18:21,SLEEPING !!!,0.181,0.431,95,6
2024-11-28 12:18:21,SLEEPING !!!,0.207,0.439,95,6
2024-11-28 12:18:21,SLEEPING !!!,0.201,0.455,95,6
2024-11-28 12:18:21,SLEEPING !!!,0.165,0.465,95,6
2024-11-28 12:18:21,SLEEPING !!!,0.142,0.493,95,6
2024-11-28 12:18:21,SLEEPING !!!,0.150,0.486,95,6
2024-11-28 12:18:21,SLEEPING !!!,0.134,0.458,95,6
2024-11-28 12:18:21,SLEEPING !!!,0.142,0.456,95,6
2024-11-28 12:18:21,SLEEPING !!!,0.134,0.450,95,6
2024-11-28 12:18:21,SLEEPING !!!,0.134,0.443,95,6
2024-11-28 12:18:22,SLEEPING !!!,0.121,0.446,95,6
2024-11-28 12:18:22,SLEEPING !!!,0.109,0.436,95,6
2024-11-28 12:18:22,SLEEPING !!!,0.133,0.445,95,6
2024-11-28 12:18:22,SLEEPING !!!,0.138,0.444,95,6
2024-11-28 12:18:22,SLEEPING !!!,0.117,0.442,95,6
2024-11-28 12:18:22,SLEEPING !!!,0.177,0.419,95,6
2024-11-28 12:18:22,SLEEPING !!!,0.123,0.448,95,6
2024-11-28 12:18:22,SLEEPING !!!,0.130,0.442,95,6
2024-11-28 12:18:22,SLEEPING !!!,0.143,0.430,95,6
2024-11-28 12:18:22,SLEEPING !!!,0.105,0.435,95,6
2024-11-28 12:18:22,SLEEPING !!!,0.140,0.439,95,6
2024-11-28 12:18:22,SLEEPING !!!,0.125,0.441,95,6
2024-11-28 12:18:22,SLEEPING !!!,0.134,0.439,95,6
2024-11-28 12:18:22,SLEEPING !!!,0.129,0.427,95,6
2024-11-28 12:18:22,SLEEPING !!!,0.130,0.433,95,6
2024-11-28 12:18:22,SLEEPING !!!,0.102,0.441,95,6
2024-11-28 12:18:22,SLEEPING !!!,0.111,0.461,95,6
2024-11-28 12:18:22,SLEEPING !!!,0.137,0.436,95,6
2024-11-28 12:18:22,SLEEPING !!!,0.112,0.424,95,6
2024-11-28 12:18:22,SLEEPING !!!,0.160,0.445,95,6
2024-11-28 12:18:22,SLEEPING !!!,0.206,0.445,95,6
2024-11-28 12:18:22,SLEEPING !!!,0.209,0.425,95,6
2024-11-28 12:18:22,SLEEPING !!!,0.188,0.411,95,6
2024-11-28 12:18:22,SLEEPING !!!,0.193,0.410,95,6
2024-11-28 12:18:22,SLEEPING !!!,0.186,0.398,95,6
2024-11-28 12:18:22,SLEEPING !!!,0.191,0.398,95,6
2024-11-28 12:18:22,SLEEPING !!!,0.201,0.405,95,6
2024-11-28 12:18:23,SLEEPING !!!,0.203,0.394,95,6
2024-11-28 12:18:23,SLEEPING !!!,0.174,0.378,95,6
2024-11-28 12:18:23,SLEEPING !!!,0.155,0.364,95,6
2024-11-28 12:18:23,SLEEPING !!!,0.151,0.386,95,6
2024-11-28 12:18:23,SLEEPING !!!,0.139,0.377,95,6
2024-11-28 12:18:23,SLEEPING !!!,0.191,0.386,95,6
2024-11-28 12:18:23,SLEEPING !!!,0.183,0.379,95,6
2024-11-28 12:18:23,SLEEPING !!!,0.132,0.386,95,6
2024-11-28 12:18:23,SLEEPING !!!,0.153,0.370,95,6
2024-11-28 12:18:23,SLEEPING !!!,0.154,0.388,95,6
2024-11-28 12:18:23,SLEEPING !!!,0.153,0.393,95,6
2024-11-28 12:18:23,SLEEPING !!!,0.145,0.368,95,6
2024-11-28 12:18:23,SLEEPING !!!,0.162,0.380,95,6
2024-11-28 12:18:23,SLEEPING !!!,0.173,0.368,95,6
2024-11-28 12:18:23,SLEEPING !!!,0.163,0.392,95,6
2024-11-28 12:18:23,SLEEPING !!!,0.148,0.381,95,6
2024-11-28 12:18:23,SLEEPING !!!,0.138,0.380,95,6
2024-11-28 12:18:23,SLEEPING !!!,0.167,0.387,95,6
2024-11-28 12:18:23,SLEEPING !!!,0.221,0.376,95,6
2024-11-28 12:18:23,SLEEPING !!!,0.170,0.381,95,6
2024-11-28 12:18:23,SLEEPING !!!,0.156,0.370,95,6
2024-11-28 12:18:23,SLEEPING !!!,0.159,0.385,95,6
2024-11-28 12:18:23,SLEEPING !!!,0.146,0.397,95,6
2024-11-28 12:18:23,SLEEPING !!!,0.153,0.417,95,6
2024-11-28 12:18:23,SLEEPING !!!,0.157,0.420,95,6
2024-11-28 12:18:23,SLEEPING !!!,0.155,0.442,95,6
2024-11-28 12:18:23,SLEEPING !!!,0.202,0.462,95,6
2024-11-28 12:18:23,SLEEPING !!!,0.176,0.479,95,6
2024-11-28 12:18:23,SLEEPING !!!,0.178,0.479,95,6
2024-11-28 12:18:23,SLEEPING !!!,0.186,0.514,95,6
2024-11-28 12:18:24,SLEEPING !!!,0.199,0.500,95,6
2024-11-28 12:18:24,SLEEPING !!!,0.216,0.509,95,6
2024-11-28 12:18:24,SLEEPING !!!,0.208,0.505,95,6
2024-11-28 12:18:24,SLEEPING !!!,0.211,0.494,95,6
2024-11-28 12:18:24,SLEEPING !!!,0.187,0.501,95,6
2024-11-28 12:18:24,SLEEPING !!!,0.220,0.496,95,6
2024-11-28 12:18:24,SLEEPING !!!,0.199,0.468,95,6
2024-11-28 12:18:24,SLEEPING !!!,0.204,0.440,95,6
2024-11-28 12:18:24,SLEEPING !!!,0.203,0.430,95,6
2024-11-28 12:18:24,SLEEPING !!!,0.218,0.420,95,6
2024-11-28 12:18:24,SLEEPING !!!,0.221,0.415,95,6
2024-11-28 12:18:24,SLEEPING !!!,0.210,0.417,95,6
2024-11-28 12:18:24,SLEEPING !!!,0.196,0.409,95,6
2024-11-28 12:18:24,SLEEPING !!!,0.205,0.436,95,6
2024-11-28 12:18:24,SLEEPING !!!,0.208,0.425,95,6
2024-11-28 12:18:24,SLEEPING !!!,0.183,0.430,95,6
2024-11-28 12:18:24,SLEEPING !!!,0.197,0.427,95,6
2024-11-28 12:18:24,SLEEPING !!!,0.193,0.434,95,6
2024-11-28 12:18:24,SLEEPING !!!,0.192,0.418,95,6
2024-11-28 12:18:24,SLEEPING !!!,0.180,0.438,95,6
2024-11-28 12:18:24,SLEEPING !!!,0.178,0.431,95,6
2024-11-28 12:18:24,SLEEPING !!!,0.180,0.428,95,6
2024-11-28 12:18:24,SLEEPING !!!,0.170,0.437,95,6
2024-11-28 12:18:24,SLEEPING !!!,0.186,0.442,95,6
2024-11-28 12:18:24,SLEEPING !!!,0.180,0.445,95,6
2024-11-28 12:18:25,SLEEPING !!!,0.178,0.441,95,6
2024-11-28 12:18:25,SLEEPING !!!,0.164,0.449,95,6
2024-11-28 12:18:25,SLEEPING !!!,0.176,0.424,95,6
2024-11-28 12:18:25,SLEEPING !!!,0.181,0.445,95,6
2024-11-28 12:18:25,SLEEPING !!!,0.201,0.445,95,6
2024-11-28 12:18:25,SLEEPING !!!,0.213,0.458,95,6
2024-11-28 12:18:25,SLEEPING !!!,0.196,0.443,95,6
2024-11-28 12:18:25,SLEEPING !!!,0.186,0.461,95,6
2024-11-28 12:18:25,SLEEPING !!!,0.191,0.471,95,6
2024-11-28 12:18:25,SLEEPING !!!,0.192,0.492,95,6
2024-11-28 12:18:25,SLEEPING !!!,0.172,0.512,95,6
2024-11-28 12:18:25,SLEEPING !!!,0.186,0.479,95,6
2024-11-28 12:18:25,SLEEPING !!!,0.177,0.482,95,6
2024-11-28 12:18:25,SLEEPING !!!,0.195,0.431,95,6
2024-11-28 12:18:25,SLEEPING !!!,0.202,0.457,95,6
2024-11-28 12:18:25,SLEEPING !!!,0.185,0.477,95,6
2024-11-28 12:18:25,SLEEPING !!!,0.153,0.477,95,6
2024-11-28 12:18:25,SLEEPING !!!,0.143,0.488,95,6
2024-11-28 12:18:25,SLEEPING !!!,0.150,0.466,95,6
2024-11-28 12:18:25,SLEEPING !!!,0.122,0.488,95,6
2024-11-28 12:18:25,SLEEPING !!!,0.142,0.496,95,6
2024-11-28 12:18:25,SLEEPING !!!,0.137,0.471,95,6
2024-11-28 12:18:25,SLEEPING !!!,0.166,0.467,95,6
2024-11-28 12:18:25,SLEEPING !!!,0.167,0.500,95,6
