Timestamp,Status,Eye_Aspect_Ratio,Mouth_Aspect_Ratio,Blink_Count,Yawn_Count
2024-11-27 15:28:48,Active,0.315,0.396,0,0
2024-11-27 15:28:48,Active,0.351,0.388,0,0
2024-11-27 15:28:48,Active,0.328,0.348,0,0
2024-11-27 15:28:48,Active,0.333,0.388,0,0
2024-11-27 15:28:48,Active,0.328,0.301,0,0
2024-11-27 15:28:48,Active,0.331,0.293,0,0
2024-11-27 15:28:48,Active,0.338,0.361,0,0
2024-11-27 15:28:49,Active,0.327,0.292,0,0
2024-11-27 15:28:49,Active,0.336,0.357,0,0
2024-11-27 15:28:49,Active,0.322,0.306,0,0
2024-11-27 15:28:49,Active,0.311,0.294,0,0
2024-11-27 15:28:49,Active,0.301,0.305,0,0
2024-11-27 15:28:49,Active,0.332,0.322,0,0
2024-11-27 15:28:49,Active,0.335,0.259,0,0
2024-11-27 15:28:49,Active,0.309,0.320,0,0
2024-11-27 15:28:49,Active,0.328,0.306,0,0
2024-11-27 15:28:49,Active,0.314,0.280,0,0
2024-11-27 15:28:49,Active,0.335,0.263,0,0
2024-11-27 15:28:49,Active,0.322,0.365,0,0
2024-11-27 15:28:49,Active,0.321,0.337,0,0
2024-11-27 15:28:49,Active,0.326,0.334,0,0
2024-11-27 15:28:49,Active,0.325,0.334,0,0
2024-11-27 15:28:49,Active,0.322,0.322,0,0
2024-11-27 15:28:49,Active,0.347,0.316,0,0
2024-11-27 15:28:49,Active,0.349,0.294,0,0
2024-11-27 15:28:49,Active,0.327,0.312,0,0
2024-11-27 15:28:49,Active,0.361,0.280,0,0
2024-11-27 15:28:49,Active,0.337,0.293,0,0
2024-11-27 15:28:49,Active,0.329,0.284,0,0
2024-11-27 15:28:49,Active,0.336,0.282,0,0
2024-11-27 15:28:49,Active,0.342,0.282,0,0
2024-11-27 15:28:49,Active,0.351,0.274,0,0
2024-11-27 15:28:49,Active,0.312,0.316,0,0
2024-11-27 15:28:49,Active,0.312,0.323,0,0
2024-11-27 15:28:49,Active,0.327,0.305,0,0
2024-11-27 15:28:49,Active,0.339,0.284,0,0
2024-11-27 15:28:49,Active,0.322,0.289,0,0
2024-11-27 15:28:50,Active,0.322,0.317,0,0
2024-11-27 15:28:50,Active,0.298,0.289,0,0
2024-11-27 15:28:50,Active,0.311,0.307,0,0
2024-11-27 15:28:50,Active,0.316,0.297,0,0
2024-11-27 15:28:50,Active,0.270,0.282,0,0
2024-11-27 15:28:50,Active,0.261,0.289,0,0
2024-11-27 15:28:50,Active,0.264,0.286,0,0
2024-11-27 15:28:50,Active,0.217,0.280,0,0
2024-11-27 15:28:50,Active,0.223,0.306,0,0
2024-11-27 15:28:50,SLEEPING !!!,0.213,0.269,0,0
2024-11-27 15:28:50,SLEEPING !!!,0.230,0.274,0,0
2024-11-27 15:28:50,SLEEPING !!!,0.235,0.273,0,0
2024-11-27 15:28:50,Active,0.255,0.299,1,0
2024-11-27 15:28:50,Active,0.252,0.280,1,0
2024-11-27 15:28:50,Active,0.255,0.234,1,0
2024-11-27 15:28:50,Active,0.272,0.274,1,0
2024-11-27 15:28:50,Active,0.283,0.289,1,0
2024-11-27 15:28:50,Active,0.300,0.267,1,0
2024-11-27 15:28:50,Active,0.272,0.281,1,0
2024-11-27 15:28:50,Active,0.279,0.304,1,0
2024-11-27 15:28:50,Active,0.284,0.293,1,0
2024-11-27 15:28:50,Active,0.268,0.256,1,0
2024-11-27 15:28:50,Active,0.268,0.278,1,0
2024-11-27 15:28:50,Active,0.255,0.288,1,0
2024-11-27 15:28:50,Active,0.267,0.314,1,0
2024-11-27 15:28:50,Active,0.312,0.304,1,0
2024-11-27 15:28:50,Active,0.267,0.299,1,0
2024-11-27 15:28:50,Active,0.264,0.298,1,0
2024-11-27 15:28:50,Active,0.280,0.271,1,0
2024-11-27 15:28:51,Active,0.272,0.266,1,0
2024-11-27 15:28:51,Active,0.279,0.296,1,0
2024-11-27 15:28:51,Active,0.268,0.298,1,0
2024-11-27 15:28:51,Active,0.294,0.230,1,0
2024-11-27 15:28:51,Active,0.297,0.205,1,0
2024-11-27 15:28:51,Active,0.279,0.220,1,0
2024-11-27 15:28:51,Active,0.283,0.260,1,0
2024-11-27 15:28:51,Active,0.300,0.224,1,0
2024-11-27 15:28:51,Active,0.280,0.304,1,0
2024-11-27 15:28:51,Active,0.290,0.320,1,0
2024-11-27 15:28:51,Active,0.292,0.317,1,0
2024-11-27 15:28:51,Active,0.295,0.318,1,0
2024-11-27 15:28:51,Active,0.273,0.318,1,0
2024-11-27 15:28:51,Active,0.275,0.326,1,0
2024-11-27 15:28:51,Active,0.281,0.289,1,0
2024-11-27 15:28:51,Active,0.277,0.289,1,0
2024-11-27 15:28:51,Active,0.269,0.301,1,0
2024-11-27 15:28:51,Active,0.277,0.350,1,0
2024-11-27 15:28:51,Active,0.285,0.301,1,0
2024-11-27 15:28:51,Active,0.292,0.323,1,0
2024-11-27 15:28:51,Active,0.280,0.334,1,0
2024-11-27 15:28:51,Active,0.285,0.339,1,0
2024-11-27 15:28:51,Active,0.279,0.329,1,0
2024-11-27 15:28:51,Active,0.262,0.288,1,0
2024-11-27 15:28:51,Active,0.266,0.324,1,0
2024-11-27 15:28:51,Active,0.251,0.345,1,0
2024-11-27 15:28:51,Active,0.285,0.294,1,0
2024-11-27 15:28:52,Active,0.263,0.355,1,0
2024-11-27 15:28:52,Active,0.269,0.303,1,0
2024-11-27 15:28:52,Active,0.261,0.293,1,0
2024-11-27 15:28:52,Active,0.247,0.324,1,0
2024-11-27 15:28:52,Active,0.242,0.371,1,0
2024-11-27 15:28:52,SLEEPING !!!,0.239,0.352,1,0
2024-11-27 15:28:52,SLEEPING !!!,0.230,0.334,1,0
2024-11-27 15:28:52,SLEEPING !!!,0.249,0.371,1,0
2024-11-27 15:28:52,Active,0.287,0.316,2,0
2024-11-27 15:28:52,Active,0.287,0.184,2,0
2024-11-27 15:28:52,Active,0.254,0.282,2,0
2024-11-27 15:28:52,Active,0.247,0.279,2,0
2024-11-27 15:28:52,Active,0.256,0.280,2,0
2024-11-27 15:28:53,Active,0.270,0.231,2,0
2024-11-27 15:28:53,Active,0.283,0.156,2,0
2024-11-27 15:28:53,Active,0.257,0.364,2,0
2024-11-27 15:28:53,Active,0.252,0.322,2,0
2024-11-27 15:28:53,Active,0.267,0.191,2,0
2024-11-27 15:28:53,Active,0.275,0.163,2,0
2024-11-27 15:28:53,Active,0.218,0.322,2,0
2024-11-27 15:28:53,Active,0.268,0.157,2,0
2024-11-27 15:28:53,Active,0.246,0.358,2,0
2024-11-27 15:28:53,Active,0.213,0.341,2,0
2024-11-27 15:28:53,Active,0.277,0.154,2,0
2024-11-27 15:28:53,Active,0.272,0.148,2,0
2024-11-27 15:28:53,Active,0.233,0.292,2,0
2024-11-27 15:28:53,Active,0.274,0.221,2,0
2024-11-27 15:28:53,Active,0.269,0.374,2,0
2024-11-27 15:28:53,Active,0.226,0.260,2,0
2024-11-27 15:28:53,Active,0.274,0.415,2,0
2024-11-27 15:28:53,Active,0.265,0.264,2,0
2024-11-27 15:28:53,Active,0.287,0.246,2,0
2024-11-27 15:28:53,Active,0.284,0.404,2,0
2024-11-27 15:28:53,Active,0.263,0.416,2,0
2024-11-27 15:28:53,Active,0.239,0.247,2,0
2024-11-27 15:28:53,Active,0.254,0.239,2,0
2024-11-27 15:28:53,Active,0.278,0.427,2,0
2024-11-27 15:28:53,Active,0.288,0.439,2,0
2024-11-27 15:28:53,Active,0.227,0.276,2,0
2024-11-27 15:28:53,Active,0.278,0.451,2,0
2024-11-27 15:28:53,Active,0.285,0.238,2,0
2024-11-27 15:28:53,Active,0.273,0.419,2,0
2024-11-27 15:28:53,Active,0.263,0.252,2,0
2024-11-27 15:28:53,Active,0.276,0.439,2,0
2024-11-27 15:28:53,Active,0.302,0.241,2,0
2024-11-27 15:28:53,Active,0.275,0.404,2,0
2024-11-27 15:28:53,Active,0.295,0.250,2,0
2024-11-27 15:28:53,Active,0.267,0.358,2,0
2024-11-27 15:28:53,Active,0.306,0.210,2,0
2024-11-27 15:28:53,Active,0.275,0.352,2,0
2024-11-27 15:28:53,Active,0.279,0.336,2,0
2024-11-27 15:28:53,Active,0.253,0.111,2,0
2024-11-27 15:28:53,Active,0.289,0.338,2,0
2024-11-27 15:28:53,Active,0.271,0.028,2,0
2024-11-27 15:28:53,Active,0.263,0.303,2,0
2024-11-27 15:28:53,Active,0.280,0.495,2,0
2024-11-27 15:28:53,Active,0.295,0.362,2,0
2024-11-27 15:28:53,Active,0.320,0.071,2,0
2024-11-27 15:28:53,Active,0.307,0.330,2,0
2024-11-27 15:28:53,Active,0.322,0.302,2,0
2024-11-27 15:28:53,Active,0.340,0.342,2,0
2024-11-27 15:28:53,Active,0.268,0.105,2,0
2024-11-27 15:28:53,Active,0.357,0.334,2,0
2024-11-27 15:28:53,Active,0.297,0.026,2,0
2024-11-27 15:28:53,Active,0.365,0.328,2,0
2024-11-27 15:28:53,Active,0.253,0.169,2,0
2024-11-27 15:28:53,Active,0.388,0.338,2,0
2024-11-27 15:28:53,Active,0.309,0.192,2,0
2024-11-27 15:28:53,Active,0.394,0.338,2,0
2024-11-27 15:28:53,Active,0.223,0.045,2,0
2024-11-27 15:28:54,Active,0.382,0.346,2,0
2024-11-27 15:28:54,Active,0.254,0.095,2,0
2024-11-27 15:28:54,Active,0.388,0.348,2,0
2024-11-27 15:28:54,Active,0.244,0.107,2,0
2024-11-27 15:28:54,Active,0.257,0.210,2,0
2024-11-27 15:28:54,Active,0.391,0.382,2,0
2024-11-27 15:28:54,Active,0.393,0.377,2,0
2024-11-27 15:28:54,Active,0.246,0.100,2,0
2024-11-27 15:28:54,Active,0.420,0.368,2,0
2024-11-27 15:28:54,Active,0.259,0.034,2,0
2024-11-27 15:28:54,Active,0.420,0.357,2,0
2024-11-27 15:28:54,Active,0.293,0.083,2,0
2024-11-27 15:28:54,Active,0.421,0.391,2,0
2024-11-27 15:28:54,Active,0.417,0.378,2,0
2024-11-27 15:28:54,Active,0.289,0.377,2,0
2024-11-27 15:28:54,Active,0.389,0.368,2,0
2024-11-27 15:28:54,Active,0.377,0.362,2,0
2024-11-27 15:28:54,Active,0.396,0.398,2,0
2024-11-27 15:28:54,Active,0.422,0.410,2,0
2024-11-27 15:28:54,Active,0.330,0.369,2,0
2024-11-27 15:28:54,Active,0.409,0.377,2,0
2024-11-27 15:28:54,Active,0.430,0.390,2,0
2024-11-27 15:28:54,Active,0.415,0.389,2,0
2024-11-27 15:28:54,Active,0.397,0.385,2,0
2024-11-27 15:28:54,Active,0.409,0.375,2,0
2024-11-27 15:28:54,Active,0.395,0.389,2,0
2024-11-27 15:28:54,Active,0.394,0.378,2,0
2024-11-27 15:28:54,Active,0.394,0.375,2,0
2024-11-27 15:28:54,Active,0.389,0.389,2,0
2024-11-27 15:28:54,Active,0.375,0.387,2,0
2024-11-27 15:28:54,Active,0.374,0.382,2,0
2024-11-27 15:28:54,Active,0.392,0.394,2,0
2024-11-27 15:28:54,Active,0.385,0.389,2,0
2024-11-27 15:28:54,Active,0.395,0.368,2,0
2024-11-27 15:28:54,Active,0.401,0.375,2,0
2024-11-27 15:28:54,Active,0.400,0.388,2,0
2024-11-27 15:28:54,Active,0.387,0.391,2,0
2024-11-27 15:28:54,Active,0.400,0.389,2,0
2024-11-27 15:28:55,Active,0.394,0.394,2,0
2024-11-27 15:28:55,Active,0.405,0.396,2,0
2024-11-27 15:28:55,Active,0.386,0.403,2,0
2024-11-27 15:28:55,Active,0.401,0.403,2,0
2024-11-27 15:28:55,Active,0.399,0.409,2,0
2024-11-27 15:28:55,Active,0.398,0.416,2,0
2024-11-27 15:28:55,Active,0.379,0.403,2,0
2024-11-27 15:28:55,Active,0.399,0.410,2,0
2024-11-27 15:28:55,Active,0.380,0.403,2,0
2024-11-27 15:28:55,Active,0.377,0.310,2,0
2024-11-27 15:28:55,Active,0.391,0.396,2,0
2024-11-27 15:28:55,Active,0.341,0.352,2,0
2024-11-27 15:28:55,Active,0.383,0.408,2,0
2024-11-27 15:28:55,Active,0.383,0.403,2,0
2024-11-27 15:28:55,Active,0.324,0.396,2,0
2024-11-27 15:28:55,Active,0.186,0.397,2,0
2024-11-27 15:28:55,Active,0.126,0.384,2,0
2024-11-27 15:28:55,SLEEPING !!!,0.102,0.384,2,0
2024-11-27 15:28:55,SLEEPING !!!,0.109,0.384,2,0
2024-11-27 15:28:55,SLEEPING !!!,0.134,0.365,2,0
2024-11-27 15:28:55,SLEEPING !!!,0.120,0.389,2,0
2024-11-27 15:28:55,SLEEPING !!!,0.122,0.377,2,0
2024-11-27 15:28:55,SLEEPING !!!,0.109,0.370,2,0
2024-11-27 15:28:55,SLEEPING !!!,0.108,0.363,2,0
2024-11-27 15:28:55,SLEEPING !!!,0.130,0.365,2,0
2024-11-27 15:28:55,SLEEPING !!!,0.124,0.372,2,0
2024-11-27 15:28:55,SLEEPING !!!,0.141,0.372,2,0
2024-11-27 15:28:55,SLEEPING !!!,0.139,0.385,2,0
2024-11-27 15:28:55,SLEEPING !!!,0.155,0.372,2,0
2024-11-27 15:28:55,SLEEPING !!!,0.111,0.373,2,0
2024-11-27 15:28:55,SLEEPING !!!,0.124,0.380,2,0
2024-11-27 15:28:55,SLEEPING !!!,0.145,0.392,2,0
2024-11-27 15:28:56,Active,0.267,0.386,3,0
2024-11-27 15:28:56,Active,0.383,0.318,3,0
2024-11-27 15:28:56,Active,0.311,0.392,3,0
2024-11-27 15:28:56,Active,0.335,0.317,3,0
2024-11-27 15:28:56,Active,0.341,0.393,3,0
2024-11-27 15:28:56,Active,0.349,0.327,3,0
2024-11-27 15:28:56,Active,0.348,0.406,3,0
2024-11-27 15:28:56,Active,0.338,0.313,3,0
2024-11-27 15:28:56,Active,0.344,0.399,3,0
2024-11-27 15:28:56,Active,0.340,0.330,3,0
2024-11-27 15:28:56,Active,0.334,0.393,3,0
2024-11-27 15:28:56,Active,0.377,0.360,3,0
2024-11-27 15:28:56,Active,0.337,0.399,3,0
2024-11-27 15:28:56,Active,0.303,0.292,3,0
2024-11-27 15:28:56,Active,0.329,0.399,3,0
2024-11-27 15:28:56,Active,0.327,0.285,3,0
2024-11-27 15:28:56,Active,0.316,0.405,3,0
2024-11-27 15:28:56,Active,0.317,0.288,3,0
2024-11-27 15:28:56,Active,0.331,0.394,3,0
2024-11-27 15:28:56,Active,0.314,0.229,3,0
2024-11-27 15:28:56,Active,0.330,0.406,3,0
2024-11-27 15:28:56,Active,0.325,0.367,3,0
2024-11-27 15:28:56,Active,0.310,0.420,3,0
2024-11-27 15:28:56,Active,0.350,0.387,3,0
2024-11-27 15:28:56,Active,0.324,0.419,3,0
2024-11-27 15:28:56,Active,0.342,0.367,3,0
2024-11-27 15:28:56,Active,0.313,0.414,3,0
2024-11-27 15:28:56,Active,0.308,0.441,3,0
2024-11-27 15:28:56,Active,0.316,0.420,3,0
2024-11-27 15:28:56,Active,0.281,0.367,3,0
2024-11-27 15:28:56,Active,0.329,0.420,3,0
2024-11-27 15:28:56,Active,0.313,0.412,3,0
2024-11-27 15:28:56,Active,0.322,0.413,3,0
2024-11-27 15:28:56,Active,0.286,0.373,3,0
2024-11-27 15:28:56,Active,0.334,0.420,3,0
2024-11-27 15:28:56,Active,0.287,0.336,3,0
2024-11-27 15:28:56,Active,0.334,0.405,3,0
2024-11-27 15:28:56,Active,0.269,0.375,3,0
2024-11-27 15:28:56,Active,0.328,0.413,3,0
2024-11-27 15:28:56,Active,0.278,0.339,3,0
2024-11-27 15:28:56,Active,0.335,0.420,3,0
2024-11-27 15:28:56,Active,0.315,0.417,3,0
2024-11-27 15:28:56,Active,0.325,0.439,3,0
2024-11-27 15:28:56,Active,0.328,0.392,3,0
2024-11-27 15:28:56,Active,0.339,0.439,3,0
2024-11-27 15:28:56,Active,0.313,0.415,3,0
2024-11-27 15:28:56,Active,0.339,0.445,3,0
2024-11-27 15:28:56,Active,0.342,0.424,3,0
2024-11-27 15:28:56,Active,0.337,0.465,3,0
2024-11-27 15:28:56,Active,0.315,0.461,3,0
2024-11-27 15:28:56,Active,0.344,0.507,3,0
2024-11-27 15:28:56,Active,0.350,0.592,3,0
2024-11-27 15:28:56,Active,0.321,0.536,3,0
2024-11-27 15:28:56,Active,0.339,0.607,3,0
2024-11-27 15:28:56,Active,0.341,0.609,3,0
2024-11-27 15:28:57,Active,0.338,0.686,3,0
2024-11-27 15:28:57,Active,0.331,0.706,3,0
2024-11-27 15:28:57,Active,0.341,0.632,3,0
2024-11-27 15:28:57,Active,0.277,0.032,3,0
2024-11-27 15:28:57,Active,0.314,0.694,3,0
2024-11-27 15:28:57,Active,0.311,0.719,3,0
2024-11-27 15:28:57,Active,0.294,0.769,3,0
2024-11-27 15:28:57,Active,0.311,0.708,3,0
2024-11-27 15:28:57,Active,0.289,0.792,3,0
2024-11-27 15:28:57,Active,0.291,0.779,3,0
2024-11-27 15:28:57,Active,0.317,0.749,3,0
2024-11-27 15:28:57,Active,0.303,0.095,3,0
2024-11-27 15:28:57,Active,0.314,0.780,3,0
2024-11-27 15:28:57,Active,0.331,0.454,3,0
2024-11-27 15:28:57,Active,0.300,0.864,3,0
2024-11-27 15:28:57,Active,0.295,0.861,3,0
2024-11-27 15:28:57,Active,0.281,0.832,3,0
2024-11-27 15:28:57,Active,0.292,0.808,3,0
2024-11-27 15:28:57,Active,0.254,0.830,3,0
2024-11-27 15:28:57,Active,0.274,0.786,3,0
2024-11-27 15:28:57,Active,0.271,0.782,3,0
2024-11-27 15:28:57,Active,0.344,0.458,3,0
2024-11-27 15:28:57,Active,0.291,0.803,3,0
2024-11-27 15:28:57,Active,0.278,0.805,3,0
2024-11-27 15:28:57,Active,0.273,0.824,3,0
2024-11-27 15:28:57,Active,0.264,0.777,3,0
2024-11-27 15:28:57,Active,0.279,0.777,3,0
2024-11-27 15:28:57,Active,0.271,0.817,3,0
2024-11-27 15:28:57,Active,0.271,0.877,3,0
2024-11-27 15:28:57,Active,0.235,0.862,3,0
2024-11-27 15:28:57,Active,0.168,0.892,3,0
2024-11-27 15:28:57,SLEEPING !!!,0.177,0.901,3,0
2024-11-27 15:28:57,SLEEPING !!!,0.169,0.894,3,0
2024-11-27 15:28:57,SLEEPING !!!,0.179,0.879,3,0
2024-11-27 15:28:58,SLEEPING !!!,0.181,0.920,3,0
2024-11-27 15:28:58,SLEEPING !!!,0.209,0.893,3,0
2024-11-27 15:28:58,SLEEPING !!!,0.220,0.903,3,1
2024-11-27 15:28:58,SLEEPING !!!,0.223,0.854,3,1
2024-11-27 15:28:58,SLEEPING !!!,0.221,0.803,3,1
2024-11-27 15:28:58,SLEEPING !!!,0.239,0.823,3,1
2024-11-27 15:28:58,SLEEPING !!!,0.228,0.820,3,1
2024-11-27 15:28:58,SLEEPING !!!,0.235,0.870,3,1
2024-11-27 15:28:58,SLEEPING !!!,0.242,0.861,3,1
2024-11-27 15:28:58,SLEEPING !!!,0.247,0.807,3,1
2024-11-27 15:28:58,Active,0.257,0.879,4,1
2024-11-27 15:28:58,Active,0.239,0.871,4,1
2024-11-27 15:28:58,Active,0.228,0.810,4,1
2024-11-27 15:28:58,SLEEPING !!!,0.250,0.812,4,1
2024-11-27 15:28:58,Active,0.256,0.893,5,1
2024-11-27 15:28:58,Active,0.253,0.878,5,1
2024-11-27 15:28:58,Active,0.239,0.803,5,1
2024-11-27 15:28:58,Active,0.250,0.837,5,1
2024-11-27 15:28:58,SLEEPING !!!,0.246,0.716,5,1
2024-11-27 15:28:58,Active,0.258,0.724,6,1
2024-11-27 15:28:58,Active,0.242,0.586,6,1
2024-11-27 15:28:58,Active,0.250,0.667,6,1
2024-11-27 15:28:58,Active,0.261,0.606,6,1
2024-11-27 15:28:58,Active,0.239,0.574,6,1
2024-11-27 15:28:58,Active,0.247,0.576,6,1
2024-11-27 15:28:58,SLEEPING !!!,0.248,0.520,6,1
2024-11-27 15:28:58,SLEEPING !!!,0.246,0.494,6,1
2024-11-27 15:28:58,SLEEPING !!!,0.228,0.455,6,1
2024-11-27 15:28:58,SLEEPING !!!,0.242,0.423,6,1
2024-11-27 15:28:58,Active,0.250,0.410,7,1
2024-11-27 15:28:59,Active,0.235,0.409,7,1
2024-11-27 15:28:59,Active,0.264,0.385,7,1
2024-11-27 15:28:59,Active,0.251,0.383,7,1
2024-11-27 15:28:59,Active,0.253,0.383,7,1
2024-11-27 15:28:59,Active,0.261,0.396,7,1
2024-11-27 15:28:59,Active,0.264,0.358,7,1
2024-11-27 15:28:59,Active,0.279,0.369,7,1
2024-11-27 15:28:59,Active,0.278,0.276,7,1
2024-11-27 15:28:59,Active,0.286,0.375,7,1
2024-11-27 15:28:59,Active,0.227,0.433,7,1
2024-11-27 15:28:59,Active,0.312,0.388,7,1
2024-11-27 15:28:59,Active,0.249,0.371,7,1
2024-11-27 15:28:59,Active,0.327,0.407,7,1
2024-11-27 15:28:59,Active,0.248,0.544,7,1
2024-11-27 15:28:59,Active,0.329,0.382,7,1
2024-11-27 15:28:59,Active,0.291,0.415,7,1
2024-11-27 15:28:59,Active,0.338,0.382,7,1
2024-11-27 15:28:59,Active,0.270,0.508,7,1
2024-11-27 15:28:59,Active,0.366,0.381,7,1
2024-11-27 15:28:59,Active,0.285,0.527,7,1
2024-11-27 15:28:59,Active,0.372,0.400,7,1
2024-11-27 15:28:59,Active,0.284,0.434,7,1
2024-11-27 15:28:59,Active,0.375,0.393,7,1
2024-11-27 15:28:59,Active,0.289,0.389,7,1
2024-11-27 15:28:59,Active,0.389,0.387,7,1
2024-11-27 15:28:59,Active,0.253,0.395,7,1
2024-11-27 15:28:59,Active,0.376,0.401,7,1
2024-11-27 15:28:59,Active,0.249,0.393,7,1
2024-11-27 15:28:59,Active,0.387,0.409,7,1
2024-11-27 15:28:59,Active,0.278,0.395,7,1
2024-11-27 15:28:59,Active,0.402,0.406,7,1
2024-11-27 15:28:59,Active,0.261,0.363,7,1
2024-11-27 15:28:59,Active,0.437,0.409,7,1
2024-11-27 15:28:59,Active,0.224,0.529,7,1
2024-11-27 15:28:59,Active,0.378,0.403,7,1
2024-11-27 15:28:59,Active,0.304,0.508,7,1
2024-11-27 15:28:59,Active,0.392,0.403,7,1
2024-11-27 15:28:59,Active,0.265,0.508,7,1
2024-11-27 15:28:59,Active,0.435,0.415,7,1
2024-11-27 15:28:59,Active,0.261,0.458,7,1
2024-11-27 15:28:59,Active,0.392,0.428,7,1
2024-11-27 15:28:59,Active,0.265,0.367,7,1
2024-11-27 15:28:59,Active,0.429,0.414,7,1
2024-11-27 15:28:59,Active,0.265,0.395,7,1
2024-11-27 15:28:59,Active,0.418,0.408,7,1
2024-11-27 15:28:59,Active,0.254,0.504,7,1
2024-11-27 15:28:59,Active,0.410,0.389,7,1
2024-11-27 15:28:59,Active,0.291,0.375,7,1
2024-11-27 15:28:59,Active,0.428,0.403,7,1
2024-11-27 15:28:59,Active,0.292,0.394,7,1
2024-11-27 15:28:59,Active,0.410,0.403,7,1
2024-11-27 15:28:59,Active,0.281,0.487,7,1
2024-11-27 15:28:59,Active,0.390,0.416,7,1
2024-11-27 15:28:59,Active,0.287,0.528,7,1
2024-11-27 15:29:00,Active,0.395,0.416,7,1
2024-11-27 15:29:00,Active,0.262,0.312,7,1
2024-11-27 15:29:00,Active,0.421,0.404,7,1
2024-11-27 15:29:00,Active,0.269,0.522,7,1
2024-11-27 15:29:00,Active,0.416,0.409,7,1
2024-11-27 15:29:00,Active,0.272,0.547,7,1
2024-11-27 15:29:00,Active,0.440,0.409,7,1
2024-11-27 15:29:00,Active,0.253,0.415,7,1
2024-11-27 15:29:00,Active,0.386,0.397,7,1
2024-11-27 15:29:00,Active,0.270,0.546,7,1
2024-11-27 15:29:00,Active,0.417,0.404,7,1
2024-11-27 15:29:00,Active,0.243,0.503,7,1
2024-11-27 15:29:00,Active,0.397,0.396,7,1
2024-11-27 15:29:00,Active,0.251,0.524,7,1
2024-11-27 15:29:00,Active,0.423,0.409,7,1
2024-11-27 15:29:00,Active,0.228,0.524,7,1
2024-11-27 15:29:00,Active,0.404,0.404,7,1
2024-11-27 15:29:00,Active,0.289,0.286,7,1
2024-11-27 15:29:00,Active,0.416,0.409,7,1
2024-11-27 15:29:00,Active,0.288,0.523,7,1
2024-11-27 15:29:00,Active,0.410,0.403,7,1
2024-11-27 15:29:00,Active,0.279,0.548,7,1
2024-11-27 15:29:00,Active,0.410,0.414,7,1
2024-11-27 15:29:00,Active,0.282,0.552,7,1
2024-11-27 15:29:00,Active,0.401,0.422,7,1
2024-11-27 15:29:00,Active,0.306,0.527,7,1
2024-11-27 15:29:00,Active,0.410,0.428,7,1
2024-11-27 15:29:00,Active,0.302,0.552,7,1
2024-11-27 15:29:00,Active,0.403,0.434,7,1
2024-11-27 15:29:00,Active,0.265,0.258,7,1
2024-11-27 15:29:00,Active,0.372,0.428,7,1
2024-11-27 15:29:00,Active,0.262,0.311,7,1
2024-11-27 15:29:00,Active,0.411,0.428,7,1
2024-11-27 15:29:00,Active,0.301,0.574,7,1
2024-11-27 15:29:00,Active,0.395,0.422,7,1
2024-11-27 15:29:00,Active,0.314,0.531,7,1
2024-11-27 15:29:00,Active,0.386,0.416,7,1
2024-11-27 15:29:00,Active,0.310,0.531,7,1
2024-11-27 15:29:00,Active,0.363,0.410,7,1
2024-11-27 15:29:00,Active,0.245,0.258,7,1
2024-11-27 15:29:00,Active,0.384,0.409,7,1
2024-11-27 15:29:00,Active,0.288,0.248,7,1
2024-11-27 15:29:00,Active,0.395,0.414,7,1
2024-11-27 15:29:00,Active,0.310,0.607,7,1
2024-11-27 15:29:00,Active,0.370,0.409,7,1
2024-11-27 15:29:00,Active,0.275,0.277,7,1
2024-11-27 15:29:00,Active,0.395,0.416,7,1
2024-11-27 15:29:00,Active,0.286,0.578,7,1
2024-11-27 15:29:00,Active,0.356,0.421,7,1
2024-11-27 15:29:00,Active,0.290,0.573,7,1
2024-11-27 15:29:00,Active,0.408,0.396,7,1
2024-11-27 15:29:00,Active,0.317,0.607,7,1
2024-11-27 15:29:00,Active,0.383,0.409,7,1
2024-11-27 15:29:00,Active,0.270,0.527,7,1
2024-11-27 15:29:00,Active,0.401,0.409,7,1
2024-11-27 15:29:00,Active,0.329,0.573,7,1
2024-11-27 15:29:00,Active,0.383,0.409,7,1
2024-11-27 15:29:00,Active,0.301,0.577,7,1
2024-11-27 15:29:00,Active,0.397,0.409,7,1
2024-11-27 15:29:00,Active,0.297,0.523,7,1
2024-11-27 15:29:00,Active,0.379,0.409,7,1
2024-11-27 15:29:00,Active,0.294,0.578,7,1
2024-11-27 15:29:01,Active,0.381,0.402,7,1
2024-11-27 15:29:01,Active,0.309,0.583,7,1
2024-11-27 15:29:01,Active,0.382,0.403,7,1
2024-11-27 15:29:01,Active,0.317,0.573,7,1
2024-11-27 15:29:01,Active,0.367,0.403,7,1
2024-11-27 15:29:01,Active,0.288,0.602,7,1
2024-11-27 15:29:01,Active,0.374,0.403,7,1
2024-11-27 15:29:01,Active,0.325,0.546,7,1
2024-11-27 15:29:01,Active,0.374,0.409,7,1
2024-11-27 15:29:01,Active,0.307,0.551,7,1
2024-11-27 15:29:01,Active,0.389,0.396,7,1
2024-11-27 15:29:01,Active,0.345,0.577,7,1
2024-11-27 15:29:01,Active,0.383,0.403,7,1
2024-11-27 15:29:01,Active,0.286,0.583,7,1
2024-11-27 15:29:01,Active,0.389,0.398,7,1
2024-11-27 15:29:01,Active,0.286,0.601,7,1
2024-11-27 15:29:01,Active,0.376,0.390,7,1
2024-11-27 15:29:01,Active,0.292,0.574,7,1
2024-11-27 15:29:01,Active,0.366,0.409,7,1
2024-11-27 15:29:01,Active,0.286,0.573,7,1
2024-11-27 15:29:01,Active,0.318,0.385,7,1
2024-11-27 15:29:01,Active,0.265,0.578,7,1
2024-11-27 15:29:01,Active,0.243,0.384,7,1
2024-11-27 15:29:01,Active,0.282,0.530,7,1
2024-11-27 15:29:01,Active,0.146,0.372,7,1
2024-11-27 15:29:01,Active,0.294,0.601,7,1
2024-11-27 15:29:01,Active,0.121,0.372,7,1
2024-11-27 15:29:01,Active,0.310,0.578,7,1
2024-11-27 15:29:01,Active,0.105,0.383,7,1
2024-11-27 15:29:01,Active,0.306,0.558,7,1
2024-11-27 15:29:01,Active,0.169,0.391,7,1
2024-11-27 15:29:01,Active,0.250,0.553,7,1
2024-11-27 15:29:01,SLEEPING !!!,0.142,0.391,7,1
2024-11-27 15:29:01,Active,0.258,0.269,8,1
2024-11-27 15:29:01,Active,0.103,0.379,8,1
2024-11-27 15:29:01,Active,0.325,0.550,8,1
2024-11-27 15:29:01,Active,0.093,0.377,8,1
2024-11-27 15:29:01,Active,0.315,0.522,8,1
2024-11-27 15:29:01,Active,0.112,0.385,8,1
2024-11-27 15:29:01,Active,0.307,0.569,8,1
2024-11-27 15:29:01,Active,0.086,0.372,8,1
2024-11-27 15:29:01,Active,0.293,0.504,8,1
2024-11-27 15:29:01,Active,0.131,0.372,8,1
2024-11-27 15:29:01,Active,0.275,0.544,8,1
2024-11-27 15:29:01,Active,0.184,0.383,8,1
2024-11-27 15:29:01,Active,0.236,0.395,8,1
2024-11-27 15:29:01,Active,0.280,0.377,8,1
2024-11-27 15:29:01,Active,0.301,0.391,8,1
2024-11-27 15:29:01,Active,0.339,0.154,8,1
2024-11-27 15:29:01,Active,0.294,0.390,8,1
2024-11-27 15:29:01,Active,0.283,0.385,8,1
2024-11-27 15:29:01,Active,0.302,0.385,8,1
2024-11-27 15:29:01,Active,0.310,0.390,8,1
2024-11-27 15:29:02,Active,0.322,0.402,8,1
2024-11-27 15:29:02,Active,0.320,0.403,8,1
2024-11-27 15:29:02,Active,0.341,0.396,8,1
2024-11-27 15:29:02,Active,0.365,0.396,8,1
2024-11-27 15:29:02,Active,0.349,0.409,8,1
2024-11-27 15:29:02,Active,0.348,0.396,8,1
2024-11-27 15:29:02,Active,0.348,0.398,8,1
2024-11-27 15:29:02,Active,0.349,0.409,8,1
2024-11-27 15:29:02,Active,0.359,0.384,8,1
2024-11-27 15:29:02,Active,0.376,0.398,8,1
2024-11-27 15:29:02,Active,0.380,0.396,8,1
2024-11-27 15:29:02,Active,0.353,0.403,8,1
2024-11-27 15:29:02,Active,0.326,0.551,8,1
2024-11-27 15:29:02,Active,0.353,0.404,8,1
2024-11-27 15:29:02,Active,0.343,0.500,8,1
2024-11-27 15:29:02,Active,0.381,0.390,8,1
2024-11-27 15:29:02,Active,0.345,0.574,8,1
2024-11-27 15:29:02,Active,0.376,0.415,8,1
2024-11-27 15:29:02,Active,0.301,0.528,8,1
2024-11-27 15:29:02,Active,0.376,0.409,8,1
2024-11-27 15:29:02,Active,0.368,0.403,8,1
2024-11-27 15:29:02,Active,0.362,0.396,8,1
2024-11-27 15:29:02,Active,0.327,0.523,8,1
2024-11-27 15:29:02,Active,0.356,0.403,8,1
2024-11-27 15:29:02,Active,0.284,0.552,8,1
2024-11-27 15:29:02,Active,0.352,0.416,8,1
2024-11-27 15:29:02,Active,0.306,0.458,8,1
2024-11-27 15:29:02,Active,0.359,0.398,8,1
2024-11-27 15:29:02,Active,0.281,0.520,8,1
2024-11-27 15:29:02,Active,0.353,0.396,8,1
2024-11-27 15:29:02,Active,0.332,0.503,8,1
2024-11-27 15:29:02,Active,0.341,0.408,8,1
2024-11-27 15:29:02,Active,0.317,0.521,8,1
2024-11-27 15:29:02,Active,0.350,0.402,8,1
2024-11-27 15:29:02,Active,0.347,0.403,8,1
2024-11-27 15:29:02,Active,0.295,0.550,8,1
2024-11-27 15:29:02,Active,0.347,0.403,8,1
2024-11-27 15:29:02,Active,0.334,0.520,8,1
2024-11-27 15:29:02,Active,0.352,0.396,8,1
2024-11-27 15:29:02,Active,0.289,0.484,8,1
2024-11-27 15:29:02,Active,0.352,0.390,8,1
2024-11-27 15:29:02,Active,0.348,0.385,8,1
2024-11-27 15:29:02,Active,0.298,0.527,8,1
2024-11-27 15:29:02,Active,0.345,0.395,8,1
2024-11-27 15:29:02,Active,0.325,0.571,8,1
2024-11-27 15:29:03,Active,0.359,0.403,8,1
2024-11-27 15:29:03,Active,0.307,0.437,8,1
2024-11-27 15:29:03,Active,0.355,0.396,8,1
2024-11-27 15:29:03,Active,0.308,0.509,8,1
2024-11-27 15:29:03,Active,0.300,0.403,8,1
2024-11-27 15:29:03,Active,0.326,0.544,8,1
2024-11-27 15:29:03,Active,0.189,0.372,8,1
2024-11-27 15:29:03,Active,0.285,0.529,8,1
2024-11-27 15:29:03,Active,0.141,0.374,8,1
2024-11-27 15:29:03,Active,0.296,0.484,8,1
2024-11-27 15:29:03,Active,0.159,0.385,8,1
2024-11-27 15:29:03,Active,0.272,0.500,8,1
2024-11-27 15:29:03,Active,0.121,0.372,8,1
2024-11-27 15:29:03,Active,0.121,0.372,8,1
2024-11-27 15:29:03,Active,0.304,0.504,8,1
2024-11-27 15:29:03,Active,0.125,0.383,8,1
2024-11-27 15:29:03,Active,0.324,0.541,8,1
2024-11-27 15:29:03,Active,0.128,0.383,8,1
2024-11-27 15:29:03,Active,0.291,0.484,8,1
2024-11-27 15:29:03,Active,0.138,0.390,8,1
2024-11-27 15:29:03,Active,0.304,0.519,8,1
2024-11-27 15:29:03,Active,0.159,0.385,8,1
2024-11-27 15:29:03,Active,0.128,0.380,8,1
2024-11-27 15:29:03,SLEEPING !!!,0.171,0.396,8,1
2024-11-27 15:29:03,Active,0.327,0.129,9,1
2024-11-27 15:29:03,Active,0.221,0.372,9,1
2024-11-27 15:29:03,Active,0.308,0.138,9,1
2024-11-27 15:29:03,Active,0.267,0.390,9,1
2024-11-27 15:29:03,Active,0.317,0.136,9,1
2024-11-27 15:29:03,Active,0.286,0.395,9,1
2024-11-27 15:29:03,Active,0.294,0.053,9,1
2024-11-27 15:29:03,Active,0.295,0.380,9,1
2024-11-27 15:29:03,Active,0.300,0.037,9,1
2024-11-27 15:29:03,Active,0.307,0.404,9,1
2024-11-27 15:29:03,Active,0.285,0.149,9,1
2024-11-27 15:29:03,Active,0.308,0.383,9,1
2024-11-27 15:29:03,Active,0.278,0.363,9,1
2024-11-27 15:29:03,Active,0.307,0.390,9,1
2024-11-27 15:29:03,Active,0.239,0.333,9,1
2024-11-27 15:29:03,Active,0.332,0.409,9,1
2024-11-27 15:29:03,Active,0.301,0.130,9,1
2024-11-27 15:29:03,Active,0.346,0.391,9,1
2024-11-27 15:29:03,Active,0.372,0.036,9,1
2024-11-27 15:29:03,Active,0.325,0.390,9,1
2024-11-27 15:29:03,Active,0.258,0.321,9,1
2024-11-27 15:29:03,Active,0.341,0.383,9,1
2024-11-27 15:29:03,Active,0.296,0.211,9,1
2024-11-27 15:29:03,Active,0.343,0.403,9,1
2024-11-27 15:29:03,Active,0.246,0.404,9,1
2024-11-27 15:29:03,Active,0.345,0.390,9,1
2024-11-27 15:29:03,Active,0.296,0.181,9,1
2024-11-27 15:29:03,Active,0.354,0.385,9,1
2024-11-27 15:29:03,Active,0.325,0.192,9,1
2024-11-27 15:29:03,Active,0.348,0.403,9,1
2024-11-27 15:29:03,Active,0.347,0.205,9,1
2024-11-27 15:29:03,Active,0.343,0.410,9,1
2024-11-27 15:29:03,Active,0.317,0.131,9,1
2024-11-27 15:29:04,Active,0.348,0.396,9,1
2024-11-27 15:29:04,Active,0.313,0.205,9,1
2024-11-27 15:29:04,Active,0.349,0.403,9,1
2024-11-27 15:29:04,Active,0.329,0.180,9,1
2024-11-27 15:29:04,Active,0.356,0.404,9,1
2024-11-27 15:29:04,Active,0.307,0.180,9,1
2024-11-27 15:29:04,Active,0.363,0.403,9,1
2024-11-27 15:29:04,Active,0.332,0.220,9,1
2024-11-27 15:29:04,Active,0.369,0.404,9,1
2024-11-27 15:29:04,Active,0.333,0.184,9,1
2024-11-27 15:29:04,Active,0.376,0.398,9,1
2024-11-27 15:29:04,Active,0.336,0.210,9,1
2024-11-27 15:29:04,Active,0.376,0.396,9,1
2024-11-27 15:29:04,Active,0.332,0.205,9,1
2024-11-27 15:29:04,Active,0.368,0.391,9,1
2024-11-27 15:29:04,Active,0.265,0.359,9,1
2024-11-27 15:29:04,Active,0.365,0.391,9,1
2024-11-27 15:29:04,Active,0.344,0.220,9,1
2024-11-27 15:29:04,Active,0.377,0.398,9,1
2024-11-27 15:29:04,Active,0.330,0.141,9,1
2024-11-27 15:29:04,Active,0.369,0.396,9,1
2024-11-27 15:29:04,Active,0.280,0.446,9,1
2024-11-27 15:29:04,Active,0.364,0.403,9,1
2024-11-27 15:29:04,Active,0.351,0.122,9,1
2024-11-27 15:29:04,Active,0.366,0.402,9,1
2024-11-27 15:29:04,Active,0.329,0.122,9,1
2024-11-27 15:29:04,Active,0.368,0.403,9,1
2024-11-27 15:29:04,Active,0.367,0.071,9,1
2024-11-27 15:29:04,Active,0.353,0.391,9,1
2024-11-27 15:29:04,Active,0.336,0.122,9,1
2024-11-27 15:29:04,Active,0.349,0.391,9,1
2024-11-27 15:29:04,Active,0.351,0.086,9,1
2024-11-27 15:29:04,Active,0.338,0.391,9,1
2024-11-27 15:29:04,Active,0.329,0.151,9,1
2024-11-27 15:29:04,Active,0.344,0.398,9,1
2024-11-27 15:29:04,Active,0.305,0.141,9,1
2024-11-27 15:29:04,Active,0.369,0.403,9,1
2024-11-27 15:29:04,Active,0.346,0.080,9,1
2024-11-27 15:29:04,Active,0.343,0.391,9,1
2024-11-27 15:29:04,Active,0.339,0.149,9,1
2024-11-27 15:29:04,Active,0.368,0.409,9,1
2024-11-27 15:29:04,Active,0.280,0.351,9,1
2024-11-27 15:29:04,Active,0.378,0.409,9,1
2024-11-27 15:29:04,Active,0.329,0.086,9,1
2024-11-27 15:29:04,Active,0.355,0.402,9,1
2024-11-27 15:29:04,Active,0.292,0.345,9,1
2024-11-27 15:29:04,Active,0.363,0.409,9,1
2024-11-27 15:29:04,Active,0.261,0.322,9,1
2024-11-27 15:29:04,Active,0.351,0.409,9,1
2024-11-27 15:29:04,Active,0.295,0.161,9,1
2024-11-27 15:29:04,Active,0.349,0.396,9,1
2024-11-27 15:29:04,Active,0.187,0.348,9,1
2024-11-27 15:29:04,Active,0.292,0.391,9,1
2024-11-27 15:29:04,Active,0.276,0.141,9,1
2024-11-27 15:29:04,Active,0.181,0.386,9,1
2024-11-27 15:29:04,Active,0.257,0.341,9,1
2024-11-27 15:29:04,Active,0.131,0.409,9,1
2024-11-27 15:29:04,Active,0.237,0.310,9,1
2024-11-27 15:29:04,SLEEPING !!!,0.113,0.374,9,1
2024-11-27 15:29:04,SLEEPING !!!,0.249,0.322,9,1
2024-11-27 15:29:05,SLEEPING !!!,0.118,0.390,9,1
2024-11-27 15:29:05,Active,0.280,0.382,10,1
2024-11-27 15:29:05,Active,0.122,0.380,10,1
2024-11-27 15:29:05,Active,0.329,0.038,10,1
2024-11-27 15:29:05,Active,0.126,0.385,10,1
2024-11-27 15:29:05,Active,0.372,0.133,10,1
2024-11-27 15:29:05,Active,0.153,0.398,10,1
2024-11-27 15:29:05,Active,0.288,0.338,10,1
2024-11-27 15:29:05,Active,0.169,0.398,10,1
2024-11-27 15:29:05,Active,0.288,0.370,10,1
2024-11-27 15:29:05,Active,0.178,0.385,10,1
2024-11-27 15:29:05,Active,0.331,0.149,10,1
2024-11-27 15:29:05,Active,0.334,0.185,10,1
2024-11-27 15:29:05,Active,0.167,0.391,10,1
2024-11-27 15:29:05,Active,0.329,0.249,10,1
2024-11-27 15:29:05,Active,0.129,0.385,10,1
2024-11-27 15:29:05,Active,0.341,0.274,10,1
2024-11-27 15:29:05,Active,0.129,0.380,10,1
2024-11-27 15:29:05,Active,0.338,0.312,10,1
2024-11-27 15:29:05,Active,0.154,0.391,10,1
2024-11-27 15:29:05,Active,0.342,0.336,10,1
2024-11-27 15:29:05,Active,0.233,0.385,10,1
2024-11-27 15:29:05,Active,0.342,0.384,10,1
2024-11-27 15:29:05,Active,0.279,0.396,10,1
2024-11-27 15:29:05,Active,0.322,0.345,10,1
2024-11-27 15:29:05,Active,0.295,0.403,10,1
2024-11-27 15:29:05,Active,0.336,0.362,10,1
2024-11-27 15:29:05,Active,0.312,0.385,10,1
2024-11-27 15:29:05,Active,0.357,0.387,10,1
2024-11-27 15:29:05,Active,0.311,0.391,10,1
2024-11-27 15:29:05,Active,0.329,0.386,10,1
2024-11-27 15:29:05,Active,0.321,0.403,10,1
2024-11-27 15:29:05,Active,0.329,0.396,10,1
2024-11-27 15:29:05,Active,0.326,0.414,10,1
2024-11-27 15:29:05,Active,0.331,0.396,10,1
2024-11-27 15:29:05,Active,0.325,0.402,10,1
2024-11-27 15:29:05,Active,0.366,0.410,10,1
2024-11-27 15:29:05,Active,0.349,0.396,10,1
2024-11-27 15:29:05,Active,0.329,0.432,10,1
2024-11-27 15:29:05,Active,0.342,0.390,10,1
2024-11-27 15:29:05,Active,0.380,0.427,10,1
2024-11-27 15:29:05,Active,0.349,0.396,10,1
2024-11-27 15:29:05,Active,0.342,0.452,10,1
2024-11-27 15:29:05,Active,0.348,0.390,10,1
2024-11-27 15:29:05,Active,0.344,0.411,10,1
2024-11-27 15:29:05,Active,0.325,0.403,10,1
2024-11-27 15:29:05,Active,0.317,0.432,10,1
2024-11-27 15:29:05,Active,0.343,0.409,10,1
2024-11-27 15:29:05,Active,0.324,0.408,10,1
2024-11-27 15:29:05,Active,0.341,0.408,10,1
2024-11-27 15:29:05,Active,0.318,0.412,10,1
2024-11-27 15:29:05,Active,0.348,0.396,10,1
2024-11-27 15:29:05,Active,0.290,0.456,10,1
2024-11-27 15:29:05,Active,0.343,0.396,10,1
2024-11-27 15:29:05,Active,0.347,0.414,10,1
2024-11-27 15:29:05,Active,0.345,0.395,10,1
2024-11-27 15:29:05,Active,0.311,0.456,10,1
2024-11-27 15:29:05,Active,0.327,0.403,10,1
2024-11-27 15:29:05,Active,0.329,0.435,10,1
2024-11-27 15:29:05,Active,0.341,0.390,10,1
2024-11-27 15:29:06,Active,0.330,0.456,10,1
2024-11-27 15:29:06,Active,0.327,0.408,10,1
2024-11-27 15:29:06,Active,0.357,0.480,10,1
2024-11-27 15:29:06,Active,0.352,0.409,10,1
2024-11-27 15:29:06,Active,0.391,0.480,10,1
2024-11-27 15:29:06,Active,0.362,0.396,10,1
2024-11-27 15:29:06,Active,0.366,0.500,10,1
2024-11-27 15:29:06,Active,0.356,0.396,10,1
2024-11-27 15:29:06,Active,0.319,0.456,10,1
2024-11-27 15:29:06,Active,0.359,0.415,10,1
2024-11-27 15:29:06,Active,0.348,0.456,10,1
2024-11-27 15:29:06,Active,0.350,0.402,10,1
2024-11-27 15:29:06,Active,0.363,0.478,10,1
2024-11-27 15:29:06,Active,0.343,0.402,10,1
2024-11-27 15:29:06,Active,0.368,0.501,10,1
2024-11-27 15:29:06,Active,0.343,0.403,10,1
2024-11-27 15:29:06,Active,0.326,0.483,10,1
2024-11-27 15:29:06,Active,0.358,0.396,10,1
2024-11-27 15:29:06,Active,0.336,0.507,10,1
2024-11-27 15:29:06,Active,0.349,0.397,10,1
2024-11-27 15:29:06,Active,0.331,0.504,10,1
2024-11-27 15:29:06,Active,0.350,0.403,10,1
2024-11-27 15:29:06,Active,0.351,0.504,10,1
2024-11-27 15:29:06,Active,0.349,0.415,10,1
2024-11-27 15:29:06,Active,0.326,0.504,10,1
2024-11-27 15:29:06,Active,0.356,0.390,10,1
2024-11-27 15:29:06,Active,0.387,0.510,10,1
2024-11-27 15:29:06,Active,0.364,0.416,10,1
2024-11-27 15:29:06,Active,0.311,0.583,10,1
2024-11-27 15:29:06,Active,0.349,0.411,10,1
2024-11-27 15:29:06,Active,0.371,0.587,10,1
2024-11-27 15:29:06,Active,0.319,0.398,10,1
2024-11-27 15:29:06,Active,0.354,0.558,10,1
2024-11-27 15:29:06,Active,0.275,0.398,10,1
2024-11-27 15:29:06,Active,0.386,0.581,10,1
2024-11-27 15:29:06,Active,0.244,0.398,10,1
2024-11-27 15:29:06,Active,0.294,0.553,10,1
2024-11-27 15:29:06,Active,0.191,0.404,10,1
2024-11-27 15:29:06,Active,0.307,0.496,10,1
2024-11-27 15:29:06,Active,0.120,0.414,10,1
2024-11-27 15:29:06,Active,0.311,0.506,10,1
2024-11-27 15:29:06,Active,0.153,0.399,10,1
2024-11-27 15:29:06,Active,0.387,0.553,10,1
2024-11-27 15:29:06,Active,0.130,0.391,10,1
2024-11-27 15:29:06,Active,0.297,0.525,10,1
2024-11-27 15:29:06,Active,0.110,0.390,10,1
2024-11-27 15:29:06,Active,0.315,0.530,10,1
2024-11-27 15:29:06,Active,0.099,0.385,10,1
2024-11-27 15:29:06,Active,0.329,0.555,10,1
2024-11-27 15:29:06,Active,0.107,0.396,10,1
2024-11-27 15:29:06,Active,0.356,0.555,10,1
2024-11-27 15:29:06,Active,0.106,0.385,10,1
2024-11-27 15:29:06,Active,0.321,0.501,10,1
2024-11-27 15:29:06,Active,0.097,0.385,10,1
2024-11-27 15:29:06,Active,0.330,0.535,10,1
2024-11-27 15:29:06,Active,0.091,0.385,10,1
2024-11-27 15:29:06,Active,0.351,0.582,10,1
2024-11-27 15:29:06,Active,0.106,0.403,10,1
2024-11-27 15:29:06,Active,0.351,0.583,10,1
2024-11-27 15:29:06,Active,0.098,0.390,10,1
2024-11-27 15:29:07,Active,0.348,0.562,10,1
2024-11-27 15:29:07,Active,0.099,0.398,10,1
2024-11-27 15:29:07,Active,0.363,0.587,10,1
2024-11-27 15:29:07,Active,0.098,0.403,10,1
2024-11-27 15:29:07,Active,0.321,0.581,10,1
2024-11-27 15:29:07,Active,0.097,0.398,10,1
2024-11-27 15:29:07,Active,0.375,0.632,10,1
2024-11-27 15:29:07,Active,0.144,0.398,10,1
2024-11-27 15:29:07,Active,0.344,0.577,10,1
2024-11-27 15:29:07,Active,0.169,0.398,10,1
2024-11-27 15:29:07,Active,0.319,0.612,10,1
2024-11-27 15:29:07,Active,0.200,0.404,10,1
2024-11-27 15:29:07,Active,0.354,0.638,10,1
2024-11-27 15:29:07,Active,0.258,0.403,10,1
2024-11-27 15:29:07,Active,0.326,0.632,10,1
2024-11-27 15:29:07,Active,0.279,0.409,10,1
2024-11-27 15:29:07,Active,0.373,0.607,10,1
2024-11-27 15:29:07,Active,0.316,0.403,10,1
2024-11-27 15:29:07,Active,0.366,0.612,10,1
2024-11-27 15:29:07,Active,0.311,0.398,10,1
2024-11-27 15:29:07,Active,0.334,0.558,10,1
2024-11-27 15:29:07,Active,0.325,0.403,10,1
2024-11-27 15:29:07,Active,0.330,0.607,10,1
2024-11-27 15:29:07,Active,0.337,0.409,10,1
2024-11-27 15:29:07,Active,0.346,0.555,10,1
2024-11-27 15:29:07,Active,0.323,0.411,10,1
2024-11-27 15:29:07,Active,0.375,0.582,10,1
2024-11-27 15:29:07,Active,0.328,0.403,10,1
2024-11-27 15:29:07,Active,0.338,0.554,10,1
2024-11-27 15:29:07,Active,0.337,0.416,10,1
2024-11-27 15:29:07,Active,0.338,0.553,10,1
2024-11-27 15:29:07,Active,0.329,0.403,10,1
2024-11-27 15:29:07,Active,0.293,0.555,10,1
2024-11-27 15:29:07,Active,0.343,0.410,10,1
2024-11-27 15:29:07,Active,0.327,0.553,10,1
2024-11-27 15:29:07,Active,0.336,0.406,10,1
2024-11-27 15:29:07,Active,0.322,0.555,10,1
2024-11-27 15:29:07,Active,0.362,0.422,10,1
2024-11-27 15:29:07,Active,0.353,0.550,10,1
2024-11-27 15:29:07,Active,0.341,0.398,10,1
2024-11-27 15:29:07,Active,0.346,0.528,10,1
2024-11-27 15:29:07,Active,0.333,0.411,10,1
2024-11-27 15:29:07,Active,0.314,0.525,10,1
2024-11-27 15:29:07,Active,0.349,0.396,10,1
2024-11-27 15:29:07,Active,0.311,0.582,10,1
2024-11-27 15:29:07,Active,0.355,0.412,10,1
2024-11-27 15:29:07,Active,0.368,0.548,10,1
2024-11-27 15:29:07,Active,0.343,0.411,10,1
2024-11-27 15:29:07,Active,0.371,0.525,10,1
2024-11-27 15:29:07,Active,0.347,0.404,10,1
2024-11-27 15:29:07,Active,0.346,0.535,10,1
2024-11-27 15:29:07,Active,0.349,0.404,10,1
2024-11-27 15:29:07,Active,0.346,0.552,10,1
2024-11-27 15:29:07,Active,0.357,0.416,10,1
2024-11-27 15:29:07,Active,0.318,0.550,10,1
2024-11-27 15:29:07,Active,0.362,0.428,10,1
2024-11-27 15:29:07,Active,0.322,0.558,10,1
2024-11-27 15:29:07,Active,0.333,0.409,10,1
2024-11-27 15:29:07,Active,0.347,0.554,10,1
2024-11-27 15:29:07,Active,0.356,0.428,10,1
2024-11-27 15:29:08,Active,0.328,0.550,10,1
2024-11-27 15:29:08,Active,0.349,0.422,10,1
2024-11-27 15:29:08,Active,0.295,0.552,10,1
2024-11-27 15:29:08,Active,0.343,0.418,10,1
2024-11-27 15:29:08,Active,0.336,0.550,10,1
2024-11-27 15:29:08,Active,0.338,0.422,10,1
2024-11-27 15:29:08,Active,0.330,0.510,10,1
2024-11-27 15:29:08,Active,0.337,0.423,10,1
2024-11-27 15:29:08,Active,0.306,0.507,10,1
2024-11-27 15:29:08,Active,0.341,0.416,10,1
2024-11-27 15:29:08,Active,0.351,0.554,10,1
2024-11-27 15:29:08,Active,0.351,0.417,10,1
2024-11-27 15:29:08,Active,0.333,0.583,10,1
2024-11-27 15:29:08,Active,0.358,0.416,10,1
2024-11-27 15:29:08,Active,0.375,0.502,10,1
2024-11-27 15:29:08,Active,0.349,0.428,10,1
2024-11-27 15:29:08,Active,0.363,0.530,10,1
2024-11-27 15:29:08,Active,0.364,0.409,10,1
2024-11-27 15:29:08,Active,0.331,0.525,10,1
2024-11-27 15:29:08,Active,0.379,0.416,10,1
2024-11-27 15:29:08,Active,0.365,0.554,10,1
2024-11-27 15:29:08,Active,0.389,0.422,10,1
2024-11-27 15:29:08,Active,0.345,0.582,10,1
2024-11-27 15:29:08,Active,0.392,0.422,10,1
2024-11-27 15:29:08,Active,0.360,0.578,10,1
2024-11-27 15:29:08,Active,0.379,0.422,10,1
2024-11-27 15:29:08,Active,0.375,0.551,10,1
2024-11-27 15:29:08,Active,0.390,0.410,10,1
2024-11-27 15:29:08,Active,0.291,0.530,10,1
2024-11-27 15:29:08,Active,0.392,0.429,10,1
2024-11-27 15:29:08,Active,0.322,0.581,10,1
2024-11-27 15:29:08,Active,0.372,0.411,10,1
2024-11-27 15:29:08,Active,0.276,0.551,10,1
2024-11-27 15:29:08,Active,0.398,0.417,10,1
2024-11-27 15:29:08,Active,0.298,0.510,10,1
2024-11-27 15:29:08,Active,0.385,0.422,10,1
2024-11-27 15:29:08,Active,0.321,0.500,10,1
2024-11-27 15:29:08,Active,0.379,0.417,10,1
2024-11-27 15:29:08,Active,0.295,0.506,10,1
2024-11-27 15:29:08,Active,0.378,0.422,10,1
2024-11-27 15:29:08,Active,0.299,0.500,10,1
2024-11-27 15:29:08,Active,0.384,0.422,10,1
2024-11-27 15:29:08,Active,0.334,0.525,10,1
2024-11-27 15:29:08,Active,0.364,0.410,10,1
2024-11-27 15:29:08,Active,0.295,0.500,10,1
2024-11-27 15:29:08,Active,0.384,0.422,10,1
2024-11-27 15:29:08,Active,0.325,0.536,10,1
2024-11-27 15:29:08,Active,0.379,0.416,10,1
2024-11-27 15:29:08,Active,0.277,0.525,10,1
2024-11-27 15:29:08,Active,0.353,0.416,10,1
2024-11-27 15:29:08,Active,0.309,0.525,10,1
2024-11-27 15:29:08,Active,0.378,0.405,10,1
2024-11-27 15:29:08,Active,0.272,0.501,10,1
2024-11-27 15:29:08,Active,0.383,0.417,10,1
2024-11-27 15:29:08,Active,0.318,0.545,10,1
2024-11-27 15:29:08,Active,0.358,0.411,10,1
2024-11-27 15:29:08,Active,0.283,0.521,10,1
2024-11-27 15:29:08,Active,0.370,0.398,10,1
2024-11-27 15:29:08,Active,0.298,0.504,10,1
2024-11-27 15:29:08,Active,0.376,0.404,10,1
2024-11-27 15:29:09,Active,0.281,0.482,10,1
2024-11-27 15:29:09,Active,0.370,0.404,10,1
2024-11-27 15:29:09,Active,0.294,0.452,10,1
2024-11-27 15:29:09,Active,0.349,0.421,10,1
2024-11-27 15:29:09,Active,0.297,0.456,10,1
2024-11-27 15:29:09,Active,0.311,0.411,10,1
2024-11-27 15:29:09,Active,0.278,0.428,10,1
2024-11-27 15:29:09,Active,0.213,0.409,10,1
2024-11-27 15:29:09,Active,0.140,0.411,10,1
2024-11-27 15:29:09,Active,0.284,0.347,10,1
2024-11-27 15:29:09,Active,0.132,0.393,10,1
2024-11-27 15:29:09,Active,0.285,0.428,10,1
2024-11-27 15:29:09,Active,0.297,0.452,10,1
2024-11-27 15:29:09,Active,0.137,0.403,10,1
2024-11-27 15:29:09,Active,0.295,0.356,10,1
2024-11-27 15:29:09,Active,0.151,0.398,10,1
2024-11-27 15:29:09,Active,0.275,0.374,10,1
2024-11-27 15:29:09,Active,0.176,0.416,10,1
2024-11-27 15:29:09,Active,0.146,0.398,10,1
2024-11-27 15:29:09,SLEEPING !!!,0.247,0.293,10,1
2024-11-27 15:29:09,SLEEPING !!!,0.135,0.404,10,1
2024-11-27 15:29:09,Active,0.308,0.399,11,1
2024-11-27 15:29:09,Active,0.141,0.406,11,1
2024-11-27 15:29:09,Active,0.315,0.357,11,1
2024-11-27 15:29:09,Active,0.280,0.396,11,1
2024-11-27 15:29:09,Active,0.156,0.403,11,1
2024-11-27 15:29:09,Active,0.143,0.398,11,1
2024-11-27 15:29:09,Active,0.306,0.336,11,1
2024-11-27 15:29:09,Active,0.170,0.393,11,1
2024-11-27 15:29:09,Active,0.279,0.197,11,1
2024-11-27 15:29:09,Active,0.184,0.403,11,1
2024-11-27 15:29:09,Active,0.300,0.370,11,1
2024-11-27 15:29:09,Active,0.195,0.411,11,1
2024-11-27 15:29:09,Active,0.276,0.390,11,1
2024-11-27 15:29:09,Active,0.215,0.409,11,1
2024-11-27 15:29:09,Active,0.246,0.323,11,1
2024-11-27 15:29:09,SLEEPING !!!,0.230,0.404,11,1
2024-11-27 15:29:09,SLEEPING !!!,0.227,0.349,11,1
2024-11-27 15:29:09,SLEEPING !!!,0.181,0.398,11,1
2024-11-27 15:29:09,SLEEPING !!!,0.228,0.205,11,1
2024-11-27 15:29:09,SLEEPING !!!,0.147,0.393,11,1
2024-11-27 15:29:09,SLEEPING !!!,0.214,0.220,11,1
2024-11-27 15:29:09,SLEEPING !!!,0.204,0.398,11,1
2024-11-27 15:29:09,Active,0.314,0.179,12,1
2024-11-27 15:29:09,Active,0.244,0.405,12,1
2024-11-27 15:29:09,Active,0.292,0.388,12,1
2024-11-27 15:29:09,Active,0.268,0.405,12,1
2024-11-27 15:29:09,Active,0.304,0.396,12,1
2024-11-27 15:29:09,Active,0.277,0.406,12,1
2024-11-27 15:29:09,Active,0.289,0.416,12,1
2024-11-27 15:29:09,Active,0.290,0.382,12,1
2024-11-27 15:29:09,Active,0.312,0.422,12,1
2024-11-27 15:29:09,Active,0.292,0.405,12,1
2024-11-27 15:29:09,Active,0.313,0.388,12,1
2024-11-27 15:29:09,Active,0.298,0.416,12,1
2024-11-27 15:29:09,Active,0.291,0.387,12,1
2024-11-27 15:29:09,Active,0.306,0.409,12,1
2024-11-27 15:29:09,Active,0.291,0.416,12,1
2024-11-27 15:29:09,Active,0.316,0.387,12,1
2024-11-27 15:29:09,Active,0.300,0.417,12,1
2024-11-27 15:29:10,Active,0.294,0.423,12,1
2024-11-27 15:29:10,Active,0.293,0.418,12,1
2024-11-27 15:29:10,Active,0.283,0.423,12,1
2024-11-27 15:29:10,Active,0.289,0.388,12,1
2024-11-27 15:29:10,Active,0.291,0.417,12,1
2024-11-27 15:29:10,Active,0.315,0.416,12,1
2024-11-27 15:29:10,Active,0.298,0.421,12,1
2024-11-27 15:29:10,Active,0.278,0.374,12,1
2024-11-27 15:29:10,Active,0.311,0.412,12,1
2024-11-27 15:29:10,Active,0.281,0.377,12,1
2024-11-27 15:29:10,Active,0.296,0.398,12,1
2024-11-27 15:29:10,Active,0.340,0.400,12,1
2024-11-27 15:29:10,Active,0.287,0.417,12,1
2024-11-27 15:29:10,Active,0.287,0.375,12,1
2024-11-27 15:29:10,Active,0.301,0.422,12,1
2024-11-27 15:29:10,Active,0.274,0.467,12,1
2024-11-27 15:29:10,Active,0.294,0.398,12,1
2024-11-27 15:29:10,Active,0.239,0.403,12,1
2024-11-27 15:29:10,Active,0.312,0.435,12,1
2024-11-27 15:29:10,Active,0.293,0.366,12,1
2024-11-27 15:29:10,Active,0.310,0.428,12,1
2024-11-27 15:29:10,Active,0.278,0.403,12,1
2024-11-27 15:29:10,Active,0.307,0.422,12,1
2024-11-27 15:29:10,Active,0.289,0.400,12,1
2024-11-27 15:29:10,Active,0.314,0.429,12,1
2024-11-27 15:29:10,Active,0.290,0.433,12,1
2024-11-27 15:29:10,Active,0.301,0.422,12,1
2024-11-27 15:29:10,Active,0.278,0.400,12,1
2024-11-27 15:29:10,Active,0.307,0.418,12,1
2024-11-27 15:29:10,Active,0.257,0.403,12,1
2024-11-27 15:29:10,Active,0.304,0.409,12,1
2024-11-27 15:29:10,Active,0.313,0.400,12,1
2024-11-27 15:29:10,Active,0.312,0.416,12,1
2024-11-27 15:29:10,Active,0.300,0.400,12,1
2024-11-27 15:29:10,Active,0.314,0.434,12,1
2024-11-27 15:29:10,Active,0.336,0.432,12,1
2024-11-27 15:29:10,Active,0.306,0.411,12,1
2024-11-27 15:29:10,Active,0.315,0.427,12,1
2024-11-27 15:29:10,Active,0.303,0.423,12,1
2024-11-27 15:29:10,Active,0.327,0.433,12,1
2024-11-27 15:29:10,Active,0.307,0.417,12,1
2024-11-27 15:29:10,Active,0.333,0.388,12,1
2024-11-27 15:29:10,Active,0.299,0.422,12,1
2024-11-27 15:29:10,Active,0.318,0.357,12,1
2024-11-27 15:29:10,Active,0.311,0.434,12,1
2024-11-27 15:29:10,Active,0.285,0.432,12,1
2024-11-27 15:29:10,Active,0.305,0.428,12,1
2024-11-27 15:29:10,Active,0.389,0.356,12,1
2024-11-27 15:29:10,Active,0.327,0.434,12,1
2024-11-27 15:29:10,Active,0.313,0.385,12,1
2024-11-27 15:29:10,Active,0.321,0.429,12,1
2024-11-27 15:29:10,Active,0.301,0.308,12,1
2024-11-27 15:29:10,Active,0.312,0.416,12,1
2024-11-27 15:29:10,Active,0.306,0.236,12,1
2024-11-27 15:29:10,Active,0.316,0.424,12,1
2024-11-27 15:29:10,Active,0.365,0.214,12,1
2024-11-27 15:29:10,Active,0.316,0.409,12,1
2024-11-27 15:29:10,Active,0.369,0.199,12,1
2024-11-27 15:29:10,Active,0.316,0.430,12,1
2024-11-27 15:29:10,Active,0.363,0.236,12,1
2024-11-27 15:29:11,Active,0.318,0.423,12,1
2024-11-27 15:29:11,Active,0.306,0.321,12,1
2024-11-27 15:29:11,Active,0.314,0.403,12,1
2024-11-27 15:29:11,Active,0.350,0.342,12,1
2024-11-27 15:29:11,Active,0.318,0.428,12,1
2024-11-27 15:29:11,Active,0.317,0.308,12,1
2024-11-27 15:29:11,Active,0.316,0.434,12,1
2024-11-27 15:29:11,Active,0.278,0.291,12,1
2024-11-27 15:29:11,Active,0.327,0.423,12,1
2024-11-27 15:29:11,Active,0.340,0.228,12,1
2024-11-27 15:29:11,Active,0.327,0.410,12,1
2024-11-27 15:29:11,Active,0.292,0.266,12,1
2024-11-27 15:29:11,Active,0.323,0.429,12,1
2024-11-27 15:29:11,Active,0.365,0.256,12,1
2024-11-27 15:29:11,Active,0.329,0.416,12,1
2024-11-27 15:29:11,Active,0.319,0.253,12,1
2024-11-27 15:29:11,Active,0.310,0.398,12,1
2024-11-27 15:29:11,Active,0.306,0.292,12,1
2024-11-27 15:29:11,Active,0.307,0.416,12,1
2024-11-27 15:29:11,Active,0.369,0.212,12,1
2024-11-27 15:29:11,Active,0.316,0.399,12,1
2024-11-27 15:29:11,Active,0.306,0.249,12,1
2024-11-27 15:29:11,Active,0.272,0.398,12,1
2024-11-27 15:29:11,Active,0.335,0.249,12,1
2024-11-27 15:29:11,Active,0.176,0.403,12,1
2024-11-27 15:29:11,Active,0.341,0.250,12,1
2024-11-27 15:29:11,Active,0.166,0.408,12,1
2024-11-27 15:29:11,Active,0.324,0.289,12,1
2024-11-27 15:29:11,Active,0.136,0.404,12,1
2024-11-27 15:29:11,Active,0.305,0.291,12,1
2024-11-27 15:29:11,Active,0.160,0.403,12,1
2024-11-27 15:29:11,Active,0.323,0.231,12,1
2024-11-27 15:29:11,Active,0.122,0.405,12,1
2024-11-27 15:29:11,Active,0.290,0.307,12,1
2024-11-27 15:29:11,Active,0.146,0.416,12,1
2024-11-27 15:29:11,Active,0.338,0.321,12,1
2024-11-27 15:29:11,Active,0.147,0.411,12,1
2024-11-27 15:29:11,Active,0.362,0.231,12,1
2024-11-27 15:29:11,Active,0.130,0.398,12,1
2024-11-27 15:29:11,Active,0.348,0.275,12,1
2024-11-27 15:29:11,Active,0.173,0.398,12,1
2024-11-27 15:29:11,Active,0.328,0.357,12,1
2024-11-27 15:29:11,Active,0.237,0.409,12,1
2024-11-27 15:29:11,Active,0.323,0.429,12,1
2024-11-27 15:29:11,Active,0.271,0.422,12,1
2024-11-27 15:29:11,Active,0.309,0.427,12,1
2024-11-27 15:29:11,Active,0.291,0.429,12,1
2024-11-27 15:29:11,Active,0.352,0.430,12,1
2024-11-27 15:29:11,Active,0.287,0.429,12,1
2024-11-27 15:29:11,Active,0.309,0.395,12,1
2024-11-27 15:29:11,Active,0.288,0.429,12,1
2024-11-27 15:29:11,Active,0.265,0.312,12,1
2024-11-27 15:29:11,Active,0.312,0.416,12,1
2024-11-27 15:29:11,Active,0.327,0.427,12,1
2024-11-27 15:29:11,Active,0.327,0.416,12,1
2024-11-27 15:29:11,Active,0.278,0.395,12,1
2024-11-27 15:29:11,Active,0.327,0.422,12,1
2024-11-27 15:29:11,Active,0.301,0.325,12,1
2024-11-27 15:29:11,Active,0.318,0.428,12,1
2024-11-27 15:29:11,Active,0.291,0.356,12,1
2024-11-27 15:29:12,Active,0.323,0.422,12,1
2024-11-27 15:29:12,Active,0.245,0.254,12,1
2024-11-27 15:29:12,Active,0.329,0.417,12,1
2024-11-27 15:29:12,Active,0.283,0.333,12,1
2024-11-27 15:29:12,Active,0.316,0.416,12,1
2024-11-27 15:29:12,Active,0.284,0.466,12,1
2024-11-27 15:29:12,Active,0.300,0.421,12,1
2024-11-27 15:29:12,Active,0.235,0.466,12,1
2024-11-27 15:29:12,Active,0.321,0.422,12,1
2024-11-27 15:29:12,Active,0.235,0.442,12,1
2024-11-27 15:29:12,Active,0.307,0.416,12,1
2024-11-27 15:29:12,Active,0.254,0.422,12,1
2024-11-27 15:29:12,Active,0.321,0.422,12,1
2024-11-27 15:29:12,Active,0.260,0.310,12,1
2024-11-27 15:29:12,Active,0.327,0.423,12,1
2024-11-27 15:29:12,Active,0.266,0.424,12,1
2024-11-27 15:29:12,Active,0.327,0.422,12,1
2024-11-27 15:29:12,Active,0.331,0.077,12,1
2024-11-27 15:29:12,Active,0.303,0.422,12,1
2024-11-27 15:29:12,Active,0.300,0.469,12,1
2024-11-27 15:29:12,Active,0.320,0.428,12,1
2024-11-27 15:29:12,Active,0.305,0.480,12,1
2024-11-27 15:29:12,Active,0.314,0.428,12,1
2024-11-27 15:29:12,Active,0.302,0.458,12,1
2024-11-27 15:29:12,Active,0.332,0.428,12,1
2024-11-27 15:29:12,Active,0.263,0.396,12,1
2024-11-27 15:29:12,Active,0.314,0.416,12,1
2024-11-27 15:29:12,Active,0.328,0.474,12,1
2024-11-27 15:29:12,Active,0.328,0.441,12,1
2024-11-27 15:29:12,Active,0.325,0.358,12,1
2024-11-27 15:29:12,Active,0.321,0.416,12,1
2024-11-27 15:29:12,Active,0.288,0.362,12,1
2024-11-27 15:29:12,Active,0.314,0.416,12,1
2024-11-27 15:29:12,Active,0.285,0.335,12,1
2024-11-27 15:29:12,Active,0.314,0.416,12,1
2024-11-27 15:29:12,Active,0.280,0.366,12,1
2024-11-27 15:29:12,Active,0.308,0.416,12,1
2024-11-27 15:29:12,Active,0.314,0.389,12,1
2024-11-27 15:29:12,Active,0.328,0.416,12,1
2024-11-27 15:29:12,Active,0.343,0.408,12,1
2024-11-27 15:29:12,Active,0.321,0.422,12,1
2024-11-27 15:29:12,Active,0.341,0.306,12,1
2024-11-27 15:29:12,Active,0.321,0.435,12,1
2024-11-27 15:29:12,Active,0.325,0.277,12,1
2024-11-27 15:29:12,Active,0.329,0.416,12,1
2024-11-27 15:29:12,Active,0.378,0.404,12,1
2024-11-27 15:29:12,Active,0.321,0.423,12,1
2024-11-27 15:29:12,Active,0.392,0.460,12,1
2024-11-27 15:29:12,Active,0.329,0.421,12,1
2024-11-27 15:29:12,Active,0.356,0.494,12,1
2024-11-27 15:29:12,Active,0.331,0.416,12,1
2024-11-27 15:29:12,Active,0.354,0.432,12,1
2024-11-27 15:29:12,Active,0.303,0.423,12,1
2024-11-27 15:29:12,Active,0.383,0.543,12,1
2024-11-27 15:29:12,Active,0.325,0.417,12,1
2024-11-27 15:29:12,Active,0.366,0.420,12,1
2024-11-27 15:29:12,Active,0.323,0.428,12,1
2024-11-27 15:29:12,Active,0.386,0.429,12,1
2024-11-27 15:29:12,Active,0.317,0.422,12,1
2024-11-27 15:29:12,Active,0.410,0.519,12,1
2024-11-27 15:29:13,Active,0.331,0.422,12,1
2024-11-27 15:29:13,Active,0.400,0.494,12,1
2024-11-27 15:29:13,Active,0.316,0.423,12,1
2024-11-27 15:29:13,Active,0.406,0.381,12,1
2024-11-27 15:29:13,Active,0.327,0.423,12,1
2024-11-27 15:29:13,Active,0.341,0.298,12,1
2024-11-27 15:29:13,Active,0.328,0.417,12,1
2024-11-27 15:29:13,Active,0.399,0.360,12,1
2024-11-27 15:29:13,Active,0.326,0.416,12,1
2024-11-27 15:29:13,Active,0.336,0.500,12,1
2024-11-27 15:29:13,Active,0.318,0.422,12,1
2024-11-27 15:29:13,Active,0.334,0.474,12,1
2024-11-27 15:29:13,Active,0.337,0.408,12,1
2024-11-27 15:29:13,Active,0.291,0.067,12,1
2024-11-27 15:29:13,Active,0.346,0.428,12,1
2024-11-27 15:29:13,Active,0.339,0.555,12,1
2024-11-27 15:29:13,Active,0.341,0.421,12,1
2024-11-27 15:29:13,Active,0.336,0.431,12,1
2024-11-27 15:29:13,Active,0.341,0.416,12,1
2024-11-27 15:29:13,Active,0.354,0.214,12,1
2024-11-27 15:29:13,Active,0.346,0.422,12,1
2024-11-27 15:29:13,Active,0.332,0.247,12,1
2024-11-27 15:29:13,Active,0.329,0.428,12,1
2024-11-27 15:29:13,Active,0.317,0.304,12,1
2024-11-27 15:29:13,Active,0.349,0.434,12,1
2024-11-27 15:29:13,Active,0.336,0.294,12,1
2024-11-27 15:29:13,Active,0.336,0.421,12,1
2024-11-27 15:29:13,Active,0.326,0.166,12,1
2024-11-27 15:29:13,Active,0.323,0.408,12,1
2024-11-27 15:29:13,Active,0.332,0.530,12,1
2024-11-27 15:29:13,Active,0.334,0.421,12,1
2024-11-27 15:29:13,Active,0.355,0.500,12,1
2024-11-27 15:29:13,Active,0.328,0.407,12,1
2024-11-27 15:29:13,Active,0.334,0.497,12,1
2024-11-27 15:29:13,Active,0.327,0.414,12,1
2024-11-27 15:29:13,Active,0.355,0.479,12,1
2024-11-27 15:29:13,Active,0.325,0.426,12,1
2024-11-27 15:29:13,Active,0.336,0.547,12,1
2024-11-27 15:29:13,Active,0.318,0.420,12,1
2024-11-27 15:29:13,Active,0.363,0.500,12,1
2024-11-27 15:29:13,Active,0.263,0.412,12,1
2024-11-27 15:29:13,Active,0.333,0.159,12,1
2024-11-27 15:29:13,Active,0.274,0.394,12,1
2024-11-27 15:29:13,Active,0.346,0.202,12,1
2024-11-27 15:29:13,Active,0.273,0.411,12,1
2024-11-27 15:29:13,Active,0.355,0.225,12,1
2024-11-27 15:29:13,Active,0.279,0.397,12,1
2024-11-27 15:29:13,Active,0.342,0.520,12,1
2024-11-27 15:29:13,Active,0.280,0.388,12,1
2024-11-27 15:29:13,Active,0.342,0.500,12,1
2024-11-27 15:29:13,Active,0.276,0.387,12,1
2024-11-27 15:29:13,Active,0.371,0.503,12,1
2024-11-27 15:29:13,Active,0.280,0.382,12,1
2024-11-27 15:29:13,Active,0.354,0.567,12,1
2024-11-27 15:29:13,Active,0.255,0.410,12,1
2024-11-27 15:29:13,Active,0.236,0.497,12,1
2024-11-27 15:29:13,Active,0.300,0.396,12,1
2024-11-27 15:29:13,Active,0.242,0.504,12,1
2024-11-27 15:29:13,Active,0.286,0.368,12,1
2024-11-27 15:29:13,Active,0.243,0.568,12,1
2024-11-27 15:29:14,Active,0.298,0.371,12,1
2024-11-27 15:29:14,Active,0.189,0.550,12,1
2024-11-27 15:29:14,Active,0.308,0.351,12,1
2024-11-27 15:29:14,Active,0.292,0.231,12,1
2024-11-27 15:29:14,Active,0.288,0.406,12,1
2024-11-27 15:29:14,Active,0.281,0.319,12,1
2024-11-27 15:29:14,Active,0.282,0.411,12,1
2024-11-27 15:29:14,Active,0.280,0.080,12,1
2024-11-27 15:29:14,Active,0.289,0.413,12,1
2024-11-27 15:29:14,Active,0.281,0.031,12,1
2024-11-27 15:29:14,Active,0.286,0.406,12,1
2024-11-27 15:29:14,Active,0.302,0.000,12,1
2024-11-27 15:29:14,Active,0.274,0.412,12,1
2024-11-27 15:29:14,Active,0.280,0.075,12,1
2024-11-27 15:29:14,Active,0.289,0.393,12,1
2024-11-27 15:29:14,Active,0.293,0.125,12,1
2024-11-27 15:29:14,Active,0.289,0.412,12,1
2024-11-27 15:29:14,Active,0.316,0.429,12,1
2024-11-27 15:29:14,Active,0.274,0.401,12,1
2024-11-27 15:29:14,Active,0.309,0.428,12,1
2024-11-27 15:29:14,Active,0.293,0.401,12,1
2024-11-27 15:29:14,Active,0.350,0.426,12,1
2024-11-27 15:29:14,Active,0.268,0.407,12,1
2024-11-27 15:29:14,Active,0.342,0.429,12,1
2024-11-27 15:29:14,Active,0.278,0.413,12,1
2024-11-27 15:29:14,Active,0.281,0.047,12,1
2024-11-27 15:29:14,Active,0.293,0.408,12,1
2024-11-27 15:29:14,Active,0.294,0.071,12,1
2024-11-27 15:29:14,Active,0.291,0.406,12,1
2024-11-27 15:29:14,Active,0.322,0.000,12,1
2024-11-27 15:29:14,Active,0.290,0.413,12,1
2024-11-27 15:29:14,Active,0.297,0.062,12,1
2024-11-27 15:29:14,Active,0.292,0.413,12,1
2024-11-27 15:29:14,Active,0.366,0.031,12,1
2024-11-27 15:29:14,Active,0.277,0.414,12,1
2024-11-27 15:29:14,Active,0.332,0.347,12,1
2024-11-27 15:29:14,Active,0.292,0.403,12,1
2024-11-27 15:29:14,Active,0.347,0.374,12,1
2024-11-27 15:29:14,Active,0.275,0.414,12,1
2024-11-27 15:29:14,Active,0.336,0.411,12,1
2024-11-27 15:29:14,Active,0.288,0.407,12,1
2024-11-27 15:29:14,Active,0.313,0.380,12,1
2024-11-27 15:29:14,Active,0.285,0.414,12,1
2024-11-27 15:29:14,Active,0.275,0.309,12,1
2024-11-27 15:29:14,Active,0.240,0.433,12,1
2024-11-27 15:29:14,Active,0.288,0.386,12,1
2024-11-27 15:29:14,Active,0.164,0.419,12,1
2024-11-27 15:29:14,Active,0.271,0.375,12,1
2024-11-27 15:29:14,Active,0.104,0.408,12,1
2024-11-27 15:29:14,Active,0.320,0.415,12,1
2024-11-27 15:29:14,Active,0.141,0.420,12,1
2024-11-27 15:29:14,Active,0.291,0.435,12,1
2024-11-27 15:29:14,Active,0.187,0.426,12,1
2024-11-27 15:29:14,Active,0.272,0.358,12,1
2024-11-27 15:29:14,Active,0.213,0.426,12,1
2024-11-27 15:29:14,Active,0.242,0.419,12,1
2024-11-27 15:29:14,Active,0.268,0.433,12,1
2024-11-27 15:29:14,Active,0.335,0.339,12,1
2024-11-27 15:29:15,Active,0.279,0.426,12,1
2024-11-27 15:29:15,Active,0.287,0.426,12,1
2024-11-27 15:29:15,Active,0.290,0.389,12,1
2024-11-27 15:29:15,Active,0.287,0.426,12,1
2024-11-27 15:29:15,Active,0.275,0.336,12,1
2024-11-27 15:29:15,Active,0.301,0.425,12,1
2024-11-27 15:29:15,Active,0.262,0.354,12,1
2024-11-27 15:29:15,Active,0.275,0.419,12,1
2024-11-27 15:29:15,Active,0.287,0.425,12,1
2024-11-27 15:29:15,Active,0.277,0.419,12,1
2024-11-27 15:29:15,Active,0.291,0.419,12,1
2024-11-27 15:29:15,Active,0.291,0.418,12,1
2024-11-27 15:29:15,Active,0.292,0.411,12,1
2024-11-27 15:29:15,Active,0.291,0.425,12,1
2024-11-27 15:29:15,Active,0.275,0.425,12,1
2024-11-27 15:29:15,Active,0.254,0.419,12,1
2024-11-27 15:29:15,Active,0.201,0.431,12,1
2024-11-27 15:29:15,Active,0.146,0.419,12,1
2024-11-27 15:29:15,SLEEPING !!!,0.096,0.411,12,1
2024-11-27 15:29:15,SLEEPING !!!,0.153,0.389,12,1
2024-11-27 15:29:15,SLEEPING !!!,0.212,0.368,12,1
2024-11-27 15:29:15,Active,0.251,0.384,13,1
2024-11-27 15:29:15,Active,0.238,0.362,13,1
2024-11-27 15:29:15,Active,0.260,0.421,13,1
2024-11-27 15:29:15,Active,0.272,0.466,13,1
2024-11-27 15:29:15,Active,0.274,0.428,13,1
2024-11-27 15:29:15,Active,0.190,0.187,13,1
2024-11-27 15:29:15,Active,0.276,0.416,13,1
2024-11-27 15:29:15,Active,0.250,0.210,13,1
2024-11-27 15:29:15,Active,0.206,0.232,13,1
2024-11-27 15:29:15,Active,0.298,0.409,13,1
2024-11-27 15:29:15,Active,0.253,0.280,13,1
2024-11-27 15:29:15,Active,0.291,0.421,13,1
2024-11-27 15:29:15,Active,0.287,0.421,13,1
2024-11-27 15:29:15,Active,0.206,0.252,13,1
2024-11-27 15:29:15,Active,0.288,0.435,13,1
2024-11-27 15:29:15,Active,0.162,0.278,13,1
2024-11-27 15:29:15,Active,0.296,0.422,13,1
2024-11-27 15:29:15,Active,0.196,0.314,13,1
2024-11-27 15:29:15,Active,0.189,0.270,13,1
2024-11-27 15:29:15,Active,0.315,0.434,13,1
2024-11-27 15:29:15,Active,0.188,0.304,13,1
2024-11-27 15:29:15,Active,0.311,0.434,13,1
2024-11-27 15:29:15,Active,0.198,0.277,13,1
2024-11-27 15:29:15,Active,0.313,0.428,13,1
2024-11-27 15:29:16,Active,0.253,0.329,13,1
2024-11-27 15:29:16,Active,0.312,0.435,13,1
2024-11-27 15:29:16,Active,0.194,0.320,13,1
2024-11-27 15:29:16,Active,0.309,0.434,13,1
2024-11-27 15:29:16,Active,0.228,0.330,13,1
2024-11-27 15:29:16,Active,0.336,0.441,13,1
2024-11-27 15:29:16,Active,0.318,0.434,13,1
2024-11-27 15:29:16,Active,0.220,0.331,13,1
2024-11-27 15:29:16,Active,0.329,0.434,13,1
2024-11-27 15:29:16,Active,0.253,0.320,13,1
2024-11-27 15:29:16,Active,0.330,0.441,13,1
2024-11-27 15:29:16,Active,0.218,0.356,13,1
2024-11-27 15:29:16,Active,0.179,0.369,13,1
2024-11-27 15:29:16,Active,0.330,0.447,13,1
2024-11-27 15:29:16,Active,0.212,0.356,13,1
2024-11-27 15:29:16,Active,0.323,0.428,13,1
2024-11-27 15:29:16,Active,0.189,0.353,13,1
2024-11-27 15:29:16,Active,0.349,0.440,13,1
2024-11-27 15:29:16,Active,0.191,0.325,13,1
2024-11-27 15:29:16,Active,0.351,0.448,13,1
2024-11-27 15:29:16,Active,0.227,0.330,13,1
2024-11-27 15:29:16,Active,0.350,0.435,13,1
2024-11-27 15:29:16,Active,0.206,0.352,13,1
2024-11-27 15:29:16,Active,0.383,0.447,13,1
2024-11-27 15:29:16,Active,0.191,0.375,13,1
2024-11-27 15:29:16,Active,0.369,0.448,13,1
2024-11-27 15:29:16,Active,0.249,0.323,13,1
2024-11-27 15:29:16,Active,0.378,0.460,13,1
2024-11-27 15:29:16,Active,0.199,0.310,13,1
2024-11-27 15:29:16,Active,0.403,0.460,13,1
2024-11-27 15:29:16,Active,0.195,0.247,13,1
2024-11-27 15:29:16,Active,0.368,0.441,13,1
2024-11-27 15:29:16,Active,0.243,0.314,13,1
2024-11-27 15:29:16,Active,0.373,0.460,13,1
2024-11-27 15:29:16,Active,0.257,0.307,13,1
2024-11-27 15:29:16,Active,0.385,0.454,13,1
2024-11-27 15:29:16,Active,0.249,0.256,13,1
2024-11-27 15:29:16,Active,0.394,0.448,13,1
2024-11-27 15:29:16,Active,0.248,0.272,13,1
2024-11-27 15:29:16,Active,0.370,0.448,13,1
2024-11-27 15:29:16,Active,0.240,0.263,13,1
2024-11-27 15:29:16,Active,0.367,0.428,13,1
2024-11-27 15:29:16,Active,0.266,0.348,13,1
2024-11-27 15:29:16,Active,0.401,0.453,13,1
2024-11-27 15:29:16,Active,0.217,0.313,13,1
2024-11-27 15:29:16,Active,0.377,0.440,13,1
2024-11-27 15:29:16,Active,0.367,0.447,13,1
2024-11-27 15:29:16,Active,0.216,0.252,13,1
2024-11-27 15:29:16,Active,0.365,0.453,13,1
2024-11-27 15:29:16,Active,0.236,0.361,13,1
2024-11-27 15:29:16,Active,0.213,0.364,13,1
2024-11-27 15:29:16,Active,0.363,0.447,13,1
2024-11-27 15:29:16,Active,0.359,0.453,13,1
2024-11-27 15:29:16,Active,0.239,0.311,13,1
2024-11-27 15:29:16,Active,0.366,0.440,13,1
2024-11-27 15:29:16,Active,0.216,0.272,13,1
2024-11-27 15:29:16,Active,0.372,0.441,13,1
2024-11-27 15:29:16,Active,0.218,0.298,13,1
2024-11-27 15:29:16,Active,0.199,0.282,13,1
2024-11-27 15:29:16,Active,0.357,0.428,13,1
2024-11-27 15:29:17,Active,0.183,0.297,13,1
2024-11-27 15:29:17,Active,0.358,0.439,13,1
2024-11-27 15:29:17,Active,0.340,0.432,13,1
2024-11-27 15:29:17,Active,0.198,0.283,13,1
2024-11-27 15:29:17,Active,0.327,0.446,13,1
2024-11-27 15:29:17,Active,0.153,0.283,13,1
2024-11-27 15:29:17,Active,0.294,0.435,13,1
2024-11-27 15:29:17,Active,0.142,0.289,13,1
2024-11-27 15:29:17,Active,0.287,0.434,13,1
2024-11-27 15:29:17,Active,0.175,0.243,13,1
2024-11-27 15:29:17,Active,0.267,0.434,13,1
2024-11-27 15:29:17,Active,0.181,0.272,13,1
2024-11-27 15:29:17,Active,0.271,0.434,13,1
2024-11-27 15:29:17,Active,0.166,0.243,13,1
2024-11-27 15:29:17,Active,0.282,0.434,13,1
2024-11-27 15:29:17,Active,0.162,0.241,13,1
2024-11-27 15:29:17,Active,0.274,0.432,13,1
2024-11-27 15:29:17,Active,0.268,0.263,13,1
2024-11-27 15:29:17,Active,0.254,0.433,13,1
2024-11-27 15:29:17,Active,0.166,0.425,13,1
2024-11-27 15:29:17,Active,0.194,0.418,13,1
2024-11-27 15:29:17,SLEEPING !!!,0.205,0.299,13,1
2024-11-27 15:29:17,SLEEPING !!!,0.152,0.427,13,1
2024-11-27 15:29:17,SLEEPING !!!,0.179,0.252,13,1
2024-11-27 15:29:17,SLEEPING !!!,0.152,0.426,13,1
2024-11-27 15:29:17,SLEEPING !!!,0.210,0.146,13,1
2024-11-27 15:29:17,SLEEPING !!!,0.184,0.412,13,1
2024-11-27 15:29:17,Active,0.258,0.111,14,1
2024-11-27 15:29:17,Active,0.176,0.426,14,1
2024-11-27 15:29:17,Active,0.235,0.131,14,1
2024-11-27 15:29:17,SLEEPING !!!,0.140,0.417,14,1
2024-11-27 15:29:17,SLEEPING !!!,0.166,0.089,14,1
2024-11-27 15:29:17,SLEEPING !!!,0.138,0.411,14,1
2024-11-27 15:29:17,SLEEPING !!!,0.226,0.397,14,1
2024-11-27 15:29:17,SLEEPING !!!,0.161,0.418,14,1
2024-11-27 15:29:17,SLEEPING !!!,0.243,0.347,14,1
2024-11-27 15:29:17,SLEEPING !!!,0.175,0.410,14,1
2024-11-27 15:29:17,SLEEPING !!!,0.229,0.306,14,1
2024-11-27 15:29:17,SLEEPING !!!,0.197,0.418,14,1
2024-11-27 15:29:17,SLEEPING !!!,0.227,0.268,14,1
2024-11-27 15:29:17,SLEEPING !!!,0.207,0.424,14,1
2024-11-27 15:29:17,SLEEPING !!!,0.149,0.263,14,1
2024-11-27 15:29:17,SLEEPING !!!,0.224,0.411,14,1
2024-11-27 15:29:17,SLEEPING !!!,0.188,0.288,14,1
2024-11-27 15:29:17,SLEEPING !!!,0.234,0.412,14,1
2024-11-27 15:29:17,SLEEPING !!!,0.167,0.238,14,1
2024-11-27 15:29:17,SLEEPING !!!,0.223,0.403,14,1
2024-11-27 15:29:17,SLEEPING !!!,0.171,0.316,14,1
2024-11-27 15:29:17,SLEEPING !!!,0.228,0.411,14,1
2024-11-27 15:29:17,SLEEPING !!!,0.206,0.313,14,1
2024-11-27 15:29:17,SLEEPING !!!,0.239,0.417,14,1
2024-11-27 15:29:17,SLEEPING !!!,0.171,0.264,14,1
2024-11-27 15:29:17,Active,0.254,0.418,15,1
2024-11-27 15:29:17,Active,0.164,0.255,15,1
2024-11-27 15:29:17,Active,0.258,0.417,15,1
2024-11-27 15:29:17,Active,0.245,0.342,15,1
2024-11-27 15:29:17,Active,0.261,0.438,15,1
2024-11-27 15:29:17,Active,0.177,0.095,15,1
2024-11-27 15:29:17,Active,0.269,0.433,15,1
2024-11-27 15:29:17,Active,0.200,0.159,15,1
2024-11-27 15:29:18,Active,0.261,0.431,15,1
2024-11-27 15:29:18,Active,0.178,0.192,15,1
2024-11-27 15:29:18,Active,0.240,0.426,15,1
2024-11-27 15:29:18,SLEEPING !!!,0.206,0.119,15,1
2024-11-27 15:29:18,Active,0.265,0.439,16,1
2024-11-27 15:29:18,Active,0.182,0.050,16,1
2024-11-27 15:29:18,Active,0.258,0.438,16,1
2024-11-27 15:29:18,Active,0.243,0.299,16,1
2024-11-27 15:29:18,Active,0.251,0.437,16,1
2024-11-27 15:29:18,Active,0.215,0.345,16,1
2024-11-27 15:29:18,Active,0.265,0.438,16,1
2024-11-27 15:29:18,Active,0.203,0.256,16,1
2024-11-27 15:29:18,Active,0.279,0.438,16,1
2024-11-27 15:29:18,Active,0.216,0.238,16,1
2024-11-27 15:29:18,Active,0.278,0.430,16,1
2024-11-27 15:29:18,Active,0.272,0.110,16,1
2024-11-27 15:29:18,Active,0.279,0.444,16,1
2024-11-27 15:29:18,Active,0.262,0.093,16,1
2024-11-27 15:29:18,Active,0.283,0.444,16,1
2024-11-27 15:29:18,Active,0.223,0.218,16,1
2024-11-27 15:29:18,Active,0.265,0.444,16,1
2024-11-27 15:29:18,Active,0.272,0.369,16,1
2024-11-27 15:29:18,Active,0.283,0.437,16,1
2024-11-27 15:29:18,Active,0.215,0.327,16,1
2024-11-27 15:29:18,Active,0.282,0.444,16,1
2024-11-27 15:29:18,Active,0.237,0.439,16,1
2024-11-27 15:29:18,Active,0.312,0.437,16,1
2024-11-27 15:29:18,Active,0.234,0.369,16,1
2024-11-27 15:29:18,Active,0.286,0.414,16,1
2024-11-27 15:29:18,Active,0.206,0.297,16,1
2024-11-27 15:29:18,Active,0.300,0.437,16,1
2024-11-27 15:29:18,Active,0.265,0.328,16,1
2024-11-27 15:29:18,Active,0.319,0.416,16,1
2024-11-27 15:29:18,Active,0.272,0.328,16,1
2024-11-27 15:29:18,Active,0.300,0.437,16,1
2024-11-27 15:29:18,Active,0.268,0.298,16,1
2024-11-27 15:29:18,Active,0.319,0.438,16,1
2024-11-27 15:29:18,Active,0.291,0.298,16,1
2024-11-27 15:29:18,Active,0.310,0.431,16,1
2024-11-27 15:29:18,Active,0.247,0.306,16,1
2024-11-27 15:29:18,Active,0.315,0.439,16,1
2024-11-27 15:29:18,Active,0.267,0.292,16,1
2024-11-27 15:29:18,Active,0.314,0.451,16,1
2024-11-27 15:29:18,Active,0.261,0.400,16,1
2024-11-27 15:29:18,Active,0.308,0.443,16,1
2024-11-27 15:29:18,Active,0.262,0.422,16,1
2024-11-27 15:29:18,Active,0.308,0.416,16,1
2024-11-27 15:29:18,Active,0.248,0.438,16,1
2024-11-27 15:29:18,Active,0.289,0.432,16,1
2024-11-27 15:29:18,Active,0.221,0.440,16,1
2024-11-27 15:29:18,Active,0.285,0.433,16,1
2024-11-27 15:29:18,Active,0.255,0.420,16,1
2024-11-27 15:29:18,Active,0.295,0.412,16,1
2024-11-27 15:29:18,Active,0.290,0.416,16,1
2024-11-27 15:29:18,Active,0.309,0.414,16,1
2024-11-27 15:29:18,Active,0.281,0.523,16,1
2024-11-27 15:29:18,Active,0.302,0.433,16,1
2024-11-27 15:29:18,Active,0.268,0.478,16,1
2024-11-27 15:29:18,Active,0.284,0.439,16,1
2024-11-27 15:29:18,Active,0.268,0.542,16,1
2024-11-27 15:29:19,Active,0.268,0.440,16,1
2024-11-27 15:29:19,Active,0.285,0.500,16,1
2024-11-27 15:29:19,Active,0.301,0.427,16,1
2024-11-27 15:29:19,Active,0.300,0.457,16,1
2024-11-27 15:29:19,Active,0.281,0.440,16,1
2024-11-27 15:29:19,Active,0.253,0.483,16,1
2024-11-27 15:29:19,Active,0.293,0.433,16,1
2024-11-27 15:29:19,Active,0.231,0.519,16,1
2024-11-27 15:29:19,Active,0.301,0.439,16,1
2024-11-27 15:29:19,Active,0.283,0.379,16,1
2024-11-27 15:29:19,Active,0.285,0.446,16,1
2024-11-27 15:29:19,Active,0.266,0.503,16,1
2024-11-27 15:29:19,Active,0.288,0.400,16,1
2024-11-27 15:29:19,Active,0.203,0.503,16,1
2024-11-27 15:29:19,Active,0.301,0.434,16,1
2024-11-27 15:29:19,Active,0.260,0.591,16,1
2024-11-27 15:29:19,Active,0.287,0.452,16,1
2024-11-27 15:29:19,Active,0.258,0.527,16,1
2024-11-27 15:29:19,Active,0.304,0.426,16,1
2024-11-27 15:29:19,Active,0.328,0.529,16,1
2024-11-27 15:29:19,Active,0.294,0.452,16,1
2024-11-27 15:29:19,Active,0.323,0.454,16,1
2024-11-27 15:29:19,Active,0.305,0.434,16,1
2024-11-27 15:29:19,Active,0.325,0.556,16,1
2024-11-27 15:29:19,Active,0.306,0.453,16,1
2024-11-27 15:29:19,Active,0.305,0.401,16,1
2024-11-27 15:29:19,Active,0.309,0.452,16,1
2024-11-27 15:29:19,Active,0.299,0.456,16,1
2024-11-27 15:29:19,Active,0.322,0.446,16,1
2024-11-27 15:29:19,Active,0.271,0.318,16,1
2024-11-27 15:29:19,Active,0.301,0.421,16,1
2024-11-27 15:29:19,Active,0.299,0.480,16,1
2024-11-27 15:29:19,Active,0.311,0.440,16,1
2024-11-27 15:29:19,Active,0.301,0.340,16,1
2024-11-27 15:29:19,Active,0.306,0.446,16,1
2024-11-27 15:29:19,Active,0.297,0.597,16,1
2024-11-27 15:29:19,Active,0.302,0.446,16,1
2024-11-27 15:29:19,Active,0.327,0.548,16,1
2024-11-27 15:29:19,Active,0.286,0.445,16,1
2024-11-27 15:29:19,Active,0.308,0.548,16,1
2024-11-27 15:29:19,Active,0.279,0.438,16,1
2024-11-27 15:29:19,Active,0.265,0.462,16,1
2024-11-27 15:29:19,Active,0.296,0.439,16,1
2024-11-27 15:29:19,Active,0.288,0.421,16,1
2024-11-27 15:29:19,Active,0.274,0.215,16,1
2024-11-27 15:29:19,Active,0.321,0.412,16,1
2024-11-27 15:29:19,Active,0.265,0.419,16,1
2024-11-27 15:29:19,Active,0.340,0.407,16,1
2024-11-27 15:29:19,Active,0.275,0.425,16,1
2024-11-27 15:29:19,Active,0.294,0.336,16,1
2024-11-27 15:29:19,Active,0.279,0.445,16,1
2024-11-27 15:29:19,Active,0.314,0.229,16,1
2024-11-27 15:29:19,Active,0.279,0.424,16,1
2024-11-27 15:29:19,Active,0.295,0.353,16,1
2024-11-27 15:29:19,Active,0.311,0.430,16,1
2024-11-27 15:29:19,Active,0.271,0.405,16,1
2024-11-27 15:29:19,Active,0.282,0.437,16,1
2024-11-27 15:29:19,Active,0.287,0.386,16,1
2024-11-27 15:29:19,Active,0.268,0.423,16,1
2024-11-27 15:29:19,Active,0.253,0.371,16,1
2024-11-27 15:29:20,Active,0.278,0.423,16,1
2024-11-27 15:29:20,Active,0.282,0.432,16,1
2024-11-27 15:29:20,Active,0.261,0.376,16,1
2024-11-27 15:29:20,Active,0.283,0.431,16,1
2024-11-27 15:29:20,Active,0.288,0.424,16,1
2024-11-27 15:29:20,Active,0.275,0.414,16,1
2024-11-27 15:29:20,Active,0.306,0.439,16,1
2024-11-27 15:29:20,Active,0.256,0.503,16,1
2024-11-27 15:29:20,Active,0.305,0.426,16,1
2024-11-27 15:29:20,Active,0.270,0.524,16,1
2024-11-27 15:29:20,Active,0.309,0.432,16,1
2024-11-27 15:29:20,Active,0.285,0.425,16,1
2024-11-27 15:29:20,Active,0.298,0.356,16,1
2024-11-27 15:29:20,Active,0.300,0.432,16,1
2024-11-27 15:29:20,Active,0.269,0.413,16,1
2024-11-27 15:29:20,Active,0.303,0.419,16,1
2024-11-27 15:29:20,Active,0.302,0.396,16,1
2024-11-27 15:29:20,Active,0.314,0.425,16,1
2024-11-27 15:29:20,Active,0.285,0.364,16,1
2024-11-27 15:29:20,Active,0.305,0.419,16,1
2024-11-27 15:29:20,Active,0.307,0.275,16,1
2024-11-27 15:29:20,Active,0.314,0.438,16,1
2024-11-27 15:29:20,Active,0.273,0.289,16,1
2024-11-27 15:29:20,Active,0.311,0.425,16,1
2024-11-27 15:29:20,Active,0.323,0.325,16,1
2024-11-27 15:29:20,Active,0.332,0.433,16,1
2024-11-27 15:29:20,Active,0.300,0.289,16,1
2024-11-27 15:29:20,Active,0.318,0.433,16,1
2024-11-27 15:29:20,Active,0.285,0.373,16,1
2024-11-27 15:29:20,Active,0.334,0.438,16,1
2024-11-27 15:29:20,Active,0.293,0.446,16,1
2024-11-27 15:29:20,Active,0.327,0.432,16,1
2024-11-27 15:29:20,Active,0.304,0.503,16,1
2024-11-27 15:29:20,Active,0.328,0.419,16,1
2024-11-27 15:29:20,Active,0.269,0.487,16,1
2024-11-27 15:29:20,Active,0.325,0.427,16,1
2024-11-27 15:29:20,Active,0.263,0.314,16,1
2024-11-27 15:29:20,Active,0.347,0.446,16,1
2024-11-27 15:29:20,Active,0.282,0.365,16,1
2024-11-27 15:29:20,Active,0.340,0.438,16,1
2024-11-27 15:29:20,Active,0.289,0.313,16,1
2024-11-27 15:29:20,Active,0.323,0.446,16,1
2024-11-27 15:29:20,Active,0.245,0.212,16,1
2024-11-27 15:29:20,Active,0.336,0.433,16,1
2024-11-27 15:29:20,Active,0.249,0.312,16,1
2024-11-27 15:29:20,Active,0.336,0.446,16,1
2024-11-27 15:29:20,Active,0.272,0.400,16,1
2024-11-27 15:29:20,Active,0.326,0.453,16,1
2024-11-27 15:29:20,Active,0.301,0.446,16,1
2024-11-27 15:29:20,Active,0.341,0.453,16,1
2024-11-27 15:29:20,Active,0.352,0.415,16,1
2024-11-27 15:29:20,Active,0.343,0.446,16,1
2024-11-27 15:29:20,Active,0.326,0.480,16,1
2024-11-27 15:29:20,Active,0.379,0.441,16,1
2024-11-27 15:29:20,Active,0.304,0.442,16,1
2024-11-27 15:29:20,Active,0.380,0.460,16,1
2024-11-27 15:29:20,Active,0.363,0.437,16,1
2024-11-27 15:29:21,Active,0.392,0.467,16,1
2024-11-27 15:29:21,Active,0.354,0.484,16,1
2024-11-27 15:29:21,Active,0.401,0.467,16,1
2024-11-27 15:29:21,Active,0.311,0.505,16,1
2024-11-27 15:29:21,Active,0.422,0.460,16,1
2024-11-27 15:29:21,Active,0.274,0.484,16,1
2024-11-27 15:29:21,Active,0.415,0.473,16,1
2024-11-27 15:29:21,Active,0.292,0.392,16,1
2024-11-27 15:29:21,Active,0.421,0.466,16,1
2024-11-27 15:29:21,Active,0.284,0.458,16,1
2024-11-27 15:29:21,Active,0.440,0.473,16,1
2024-11-27 15:29:21,Active,0.305,0.454,16,1
2024-11-27 15:29:21,Active,0.444,0.467,16,1
2024-11-27 15:29:21,Active,0.282,0.063,16,1
2024-11-27 15:29:21,Active,0.427,0.459,16,1
2024-11-27 15:29:21,Active,0.267,0.131,16,1
2024-11-27 15:29:21,Active,0.397,0.466,16,1
2024-11-27 15:29:21,Active,0.278,0.500,16,1
2024-11-27 15:29:21,Active,0.362,0.460,16,1
2024-11-27 15:29:21,Active,0.238,0.143,16,1
2024-11-27 15:29:21,Active,0.386,0.467,16,1
2024-11-27 15:29:21,Active,0.310,0.213,16,1
2024-11-27 15:29:21,Active,0.379,0.473,16,1
2024-11-27 15:29:21,Active,0.332,0.289,16,1
2024-11-27 15:29:21,Active,0.384,0.459,16,1
2024-11-27 15:29:21,Active,0.302,0.381,16,1
2024-11-27 15:29:21,Active,0.372,0.466,16,1
2024-11-27 15:29:21,Active,0.295,0.386,16,1
2024-11-27 15:29:21,Active,0.377,0.453,16,1
2024-11-27 15:29:21,Active,0.284,0.426,16,1
2024-11-27 15:29:21,Active,0.373,0.460,16,1
2024-11-27 15:29:21,Active,0.312,0.498,16,1
2024-11-27 15:29:21,Active,0.362,0.446,16,1
2024-11-27 15:29:21,Active,0.300,0.545,16,1
2024-11-27 15:29:21,Active,0.353,0.466,16,1
2024-11-27 15:29:21,Active,0.294,0.591,16,1
2024-11-27 15:29:21,Active,0.348,0.466,16,1
2024-11-27 15:29:21,Active,0.305,0.590,16,1
2024-11-27 15:29:21,Active,0.356,0.459,16,1
2024-11-27 15:29:21,Active,0.278,0.644,16,1
2024-11-27 15:29:21,Active,0.338,0.453,16,1
2024-11-27 15:29:21,Active,0.278,0.587,16,1
2024-11-27 15:29:21,Active,0.332,0.440,16,1
2024-11-27 15:29:21,Active,0.303,0.587,16,1
2024-11-27 15:29:21,Active,0.343,0.453,16,1
2024-11-27 15:29:21,Active,0.267,0.566,16,1
2024-11-27 15:29:21,Active,0.337,0.446,16,1
2024-11-27 15:29:21,Active,0.280,0.566,16,1
2024-11-27 15:29:21,Active,0.342,0.453,16,1
2024-11-27 15:29:21,Active,0.303,0.566,16,1
2024-11-27 15:29:21,Active,0.342,0.447,16,1
2024-11-27 15:29:21,Active,0.281,0.565,16,1
2024-11-27 15:29:21,Active,0.320,0.440,16,1
2024-11-27 15:29:21,Active,0.303,0.566,16,1
2024-11-27 15:29:21,Active,0.240,0.459,16,1
2024-11-27 15:29:21,Active,0.282,0.588,16,1
2024-11-27 15:29:21,Active,0.135,0.466,16,1
2024-11-27 15:29:21,Active,0.304,0.564,16,1
2024-11-27 15:29:21,Active,0.120,0.433,16,1
2024-11-27 15:29:21,Active,0.305,0.566,16,1
2024-11-27 15:29:22,Active,0.114,0.439,16,1
2024-11-27 15:29:22,Active,0.267,0.566,16,1
2024-11-27 15:29:22,Active,0.122,0.446,16,1
2024-11-27 15:29:22,Active,0.302,0.564,16,1
2024-11-27 15:29:22,Active,0.122,0.452,16,1
2024-11-27 15:29:22,Active,0.299,0.588,16,1
2024-11-27 15:29:22,Active,0.091,0.445,16,1
2024-11-27 15:29:22,Active,0.253,0.566,16,1
2024-11-27 15:29:22,Active,0.104,0.433,16,1
2024-11-27 15:29:22,Active,0.297,0.661,16,1
2024-11-27 15:29:22,Active,0.124,0.440,16,1
2024-11-27 15:29:22,Active,0.281,0.631,16,1
2024-11-27 15:29:22,Active,0.114,0.440,16,1
2024-11-27 15:29:22,Active,0.289,0.653,16,1
2024-11-27 15:29:22,Active,0.112,0.440,16,1
2024-11-27 15:29:22,Active,0.291,0.653,16,1
2024-11-27 15:29:22,Active,0.120,0.427,16,1
2024-11-27 15:29:22,Active,0.305,0.683,16,1
2024-11-27 15:29:22,Active,0.126,0.434,16,1
2024-11-27 15:29:22,Active,0.250,0.675,16,1
2024-11-27 15:29:22,Active,0.313,0.718,16,1
2024-11-27 15:29:22,Active,0.098,0.428,16,1
2024-11-27 15:29:22,Active,0.131,0.427,16,1
2024-11-27 15:29:22,Active,0.306,0.683,16,1
2024-11-27 15:29:22,Active,0.104,0.433,16,1
2024-11-27 15:29:22,Active,0.291,0.718,16,1
2024-11-27 15:29:22,Active,0.121,0.433,16,1
2024-11-27 15:29:22,Active,0.288,0.789,16,1
2024-11-27 15:29:22,Active,0.110,0.440,16,1
2024-11-27 15:29:22,Active,0.275,0.718,16,1
2024-11-27 15:29:22,Active,0.300,0.671,16,1
2024-11-27 15:29:22,Active,0.116,0.440,16,1
2024-11-27 15:29:22,Active,0.130,0.440,16,1
2024-11-27 15:29:22,Active,0.319,0.718,16,1
2024-11-27 15:29:22,Active,0.258,0.440,16,1
2024-11-27 15:29:22,Active,0.304,0.742,16,1
2024-11-27 15:29:22,Active,0.301,0.446,16,1
2024-11-27 15:29:22,Active,0.277,0.718,16,1
2024-11-27 15:29:22,Active,0.331,0.440,16,1
2024-11-27 15:29:22,Active,0.292,0.716,16,1
2024-11-27 15:29:22,Active,0.325,0.447,16,1
2024-11-27 15:29:22,Active,0.332,0.788,16,1
2024-11-27 15:29:22,Active,0.354,0.453,16,1
2024-11-27 15:29:22,Active,0.275,0.694,16,1
2024-11-27 15:29:22,Active,0.341,0.447,16,1
2024-11-27 15:29:22,Active,0.320,0.697,16,1
2024-11-27 15:29:22,Active,0.330,0.446,16,1
2024-11-27 15:29:22,Active,0.266,0.697,16,1
2024-11-27 15:29:22,Active,0.332,0.446,16,1
2024-11-27 15:29:22,Active,0.286,0.686,16,1
2024-11-27 15:29:22,Active,0.323,0.466,16,1
2024-11-27 15:29:22,Active,0.280,0.765,16,1
2024-11-27 15:29:22,Active,0.332,0.460,16,1
2024-11-27 15:29:22,Active,0.285,0.733,16,1
2024-11-27 15:29:22,Active,0.348,0.446,16,1
2024-11-27 15:29:22,Active,0.293,0.708,16,1
2024-11-27 15:29:22,Active,0.338,0.460,16,1
2024-11-27 15:29:22,Active,0.302,0.673,16,1
2024-11-27 15:29:22,Active,0.342,0.453,16,1
2024-11-27 15:29:22,Active,0.306,0.718,16,1
2024-11-27 15:29:23,Active,0.280,0.665,16,1
2024-11-27 15:29:23,Active,0.360,0.454,16,1
2024-11-27 15:29:23,Active,0.309,0.692,16,1
2024-11-27 15:29:23,Active,0.365,0.447,16,1
2024-11-27 15:29:23,Active,0.307,0.696,16,1
2024-11-27 15:29:23,Active,0.371,0.453,16,1
2024-11-27 15:29:23,Active,0.379,0.454,16,1
2024-11-27 15:29:23,Active,0.276,0.717,16,1
2024-11-27 15:29:23,Active,0.385,0.453,16,1
2024-11-27 15:29:23,Active,0.290,0.665,16,1
2024-11-27 15:29:23,Active,0.299,0.689,16,1
2024-11-27 15:29:23,Active,0.362,0.447,16,1
2024-11-27 15:29:23,Active,0.303,0.671,16,1
2024-11-27 15:29:23,Active,0.365,0.460,16,1
2024-11-27 15:29:23,Active,0.311,0.665,16,1
2024-11-27 15:29:23,Active,0.362,0.460,16,1
2024-11-27 15:29:23,Active,0.303,0.686,16,1
2024-11-27 15:29:23,Active,0.362,0.466,16,1
2024-11-27 15:29:23,Active,0.282,0.678,16,1
2024-11-27 15:29:23,Active,0.354,0.453,16,1
2024-11-27 15:29:23,Active,0.258,0.742,16,1
2024-11-27 15:29:23,Active,0.360,0.454,16,1
2024-11-27 15:29:23,Active,0.301,0.673,16,1
2024-11-27 15:29:23,Active,0.359,0.448,16,1
2024-11-27 15:29:23,Active,0.278,0.663,16,1
2024-11-27 15:29:23,Active,0.359,0.453,16,1
2024-11-27 15:29:23,Active,0.266,0.718,16,1
2024-11-27 15:29:23,Active,0.353,0.460,16,1
2024-11-27 15:29:23,Active,0.300,0.665,16,1
2024-11-27 15:29:23,Active,0.366,0.448,16,1
2024-11-27 15:29:23,Active,0.267,0.718,16,1
2024-11-27 15:29:23,Active,0.365,0.467,16,1
2024-11-27 15:29:23,Active,0.367,0.467,16,1
2024-11-27 15:29:23,Active,0.283,0.718,16,1
2024-11-27 15:29:23,Active,0.274,0.665,16,1
2024-11-27 15:29:23,Active,0.352,0.454,16,1
2024-11-27 15:29:23,Active,0.314,0.663,16,1
2024-11-27 15:29:23,Active,0.362,0.453,16,1
2024-11-27 15:29:23,Active,0.308,0.662,16,1
2024-11-27 15:29:23,Active,0.373,0.453,16,1
2024-11-27 15:29:23,Active,0.292,0.685,16,1
2024-11-27 15:29:23,Active,0.371,0.467,16,1
2024-11-27 15:29:23,Active,0.304,0.708,16,1
2024-11-27 15:29:23,Active,0.356,0.466,16,1
2024-11-27 15:29:23,Active,0.285,0.717,16,1
2024-11-27 15:29:23,Active,0.359,0.460,16,1
2024-11-27 15:29:23,Active,0.251,0.685,16,1
2024-11-27 15:29:23,Active,0.356,0.447,16,1
2024-11-27 15:29:23,Active,0.278,0.731,16,1
2024-11-27 15:29:23,Active,0.372,0.460,16,1
2024-11-27 15:29:23,Active,0.303,0.718,16,1
2024-11-27 15:29:23,Active,0.346,0.466,16,1
2024-11-27 15:29:23,Active,0.260,0.685,16,1
2024-11-27 15:29:23,Active,0.340,0.454,16,1
2024-11-27 15:29:23,Active,0.278,0.685,16,1
2024-11-27 15:29:23,Active,0.350,0.453,16,1
2024-11-27 15:29:23,Active,0.299,0.692,16,1
2024-11-27 15:29:23,Active,0.361,0.453,16,1
2024-11-27 15:29:23,Active,0.321,0.689,16,1
2024-11-27 15:29:23,Active,0.344,0.454,16,1
2024-11-27 15:29:24,Active,0.266,0.685,16,1
2024-11-27 15:29:24,Active,0.353,0.448,16,1
2024-11-27 15:29:24,Active,0.314,0.640,16,1
2024-11-27 15:29:24,Active,0.340,0.454,16,1
2024-11-27 15:29:24,Active,0.296,0.655,16,1
2024-11-27 15:29:24,Active,0.346,0.454,16,1
2024-11-27 15:29:24,Active,0.265,0.612,16,1
2024-11-27 15:29:24,Active,0.352,0.460,16,1
2024-11-27 15:29:24,Active,0.340,0.466,16,1
2024-11-27 15:29:24,Active,0.285,0.545,16,1
2024-11-27 15:29:24,Active,0.345,0.453,16,1
2024-11-27 15:29:24,Active,0.308,0.503,16,1
2024-11-27 15:29:24,Active,0.259,0.421,16,1
2024-11-27 15:29:24,Active,0.343,0.460,16,1
2024-11-27 15:29:24,Active,0.340,0.447,16,1
2024-11-27 15:29:24,Active,0.280,0.369,16,1
2024-11-27 15:29:24,Active,0.343,0.453,16,1
2024-11-27 15:29:24,Active,0.285,0.333,16,1
2024-11-27 15:29:24,Active,0.341,0.440,16,1
2024-11-27 15:29:24,Active,0.256,0.317,16,1
2024-11-27 15:29:24,Active,0.334,0.453,16,1
2024-11-27 15:29:24,Active,0.230,0.286,16,1
2024-11-27 15:29:24,Active,0.349,0.453,16,1
2024-11-27 15:29:24,Active,0.229,0.325,16,1
2024-11-27 15:29:24,Active,0.332,0.453,16,1
2024-11-27 15:29:24,Active,0.288,0.325,16,1
2024-11-27 15:29:24,Active,0.325,0.452,16,1
2024-11-27 15:29:24,Active,0.245,0.339,16,1
2024-11-27 15:29:24,Active,0.319,0.446,16,1
2024-11-27 15:29:24,Active,0.290,0.336,16,1
2024-11-27 15:29:24,Active,0.288,0.434,16,1
2024-11-27 15:29:24,Active,0.364,0.150,16,1
2024-11-27 15:29:24,Active,0.278,0.440,16,1
2024-11-27 15:29:24,Active,0.245,0.485,16,1
2024-11-27 15:29:24,Active,0.278,0.446,16,1
2024-11-27 15:29:24,Active,0.292,0.439,16,1
2024-11-27 15:29:24,Active,0.287,0.466,16,1
2024-11-27 15:29:24,Active,0.285,0.452,16,1
2024-11-27 15:29:24,Active,0.306,0.444,16,1
2024-11-27 15:29:24,Active,0.285,0.465,16,1
2024-11-27 15:29:24,Active,0.278,0.451,16,1
2024-11-27 15:29:24,Active,0.297,0.347,16,1
2024-11-27 15:29:24,Active,0.300,0.186,16,1
2024-11-27 15:29:24,Active,0.298,0.347,16,1
2024-11-27 15:29:24,Active,0.279,0.354,16,1
2024-11-27 15:29:24,Active,0.271,0.336,16,1
2024-11-27 15:29:24,Active,0.271,0.378,16,1
2024-11-27 15:29:25,Active,0.262,0.375,16,1
2024-11-27 15:29:25,Active,0.315,0.243,16,1
2024-11-27 15:29:25,Active,0.258,0.413,16,1
2024-11-27 15:29:25,Active,0.299,0.404,16,1
2024-11-27 15:29:25,Active,0.262,0.421,16,1
2024-11-27 15:29:25,Active,0.317,0.362,16,1
2024-11-27 15:29:25,Active,0.286,0.427,16,1
2024-11-27 15:29:25,Active,0.301,0.365,16,1
2024-11-27 15:29:25,Active,0.298,0.453,16,1
2024-11-27 15:29:25,Active,0.295,0.350,16,1
2024-11-27 15:29:25,Active,0.295,0.380,16,1
2024-11-27 15:29:25,Active,0.306,0.422,16,1
2024-11-27 15:29:25,Active,0.335,0.383,16,1
2024-11-27 15:29:25,Active,0.311,0.416,16,1
2024-11-27 15:29:25,Active,0.275,0.365,16,1
2024-11-27 15:29:25,Active,0.281,0.381,16,1
2024-11-27 15:29:25,Active,0.294,0.376,16,1
2024-11-27 15:29:25,Active,0.306,0.380,16,1
2024-11-27 15:29:25,Active,0.251,0.354,16,1
2024-11-27 15:29:25,Active,0.301,0.400,16,1
2024-11-27 15:29:25,Active,0.249,0.359,16,1
2024-11-27 15:29:25,Active,0.282,0.400,16,1
2024-11-27 15:29:25,Active,0.253,0.347,16,1
2024-11-27 15:29:25,Active,0.294,0.406,16,1
2024-11-27 15:29:25,Active,0.281,0.326,16,1
2024-11-27 15:29:25,Active,0.318,0.420,16,1
2024-11-27 15:29:25,Active,0.254,0.313,16,1
2024-11-27 15:29:25,Active,0.308,0.419,16,1
2024-11-27 15:29:25,Active,0.280,0.328,16,1
2024-11-27 15:29:25,Active,0.302,0.403,16,1
2024-11-27 15:29:25,Active,0.242,0.359,16,1
2024-11-27 15:29:25,Active,0.302,0.420,16,1
2024-11-27 15:29:25,Active,0.233,0.315,16,1
2024-11-27 15:29:25,Active,0.293,0.408,16,1
2024-11-27 15:29:25,Active,0.179,0.301,16,1
2024-11-27 15:29:25,Active,0.270,0.385,16,1
2024-11-27 15:29:25,Active,0.199,0.395,16,1
2024-11-27 15:29:25,Active,0.135,0.320,16,1
2024-11-27 15:29:25,SLEEPING !!!,0.196,0.308,16,1
2024-11-27 15:29:25,SLEEPING !!!,0.137,0.407,16,1
2024-11-27 15:29:25,SLEEPING !!!,0.143,0.418,16,1
2024-11-27 15:29:25,Active,0.262,0.320,17,1
2024-11-27 15:29:25,Active,0.287,0.351,17,1
2024-11-27 15:29:25,Active,0.182,0.411,17,1
2024-11-27 15:29:25,Active,0.268,0.347,17,1
2024-11-27 15:29:25,Active,0.225,0.430,17,1
2024-11-27 15:29:25,Active,0.238,0.436,17,1
2024-11-27 15:29:25,Active,0.280,0.398,17,1
2024-11-27 15:29:25,Active,0.258,0.416,17,1
2024-11-27 15:29:25,Active,0.268,0.332,17,1
2024-11-27 15:29:25,Active,0.260,0.404,17,1
2024-11-27 15:29:25,Active,0.276,0.313,17,1
2024-11-27 15:29:25,Active,0.267,0.310,17,1
2024-11-27 15:29:25,Active,0.268,0.275,17,1
2024-11-27 15:29:25,Active,0.275,0.300,17,1
2024-11-27 15:29:25,Active,0.279,0.324,17,1
2024-11-27 15:29:25,Active,0.289,0.416,17,1
2024-11-27 15:29:26,Active,0.290,0.352,17,1
2024-11-27 15:29:26,Active,0.298,0.388,17,1
2024-11-27 15:29:26,Active,0.286,0.435,17,1
2024-11-27 15:29:26,Active,0.283,0.450,17,1
2024-11-27 15:29:26,Active,0.269,0.458,17,1
2024-11-27 15:29:26,Active,0.268,0.410,17,1
2024-11-27 15:29:26,Active,0.268,0.480,17,1
2024-11-27 15:29:26,Active,0.276,0.438,17,1
2024-11-27 15:29:26,Active,0.265,0.479,17,1
2024-11-27 15:29:26,Active,0.268,0.466,17,1
2024-11-27 15:29:26,Active,0.289,0.465,17,1
2024-11-27 15:29:26,Active,0.313,0.486,17,1
2024-11-27 15:29:26,Active,0.293,0.472,17,1
2024-11-27 15:29:26,Active,0.288,0.466,17,1
2024-11-27 15:29:26,Active,0.275,0.419,17,1
2024-11-27 15:29:26,Active,0.281,0.439,17,1
2024-11-27 15:29:26,Active,0.208,0.468,17,1
2024-11-27 15:29:26,Active,0.272,0.453,17,1
2024-11-27 15:29:26,Active,0.264,0.295,17,1
2024-11-27 15:29:26,Active,0.282,0.452,17,1
2024-11-27 15:29:26,Active,0.271,0.169,17,1
2024-11-27 15:29:26,Active,0.292,0.439,17,1
2024-11-27 15:29:26,Active,0.264,0.293,17,1
2024-11-27 15:29:26,Active,0.284,0.452,17,1
2024-11-27 15:29:26,Active,0.267,0.301,17,1
2024-11-27 15:29:26,Active,0.292,0.439,17,1
2024-11-27 15:29:26,Active,0.262,0.319,17,1
2024-11-27 15:29:26,Active,0.306,0.439,17,1
2024-11-27 15:29:26,Active,0.285,0.106,17,1
2024-11-27 15:29:26,Active,0.296,0.420,17,1
2024-11-27 15:29:26,Active,0.267,0.106,17,1
2024-11-27 15:29:26,Active,0.291,0.433,17,1
2024-11-27 15:29:26,Active,0.281,0.258,17,1
2024-11-27 15:29:26,Active,0.275,0.432,17,1
2024-11-27 15:29:26,Active,0.281,0.282,17,1
2024-11-27 15:29:26,Active,0.288,0.432,17,1
2024-11-27 15:29:26,Active,0.269,0.326,17,1
2024-11-27 15:29:26,Active,0.294,0.438,17,1
2024-11-27 15:29:26,Active,0.268,0.304,17,1
2024-11-27 15:29:26,Active,0.314,0.432,17,1
2024-11-27 15:29:26,Active,0.293,0.348,17,1
2024-11-27 15:29:26,Active,0.327,0.439,17,1
2024-11-27 15:29:26,Active,0.335,0.117,17,1
2024-11-27 15:29:26,Active,0.340,0.432,17,1
2024-11-27 15:29:26,Active,0.306,0.187,17,1
2024-11-27 15:29:27,Active,0.358,0.445,17,1
2024-11-27 15:29:27,Active,0.296,0.162,17,1
2024-11-27 15:29:27,Active,0.369,0.426,17,1
2024-11-27 15:29:27,Active,0.257,0.124,17,1
2024-11-27 15:29:27,Active,0.375,0.426,17,1
2024-11-27 15:29:27,Active,0.288,0.060,17,1
2024-11-27 15:29:27,Active,0.399,0.434,17,1
2024-11-27 15:29:27,Active,0.272,0.135,17,1
2024-11-27 15:29:27,Active,0.394,0.426,17,1
2024-11-27 15:29:27,Active,0.264,0.215,17,1
2024-11-27 15:29:27,Active,0.389,0.420,17,1
2024-11-27 15:29:27,Active,0.258,0.310,17,1
2024-11-27 15:29:27,Active,0.400,0.427,17,1
2024-11-27 15:29:27,Active,0.264,0.242,17,1
2024-11-27 15:29:27,Active,0.370,0.427,17,1
2024-11-27 15:29:27,Active,0.264,0.304,17,1
2024-11-27 15:29:27,Active,0.376,0.433,17,1
2024-11-27 15:29:27,Active,0.268,0.306,17,1
2024-11-27 15:29:27,Active,0.375,0.432,17,1
2024-11-27 15:29:27,Active,0.285,0.297,17,1
2024-11-27 15:29:27,Active,0.352,0.433,17,1
2024-11-27 15:29:27,Active,0.219,0.264,17,1
2024-11-27 15:29:27,Active,0.340,0.427,17,1
2024-11-27 15:29:27,Active,0.264,0.315,17,1
2024-11-27 15:29:27,Active,0.325,0.419,17,1
2024-11-27 15:29:27,Active,0.228,0.350,17,1
2024-11-27 15:29:27,Active,0.326,0.440,17,1
2024-11-27 15:29:27,Active,0.284,0.348,17,1
2024-11-27 15:29:27,Active,0.329,0.426,17,1
2024-11-27 15:29:27,Active,0.255,0.306,17,1
2024-11-27 15:29:27,Active,0.253,0.294,17,1
2024-11-27 15:29:27,Active,0.344,0.427,17,1
2024-11-27 15:29:27,Active,0.319,0.427,17,1
2024-11-27 15:29:27,Active,0.253,0.323,17,1
2024-11-27 15:29:27,Active,0.307,0.406,17,1
2024-11-27 15:29:27,Active,0.232,0.336,17,1
2024-11-27 15:29:27,Active,0.246,0.366,17,1
2024-11-27 15:29:27,Active,0.326,0.425,17,1
2024-11-27 15:29:27,Active,0.319,0.420,17,1
2024-11-27 15:29:27,Active,0.264,0.404,17,1
2024-11-27 15:29:27,Active,0.332,0.413,17,1
2024-11-27 15:29:27,Active,0.277,0.385,17,1
2024-11-27 15:29:27,Active,0.328,0.433,17,1
2024-11-27 15:29:27,Active,0.255,0.366,17,1
2024-11-27 15:29:27,Active,0.331,0.427,17,1
2024-11-27 15:29:27,Active,0.250,0.385,17,1
2024-11-27 15:29:27,Active,0.328,0.416,17,1
2024-11-27 15:29:27,Active,0.266,0.366,17,1
2024-11-27 15:29:27,Active,0.339,0.422,17,1
2024-11-27 15:29:27,Active,0.253,0.381,17,1
2024-11-27 15:29:27,Active,0.344,0.422,17,1
2024-11-27 15:29:27,Active,0.225,0.347,17,1
2024-11-27 15:29:27,Active,0.296,0.382,17,1
2024-11-27 15:29:27,Active,0.334,0.428,17,1
2024-11-27 15:29:27,Active,0.334,0.435,17,1
2024-11-27 15:29:27,Active,0.267,0.404,17,1
2024-11-27 15:29:27,Active,0.344,0.447,17,1
2024-11-27 15:29:27,Active,0.257,0.401,17,1
2024-11-27 15:29:27,Active,0.342,0.440,17,1
2024-11-27 15:29:27,Active,0.253,0.422,17,1
2024-11-27 15:29:28,Active,0.332,0.433,17,1
2024-11-27 15:29:28,Active,0.287,0.421,17,1
2024-11-27 15:29:28,Active,0.351,0.441,17,1
2024-11-27 15:29:28,Active,0.251,0.401,17,1
2024-11-27 15:29:28,Active,0.292,0.440,17,1
2024-11-27 15:29:28,Active,0.346,0.433,17,1
2024-11-27 15:29:28,Active,0.258,0.443,17,1
2024-11-27 15:29:28,Active,0.331,0.427,17,1
2024-11-27 15:29:28,Active,0.278,0.464,17,1
2024-11-27 15:29:28,Active,0.350,0.433,17,1
2024-11-27 15:29:28,Active,0.298,0.424,17,1
2024-11-27 15:29:28,Active,0.351,0.420,17,1
2024-11-27 15:29:28,Active,0.295,0.464,17,1
2024-11-27 15:29:28,Active,0.332,0.427,17,1
2024-11-27 15:29:28,Active,0.296,0.463,17,1
2024-11-27 15:29:28,Active,0.328,0.440,17,1
2024-11-27 15:29:28,Active,0.278,0.460,17,1
2024-11-27 15:29:28,Active,0.333,0.428,17,1
2024-11-27 15:29:28,Active,0.289,0.421,17,1
2024-11-27 15:29:28,Active,0.342,0.440,17,1
2024-11-27 15:29:28,Active,0.299,0.439,17,1
2024-11-27 15:29:28,Active,0.343,0.434,17,1
2024-11-27 15:29:28,Active,0.318,0.418,17,1
2024-11-27 15:29:28,Active,0.346,0.426,17,1
2024-11-27 15:29:28,Active,0.277,0.460,17,1
2024-11-27 15:29:28,Active,0.344,0.434,17,1
2024-11-27 15:29:28,Active,0.274,0.459,17,1
2024-11-27 15:29:28,Active,0.333,0.440,17,1
2024-11-27 15:29:28,Active,0.251,0.461,17,1
2024-11-27 15:29:28,Active,0.314,0.440,17,1
2024-11-27 15:29:28,Active,0.305,0.459,17,1
2024-11-27 15:29:28,Active,0.230,0.439,17,1
2024-11-27 15:29:28,Active,0.297,0.439,17,1
2024-11-27 15:29:28,Active,0.120,0.428,17,1
2024-11-27 15:29:28,Active,0.180,0.427,17,1
2024-11-27 15:29:28,Active,0.263,0.478,17,1
2024-11-27 15:29:28,Active,0.201,0.435,17,1
2024-11-27 15:29:28,Active,0.282,0.480,17,1
2024-11-27 15:29:28,Active,0.199,0.434,17,1
2024-11-27 15:29:28,Active,0.327,0.434,17,1
2024-11-27 15:29:28,Active,0.277,0.421,17,1
2024-11-27 15:29:28,Active,0.340,0.417,17,1
2024-11-27 15:29:28,Active,0.270,0.428,17,1
2024-11-27 15:29:28,Active,0.297,0.390,17,1
2024-11-27 15:29:28,Active,0.302,0.420,17,1
2024-11-27 15:29:28,Active,0.321,0.374,17,1
2024-11-27 15:29:28,Active,0.307,0.396,17,1
2024-11-27 15:29:28,Active,0.283,0.421,17,1
2024-11-27 15:29:28,Active,0.313,0.374,17,1
2024-11-27 15:29:28,Active,0.310,0.416,17,1
2024-11-27 15:29:28,Active,0.255,0.359,17,1
2024-11-27 15:29:28,Active,0.327,0.422,17,1
2024-11-27 15:29:28,Active,0.276,0.417,17,1
2024-11-27 15:29:28,Active,0.303,0.415,17,1
2024-11-27 15:29:28,Active,0.258,0.394,17,1
2024-11-27 15:29:28,Active,0.331,0.421,17,1
2024-11-27 15:29:28,Active,0.267,0.477,17,1
2024-11-27 15:29:28,Active,0.320,0.416,17,1
2024-11-27 15:29:28,Active,0.243,0.528,17,1
2024-11-27 15:29:28,Active,0.287,0.403,17,1
2024-11-27 15:29:29,Active,0.258,0.506,17,1
2024-11-27 15:29:29,Active,0.175,0.411,17,1
2024-11-27 15:29:29,Active,0.282,0.480,17,1
2024-11-27 15:29:29,Active,0.123,0.404,17,1
2024-11-27 15:29:29,Active,0.313,0.434,17,1
2024-11-27 15:29:29,Active,0.181,0.403,17,1
2024-11-27 15:29:29,Active,0.283,0.437,17,1
2024-11-27 15:29:29,Active,0.194,0.409,17,1
2024-11-27 15:29:29,Active,0.261,0.434,17,1
2024-11-27 15:29:29,Active,0.241,0.421,17,1
2024-11-27 15:29:29,Active,0.279,0.487,17,1
2024-11-27 15:29:29,Active,0.251,0.409,17,1
2024-11-27 15:29:29,Active,0.251,0.500,17,1
2024-11-27 15:29:29,Active,0.261,0.409,17,1
2024-11-27 15:29:29,Active,0.280,0.546,17,1
2024-11-27 15:29:29,Active,0.261,0.414,17,1
2024-11-27 15:29:29,Active,0.297,0.483,17,1
2024-11-27 15:29:29,Active,0.261,0.415,17,1
2024-11-27 15:29:29,Active,0.289,0.477,17,1
2024-11-27 15:29:29,Active,0.257,0.409,17,1
2024-11-27 15:29:29,Active,0.262,0.417,17,1
2024-11-27 15:29:29,Active,0.270,0.416,17,1
2024-11-27 15:29:29,Active,0.266,0.438,17,1
2024-11-27 15:29:29,Active,0.276,0.403,17,1
2024-11-27 15:29:29,Active,0.289,0.379,17,1
2024-11-27 15:29:29,Active,0.282,0.421,17,1
2024-11-27 15:29:29,Active,0.269,0.415,17,1
2024-11-27 15:29:29,Active,0.247,0.397,17,1
2024-11-27 15:29:29,Active,0.280,0.416,17,1
2024-11-27 15:29:29,Active,0.297,0.416,17,1
2024-11-27 15:29:29,Active,0.286,0.408,17,1
2024-11-27 15:29:29,Active,0.266,0.381,17,1
2024-11-27 15:29:29,Active,0.298,0.416,17,1
2024-11-27 15:29:29,Active,0.300,0.379,17,1
2024-11-27 15:29:29,Active,0.315,0.421,17,1
2024-11-27 15:29:29,Active,0.296,0.399,17,1
2024-11-27 15:29:29,Active,0.283,0.360,17,1
2024-11-27 15:29:29,Active,0.315,0.422,17,1
2024-11-27 15:29:29,Active,0.318,0.422,17,1
2024-11-27 15:29:29,Active,0.282,0.396,17,1
2024-11-27 15:29:29,Active,0.277,0.396,17,1
2024-11-27 15:29:29,Active,0.310,0.429,17,1
2024-11-27 15:29:29,Active,0.259,0.395,17,1
2024-11-27 15:29:29,Active,0.300,0.422,17,1
2024-11-27 15:29:29,Active,0.304,0.397,17,1
2024-11-27 15:29:29,Active,0.318,0.422,17,1
2024-11-27 15:29:29,Active,0.278,0.416,17,1
2024-11-27 15:29:29,Active,0.314,0.428,17,1
2024-11-27 15:29:29,Active,0.276,0.396,17,1
2024-11-27 15:29:29,Active,0.307,0.415,17,1
2024-11-27 15:29:29,Active,0.299,0.396,17,1
2024-11-27 15:29:29,Active,0.309,0.428,17,1
2024-11-27 15:29:29,Active,0.243,0.391,17,1
2024-11-27 15:29:29,Active,0.325,0.429,17,1
2024-11-27 15:29:29,Active,0.264,0.396,17,1
2024-11-27 15:29:29,Active,0.324,0.428,17,1
2024-11-27 15:29:29,Active,0.280,0.396,17,1
2024-11-27 15:29:29,Active,0.332,0.441,17,1
2024-11-27 15:29:29,Active,0.303,0.421,17,1
2024-11-27 15:29:29,Active,0.284,0.396,17,1
2024-11-27 15:29:29,Active,0.204,0.403,17,1
2024-11-27 15:29:29,Active,0.282,0.413,17,1
2024-11-27 15:29:30,Active,0.124,0.403,17,1
2024-11-27 15:29:30,Active,0.275,0.413,17,1
2024-11-27 15:29:30,Active,0.194,0.416,17,1
2024-11-27 15:29:30,Active,0.303,0.410,17,1
2024-11-27 15:29:30,Active,0.254,0.431,17,1
2024-11-27 15:29:30,Active,0.205,0.393,17,1
2024-11-27 15:29:30,Active,0.305,0.414,17,1
2024-11-27 15:29:30,Active,0.265,0.410,17,1
2024-11-27 15:29:30,Active,0.288,0.434,17,1
2024-11-27 15:29:30,Active,0.204,0.416,17,1
2024-11-27 15:29:30,Active,0.295,0.414,17,1
2024-11-27 15:29:30,Active,0.320,0.410,17,1
2024-11-27 15:29:30,Active,0.299,0.415,17,1
2024-11-27 15:29:30,Active,0.232,0.403,17,1
2024-11-27 15:29:30,Active,0.273,0.434,17,1
2024-11-27 15:29:30,Active,0.271,0.416,17,1
2024-11-27 15:29:30,Active,0.320,0.440,17,1
2024-11-27 15:29:30,Active,0.319,0.409,17,1
2024-11-27 15:29:30,Active,0.295,0.435,17,1
2024-11-27 15:29:30,Active,0.336,0.409,17,1
2024-11-27 15:29:30,Active,0.347,0.432,17,1
2024-11-27 15:29:30,Active,0.305,0.415,17,1
2024-11-27 15:29:30,Active,0.275,0.455,17,1
2024-11-27 15:29:30,Active,0.334,0.415,17,1
2024-11-27 15:29:30,Active,0.277,0.418,17,1
2024-11-27 15:29:30,Active,0.268,0.410,17,1
2024-11-27 15:29:30,Active,0.323,0.437,17,1
2024-11-27 15:29:30,Active,0.135,0.403,17,1
2024-11-27 15:29:30,Active,0.390,0.411,17,1
2024-11-27 15:29:30,Active,0.135,0.408,17,1
2024-11-27 15:29:30,Active,0.322,0.415,17,1
2024-11-27 15:29:30,Active,0.218,0.408,17,1
2024-11-27 15:29:30,Active,0.299,0.440,17,1
2024-11-27 15:29:30,Active,0.230,0.408,17,1
2024-11-27 15:29:30,Active,0.277,0.456,17,1
2024-11-27 15:29:30,Active,0.241,0.403,17,1
2024-11-27 15:29:30,Active,0.343,0.432,17,1
2024-11-27 15:29:30,Active,0.264,0.421,17,1
2024-11-27 15:29:30,Active,0.323,0.456,17,1
2024-11-27 15:29:30,Active,0.274,0.421,17,1
2024-11-27 15:29:30,Active,0.347,0.480,17,1
2024-11-27 15:29:30,Active,0.274,0.421,17,1
2024-11-27 15:29:30,Active,0.318,0.460,17,1
2024-11-27 15:29:30,Active,0.278,0.421,17,1
2024-11-27 15:29:30,Active,0.291,0.455,17,1
2024-11-27 15:29:30,Active,0.294,0.416,17,1
2024-11-27 15:29:30,Active,0.331,0.479,17,1
2024-11-27 15:29:30,Active,0.286,0.408,17,1
2024-11-27 15:29:30,Active,0.346,0.457,17,1
2024-11-27 15:29:30,Active,0.285,0.403,17,1
2024-11-27 15:29:30,Active,0.287,0.416,17,1
2024-11-27 15:29:30,Active,0.293,0.434,17,1
2024-11-27 15:29:30,Active,0.290,0.421,17,1
2024-11-27 15:29:30,Active,0.311,0.415,17,1
2024-11-27 15:29:30,Active,0.293,0.423,17,1
2024-11-27 15:29:30,Active,0.331,0.397,17,1
2024-11-27 15:29:30,Active,0.285,0.416,17,1
2024-11-27 15:29:30,Active,0.310,0.418,17,1
2024-11-27 15:29:30,Active,0.286,0.416,17,1
2024-11-27 15:29:30,Active,0.328,0.460,17,1
2024-11-27 15:29:31,Active,0.298,0.428,17,1
2024-11-27 15:29:31,Active,0.331,0.460,17,1
2024-11-27 15:29:31,Active,0.298,0.437,17,1
2024-11-27 15:29:31,Active,0.284,0.422,17,1
2024-11-27 15:29:31,Active,0.302,0.456,17,1
2024-11-27 15:29:31,Active,0.317,0.408,17,1
2024-11-27 15:29:31,Active,0.344,0.434,17,1
2024-11-27 15:29:31,Active,0.313,0.422,17,1
2024-11-27 15:29:31,Active,0.312,0.456,17,1
2024-11-27 15:29:31,Active,0.307,0.416,17,1
2024-11-27 15:29:31,Active,0.284,0.460,17,1
2024-11-27 15:29:31,Active,0.309,0.417,17,1
2024-11-27 15:29:31,Active,0.335,0.460,17,1
2024-11-27 15:29:31,Active,0.311,0.429,17,1
2024-11-27 15:29:31,Active,0.342,0.434,17,1
2024-11-27 15:29:31,Active,0.323,0.421,17,1
2024-11-27 15:29:31,Active,0.322,0.416,17,1
2024-11-27 15:29:31,Active,0.329,0.482,17,1
2024-11-27 15:29:31,Active,0.305,0.416,17,1
2024-11-27 15:29:31,Active,0.318,0.480,17,1
2024-11-27 15:29:31,Active,0.336,0.408,17,1
2024-11-27 15:29:31,Active,0.330,0.456,17,1
2024-11-27 15:29:31,Active,0.322,0.416,17,1
2024-11-27 15:29:31,Active,0.288,0.412,17,1
2024-11-27 15:29:31,Active,0.332,0.416,17,1
2024-11-27 15:29:31,Active,0.309,0.457,17,1
2024-11-27 15:29:31,Active,0.324,0.416,17,1
2024-11-27 15:29:31,Active,0.314,0.454,17,1
2024-11-27 15:29:31,Active,0.344,0.409,17,1
2024-11-27 15:29:31,Active,0.320,0.434,17,1
2024-11-27 15:29:31,Active,0.340,0.421,17,1
2024-11-27 15:29:31,Active,0.347,0.480,17,1
2024-11-27 15:29:31,Active,0.329,0.401,17,1
2024-11-27 15:29:31,Active,0.363,0.434,17,1
2024-11-27 15:29:31,Active,0.326,0.429,17,1
2024-11-27 15:29:31,Active,0.343,0.434,17,1
2024-11-27 15:29:31,Active,0.326,0.411,17,1
2024-11-27 15:29:31,Active,0.272,0.457,17,1
2024-11-27 15:29:31,Active,0.325,0.416,17,1
2024-11-27 15:29:31,Active,0.278,0.411,17,1
2024-11-27 15:29:31,Active,0.325,0.416,17,1
2024-11-27 15:29:31,Active,0.295,0.433,17,1
2024-11-27 15:29:31,Active,0.328,0.410,17,1
2024-11-27 15:29:31,Active,0.267,0.436,17,1
2024-11-27 15:29:31,Active,0.333,0.416,17,1
2024-11-27 15:29:31,Active,0.322,0.433,17,1
2024-11-27 15:29:31,Active,0.292,0.403,17,1
2024-11-27 15:29:31,Active,0.331,0.433,17,1
2024-11-27 15:29:31,Active,0.163,0.403,17,1
2024-11-27 15:29:31,Active,0.320,0.436,17,1
2024-11-27 15:29:31,Active,0.203,0.404,17,1
2024-11-27 15:29:31,Active,0.319,0.436,17,1
2024-11-27 15:29:31,Active,0.258,0.416,17,1
2024-11-27 15:29:31,Active,0.319,0.371,17,1
2024-11-27 15:29:31,Active,0.294,0.410,17,1
2024-11-27 15:29:31,Active,0.366,0.431,17,1
2024-11-27 15:29:31,Active,0.339,0.409,17,1
2024-11-27 15:29:31,Active,0.321,0.435,17,1
2024-11-27 15:29:31,Active,0.339,0.398,17,1
2024-11-27 15:29:31,Active,0.313,0.415,17,1
2024-11-27 15:29:32,Active,0.353,0.415,17,1
2024-11-27 15:29:32,Active,0.351,0.403,17,1
2024-11-27 15:29:32,Active,0.329,0.414,17,1
2024-11-27 15:29:32,Active,0.344,0.409,17,1
2024-11-27 15:29:32,Active,0.353,0.415,17,1
2024-11-27 15:29:32,Active,0.362,0.421,17,1
2024-11-27 15:29:32,Active,0.317,0.415,17,1
2024-11-27 15:29:32,Active,0.351,0.409,17,1
2024-11-27 15:29:32,Active,0.311,0.433,17,1
2024-11-27 15:29:32,Active,0.329,0.398,17,1
2024-11-27 15:29:32,Active,0.354,0.437,17,1
2024-11-27 15:29:32,Active,0.345,0.421,17,1
2024-11-27 15:29:32,Active,0.311,0.436,17,1
2024-11-27 15:29:32,Active,0.329,0.404,17,1
2024-11-27 15:29:32,Active,0.304,0.410,17,1
2024-11-27 15:29:32,Active,0.340,0.403,17,1
2024-11-27 15:29:32,Active,0.297,0.392,17,1
2024-11-27 15:29:32,Active,0.332,0.410,17,1
2024-11-27 15:29:32,Active,0.311,0.436,17,1
2024-11-27 15:29:32,Active,0.301,0.422,17,1
2024-11-27 15:29:32,Active,0.319,0.410,17,1
2024-11-27 15:29:32,Active,0.186,0.405,17,1
2024-11-27 15:29:32,Active,0.287,0.391,17,1
2024-11-27 15:29:32,Active,0.135,0.408,17,1
2024-11-27 15:29:32,Active,0.176,0.403,17,1
2024-11-27 15:29:32,Active,0.312,0.391,17,1
2024-11-27 15:29:32,Active,0.325,0.389,17,1
2024-11-27 15:29:32,Active,0.204,0.415,17,1
2024-11-27 15:29:32,Active,0.346,0.389,17,1
2024-11-27 15:29:32,Active,0.234,0.408,17,1
2024-11-27 15:29:32,Active,0.343,0.392,17,1
2024-11-27 15:29:32,Active,0.248,0.415,17,1
2024-11-27 15:29:32,Active,0.346,0.431,17,1
2024-11-27 15:29:32,Active,0.255,0.421,17,1
2024-11-27 15:29:32,Active,0.271,0.409,17,1
2024-11-27 15:29:32,Active,0.347,0.431,17,1
2024-11-27 15:29:32,Active,0.353,0.393,17,1
2024-11-27 15:29:32,Active,0.268,0.421,17,1
2024-11-27 15:29:32,Active,0.326,0.432,17,1
2024-11-27 15:29:32,Active,0.265,0.421,17,1
2024-11-27 15:29:32,Active,0.273,0.414,17,1
2024-11-27 15:29:32,Active,0.277,0.415,17,1
2024-11-27 15:29:32,Active,0.323,0.429,17,1
2024-11-27 15:29:32,Active,0.271,0.416,17,1
2024-11-27 15:29:32,Active,0.322,0.414,17,1
2024-11-27 15:29:32,Active,0.295,0.403,17,1
2024-11-27 15:29:32,Active,0.343,0.414,17,1
2024-11-27 15:29:32,Active,0.274,0.429,17,1
2024-11-27 15:29:32,Active,0.315,0.414,17,1
2024-11-27 15:29:32,Active,0.308,0.429,17,1
2024-11-27 15:29:32,Active,0.281,0.432,17,1
2024-11-27 15:29:32,Active,0.328,0.398,17,1
2024-11-27 15:29:32,Active,0.321,0.411,17,1
2024-11-27 15:29:32,Active,0.330,0.429,17,1
2024-11-27 15:29:32,Active,0.287,0.393,17,1
2024-11-27 15:29:32,Active,0.330,0.416,17,1
2024-11-27 15:29:32,Active,0.299,0.431,17,1
2024-11-27 15:29:32,Active,0.320,0.416,17,1
2024-11-27 15:29:32,Active,0.287,0.414,17,1
2024-11-27 15:29:32,Active,0.325,0.423,17,1
2024-11-27 15:29:33,Active,0.343,0.453,17,1
2024-11-27 15:29:33,Active,0.332,0.416,17,1
2024-11-27 15:29:33,Active,0.320,0.423,17,1
2024-11-27 15:29:33,Active,0.278,0.411,17,1
2024-11-27 15:29:33,Active,0.317,0.423,17,1
2024-11-27 15:29:33,Active,0.263,0.411,17,1
2024-11-27 15:29:33,Active,0.325,0.417,17,1
2024-11-27 15:29:33,Active,0.249,0.387,17,1
2024-11-27 15:29:33,Active,0.326,0.442,17,1
2024-11-27 15:29:33,Active,0.268,0.387,17,1
2024-11-27 15:29:33,Active,0.335,0.429,17,1
2024-11-27 15:29:33,Active,0.254,0.410,17,1
2024-11-27 15:29:33,Active,0.319,0.416,17,1
2024-11-27 15:29:33,Active,0.282,0.393,17,1
2024-11-27 15:29:33,Active,0.336,0.421,17,1
2024-11-27 15:29:33,Active,0.302,0.411,17,1
2024-11-27 15:29:33,Active,0.320,0.416,17,1
2024-11-27 15:29:33,Active,0.302,0.433,17,1
2024-11-27 15:29:33,Active,0.337,0.429,17,1
2024-11-27 15:29:33,Active,0.347,0.409,17,1
2024-11-27 15:29:33,Active,0.326,0.416,17,1
2024-11-27 15:29:33,Active,0.290,0.397,17,1
2024-11-27 15:29:33,Active,0.294,0.386,17,1
2024-11-27 15:29:33,Active,0.322,0.410,17,1
2024-11-27 15:29:33,Active,0.318,0.410,17,1
2024-11-27 15:29:33,Active,0.342,0.453,17,1
2024-11-27 15:29:33,Active,0.326,0.416,17,1
2024-11-27 15:29:33,Active,0.390,0.410,17,1
2024-11-27 15:29:33,Active,0.313,0.417,17,1
2024-11-27 15:29:33,Active,0.340,0.411,17,1
2024-11-27 15:29:33,Active,0.325,0.418,17,1
2024-11-27 15:29:33,Active,0.295,0.392,17,1
2024-11-27 15:29:33,Active,0.317,0.423,17,1
2024-11-27 15:29:33,Active,0.312,0.433,17,1
2024-11-27 15:29:33,Active,0.319,0.416,17,1
2024-11-27 15:29:33,Active,0.254,0.392,17,1
2024-11-27 15:29:33,Active,0.321,0.433,17,1
2024-11-27 15:29:33,Active,0.318,0.416,17,1
2024-11-27 15:29:33,Active,0.277,0.414,17,1
2024-11-27 15:29:33,Active,0.318,0.433,17,1
2024-11-27 15:29:33,Active,0.343,0.411,17,1
2024-11-27 15:29:33,Active,0.319,0.461,17,1
2024-11-27 15:29:33,Active,0.314,0.434,17,1
2024-11-27 15:29:33,Active,0.326,0.494,17,1
2024-11-27 15:29:33,Active,0.283,0.432,17,1
2024-11-27 15:29:33,Active,0.320,0.533,17,1
2024-11-27 15:29:33,Active,0.346,0.437,17,1
2024-11-27 15:29:33,Active,0.307,0.546,17,1
2024-11-27 15:29:33,Active,0.344,0.411,17,1
2024-11-27 15:29:33,Active,0.323,0.615,17,1
2024-11-27 15:29:33,Active,0.304,0.677,17,1
2024-11-27 15:29:33,Active,0.345,0.410,17,1
2024-11-27 15:29:33,Active,0.307,0.777,17,1
2024-11-27 15:29:33,Active,0.321,0.456,17,1
2024-11-27 15:29:33,Active,0.311,0.803,17,1
2024-11-27 15:29:33,Active,0.319,0.415,17,1
2024-11-27 15:29:33,Active,0.285,0.872,17,1
2024-11-27 15:29:33,Active,0.325,0.456,17,1
2024-11-27 15:29:33,Active,0.290,0.777,17,1
2024-11-27 15:29:33,Active,0.287,0.434,17,1
2024-11-27 15:29:34,Active,0.266,0.802,17,1
2024-11-27 15:29:34,Active,0.323,0.434,17,1
2024-11-27 15:29:34,Active,0.263,0.762,17,1
2024-11-27 15:29:34,Active,0.349,0.455,17,1
2024-11-27 15:29:34,Active,0.297,0.755,17,1
2024-11-27 15:29:34,Active,0.287,0.411,17,1
2024-11-27 15:29:34,Active,0.283,0.716,17,1
2024-11-27 15:29:34,Active,0.345,0.458,17,1
2024-11-27 15:29:34,Active,0.276,0.792,17,1
2024-11-27 15:29:34,Active,0.340,0.458,17,1
2024-11-27 15:29:34,Active,0.267,0.777,17,1
2024-11-27 15:29:34,Active,0.321,0.434,17,1
2024-11-27 15:29:34,Active,0.275,0.738,17,1
2024-11-27 15:29:34,Active,0.298,0.432,17,1
2024-11-27 15:29:34,Active,0.267,0.845,17,1
2024-11-27 15:29:34,Active,0.328,0.432,17,1
2024-11-27 15:29:34,Active,0.270,0.789,17,1
2024-11-27 15:29:34,Active,0.306,0.456,17,1
2024-11-27 15:29:34,Active,0.263,0.788,17,1
2024-11-27 15:29:34,Active,0.368,0.436,17,1
2024-11-27 15:29:34,Active,0.267,0.829,17,1
2024-11-27 15:29:34,Active,0.328,0.437,17,1
2024-11-27 15:29:34,Active,0.270,0.757,17,1
2024-11-27 15:29:34,Active,0.296,0.397,17,1
2024-11-27 15:29:34,Active,0.250,0.777,17,1
2024-11-27 15:29:34,Active,0.335,0.440,17,1
2024-11-27 15:29:34,Active,0.264,0.679,17,1
2024-11-27 15:29:34,Active,0.303,0.419,17,1
2024-11-27 15:29:34,Active,0.260,0.710,17,1
2024-11-27 15:29:34,Active,0.286,0.418,17,1
2024-11-27 15:29:34,Active,0.253,0.703,17,1
2024-11-27 15:29:34,Active,0.281,0.397,17,1
2024-11-27 15:29:34,Active,0.155,0.280,17,1
2024-11-27 15:29:34,Active,0.270,0.731,17,1
2024-11-27 15:29:34,Active,0.311,0.401,17,1
2024-11-27 15:29:34,Active,0.260,0.727,17,1
2024-11-27 15:29:34,Active,0.322,0.393,17,1
2024-11-27 15:29:34,Active,0.264,0.746,17,1
2024-11-27 15:29:34,Active,0.286,0.440,17,1
2024-11-27 15:29:34,Active,0.253,0.761,17,1
2024-11-27 15:29:34,Active,0.312,0.415,17,1
2024-11-27 15:29:34,Active,0.268,0.705,17,1
2024-11-27 15:29:34,Active,0.320,0.460,17,1
2024-11-27 15:29:34,Active,0.287,0.483,17,1
2024-11-27 15:29:34,Active,0.291,0.706,17,1
2024-11-27 15:29:34,Active,0.264,0.721,17,1
2024-11-27 15:29:34,Active,0.268,0.526,17,1
2024-11-27 15:29:34,Active,0.257,0.757,17,1
2024-11-27 15:29:34,Active,0.342,0.550,17,1
2024-11-27 15:29:34,Active,0.282,0.729,17,1
2024-11-27 15:29:34,Active,0.278,0.550,17,1
2024-11-27 15:29:34,Active,0.271,0.788,17,1
2024-11-27 15:29:34,Active,0.303,0.527,17,1
2024-11-27 15:29:34,Active,0.272,0.771,17,1
2024-11-27 15:29:34,Active,0.274,0.479,17,1
2024-11-27 15:29:34,Active,0.263,0.788,17,1
2024-11-27 15:29:34,Active,0.274,0.460,17,1
2024-11-27 15:29:34,Active,0.299,0.481,17,1
2024-11-27 15:29:34,Active,0.250,0.741,17,1
2024-11-27 15:29:34,Active,0.229,0.501,17,1
2024-11-27 15:29:34,Active,0.240,0.780,17,1
2024-11-27 15:29:35,Active,0.252,0.479,17,1
2024-11-27 15:29:35,Active,0.222,0.839,17,1
2024-11-27 15:29:35,Active,0.290,0.456,17,1
2024-11-27 15:29:35,Active,0.152,0.863,17,1
2024-11-27 15:29:35,Active,0.300,0.456,17,1
2024-11-27 15:29:35,Active,0.137,0.786,17,1
2024-11-27 15:29:35,Active,0.298,0.437,17,1
2024-11-27 15:29:35,Active,0.165,0.772,17,1
2024-11-27 15:29:35,Active,0.273,0.437,17,1
2024-11-27 15:29:35,Active,0.204,0.797,17,1
2024-11-27 15:29:35,Active,0.291,0.455,17,1
2024-11-27 15:29:35,Active,0.229,0.819,17,1
2024-11-27 15:29:35,Active,0.330,0.477,17,1
2024-11-27 15:29:35,Active,0.216,0.835,17,1
2024-11-27 15:29:35,Active,0.269,0.414,17,1
2024-11-27 15:29:35,Active,0.246,0.865,17,1
2024-11-27 15:29:35,Active,0.263,0.433,17,1
2024-11-27 15:29:35,Active,0.237,0.770,17,1
2024-11-27 15:29:35,Active,0.326,0.434,17,1
2024-11-27 15:29:35,Active,0.252,0.785,17,1
2024-11-27 15:29:35,Active,0.260,0.810,17,1
2024-11-27 15:29:35,Active,0.275,0.437,17,1
2024-11-27 15:29:35,Active,0.297,0.433,17,1
2024-11-27 15:29:35,Active,0.253,0.765,17,1
2024-11-27 15:29:35,Active,0.309,0.476,17,1
2024-11-27 15:29:35,Active,0.250,0.776,17,1
2024-11-27 15:29:35,Active,0.284,0.414,17,1
2024-11-27 15:29:35,Active,0.243,0.848,17,1
2024-11-27 15:29:35,Active,0.296,0.460,17,1
2024-11-27 15:29:35,Active,0.243,0.762,17,1
2024-11-27 15:29:35,Active,0.322,0.411,17,1
2024-11-27 15:29:35,Active,0.252,0.718,17,1
2024-11-27 15:29:35,Active,0.250,0.755,17,1
2024-11-27 15:29:35,Active,0.278,0.414,17,1
2024-11-27 15:29:35,Active,0.302,0.457,17,1
2024-11-27 15:29:35,Active,0.230,0.797,17,1
2024-11-27 15:29:35,Active,0.274,0.457,17,1
2024-11-27 15:29:35,Active,0.250,0.799,17,1
2024-11-27 15:29:35,Active,0.240,0.801,17,1
2024-11-27 15:29:35,Active,0.325,0.451,17,1
2024-11-27 15:29:35,Active,0.231,0.776,17,1
2024-11-27 15:29:35,Active,0.277,0.366,17,1
2024-11-27 15:29:35,Active,0.339,0.389,17,1
2024-11-27 15:29:35,Active,0.223,0.718,17,1
2024-11-27 15:29:35,Active,0.238,0.596,17,1
2024-11-27 15:29:35,Active,0.298,0.370,17,1
2024-11-27 15:29:35,Active,0.236,0.625,17,1
2024-11-27 15:29:35,Active,0.324,0.434,17,1
2024-11-27 15:29:35,Active,0.277,0.414,17,1
2024-11-27 15:29:35,Active,0.260,0.634,17,1
2024-11-27 15:29:35,Active,0.315,0.437,17,1
2024-11-27 15:29:35,Active,0.250,0.652,17,1
2024-11-27 15:29:35,Active,0.297,0.415,17,1
2024-11-27 15:29:35,Active,0.258,0.642,17,1
2024-11-27 15:29:35,Active,0.312,0.393,17,1
2024-11-27 15:29:35,Active,0.248,0.707,17,1
2024-11-27 15:29:35,Active,0.312,0.429,17,1
2024-11-27 15:29:35,Active,0.228,0.700,17,1
2024-11-27 15:29:35,Active,0.262,0.725,17,1
2024-11-27 15:29:35,Active,0.282,0.415,17,1
2024-11-27 15:29:35,Active,0.296,0.376,17,1
2024-11-27 15:29:36,Active,0.256,0.684,17,1
2024-11-27 15:29:36,Active,0.271,0.431,17,1
2024-11-27 15:29:36,Active,0.265,0.373,17,1
2024-11-27 15:29:36,Active,0.259,0.730,17,1
2024-11-27 15:29:36,Active,0.297,0.435,17,1
2024-11-27 15:29:36,Active,0.262,0.729,17,1
2024-11-27 15:29:36,Active,0.319,0.415,17,1
2024-11-27 15:29:36,Active,0.336,0.429,17,1
2024-11-27 15:29:36,Active,0.287,0.431,17,1
2024-11-27 15:29:36,Active,0.256,0.728,17,1
2024-11-27 15:29:36,Active,0.255,0.415,17,1
2024-11-27 15:29:36,Active,0.259,0.732,17,1
2024-11-27 15:29:36,Active,0.270,0.410,17,1
2024-11-27 15:29:36,Active,0.265,0.784,17,1
2024-11-27 15:29:36,Active,0.322,0.370,17,1
2024-11-27 15:29:36,Active,0.312,0.431,17,1
2024-11-27 15:29:36,Active,0.259,0.750,17,1
2024-11-27 15:29:36,Active,0.391,0.435,17,1
2024-11-27 15:29:36,Active,0.269,0.782,17,1
2024-11-27 15:29:36,Active,0.255,0.411,17,1
2024-11-27 15:29:36,Active,0.253,0.780,17,1
2024-11-27 15:29:36,Active,0.330,0.437,17,1
2024-11-27 15:29:36,Active,0.259,0.712,17,1
2024-11-27 15:29:36,Active,0.277,0.418,17,1
2024-11-27 15:29:36,Active,0.266,0.782,17,1
2024-11-27 15:29:36,Active,0.356,0.379,17,1
2024-11-27 15:29:36,Active,0.268,0.873,17,1
2024-11-27 15:29:36,Active,0.296,0.440,17,1
2024-11-27 15:29:36,Active,0.291,0.797,17,1
2024-11-27 15:29:36,Active,0.355,0.396,17,1
2024-11-27 15:29:36,Active,0.248,0.768,17,1
2024-11-27 15:29:36,Active,0.299,0.380,17,1
2024-11-27 15:29:36,Active,0.237,0.750,17,1
2024-11-27 15:29:36,Active,0.294,0.384,17,1
2024-11-27 15:29:36,Active,0.245,0.786,17,1
2024-11-27 15:29:36,Active,0.323,0.369,17,1
2024-11-27 15:29:36,Active,0.269,0.782,17,1
2024-11-27 15:29:36,Active,0.248,0.696,17,1
2024-11-27 15:29:36,Active,0.247,0.384,17,1
2024-11-27 15:29:36,Active,0.251,0.773,17,1
2024-11-27 15:29:36,Active,0.296,0.441,17,1
2024-11-27 15:29:36,Active,0.257,0.681,17,1
2024-11-27 15:29:36,Active,0.274,0.661,17,1
2024-11-27 15:29:36,Active,0.327,0.484,17,1
2024-11-27 15:29:36,Active,0.266,0.663,17,1
2024-11-27 15:29:36,Active,0.289,0.668,17,1
2024-11-27 15:29:36,Active,0.306,0.467,17,1
2024-11-27 15:29:36,Active,0.357,0.510,17,1
2024-11-27 15:29:36,Active,0.262,0.738,17,1
2024-11-27 15:29:36,Active,0.314,0.451,17,1
2024-11-27 15:29:36,Active,0.262,0.760,17,1
2024-11-27 15:29:36,Active,0.277,0.710,17,1
2024-11-27 15:29:36,Active,0.309,0.434,17,1
2024-11-27 15:29:36,Active,0.272,0.661,17,1
2024-11-27 15:29:36,Active,0.335,0.415,17,1
2024-11-27 15:29:36,Active,0.265,0.646,17,1
2024-11-27 15:29:36,Active,0.310,0.420,17,1
2024-11-27 15:29:36,Active,0.320,0.354,17,1
2024-11-27 15:29:36,Active,0.242,0.628,17,1
2024-11-27 15:29:36,Active,0.225,0.485,17,1
2024-11-27 15:29:36,SLEEPING !!!,0.248,0.683,17,1
2024-11-27 15:29:37,SLEEPING !!!,0.242,0.465,17,1
2024-11-27 15:29:37,SLEEPING !!!,0.237,0.686,17,1
2024-11-27 15:29:37,Active,0.260,0.449,18,1
2024-11-27 15:29:37,Active,0.235,0.660,18,1
2024-11-27 15:29:37,Active,0.243,0.431,18,1
2024-11-27 15:29:37,SLEEPING !!!,0.240,0.636,18,1
2024-11-27 15:29:37,SLEEPING !!!,0.211,0.450,18,1
2024-11-27 15:29:37,SLEEPING !!!,0.240,0.672,18,1
2024-11-27 15:29:37,SLEEPING !!!,0.236,0.484,18,1
2024-11-27 15:29:37,Active,0.254,0.655,19,1
2024-11-27 15:29:37,Active,0.202,0.469,19,1
2024-11-27 15:29:37,Active,0.230,0.682,19,1
2024-11-27 15:29:37,SLEEPING !!!,0.155,0.484,19,1
2024-11-27 15:29:37,SLEEPING !!!,0.227,0.651,19,1
2024-11-27 15:29:37,SLEEPING !!!,0.210,0.440,19,1
2024-11-27 15:29:37,SLEEPING !!!,0.216,0.640,19,1
2024-11-27 15:29:37,SLEEPING !!!,0.227,0.455,19,1
2024-11-27 15:29:37,SLEEPING !!!,0.236,0.687,19,1
2024-11-27 15:29:37,Active,0.252,0.425,20,1
2024-11-27 15:29:37,Active,0.228,0.649,20,1
2024-11-27 15:29:37,Active,0.262,0.470,20,1
2024-11-27 15:29:37,Active,0.216,0.660,20,1
2024-11-27 15:29:37,Active,0.260,0.414,20,1
2024-11-27 15:29:37,Active,0.223,0.665,20,1
2024-11-27 15:29:37,Active,0.275,0.396,20,1
2024-11-27 15:29:37,Active,0.206,0.661,20,1
2024-11-27 15:29:37,Active,0.277,0.396,20,1
2024-11-27 15:29:37,Active,0.231,0.687,20,1
2024-11-27 15:29:37,Active,0.240,0.628,20,1
2024-11-27 15:29:37,Active,0.277,0.393,20,1
2024-11-27 15:29:37,Active,0.277,0.382,20,1
2024-11-27 15:29:37,Active,0.238,0.619,20,1
2024-11-27 15:29:37,Active,0.248,0.629,20,1
2024-11-27 15:29:37,Active,0.253,0.366,20,1
2024-11-27 15:29:37,Active,0.261,0.375,20,1
2024-11-27 15:29:37,Active,0.243,0.630,20,1
2024-11-27 15:29:37,Active,0.248,0.632,20,1
2024-11-27 15:29:37,Active,0.269,0.451,20,1
2024-11-27 15:29:37,Active,0.259,0.599,20,1
2024-11-27 15:29:37,Active,0.266,0.373,20,1
2024-11-27 15:29:37,Active,0.237,0.389,20,1
2024-11-27 15:29:37,Active,0.272,0.587,20,1
2024-11-27 15:29:37,Active,0.278,0.375,20,1
2024-11-27 15:29:37,Active,0.274,0.591,20,1
2024-11-27 15:29:37,Active,0.276,0.592,20,1
2024-11-27 15:29:37,Active,0.260,0.389,20,1
2024-11-27 15:29:37,Active,0.283,0.601,20,1
2024-11-27 15:29:37,Active,0.286,0.404,20,1
2024-11-27 15:29:37,Active,0.292,0.585,20,1
2024-11-27 15:29:37,Active,0.249,0.384,20,1
2024-11-27 15:29:37,Active,0.288,0.565,20,1
2024-11-27 15:29:37,Active,0.252,0.483,20,1
2024-11-27 15:29:37,Active,0.337,0.479,20,1
2024-11-27 15:29:37,Active,0.285,0.578,20,1
2024-11-27 15:29:37,Active,0.294,0.479,20,1
2024-11-27 15:29:37,Active,0.298,0.563,20,1
2024-11-27 15:29:37,Active,0.285,0.437,20,1
2024-11-27 15:29:37,Active,0.312,0.548,20,1
2024-11-27 15:29:37,Active,0.291,0.581,20,1
2024-11-27 15:29:37,Active,0.300,0.437,20,1
2024-11-27 15:29:38,Active,0.263,0.532,20,1
2024-11-27 15:29:38,Active,0.284,0.456,20,1
2024-11-27 15:29:38,Active,0.287,0.478,20,1
2024-11-27 15:29:38,Active,0.146,0.495,20,1
2024-11-27 15:29:38,Active,0.167,0.506,20,1
2024-11-27 15:29:38,Active,0.323,0.456,20,1
2024-11-27 15:29:38,Active,0.195,0.500,20,1
2024-11-27 15:29:38,Active,0.301,0.482,20,1
2024-11-27 15:29:38,Active,0.220,0.511,20,1
2024-11-27 15:29:38,Active,0.319,0.479,20,1
2024-11-27 15:29:38,Active,0.248,0.516,20,1
2024-11-27 15:29:38,Active,0.289,0.457,20,1
2024-11-27 15:29:38,Active,0.254,0.479,20,1
2024-11-27 15:29:38,Active,0.312,0.475,20,1
2024-11-27 15:29:38,Active,0.256,0.437,20,1
2024-11-27 15:29:38,Active,0.344,0.423,20,1
2024-11-27 15:29:38,Active,0.282,0.435,20,1
2024-11-27 15:29:38,Active,0.313,0.429,20,1
2024-11-27 15:29:38,Active,0.282,0.403,20,1
2024-11-27 15:29:38,Active,0.313,0.429,20,1
2024-11-27 15:29:38,Active,0.263,0.372,20,1
2024-11-27 15:29:38,Active,0.311,0.408,20,1
2024-11-27 15:29:38,Active,0.278,0.376,20,1
2024-11-27 15:29:38,Active,0.280,0.504,20,1
2024-11-27 15:29:38,Active,0.265,0.377,20,1
2024-11-27 15:29:38,Active,0.246,0.379,20,1
2024-11-27 15:29:38,Active,0.256,0.359,20,1
2024-11-27 15:29:38,Active,0.265,0.375,20,1
2024-11-27 15:29:38,Active,0.270,0.389,20,1
2024-11-27 15:29:38,Active,0.271,0.374,20,1
2024-11-27 15:29:38,Active,0.268,0.406,20,1
2024-11-27 15:29:38,Active,0.282,0.410,20,1
2024-11-27 15:29:38,Active,0.280,0.409,20,1
2024-11-27 15:29:38,Active,0.282,0.406,20,1
2024-11-27 15:29:38,Active,0.267,0.405,20,1
2024-11-27 15:29:38,Active,0.268,0.394,20,1
2024-11-27 15:29:38,Active,0.270,0.395,20,1
2024-11-27 15:29:38,Active,0.259,0.390,20,1
2024-11-27 15:29:38,Active,0.267,0.410,20,1
2024-11-27 15:29:38,Active,0.278,0.407,20,1
2024-11-27 15:29:38,Active,0.278,0.443,20,1
2024-11-27 15:29:38,Active,0.277,0.418,20,1
2024-11-27 15:29:39,Active,0.274,0.425,20,1
2024-11-27 15:29:39,Active,0.277,0.435,20,1
2024-11-27 15:29:39,Active,0.285,0.441,20,1
2024-11-27 15:29:39,Active,0.281,0.451,20,1
2024-11-27 15:29:39,Active,0.277,0.505,20,1
2024-11-27 15:29:39,Active,0.271,0.494,20,1
2024-11-27 15:29:39,Active,0.292,0.461,20,1
2024-11-27 15:29:39,Active,0.287,0.521,20,1
2024-11-27 15:29:39,Active,0.294,0.589,20,1
2024-11-27 15:29:39,Active,0.299,0.683,20,1
2024-11-27 15:29:39,Active,0.290,0.558,20,1
2024-11-27 15:29:39,Active,0.288,0.648,20,1
2024-11-27 15:29:39,Active,0.290,0.594,20,1
2024-11-27 15:29:39,Active,0.299,0.542,20,1
2024-11-27 15:29:39,Active,0.311,0.624,20,1
2024-11-27 15:29:39,Active,0.302,0.606,20,1
2024-11-27 15:29:39,Active,0.295,0.642,20,1
2024-11-27 15:29:39,Active,0.296,0.614,20,1
2024-11-27 15:29:39,Active,0.277,0.658,20,1
2024-11-27 15:29:39,Active,0.279,0.621,20,1
2024-11-27 15:29:39,Active,0.293,0.665,20,1
2024-11-27 15:29:39,Active,0.300,0.664,20,1
2024-11-27 15:29:39,Active,0.290,0.628,20,1
2024-11-27 15:29:39,Active,0.296,0.630,20,1
2024-11-27 15:29:39,Active,0.293,0.640,20,1
2024-11-27 15:29:39,Active,0.287,0.591,20,1
2024-11-27 15:29:39,Active,0.290,0.628,20,1
2024-11-27 15:29:39,Active,0.295,0.597,20,1
2024-11-27 15:29:39,Active,0.285,0.577,20,1
2024-11-27 15:29:39,Active,0.288,0.594,20,1
2024-11-27 15:29:40,Active,0.284,0.818,20,1
2024-11-27 15:29:40,Active,0.297,0.799,20,1
2024-11-27 15:29:40,Active,0.302,0.806,20,1
2024-11-27 15:29:40,Active,0.305,0.744,20,1
2024-11-27 15:29:40,Active,0.316,0.744,20,1
2024-11-27 15:29:40,Active,0.315,0.775,20,1
2024-11-27 15:29:40,Active,0.323,0.662,20,1
2024-11-27 15:29:40,Active,0.304,0.697,20,1
2024-11-27 15:29:40,Active,0.310,0.603,20,1
2024-11-27 15:29:40,Active,0.321,0.574,20,1
2024-11-27 15:29:40,Active,0.301,0.466,20,1
2024-11-27 15:29:40,Active,0.294,0.548,20,1
2024-11-27 15:29:40,Active,0.300,0.558,20,1
2024-11-27 15:29:40,Active,0.267,0.537,20,1
2024-11-27 15:29:40,Active,0.161,0.544,20,1
2024-11-27 15:29:40,Active,0.080,0.533,20,1
2024-11-27 15:29:40,SLEEPING !!!,0.146,0.495,20,1
2024-11-27 15:29:40,SLEEPING !!!,0.177,0.479,20,1
2024-11-27 15:29:40,SLEEPING !!!,0.233,0.474,20,1
2024-11-27 15:29:40,SLEEPING !!!,0.247,0.463,20,1
2024-11-27 15:29:40,Active,0.255,0.437,21,1
2024-11-27 15:29:40,Active,0.280,0.418,21,1
2024-11-27 15:29:40,Active,0.272,0.438,21,1
2024-11-27 15:29:40,Active,0.287,0.418,21,1
2024-11-27 15:29:40,Active,0.293,0.429,21,1
2024-11-27 15:29:40,Active,0.295,0.427,21,1
2024-11-27 15:29:40,Active,0.293,0.423,21,1
2024-11-27 15:29:40,Active,0.295,0.427,21,1
2024-11-27 15:29:40,Active,0.288,0.403,21,1
2024-11-27 15:29:40,Active,0.295,0.418,21,1
2024-11-27 15:29:41,Active,0.304,0.416,21,1
2024-11-27 15:29:41,Active,0.304,0.416,21,1
2024-11-27 15:29:41,Active,0.295,0.416,21,1
2024-11-27 15:29:41,Active,0.311,0.421,21,1
2024-11-27 15:29:41,Active,0.306,0.393,21,1
2024-11-27 15:29:41,Active,0.301,0.427,21,1
2024-11-27 15:29:41,Active,0.306,0.422,21,1
2024-11-27 15:29:41,Active,0.233,0.317,21,1
2024-11-27 15:29:41,Active,0.314,0.442,21,1
2024-11-27 15:29:41,Active,0.311,0.451,21,1
2024-11-27 15:29:41,Active,0.297,0.322,21,1
2024-11-27 15:29:41,Active,0.307,0.457,21,1
2024-11-27 15:29:41,Active,0.279,0.350,21,1
2024-11-27 15:29:41,Active,0.317,0.468,21,1
2024-11-27 15:29:41,Active,0.230,0.387,21,1
2024-11-27 15:29:41,Active,0.302,0.495,21,1
2024-11-27 15:29:41,Active,0.296,0.327,21,1
2024-11-27 15:29:41,Active,0.303,0.463,21,1
2024-11-27 15:29:41,Active,0.321,0.420,21,1
2024-11-27 15:29:41,Active,0.286,0.417,21,1
2024-11-27 15:29:41,Active,0.242,0.383,21,1
2024-11-27 15:29:41,Active,0.173,0.346,21,1
2024-11-27 15:29:41,SLEEPING !!!,0.152,0.306,21,1
2024-11-27 15:29:41,SLEEPING !!!,0.168,0.317,21,1
2024-11-27 15:29:41,SLEEPING !!!,0.160,0.325,21,1
2024-11-27 15:29:41,SLEEPING !!!,0.190,0.304,21,1
2024-11-27 15:29:41,SLEEPING !!!,0.155,0.236,21,1
2024-11-27 15:29:41,SLEEPING !!!,0.177,0.271,21,1
2024-11-27 15:29:41,SLEEPING !!!,0.208,0.153,21,1
2024-11-27 15:29:41,SLEEPING !!!,0.233,0.237,21,1
2024-11-27 15:29:41,Active,0.324,0.124,22,1
2024-11-27 15:29:41,Active,0.295,0.082,22,1
2024-11-27 15:29:41,Active,0.305,0.089,22,1
2024-11-27 15:29:41,Active,0.270,0.143,22,1
2024-11-27 15:29:41,Active,0.345,0.084,22,1
2024-11-27 15:29:54,Active,0.338,0.403,22,1
2024-11-27 15:29:55,Active,0.242,0.285,22,1
2024-11-27 15:29:55,Active,0.233,0.310,22,1
2024-11-27 15:29:55,SLEEPING !!!,0.178,0.326,22,1
2024-11-27 15:29:55,SLEEPING !!!,0.163,0.404,22,1
2024-11-27 15:29:55,SLEEPING !!!,0.171,0.392,22,1
2024-11-27 15:29:55,SLEEPING !!!,0.171,0.417,22,1
2024-11-27 15:29:55,SLEEPING !!!,0.209,0.431,22,1
2024-11-27 15:29:55,SLEEPING !!!,0.225,0.494,22,1
2024-11-27 15:29:56,SLEEPING !!!,0.233,0.420,22,1
2024-11-27 15:29:56,SLEEPING !!!,0.232,0.114,22,1
2024-11-27 15:29:56,SLEEPING !!!,0.238,0.288,22,1
2024-11-27 15:29:56,SLEEPING !!!,0.228,0.318,22,1
2024-11-27 15:29:56,SLEEPING !!!,0.248,0.316,22,1
2024-11-27 15:29:56,Active,0.267,0.308,23,1
2024-11-27 15:29:56,Active,0.277,0.287,23,1
2024-11-27 15:29:56,Active,0.294,0.250,23,1
2024-11-27 15:29:56,Active,0.300,0.243,23,1
2024-11-27 15:29:56,Active,0.298,0.176,23,1
2024-11-27 15:29:56,Active,0.296,0.306,23,1
2024-11-27 15:29:56,Active,0.277,0.338,23,1
2024-11-27 15:29:56,Active,0.285,0.331,23,1
2024-11-27 15:29:56,Active,0.300,0.329,23,1
2024-11-27 15:29:56,Active,0.271,0.331,23,1
2024-11-27 15:29:56,Active,0.278,0.394,23,1
2024-11-27 15:29:56,Active,0.310,0.428,23,1
2024-11-27 15:29:56,Active,0.279,0.359,23,1
2024-11-27 15:29:56,Active,0.305,0.211,23,1
2024-11-27 15:29:56,Active,0.274,0.273,23,1
2024-11-27 15:29:56,Active,0.298,0.303,23,1
2024-11-27 15:29:56,Active,0.306,0.303,23,1
2024-11-27 15:29:56,Active,0.303,0.302,23,1
2024-11-27 15:29:56,Active,0.300,0.265,23,1
2024-11-27 15:29:56,Active,0.322,0.269,23,1
2024-11-27 15:29:56,Active,0.284,0.287,23,1
2024-11-27 15:29:56,Active,0.317,0.069,23,1
2024-11-27 15:29:56,Active,0.309,0.124,23,1
2024-11-27 15:29:56,Active,0.292,0.229,23,1
2024-11-27 15:29:56,Active,0.309,0.297,23,1
2024-11-27 15:29:57,Active,0.306,0.311,23,1
2024-11-27 15:29:57,Active,0.302,0.355,23,1
2024-11-27 15:29:57,Active,0.310,0.369,23,1
2024-11-27 15:29:57,Active,0.178,0.371,23,1
2024-11-27 15:29:57,Active,0.294,0.400,23,1
2024-11-27 15:29:57,Active,0.176,0.440,23,1
2024-11-27 15:29:57,Active,0.282,0.388,23,1
2024-11-27 15:29:57,Active,0.215,0.321,23,1
2024-11-27 15:29:57,Active,0.290,0.375,23,1
2024-11-27 15:29:57,Active,0.236,0.321,23,1
2024-11-27 15:29:57,Active,0.299,0.336,23,1
2024-11-27 15:29:57,Active,0.301,0.319,23,1
2024-11-27 15:29:57,Active,0.328,0.418,23,1
2024-11-27 15:29:57,Active,0.294,0.340,23,1
2024-11-27 15:29:57,Active,0.290,0.325,23,1
2024-11-27 15:29:57,Active,0.269,0.436,23,1
2024-11-27 15:29:57,Active,0.224,0.377,23,1
2024-11-27 15:29:57,Active,0.286,0.333,23,1
2024-11-27 15:29:57,Active,0.204,0.405,23,1
2024-11-27 15:29:57,Active,0.295,0.387,23,1
2024-11-27 15:29:57,Active,0.213,0.377,23,1
2024-11-27 15:29:57,Active,0.325,0.396,23,1
2024-11-27 15:29:57,Active,0.209,0.421,23,1
2024-11-27 15:29:57,Active,0.322,0.408,23,1
2024-11-27 15:29:57,Active,0.235,0.423,23,1
2024-11-27 15:29:57,Active,0.311,0.286,23,1
2024-11-27 15:29:57,Active,0.262,0.382,23,1
2024-11-27 15:29:57,Active,0.347,0.408,23,1
2024-11-27 15:29:57,Active,0.278,0.401,23,1
2024-11-27 15:29:57,Active,0.328,0.395,23,1
2024-11-27 15:29:57,Active,0.231,0.420,23,1
2024-11-27 15:29:57,Active,0.334,0.414,23,1
2024-11-27 15:29:57,Active,0.212,0.420,23,1
2024-11-27 15:29:57,Active,0.344,0.421,23,1
2024-11-27 15:29:57,Active,0.209,0.420,23,1
2024-11-27 15:29:57,Active,0.329,0.419,23,1
2024-11-27 15:29:57,Active,0.235,0.441,23,1
2024-11-27 15:29:57,Active,0.314,0.413,23,1
2024-11-27 15:29:57,Active,0.230,0.400,23,1
2024-11-27 15:29:57,Active,0.303,0.412,23,1
2024-11-27 15:29:57,Active,0.257,0.407,23,1
2024-11-27 15:29:57,Active,0.308,0.397,23,1
2024-11-27 15:29:57,Active,0.292,0.442,23,1
2024-11-27 15:29:57,Active,0.308,0.394,23,1
2024-11-27 15:29:57,Active,0.229,0.397,23,1
2024-11-27 15:29:57,Active,0.315,0.403,23,1
2024-11-27 15:29:57,Active,0.279,0.456,23,1
2024-11-27 15:29:57,Active,0.323,0.419,23,1
2024-11-27 15:29:57,Active,0.336,0.427,23,1
2024-11-27 15:29:57,Active,0.262,0.461,23,1
2024-11-27 15:29:57,Active,0.251,0.434,23,1
2024-11-27 15:29:57,Active,0.342,0.428,23,1
2024-11-27 15:29:57,Active,0.327,0.435,23,1
2024-11-27 15:29:57,Active,0.261,0.415,23,1
2024-11-27 15:29:57,Active,0.329,0.446,23,1
2024-11-27 15:29:57,Active,0.249,0.427,23,1
2024-11-27 15:29:57,Active,0.303,0.442,23,1
2024-11-27 15:29:57,Active,0.343,0.447,23,1
2024-11-27 15:29:57,Active,0.281,0.400,23,1
2024-11-27 15:29:57,Active,0.323,0.466,23,1
2024-11-27 15:29:58,Active,0.251,0.460,23,1
2024-11-27 15:29:58,Active,0.331,0.474,23,1
2024-11-27 15:29:58,Active,0.342,0.514,23,1
2024-11-27 15:29:58,Active,0.245,0.443,23,1
2024-11-27 15:29:58,Active,0.331,0.534,23,1
2024-11-27 15:29:58,Active,0.270,0.436,23,1
2024-11-27 15:29:58,Active,0.336,0.528,23,1
2024-11-27 15:29:58,Active,0.277,0.460,23,1
2024-11-27 15:29:58,Active,0.339,0.563,23,1
2024-11-27 15:29:58,Active,0.221,0.411,23,1
2024-11-27 15:29:58,Active,0.314,0.429,23,1
2024-11-27 15:29:58,Active,0.321,0.529,23,1
2024-11-27 15:29:58,Active,0.301,0.439,23,1
2024-11-27 15:29:58,Active,0.311,0.549,23,1
2024-11-27 15:29:58,Active,0.250,0.437,23,1
2024-11-27 15:29:58,Active,0.296,0.507,23,1
2024-11-27 15:29:58,Active,0.283,0.451,23,1
2024-11-27 15:29:58,Active,0.351,0.459,23,1
2024-11-27 15:29:58,Active,0.281,0.507,23,1
2024-11-27 15:29:58,Active,0.317,0.431,23,1
2024-11-27 15:29:58,Active,0.285,0.514,23,1
2024-11-27 15:29:58,Active,0.254,0.452,23,1
2024-11-27 15:29:58,Active,0.322,0.415,23,1
2024-11-27 15:29:58,Active,0.228,0.438,23,1
2024-11-27 15:29:58,Active,0.291,0.398,23,1
2024-11-27 15:29:58,Active,0.251,0.451,23,1
2024-11-27 15:29:58,Active,0.217,0.204,23,1
2024-11-27 15:29:58,Active,0.231,0.460,23,1
2024-11-27 15:29:58,Active,0.321,0.429,23,1
2024-11-27 15:29:58,Active,0.363,0.389,23,1
2024-11-27 15:30:04,Active,0.266,0.204,23,1
2024-11-27 15:30:04,Active,0.242,0.220,23,1
2024-11-27 15:30:04,Active,0.246,0.181,23,1
2024-11-27 15:30:04,Active,0.250,0.137,23,1
2024-11-27 15:30:04,Active,0.250,0.143,23,1
2024-11-27 15:30:04,Active,0.246,0.343,23,1
2024-11-27 15:30:04,Active,0.243,0.312,23,1
2024-11-27 15:30:04,SLEEPING !!!,0.247,0.314,23,1
2024-11-27 15:30:04,SLEEPING !!!,0.239,0.321,23,1
2024-11-27 15:30:04,Active,0.265,0.323,24,1
2024-11-27 15:30:04,Active,0.239,0.329,24,1
2024-11-27 15:30:04,Active,0.242,0.320,24,1
2024-11-27 15:30:04,SLEEPING !!!,0.247,0.324,24,1
2024-11-27 15:30:04,Active,0.254,0.343,25,1
2024-11-27 15:30:04,Active,0.239,0.323,25,1
2024-11-27 15:30:04,Active,0.235,0.309,25,1
2024-11-27 15:30:04,SLEEPING !!!,0.244,0.316,25,1
2024-11-27 15:30:04,SLEEPING !!!,0.235,0.339,25,1
2024-11-27 15:30:04,Active,0.251,0.333,26,1
2024-11-27 15:30:05,Active,0.247,0.348,26,1
2024-11-27 15:30:05,Active,0.247,0.338,26,1
2024-11-27 15:30:05,Active,0.270,0.333,26,1
2024-11-27 15:30:05,Active,0.232,0.343,26,1
2024-11-27 15:30:05,Active,0.224,0.323,26,1
2024-11-27 15:30:05,SLEEPING !!!,0.244,0.178,26,1
2024-11-27 15:30:05,Active,0.281,0.114,27,1
2024-11-27 15:30:05,Active,0.317,0.316,27,1
2024-11-27 15:30:05,Active,0.308,0.364,27,1
2024-11-27 15:30:05,Active,0.296,0.393,27,1
2024-11-27 15:30:05,Active,0.272,0.417,27,1
2024-11-27 15:30:05,Active,0.303,0.501,27,1
2024-11-27 15:30:05,Active,0.254,0.452,27,1
2024-11-27 15:30:05,Active,0.273,0.440,27,1
2024-11-27 15:30:05,Active,0.250,0.412,27,1
2024-11-27 15:30:05,Active,0.256,0.421,27,1
2024-11-27 15:30:05,Active,0.240,0.367,27,1
2024-11-27 15:30:05,Active,0.261,0.440,27,1
2024-11-27 15:30:05,Active,0.261,0.500,27,1
2024-11-27 15:30:05,Active,0.264,0.385,27,1
2024-11-27 15:30:05,Active,0.294,0.460,27,1
2024-11-27 15:30:05,Active,0.240,0.391,27,1
2024-11-27 15:30:05,Active,0.312,0.421,27,1
2024-11-27 15:30:05,Active,0.273,0.423,27,1
2024-11-27 15:30:05,Active,0.277,0.415,27,1
2024-11-27 15:30:05,Active,0.333,0.442,27,1
2024-11-27 15:30:05,Active,0.267,0.417,27,1
2024-11-27 15:30:05,Active,0.260,0.460,27,1
2024-11-27 15:30:05,Active,0.250,0.481,27,1
2024-11-27 15:30:05,Active,0.257,0.447,27,1
2024-11-27 15:30:05,Active,0.273,0.460,27,1
2024-11-27 15:30:05,Active,0.268,0.440,27,1
2024-11-27 15:30:05,Active,0.284,0.480,27,1
2024-11-27 15:30:05,Active,0.272,0.445,27,1
2024-11-27 15:30:05,Active,0.229,0.500,27,1
2024-11-27 15:30:05,Active,0.264,0.440,27,1
2024-11-27 15:30:05,Active,0.244,0.459,27,1
2024-11-27 15:30:05,Active,0.278,0.458,27,1
2024-11-27 15:30:05,Active,0.271,0.501,27,1
2024-11-27 15:30:05,Active,0.271,0.445,27,1
2024-11-27 15:30:05,Active,0.278,0.438,27,1
2024-11-27 15:30:05,Active,0.244,0.500,27,1
2024-11-27 15:30:05,Active,0.268,0.445,27,1
2024-11-27 15:30:05,Active,0.253,0.501,27,1
2024-11-27 15:30:05,Active,0.271,0.500,27,1
2024-11-27 15:30:05,Active,0.282,0.432,27,1
2024-11-27 15:30:05,Active,0.294,0.462,27,1
2024-11-27 15:30:05,Active,0.268,0.439,27,1
2024-11-27 15:30:05,Active,0.263,0.482,27,1
2024-11-27 15:30:05,Active,0.255,0.406,27,1
2024-11-27 15:30:05,Active,0.323,0.501,27,1
2024-11-27 15:30:05,Active,0.283,0.407,27,1
2024-11-27 15:30:06,Active,0.291,0.482,27,1
2024-11-27 15:30:06,Active,0.264,0.418,27,1
2024-11-27 15:30:06,Active,0.319,0.440,27,1
2024-11-27 15:30:06,Active,0.274,0.407,27,1
2024-11-27 15:30:06,Active,0.240,0.481,27,1
2024-11-27 15:30:06,Active,0.318,0.415,27,1
2024-11-27 15:30:06,Active,0.260,0.481,27,1
2024-11-27 15:30:06,Active,0.320,0.438,27,1
2024-11-27 15:30:06,Active,0.285,0.500,27,1
2024-11-27 15:30:06,Active,0.345,0.439,27,1
2024-11-27 15:30:06,Active,0.250,0.500,27,1
2024-11-27 15:30:06,Active,0.369,0.452,27,1
2024-11-27 15:30:06,Active,0.319,0.521,27,1
2024-11-27 15:30:06,Active,0.360,0.452,27,1
2024-11-27 15:30:06,Active,0.281,0.520,27,1
2024-11-27 15:30:06,Active,0.367,0.465,27,1
2024-11-27 15:30:06,Active,0.287,0.520,27,1
2024-11-27 15:30:06,Active,0.383,0.445,27,1
2024-11-27 15:30:06,Active,0.284,0.521,27,1
2024-11-27 15:30:06,Active,0.382,0.439,27,1
2024-11-27 15:30:06,Active,0.250,0.441,27,1
2024-11-27 15:30:06,Active,0.369,0.432,27,1
2024-11-27 15:30:06,Active,0.261,0.442,27,1
2024-11-27 15:30:06,Active,0.381,0.438,27,1
2024-11-27 15:30:06,Active,0.328,0.440,27,1
2024-11-27 15:30:06,Active,0.379,0.459,27,1
2024-11-27 15:30:06,Active,0.300,0.440,27,1
2024-11-27 15:30:06,Active,0.356,0.466,27,1
2024-11-27 15:30:06,Active,0.333,0.441,27,1
2024-11-27 15:30:06,Active,0.330,0.425,27,1
2024-11-27 15:30:06,Active,0.252,0.462,27,1
2024-11-27 15:30:06,Active,0.329,0.438,27,1
2024-11-27 15:30:06,Active,0.240,0.441,27,1
2024-11-27 15:30:06,Active,0.327,0.446,27,1
2024-11-27 15:30:06,Active,0.261,0.404,27,1
2024-11-27 15:30:06,Active,0.313,0.432,27,1
2024-11-27 15:30:06,Active,0.223,0.441,27,1
2024-11-27 15:30:06,Active,0.298,0.425,27,1
2024-11-27 15:30:06,Active,0.238,0.421,27,1
2024-11-27 15:30:06,Active,0.285,0.425,27,1
2024-11-27 15:30:06,Active,0.312,0.441,27,1
2024-11-27 15:30:06,Active,0.271,0.425,27,1
2024-11-27 15:30:06,Active,0.271,0.418,27,1
2024-11-27 15:30:06,Active,0.268,0.453,27,1
2024-11-27 15:30:06,Active,0.268,0.441,27,1
2024-11-27 15:30:06,Active,0.254,0.460,27,1
2024-11-27 15:30:06,Active,0.255,0.441,27,1
2024-11-27 15:30:06,Active,0.261,0.473,27,1
2024-11-27 15:30:06,Active,0.261,0.442,27,1
2024-11-27 15:30:06,Active,0.257,0.528,27,1
2024-11-27 15:30:06,Active,0.243,0.479,27,1
2024-11-27 15:30:06,Active,0.274,0.521,27,1
2024-11-27 15:30:06,Active,0.250,0.441,27,1
2024-11-27 15:30:06,Active,0.255,0.521,27,1
2024-11-27 15:30:06,Active,0.238,0.461,27,1
2024-11-27 15:30:06,Active,0.261,0.514,27,1
2024-11-27 15:30:06,Active,0.240,0.441,27,1
2024-11-27 15:30:06,Active,0.247,0.562,27,1
2024-11-27 15:30:06,Active,0.252,0.424,27,1
2024-11-27 15:30:06,Active,0.247,0.585,27,1
2024-11-27 15:30:07,Active,0.252,0.460,27,1
2024-11-27 15:30:07,Active,0.268,0.585,27,1
2024-11-27 15:30:07,Active,0.240,0.480,27,1
2024-11-27 15:30:07,Active,0.275,0.606,27,1
2024-11-27 15:30:07,Active,0.261,0.441,27,1
2024-11-27 15:30:07,Active,0.233,0.550,27,1
2024-11-27 15:30:07,Active,0.255,0.481,27,1
2024-11-27 15:30:07,Active,0.220,0.595,27,1
2024-11-27 15:30:07,Active,0.274,0.444,27,1
2024-11-27 15:30:07,Active,0.227,0.629,27,1
2024-11-27 15:30:07,Active,0.252,0.445,27,1
2024-11-27 15:30:07,Active,0.250,0.652,27,1
2024-11-27 15:30:07,Active,0.240,0.481,27,1
2024-11-27 15:30:07,Active,0.277,0.654,27,1
2024-11-27 15:30:07,Active,0.255,0.445,27,1
2024-11-27 15:30:07,Active,0.258,0.700,27,1
2024-11-27 15:30:07,Active,0.282,0.501,27,1
2024-11-27 15:30:07,Active,0.246,0.752,27,1
2024-11-27 15:30:07,Active,0.261,0.462,27,1
2024-11-27 15:30:07,Active,0.274,0.775,27,1
2024-11-27 15:30:07,Active,0.333,0.480,27,1
2024-11-27 15:30:07,Active,0.263,0.815,27,1
2024-11-27 15:30:07,Active,0.332,0.481,27,1
2024-11-27 15:30:07,Active,0.274,0.723,27,1
2024-11-27 15:30:07,Active,0.250,0.461,27,1
2024-11-27 15:30:07,Active,0.284,0.867,27,1
2024-11-27 15:30:07,Active,0.316,0.462,27,1
2024-11-27 15:30:07,Active,0.256,0.840,27,1
2024-11-27 15:30:07,Active,0.244,0.521,27,1
2024-11-27 15:30:07,Active,0.270,0.880,27,1
2024-11-27 15:30:07,Active,0.305,0.462,27,1
2024-11-27 15:30:07,Active,0.264,0.859,27,1
2024-11-27 15:30:07,Active,0.247,0.463,27,1
2024-11-27 15:30:07,Active,0.280,0.824,27,1
2024-11-27 15:30:07,Active,0.350,0.481,27,1
2024-11-27 15:30:07,Active,0.271,0.744,27,1
2024-11-27 15:30:07,Active,0.290,0.462,27,1
2024-11-27 15:30:07,Active,0.278,0.901,27,1
2024-11-27 15:30:07,Active,0.252,0.460,27,1
2024-11-27 15:30:07,Active,0.283,0.855,27,1
2024-11-27 15:30:07,Active,0.287,0.500,27,1
2024-11-27 15:30:07,Active,0.278,0.857,27,1
2024-11-27 15:30:07,Active,0.278,0.459,27,1
2024-11-27 15:30:07,Active,0.292,0.843,27,1
2024-11-27 15:30:07,Active,0.269,0.500,27,1
2024-11-27 15:30:07,Active,0.271,0.875,27,1
2024-11-27 15:30:07,Active,0.334,0.458,27,1
2024-11-27 15:30:07,Active,0.303,0.891,27,1
2024-11-27 15:30:07,Active,0.275,0.501,27,1
2024-11-27 15:30:07,Active,0.299,0.891,27,1
2024-11-27 15:30:07,Active,0.338,0.479,27,1
2024-11-27 15:30:07,Active,0.295,0.830,27,1
2024-11-27 15:30:07,Active,0.369,0.459,27,1
2024-11-27 15:30:07,Active,0.296,0.814,27,1
2024-11-27 15:30:07,Active,0.255,0.501,27,1
2024-11-27 15:30:07,Active,0.267,0.851,27,1
2024-11-27 15:30:07,Active,0.356,0.480,27,1
2024-11-27 15:30:07,Active,0.274,0.838,27,1
2024-11-27 15:30:07,Active,0.269,0.500,27,1
2024-11-27 15:30:07,Active,0.267,0.868,27,1
2024-11-27 15:30:08,Active,0.275,0.500,27,1
2024-11-27 15:30:08,Active,0.227,0.835,27,1
2024-11-27 15:30:08,Active,0.282,0.459,27,1
2024-11-27 15:30:08,Active,0.199,0.854,27,1
2024-11-27 15:30:08,Active,0.353,0.522,27,1
2024-11-27 15:30:08,Active,0.183,0.825,27,1
2024-11-27 15:30:08,Active,0.271,0.522,27,1
2024-11-27 15:30:08,Active,0.186,0.856,27,1
2024-11-27 15:30:08,Active,0.344,0.524,27,1
2024-11-27 15:30:08,Active,0.186,0.819,27,1
2024-11-27 15:30:08,Active,0.261,0.458,27,1
2024-11-27 15:30:08,Active,0.171,0.873,27,1
2024-11-27 15:30:08,Active,0.255,0.546,27,1
2024-11-27 15:30:08,Active,0.191,0.895,27,1
2024-11-27 15:30:08,Active,0.264,0.459,27,1
2024-11-27 15:30:08,Active,0.207,0.898,27,1
2024-11-27 15:30:08,Active,0.264,0.501,27,1
2024-11-27 15:30:08,Active,0.182,0.913,27,1
2024-11-27 15:30:08,Active,0.278,0.458,27,1
2024-11-27 15:30:08,Active,0.179,0.840,27,1
2024-11-27 15:30:08,Active,0.352,0.478,27,1
2024-11-27 15:30:08,Active,0.224,0.841,27,1
2024-11-27 15:30:08,Active,0.304,0.480,27,1
2024-11-27 15:30:08,Active,0.220,0.874,27,1
2024-11-27 15:30:08,Active,0.315,0.505,27,1
2024-11-27 15:30:08,Active,0.231,0.852,27,1
2024-11-27 15:30:08,Active,0.328,0.480,27,1
2024-11-27 15:30:08,Active,0.228,0.885,27,1
2024-11-27 15:30:08,Active,0.305,0.502,27,1
2024-11-27 15:30:08,Active,0.243,0.861,27,1
2024-11-27 15:30:08,Active,0.294,0.524,27,1
2024-11-27 15:30:08,Active,0.247,0.828,27,1
2024-11-27 15:30:08,Active,0.353,0.501,27,1
2024-11-27 15:30:08,Active,0.227,0.890,27,1
2024-11-27 15:30:08,Active,0.252,0.546,27,1
2024-11-27 15:30:08,Active,0.235,0.877,27,1
2024-11-27 15:30:08,Active,0.335,0.479,27,1
2024-11-27 15:30:08,Active,0.246,0.912,27,1
2024-11-27 15:30:08,Active,0.316,0.483,27,1
2024-11-27 15:30:08,Active,0.246,0.888,27,1
2024-11-27 15:30:08,Active,0.251,0.501,27,1
2024-11-27 15:30:08,Active,0.245,0.907,27,1
2024-11-27 15:30:08,Active,0.302,0.523,27,1
2024-11-27 15:30:08,Active,0.242,0.926,27,1
2024-11-27 15:30:08,Active,0.335,0.481,27,1
2024-11-27 15:30:08,Active,0.242,0.884,27,1
2024-11-27 15:30:08,Active,0.312,0.525,27,1
2024-11-27 15:30:08,Active,0.236,0.922,27,1
2024-11-27 15:30:08,Active,0.296,0.504,27,1
2024-11-27 15:30:08,Active,0.250,0.914,27,1
2024-11-27 15:30:08,Active,0.290,0.546,27,1
2024-11-27 15:30:08,Active,0.231,0.921,27,1
2024-11-27 15:30:08,Active,0.255,0.501,27,1
2024-11-27 15:30:08,Active,0.250,0.798,27,1
2024-11-27 15:30:08,Active,0.369,0.523,27,1
2024-11-27 15:30:08,Active,0.238,0.866,27,1
2024-11-27 15:30:08,Active,0.292,0.523,27,1
2024-11-27 15:30:08,Active,0.250,0.770,27,1
2024-11-27 15:30:08,Active,0.353,0.480,27,1
2024-11-27 15:30:08,Active,0.260,0.711,27,1
2024-11-27 15:30:09,Active,0.265,0.546,27,1
2024-11-27 15:30:09,Active,0.246,0.834,27,1
2024-11-27 15:30:09,Active,0.328,0.543,27,1
2024-11-27 15:30:09,Active,0.235,0.827,27,1
2024-11-27 15:30:09,Active,0.325,0.524,27,1
2024-11-27 15:30:09,Active,0.251,0.775,27,1
2024-11-27 15:30:09,Active,0.278,0.545,27,1
2024-11-27 15:30:09,Active,0.246,0.874,27,1
2024-11-27 15:30:09,Active,0.253,0.545,27,1
2024-11-27 15:30:09,Active,0.234,0.816,27,1
2024-11-27 15:30:09,Active,0.262,0.521,27,1
2024-11-27 15:30:09,Active,0.254,0.868,27,1
2024-11-27 15:30:09,Active,0.259,0.540,27,1
2024-11-27 15:30:09,Active,0.257,0.846,27,1
2024-11-27 15:30:09,Active,0.267,0.815,27,1
2024-11-27 15:30:09,Active,0.314,0.561,27,1
2024-11-27 15:30:09,Active,0.250,0.539,27,1
2024-11-27 15:30:09,Active,0.233,0.786,27,1
2024-11-27 15:30:09,Active,0.264,0.677,27,1
2024-11-27 15:30:09,Active,0.273,0.541,27,1
2024-11-27 15:30:09,Active,0.244,0.816,27,1
2024-11-27 15:30:09,Active,0.320,0.498,27,1
2024-11-27 15:30:09,Active,0.268,0.759,27,1
2024-11-27 15:30:09,Active,0.351,0.519,27,1
2024-11-27 15:30:09,Active,0.371,0.557,27,1
2024-11-27 15:30:09,Active,0.271,0.830,27,1
2024-11-27 15:30:09,Active,0.264,0.708,27,1
2024-11-27 15:30:09,Active,0.393,0.520,27,1
2024-11-27 15:30:09,Active,0.271,0.758,27,1
2024-11-27 15:30:09,Active,0.349,0.500,27,1
2024-11-27 15:30:09,Active,0.253,0.825,27,1
2024-11-27 15:30:09,Active,0.393,0.518,27,1
2024-11-27 15:30:09,Active,0.279,0.646,27,1
2024-11-27 15:30:09,Active,0.298,0.537,27,1
2024-11-27 15:30:09,Active,0.278,0.811,27,1
2024-11-27 15:30:09,Active,0.243,0.538,27,1
2024-11-27 15:30:09,Active,0.268,0.647,27,1
2024-11-27 15:30:09,Active,0.305,0.517,27,1
2024-11-27 15:30:09,Active,0.268,0.608,27,1
2024-11-27 15:30:09,Active,0.245,0.517,27,1
2024-11-27 15:30:09,Active,0.291,0.638,27,1
2024-11-27 15:30:09,Active,0.293,0.518,27,1
2024-11-27 15:30:09,Active,0.260,0.672,27,1
2024-11-27 15:30:09,Active,0.299,0.497,27,1
2024-11-27 15:30:09,Active,0.253,0.667,27,1
2024-11-27 15:30:09,Active,0.285,0.518,27,1
2024-11-27 15:30:09,Active,0.240,0.675,27,1
2024-11-27 15:30:09,Active,0.274,0.479,27,1
2024-11-27 15:30:09,Active,0.230,0.752,27,1
2024-11-27 15:30:09,Active,0.282,0.498,27,1
2024-11-27 15:30:09,Active,0.250,0.723,27,1
2024-11-27 15:30:09,Active,0.304,0.516,27,1
2024-11-27 15:30:09,Active,0.246,0.802,27,1
2024-11-27 15:30:09,Active,0.283,0.479,27,1
2024-11-27 15:30:09,Active,0.246,0.772,27,1
2024-11-27 15:30:09,Active,0.240,0.460,27,1
2024-11-27 15:30:09,SLEEPING !!!,0.240,0.747,27,1
2024-11-27 15:30:09,SLEEPING !!!,0.246,0.458,27,1
2024-11-27 15:30:09,SLEEPING !!!,0.230,0.766,27,1
2024-11-27 15:30:09,Active,0.299,0.499,28,1
2024-11-27 15:30:10,Active,0.227,0.737,28,1
2024-11-27 15:30:10,Active,0.273,0.477,28,1
2024-11-27 15:30:10,Active,0.216,0.809,28,1
2024-11-27 15:30:10,Active,0.322,0.540,28,1
2024-11-27 15:30:10,Active,0.243,0.805,28,1
2024-11-27 15:30:10,Active,0.243,0.479,28,1
2024-11-27 15:30:10,SLEEPING !!!,0.240,0.820,28,1
2024-11-27 15:30:10,Active,0.255,0.478,29,1
2024-11-27 15:30:10,Active,0.243,0.839,29,1
2024-11-27 15:30:10,Active,0.220,0.478,29,1
2024-11-27 15:30:10,SLEEPING !!!,0.240,0.828,29,1
2024-11-27 15:30:10,SLEEPING !!!,0.200,0.479,29,1
2024-11-27 15:30:10,SLEEPING !!!,0.250,0.752,29,1
2024-11-27 15:30:10,SLEEPING !!!,0.203,0.480,29,1
2024-11-27 15:30:10,SLEEPING !!!,0.247,0.678,29,1
2024-11-27 15:30:10,Active,0.274,0.480,30,1
2024-11-27 15:30:10,Active,0.256,0.720,30,1
2024-11-27 15:30:10,Active,0.335,0.443,30,1
2024-11-27 15:30:10,Active,0.251,0.683,30,1
2024-11-27 15:30:10,Active,0.312,0.479,30,1
2024-11-27 15:30:10,Active,0.256,0.701,30,1
2024-11-27 15:30:10,Active,0.295,0.479,30,1
2024-11-27 15:30:10,Active,0.237,0.671,30,1
2024-11-27 15:30:10,Active,0.324,0.461,30,1
2024-11-27 15:30:10,Active,0.264,0.711,30,1
2024-11-27 15:30:10,Active,0.322,0.478,30,1
2024-11-27 15:30:10,Active,0.269,0.740,30,1
2024-11-27 15:30:10,Active,0.232,0.500,30,1
2024-11-27 15:30:10,Active,0.260,0.763,30,1
2024-11-27 15:30:10,Active,0.179,0.520,30,1
2024-11-27 15:30:10,Active,0.269,0.807,30,1
2024-11-27 15:30:10,Active,0.200,0.459,30,1
2024-11-27 15:30:10,Active,0.270,0.764,30,1
2024-11-27 15:30:10,Active,0.208,0.460,30,1
2024-11-27 15:30:10,Active,0.261,0.460,30,1
2024-11-27 15:30:10,Active,0.273,0.690,30,1
2024-11-27 15:30:10,Active,0.247,0.480,30,1
2024-11-27 15:30:10,Active,0.267,0.730,30,1
2024-11-27 15:30:10,Active,0.273,0.460,30,1
2024-11-27 15:30:10,Active,0.289,0.730,30,1
2024-11-27 15:30:10,Active,0.272,0.441,30,1
2024-11-27 15:30:10,Active,0.282,0.673,30,1
2024-11-27 15:30:10,Active,0.312,0.480,30,1
2024-11-27 15:30:10,Active,0.277,0.655,30,1
2024-11-27 15:30:10,Active,0.261,0.459,30,1
2024-11-27 15:30:10,Active,0.273,0.637,30,1
2024-11-27 15:30:10,Active,0.328,0.425,30,1
2024-11-27 15:30:10,Active,0.270,0.624,30,1
2024-11-27 15:30:10,Active,0.287,0.442,30,1
2024-11-27 15:30:10,Active,0.283,0.601,30,1
2024-11-27 15:30:10,Active,0.274,0.423,30,1
2024-11-27 15:30:10,Active,0.267,0.595,30,1
2024-11-27 15:30:10,Active,0.312,0.366,30,1
2024-11-27 15:30:10,Active,0.275,0.548,30,1
2024-11-27 15:30:10,Active,0.255,0.423,30,1
2024-11-27 15:30:10,Active,0.264,0.554,30,1
2024-11-27 15:30:10,Active,0.296,0.405,30,1
2024-11-27 15:30:10,Active,0.272,0.554,30,1
2024-11-27 15:30:10,Active,0.308,0.405,30,1
2024-11-27 15:30:10,Active,0.261,0.553,30,1
2024-11-27 15:30:11,Active,0.273,0.388,30,1
2024-11-27 15:30:11,Active,0.267,0.533,30,1
2024-11-27 15:30:11,Active,0.278,0.385,30,1
2024-11-27 15:30:11,Active,0.274,0.520,30,1
2024-11-27 15:30:11,Active,0.274,0.389,30,1
2024-11-27 15:30:11,Active,0.209,0.493,30,1
2024-11-27 15:30:11,Active,0.289,0.389,30,1
2024-11-27 15:30:11,Active,0.125,0.449,30,1
2024-11-27 15:30:11,Active,0.306,0.408,30,1
2024-11-27 15:30:11,Active,0.144,0.437,30,1
2024-11-27 15:30:11,Active,0.306,0.375,30,1
2024-11-27 15:30:11,Active,0.133,0.401,30,1
2024-11-27 15:30:11,Active,0.232,0.393,30,1
2024-11-27 15:30:11,SLEEPING !!!,0.145,0.413,30,1
2024-11-27 15:30:11,SLEEPING !!!,0.117,0.425,30,1
2024-11-27 15:30:11,Active,0.290,0.393,31,1
2024-11-27 15:30:11,Active,0.187,0.443,31,1
2024-11-27 15:30:11,Active,0.232,0.376,31,1
2024-11-27 15:30:11,Active,0.272,0.393,31,1
2024-11-27 15:30:11,Active,0.151,0.426,31,1
2024-11-27 15:30:11,Active,0.264,0.411,31,1
2024-11-27 15:30:11,Active,0.174,0.444,31,1
2024-11-27 15:30:11,Active,0.251,0.359,31,1
2024-11-27 15:30:11,Active,0.202,0.450,31,1
2024-11-27 15:30:11,Active,0.271,0.361,31,1
2024-11-27 15:30:11,Active,0.230,0.425,31,1
2024-11-27 15:30:11,Active,0.271,0.379,31,1
2024-11-27 15:30:11,Active,0.227,0.444,31,1
2024-11-27 15:30:11,Active,0.255,0.468,31,1
2024-11-27 15:30:11,Active,0.215,0.356,31,1
2024-11-27 15:30:11,Active,0.254,0.451,31,1
2024-11-27 15:30:11,Active,0.209,0.331,31,1
2024-11-27 15:30:11,Active,0.254,0.444,31,1
2024-11-27 15:30:11,Active,0.221,0.334,31,1
2024-11-27 15:30:11,Active,0.274,0.431,31,1
2024-11-27 15:30:11,Active,0.264,0.334,31,1
2024-11-27 15:30:11,Active,0.274,0.430,31,1
2024-11-27 15:30:11,Active,0.236,0.321,31,1
2024-11-27 15:30:11,Active,0.318,0.418,31,1
2024-11-27 15:30:11,Active,0.181,0.335,31,1
2024-11-27 15:30:11,Active,0.353,0.394,31,1
2024-11-27 15:30:11,Active,0.206,0.323,31,1
2024-11-27 15:30:11,Active,0.378,0.398,31,1
2024-11-27 15:30:11,Active,0.198,0.349,31,1
2024-11-27 15:30:11,Active,0.181,0.376,31,1
2024-11-27 15:30:11,Active,0.377,0.387,31,1
2024-11-27 15:30:11,Active,0.181,0.349,31,1
2024-11-27 15:30:11,Active,0.388,0.394,31,1
2024-11-27 15:30:11,Active,0.171,0.349,31,1
2024-11-27 15:30:11,Active,0.370,0.392,31,1
2024-11-27 15:30:11,Active,0.176,0.346,31,1
2024-11-27 15:30:11,Active,0.399,0.412,31,1
2024-11-27 15:30:11,Active,0.175,0.381,31,1
2024-11-27 15:30:11,Active,0.393,0.402,31,1
2024-11-27 15:30:11,Active,0.177,0.349,31,1
2024-11-27 15:30:11,Active,0.406,0.407,31,1
2024-11-27 15:30:11,Active,0.162,0.318,31,1
2024-11-27 15:30:11,Active,0.397,0.418,31,1
2024-11-27 15:30:11,Active,0.183,0.332,31,1
2024-11-27 15:30:11,Active,0.417,0.413,31,1
2024-11-27 15:30:12,Active,0.121,0.329,31,1
2024-11-27 15:30:12,Active,0.370,0.412,31,1
2024-11-27 15:30:12,Active,0.144,0.318,31,1
2024-11-27 15:30:12,Active,0.389,0.430,31,1
2024-11-27 15:30:12,Active,0.171,0.311,31,1
2024-11-27 15:30:12,Active,0.417,0.414,31,1
2024-11-27 15:30:12,Active,0.175,0.321,31,1
2024-11-27 15:30:12,Active,0.413,0.418,31,1
2024-11-27 15:30:12,Active,0.177,0.321,31,1
2024-11-27 15:30:12,Active,0.336,0.450,31,1
2024-11-27 15:30:12,Active,0.162,0.329,31,1
2024-11-27 15:30:12,Active,0.406,0.409,31,1
2024-11-27 15:30:12,Active,0.146,0.351,31,1
2024-11-27 15:30:12,Active,0.378,0.425,31,1
2024-11-27 15:30:12,Active,0.169,0.337,31,1
2024-11-27 15:30:12,Active,0.377,0.443,31,1
2024-11-27 15:30:12,Active,0.118,0.383,31,1
2024-11-27 15:30:12,Active,0.424,0.413,31,1
2024-11-27 15:30:12,Active,0.183,0.340,31,1
2024-11-27 15:30:12,Active,0.423,0.430,31,1
2024-11-27 15:30:12,Active,0.177,0.349,31,1
2024-11-27 15:30:12,Active,0.417,0.437,31,1
2024-11-27 15:30:12,Active,0.131,0.372,31,1
2024-11-27 15:30:12,Active,0.423,0.418,31,1
2024-11-27 15:30:12,Active,0.173,0.349,31,1
2024-11-27 15:30:12,Active,0.429,0.431,31,1
2024-11-27 15:30:12,Active,0.171,0.358,31,1
2024-11-27 15:30:12,Active,0.436,0.419,31,1
2024-11-27 15:30:12,Active,0.199,0.337,31,1
2024-11-27 15:30:12,Active,0.427,0.431,31,1
2024-11-27 15:30:12,Active,0.187,0.337,31,1
2024-11-27 15:30:12,Active,0.422,0.411,31,1
2024-11-27 15:30:12,Active,0.177,0.354,31,1
2024-11-27 15:30:12,Active,0.388,0.412,31,1
2024-11-27 15:30:12,Active,0.152,0.337,31,1
2024-11-27 15:30:12,Active,0.358,0.431,31,1
2024-11-27 15:30:12,Active,0.139,0.337,31,1
2024-11-27 15:30:12,Active,0.399,0.431,31,1
2024-11-27 15:30:12,Active,0.200,0.403,31,1
2024-11-27 15:30:12,Active,0.400,0.417,31,1
2024-11-27 15:30:12,Active,0.117,0.335,31,1
2024-11-27 15:30:12,Active,0.382,0.394,31,1
2024-11-27 15:30:12,Active,0.127,0.337,31,1
2024-11-27 15:30:12,Active,0.411,0.418,31,1
2024-11-27 15:30:12,Active,0.144,0.335,31,1
2024-11-27 15:30:12,Active,0.399,0.412,31,1
2024-11-27 15:30:12,Active,0.158,0.354,31,1
2024-11-27 15:30:12,Active,0.353,0.406,31,1
2024-11-27 15:30:12,Active,0.136,0.370,31,1
2024-11-27 15:30:12,Active,0.392,0.399,31,1
2024-11-27 15:30:12,Active,0.163,0.347,31,1
2024-11-27 15:30:12,Active,0.369,0.417,31,1
2024-11-27 15:30:12,Active,0.183,0.366,31,1
2024-11-27 15:30:12,Active,0.387,0.417,31,1
2024-11-27 15:30:12,Active,0.144,0.364,31,1
2024-11-27 15:30:12,Active,0.382,0.412,31,1
2024-11-27 15:30:12,Active,0.185,0.381,31,1
2024-11-27 15:30:12,Active,0.374,0.410,31,1
2024-11-27 15:30:12,Active,0.213,0.396,31,1
2024-11-27 15:30:12,Active,0.384,0.404,31,1
2024-11-27 15:30:12,Active,0.121,0.341,31,1
2024-11-27 15:30:12,Active,0.362,0.399,31,1
2024-11-27 15:30:13,Active,0.192,0.352,31,1
2024-11-27 15:30:13,Active,0.372,0.410,31,1
2024-11-27 15:30:13,Active,0.189,0.351,31,1
2024-11-27 15:30:13,Active,0.369,0.406,31,1
2024-11-27 15:30:13,Active,0.166,0.349,31,1
2024-11-27 15:30:13,Active,0.366,0.410,31,1
2024-11-27 15:30:13,Active,0.166,0.346,31,1
2024-11-27 15:30:13,Active,0.377,0.406,31,1
2024-11-27 15:30:13,Active,0.176,0.342,31,1
2024-11-27 15:30:13,Active,0.370,0.394,31,1
2024-11-27 15:30:13,Active,0.189,0.307,31,1
2024-11-27 15:30:13,Active,0.362,0.399,31,1
2024-11-27 15:30:13,Active,0.206,0.359,31,1
2024-11-27 15:30:13,Active,0.371,0.417,31,1
2024-11-27 15:30:13,Active,0.240,0.274,31,1
2024-11-27 15:30:13,Active,0.384,0.405,31,1
2024-11-27 15:30:13,Active,0.241,0.317,31,1
2024-11-27 15:30:13,Active,0.356,0.405,31,1
2024-11-27 15:30:13,Active,0.255,0.291,31,1
2024-11-27 15:30:13,Active,0.365,0.405,31,1
2024-11-27 15:30:13,Active,0.235,0.282,31,1
2024-11-27 15:30:13,Active,0.374,0.393,31,1
2024-11-27 15:30:13,Active,0.366,0.399,31,1
2024-11-27 15:30:13,Active,0.241,0.288,31,1
2024-11-27 15:30:13,Active,0.361,0.399,31,1
2024-11-27 15:30:13,Active,0.304,0.260,31,1
2024-11-27 15:30:13,Active,0.365,0.394,31,1
2024-11-27 15:30:13,Active,0.277,0.256,31,1
2024-11-27 15:30:13,Active,0.366,0.405,31,1
2024-11-27 15:30:13,Active,0.240,0.186,31,1
2024-11-27 15:30:13,Active,0.366,0.400,31,1
2024-11-27 15:30:13,Active,0.265,0.203,31,1
2024-11-27 15:30:13,Active,0.366,0.399,31,1
2024-11-27 15:30:13,Active,0.274,0.228,31,1
2024-11-27 15:30:13,Active,0.354,0.395,31,1
2024-11-27 15:30:13,Active,0.265,0.247,31,1
2024-11-27 15:30:13,Active,0.352,0.406,31,1
2024-11-27 15:30:13,Active,0.214,0.178,31,1
2024-11-27 15:30:13,Active,0.308,0.383,31,1
2024-11-27 15:30:13,Active,0.265,0.208,31,1
2024-11-27 15:30:13,Active,0.190,0.371,31,1
2024-11-27 15:30:13,Active,0.203,0.216,31,1
2024-11-27 15:30:13,SLEEPING !!!,0.189,0.386,31,1
2024-11-27 15:30:13,Active,0.283,0.215,32,1
2024-11-27 15:30:13,Active,0.149,0.370,32,1
2024-11-27 15:30:13,Active,0.264,0.206,32,1
2024-11-27 15:30:13,Active,0.398,0.383,32,1
2024-11-27 15:30:13,Active,0.230,0.224,32,1
2024-11-27 15:30:13,Active,0.244,0.371,32,1
2024-11-27 15:30:13,SLEEPING !!!,0.187,0.231,32,1
2024-11-27 15:30:13,Active,0.330,0.375,33,1
2024-11-27 15:30:13,Active,0.279,0.388,33,1
2024-11-27 15:30:13,Active,0.304,0.291,33,1
2024-11-27 15:30:13,Active,0.216,0.229,33,1
2024-11-27 15:30:13,Active,0.157,0.364,33,1
2024-11-27 15:30:13,Active,0.255,0.251,33,1
2024-11-27 15:30:14,Active,0.217,0.380,33,1
2024-11-27 15:30:14,Active,0.240,0.399,33,1
2024-11-27 15:30:14,Active,0.277,0.381,33,1
2024-11-27 15:30:14,Active,0.266,0.383,33,1
2024-11-27 15:30:14,Active,0.291,0.384,33,1
2024-11-27 15:30:14,Active,0.229,0.224,33,1
2024-11-27 15:30:14,Active,0.289,0.381,33,1
2024-11-27 15:30:14,Active,0.189,0.234,33,1
2024-11-27 15:30:14,Active,0.280,0.383,33,1
2024-11-27 15:30:14,Active,0.288,0.225,33,1
2024-11-27 15:30:14,Active,0.291,0.383,33,1
2024-11-27 15:30:14,Active,0.198,0.213,33,1
2024-11-27 15:30:14,Active,0.281,0.371,33,1
2024-11-27 15:30:14,Active,0.201,0.220,33,1
2024-11-27 15:30:14,Active,0.283,0.389,33,1
2024-11-27 15:30:14,Active,0.217,0.230,33,1
2024-11-27 15:30:14,Active,0.275,0.371,33,1
2024-11-27 15:30:14,Active,0.257,0.224,33,1
2024-11-27 15:30:14,Active,0.285,0.288,33,1
2024-11-27 15:30:14,Active,0.193,0.244,33,1
2024-11-27 15:30:14,Active,0.290,0.194,33,1
2024-11-27 15:30:14,Active,0.239,0.238,33,1
2024-11-27 15:30:14,Active,0.308,0.177,33,1
2024-11-27 15:30:14,Active,0.235,0.238,33,1
2024-11-27 15:30:14,Active,0.292,0.169,33,1
2024-11-27 15:30:14,Active,0.247,0.230,33,1
2024-11-27 15:30:14,Active,0.191,0.253,33,1
2024-11-27 15:30:14,Active,0.287,0.263,33,1
2024-11-27 15:30:14,Active,0.207,0.225,33,1
2024-11-27 15:30:14,Active,0.299,0.274,33,1
2024-11-27 15:30:14,Active,0.221,0.257,33,1
2024-11-27 15:30:14,Active,0.297,0.387,33,1
2024-11-27 15:30:14,Active,0.280,0.230,33,1
2024-11-27 15:30:14,Active,0.302,0.388,33,1
2024-11-27 15:30:14,Active,0.202,0.243,33,1
2024-11-27 15:30:14,Active,0.305,0.388,33,1
2024-11-27 15:30:14,Active,0.251,0.234,33,1
2024-11-27 15:30:14,Active,0.298,0.386,33,1
2024-11-27 15:30:14,Active,0.211,0.234,33,1
2024-11-27 15:30:14,Active,0.317,0.270,33,1
2024-11-27 15:30:14,Active,0.229,0.253,33,1
2024-11-27 15:30:14,Active,0.302,0.388,33,1
2024-11-27 15:30:14,Active,0.183,0.262,33,1
2024-11-27 15:30:14,Active,0.304,0.392,33,1
2024-11-27 15:30:14,Active,0.146,0.251,33,1
2024-11-27 15:30:14,Active,0.298,0.406,33,1
2024-11-27 15:30:14,Active,0.295,0.393,33,1
2024-11-27 15:30:14,Active,0.156,0.241,33,1
2024-11-27 15:30:14,Active,0.288,0.388,33,1
2024-11-27 15:30:14,Active,0.191,0.251,33,1
2024-11-27 15:30:14,Active,0.176,0.283,33,1
2024-11-27 15:30:14,Active,0.298,0.387,33,1
2024-11-27 15:30:14,Active,0.183,0.270,33,1
2024-11-27 15:30:14,Active,0.308,0.382,33,1
2024-11-27 15:30:14,Active,0.192,0.289,33,1
2024-11-27 15:30:14,Active,0.296,0.400,33,1
2024-11-27 15:30:15,Active,0.230,0.289,33,1
2024-11-27 15:30:15,Active,0.294,0.388,33,1
2024-11-27 15:30:15,Active,0.162,0.277,33,1
2024-11-27 15:30:15,Active,0.311,0.388,33,1
2024-11-27 15:30:15,Active,0.313,0.388,33,1
2024-11-27 15:30:15,Active,0.151,0.297,33,1
2024-11-27 15:30:15,Active,0.317,0.405,33,1
2024-11-27 15:30:15,Active,0.169,0.287,33,1
2024-11-27 15:30:15,Active,0.319,0.389,33,1
2024-11-27 15:30:15,Active,0.131,0.303,33,1
2024-11-27 15:30:15,Active,0.126,0.287,33,1
2024-11-27 15:30:15,Active,0.317,0.394,33,1
2024-11-27 15:30:15,Active,0.153,0.334,33,1
2024-11-27 15:30:15,Active,0.304,0.250,33,1
2024-11-27 15:30:15,Active,0.152,0.380,33,1
2024-11-27 15:30:15,Active,0.312,0.388,33,1
2024-11-27 15:30:15,Active,0.165,0.380,33,1
2024-11-27 15:30:15,Active,0.296,0.318,33,1
2024-11-27 15:30:15,Active,0.215,0.413,33,1
2024-11-27 15:30:15,Active,0.305,0.386,33,1
2024-11-27 15:30:15,Active,0.255,0.416,33,1
2024-11-27 15:30:15,Active,0.316,0.405,33,1
2024-11-27 15:30:15,Active,0.239,0.414,33,1
2024-11-27 15:30:15,Active,0.326,0.400,33,1
2024-11-27 15:30:15,Active,0.252,0.416,33,1
2024-11-27 15:30:15,Active,0.327,0.399,33,1
2024-11-27 15:30:15,Active,0.160,0.346,33,1
2024-11-27 15:30:15,Active,0.318,0.394,33,1
2024-11-27 15:30:15,Active,0.255,0.401,33,1
2024-11-27 15:30:15,Active,0.306,0.399,33,1
2024-11-27 15:30:15,Active,0.232,0.387,33,1
2024-11-27 15:30:15,Active,0.323,0.410,33,1
2024-11-27 15:30:15,Active,0.162,0.376,33,1
2024-11-27 15:30:15,Active,0.294,0.399,33,1
2024-11-27 15:30:15,Active,0.244,0.376,33,1
2024-11-27 15:30:15,Active,0.319,0.404,33,1
2024-11-27 15:30:15,Active,0.179,0.362,33,1
2024-11-27 15:30:15,Active,0.306,0.393,33,1
2024-11-27 15:30:15,Active,0.154,0.333,33,1
2024-11-27 15:30:15,Active,0.319,0.399,33,1
2024-11-27 15:30:15,Active,0.244,0.380,33,1
2024-11-27 15:30:15,Active,0.301,0.400,33,1
2024-11-27 15:30:15,Active,0.221,0.380,33,1
2024-11-27 15:30:15,Active,0.313,0.404,33,1
2024-11-27 15:30:15,Active,0.304,0.393,33,1
2024-11-27 15:30:15,Active,0.236,0.430,33,1
2024-11-27 15:30:15,Active,0.304,0.399,33,1
2024-11-27 15:30:15,Active,0.286,0.503,33,1
2024-11-27 15:30:15,Active,0.323,0.404,33,1
2024-11-27 15:30:15,Active,0.242,0.464,33,1
2024-11-27 15:30:15,Active,0.297,0.399,33,1
2024-11-27 15:30:15,Active,0.275,0.446,33,1
2024-11-27 15:30:15,Active,0.310,0.405,33,1
2024-11-27 15:30:15,Active,0.311,0.442,33,1
2024-11-27 15:30:15,Active,0.304,0.399,33,1
2024-11-27 15:30:15,Active,0.348,0.425,33,1
2024-11-27 15:30:15,Active,0.243,0.386,33,1
2024-11-27 15:30:15,Active,0.250,0.447,33,1
2024-11-27 15:30:15,SLEEPING !!!,0.165,0.398,33,1
2024-11-27 15:30:15,Active,0.257,0.462,34,1
2024-11-27 15:30:16,Active,0.260,0.406,34,1
2024-11-27 15:30:16,Active,0.282,0.483,34,1
2024-11-27 15:30:16,Active,0.206,0.270,34,1
2024-11-27 15:30:16,Active,0.279,0.503,34,1
2024-11-27 15:30:16,Active,0.194,0.399,34,1
2024-11-27 15:30:16,Active,0.307,0.444,34,1
2024-11-27 15:30:16,Active,0.182,0.392,34,1
2024-11-27 15:30:16,Active,0.338,0.481,34,1
2024-11-27 15:30:16,Active,0.200,0.385,34,1
2024-11-27 15:30:16,Active,0.284,0.463,34,1
2024-11-27 15:30:16,Active,0.234,0.417,34,1
2024-11-27 15:30:16,Active,0.326,0.437,34,1
2024-11-27 15:30:16,Active,0.247,0.398,34,1
2024-11-27 15:30:16,Active,0.366,0.450,34,1
2024-11-27 15:30:16,Active,0.267,0.386,34,1
2024-11-27 15:30:16,Active,0.266,0.468,34,1
2024-11-27 15:30:16,Active,0.290,0.392,34,1
2024-11-27 15:30:16,Active,0.335,0.516,34,1
2024-11-27 15:30:16,Active,0.277,0.447,34,1
2024-11-27 15:30:16,Active,0.271,0.404,34,1
2024-11-27 15:30:16,Active,0.249,0.426,34,1
2024-11-27 15:30:16,Active,0.273,0.316,34,1
2024-11-27 15:30:16,Active,0.226,0.433,34,1
2024-11-27 15:30:16,Active,0.286,0.349,34,1
2024-11-27 15:30:16,Active,0.234,0.427,34,1
2024-11-27 15:30:16,Active,0.279,0.345,34,1
2024-11-27 15:30:16,Active,0.221,0.394,34,1
2024-11-27 15:30:16,Active,0.282,0.279,34,1
2024-11-27 15:30:16,Active,0.190,0.383,34,1
2024-11-27 15:30:16,Active,0.282,0.287,34,1
2024-11-27 15:30:16,Active,0.230,0.397,34,1
2024-11-27 15:30:16,Active,0.295,0.284,34,1
2024-11-27 15:30:16,Active,0.190,0.370,34,1
2024-11-27 15:30:16,Active,0.293,0.200,34,1
2024-11-27 15:30:16,Active,0.198,0.403,34,1
2024-11-27 15:30:16,Active,0.274,0.149,34,1
2024-11-27 15:30:16,Active,0.232,0.380,34,1
2024-11-27 15:30:16,Active,0.224,0.295,34,1
2024-11-27 15:30:16,SLEEPING !!!,0.237,0.376,34,1
2024-11-27 15:30:16,SLEEPING !!!,0.210,0.174,34,1
2024-11-27 15:30:16,SLEEPING !!!,0.203,0.357,34,1
2024-11-27 15:30:16,SLEEPING !!!,0.220,0.197,34,1
2024-11-27 15:30:16,SLEEPING !!!,0.232,0.329,34,1
2024-11-27 15:30:16,SLEEPING !!!,0.225,0.211,34,1
2024-11-27 15:30:16,SLEEPING !!!,0.193,0.341,34,1
2024-11-27 15:30:16,SLEEPING !!!,0.206,0.180,34,1
2024-11-27 15:30:16,SLEEPING !!!,0.224,0.303,34,1
2024-11-27 15:30:16,SLEEPING !!!,0.240,0.130,34,1
2024-11-27 15:30:16,SLEEPING !!!,0.232,0.293,34,1
2024-11-27 15:30:16,SLEEPING !!!,0.225,0.261,34,1
2024-11-27 15:30:16,SLEEPING !!!,0.232,0.305,34,1
2024-11-27 15:30:16,Active,0.281,0.391,35,1
2024-11-27 15:30:16,Active,0.227,0.310,35,1
2024-11-27 15:30:16,Active,0.267,0.416,35,1
2024-11-27 15:30:16,Active,0.172,0.300,35,1
2024-11-27 15:30:16,Active,0.270,0.404,35,1
2024-11-27 15:30:16,Active,0.187,0.294,35,1
2024-11-27 15:30:16,Active,0.267,0.404,35,1
2024-11-27 15:30:16,Active,0.177,0.328,35,1
2024-11-27 15:30:16,Active,0.263,0.412,35,1
2024-11-27 15:30:17,Active,0.174,0.305,35,1
2024-11-27 15:30:17,Active,0.261,0.417,35,1
2024-11-27 15:30:17,Active,0.174,0.322,35,1
2024-11-27 15:30:17,Active,0.273,0.410,35,1
2024-11-27 15:30:17,Active,0.194,0.322,35,1
2024-11-27 15:30:17,Active,0.298,0.411,35,1
2024-11-27 15:30:17,Active,0.206,0.323,35,1
2024-11-27 15:30:17,Active,0.299,0.145,35,1
2024-11-27 15:30:17,Active,0.235,0.326,35,1
2024-11-27 15:30:17,Active,0.328,0.134,35,1
2024-11-27 15:30:17,Active,0.172,0.302,35,1
2024-11-27 15:30:17,Active,0.332,0.138,35,1
2024-11-27 15:30:17,Active,0.199,0.303,35,1
2024-11-27 15:30:17,Active,0.331,0.193,35,1
2024-11-27 15:30:17,Active,0.194,0.311,35,1
2024-11-27 15:30:17,Active,0.351,0.172,35,1
2024-11-27 15:30:17,Active,0.172,0.310,35,1
2024-11-27 15:30:17,Active,0.351,0.410,35,1
2024-11-27 15:30:17,Active,0.172,0.310,35,1
2024-11-27 15:30:17,Active,0.321,0.176,35,1
2024-11-27 15:30:17,Active,0.193,0.300,35,1
2024-11-27 15:30:17,Active,0.344,0.097,35,1
2024-11-27 15:30:17,Active,0.168,0.311,35,1
2024-11-27 15:30:17,Active,0.333,0.156,35,1
2024-11-27 15:30:17,Active,0.203,0.277,35,1
2024-11-27 15:30:17,Active,0.346,0.149,35,1
2024-11-27 15:30:17,Active,0.160,0.311,35,1
2024-11-27 15:30:17,Active,0.330,0.135,35,1
2024-11-27 15:30:17,Active,0.097,0.335,35,1
2024-11-27 15:30:17,Active,0.328,0.399,35,1
2024-11-27 15:30:17,Active,0.168,0.311,35,1
2024-11-27 15:30:17,Active,0.322,0.405,35,1
2024-11-27 15:30:17,Active,0.337,0.406,35,1
2024-11-27 15:30:17,Active,0.139,0.339,35,1
2024-11-27 15:30:17,Active,0.323,0.406,35,1
2024-11-27 15:30:17,Active,0.167,0.339,35,1
2024-11-27 15:30:17,Active,0.334,0.179,35,1
2024-11-27 15:30:17,Active,0.183,0.358,35,1
2024-11-27 15:30:17,Active,0.346,0.228,35,1
2024-11-27 15:30:17,Active,0.176,0.392,35,1
2024-11-27 15:30:17,Active,0.345,0.149,35,1
2024-11-27 15:30:17,Active,0.243,0.419,35,1
2024-11-27 15:30:17,Active,0.347,0.149,35,1
2024-11-27 15:30:17,Active,0.247,0.423,35,1
2024-11-27 15:30:17,Active,0.292,0.411,35,1
2024-11-27 15:30:17,Active,0.265,0.326,35,1
2024-11-27 15:30:17,Active,0.232,0.183,35,1
2024-11-27 15:30:17,Active,0.241,0.302,35,1
2024-11-27 15:30:17,SLEEPING !!!,0.206,0.155,35,1
2024-11-27 15:30:17,Active,0.284,0.405,36,1
2024-11-27 15:30:17,Active,0.363,0.193,36,1
2024-11-27 15:30:17,Active,0.332,0.216,36,1
2024-11-27 15:30:17,Active,0.219,0.399,36,1
2024-11-27 15:30:17,Active,0.347,0.183,36,1
2024-11-27 15:30:18,Active,0.338,0.153,36,1
2024-11-27 15:30:18,Active,0.383,0.147,36,1
2024-11-27 15:30:18,Active,0.358,0.144,36,1
2024-11-27 15:30:18,Active,0.361,0.228,36,1
2024-11-27 15:30:18,Active,0.372,0.135,36,1
2024-11-27 15:30:18,Active,0.371,0.165,36,1
2024-11-27 15:30:18,Active,0.346,0.163,36,1
2024-11-27 15:30:18,Active,0.339,0.160,36,1
2024-11-27 15:30:18,Active,0.211,0.417,36,1
2024-11-27 15:30:18,Active,0.270,0.410,36,1
2024-11-27 15:30:18,Active,0.365,0.151,36,1
2024-11-27 15:30:18,Active,0.389,0.173,36,1
2024-11-27 15:30:18,Active,0.346,0.354,36,1
2024-11-27 15:30:18,Active,0.166,0.399,36,1
2024-11-27 15:30:18,Active,0.316,0.422,36,1
2024-11-27 15:30:18,Active,0.174,0.398,36,1
2024-11-27 15:30:18,Active,0.309,0.462,36,1
2024-11-27 15:30:18,Active,0.217,0.390,36,1
2024-11-27 15:30:18,Active,0.271,0.372,36,1
2024-11-27 15:30:18,Active,0.267,0.410,36,1
2024-11-27 15:30:18,Active,0.294,0.415,36,1
2024-11-27 15:30:18,Active,0.271,0.396,36,1
2024-11-27 15:30:18,Active,0.287,0.397,36,1
2024-11-27 15:30:18,Active,0.273,0.416,36,1
2024-11-27 15:30:18,Active,0.293,0.127,36,1
2024-11-27 15:30:18,Active,0.249,0.376,36,1
2024-11-27 15:30:18,Active,0.291,0.416,36,1
2024-11-27 15:30:18,Active,0.242,0.327,36,1
2024-11-27 15:30:18,Active,0.308,0.428,36,1
2024-11-27 15:30:18,Active,0.216,0.338,36,1
2024-11-27 15:30:18,Active,0.295,0.409,36,1
2024-11-27 15:30:18,Active,0.236,0.312,36,1
2024-11-27 15:30:18,Active,0.295,0.410,36,1
2024-11-27 15:30:18,Active,0.254,0.349,36,1
2024-11-27 15:30:18,Active,0.307,0.410,36,1
2024-11-27 15:30:18,Active,0.257,0.332,36,1
2024-11-27 15:30:18,Active,0.286,0.417,36,1
2024-11-27 15:30:18,Active,0.290,0.342,36,1
2024-11-27 15:30:18,Active,0.300,0.228,36,1
2024-11-27 15:30:18,Active,0.183,0.352,36,1
2024-11-27 15:30:18,Active,0.291,0.135,36,1
2024-11-27 15:30:18,Active,0.240,0.366,36,1
2024-11-27 15:30:18,Active,0.308,0.428,36,1
2024-11-27 15:30:18,Active,0.189,0.446,36,1
2024-11-27 15:30:18,Active,0.327,0.211,36,1
2024-11-27 15:30:18,Active,0.194,0.352,36,1
2024-11-27 15:30:19,Active,0.309,0.422,36,1
2024-11-27 15:30:19,Active,0.211,0.389,36,1
2024-11-27 15:30:19,Active,0.317,0.428,36,1
2024-11-27 15:30:19,Active,0.221,0.460,36,1
2024-11-27 15:30:19,Active,0.328,0.421,36,1
2024-11-27 15:30:19,Active,0.214,0.445,36,1
2024-11-27 15:30:19,Active,0.313,0.415,36,1
2024-11-27 15:30:19,Active,0.204,0.408,36,1
2024-11-27 15:30:19,Active,0.304,0.422,36,1
2024-11-27 15:30:19,Active,0.258,0.442,36,1
2024-11-27 15:30:19,Active,0.317,0.416,36,1
2024-11-27 15:30:19,Active,0.238,0.407,36,1
2024-11-27 15:30:19,Active,0.325,0.253,36,1
2024-11-27 15:30:19,Active,0.234,0.424,36,1
2024-11-27 15:30:19,Active,0.297,0.263,36,1
2024-11-27 15:30:19,Active,0.224,0.426,36,1
2024-11-27 15:30:19,Active,0.287,0.285,36,1
2024-11-27 15:30:19,Active,0.186,0.425,36,1
2024-11-27 15:30:19,Active,0.313,0.307,36,1
2024-11-27 15:30:19,Active,0.195,0.427,36,1
2024-11-27 15:30:19,Active,0.297,0.153,36,1
2024-11-27 15:30:19,Active,0.215,0.414,36,1
2024-11-27 15:30:19,Active,0.228,0.414,36,1
2024-11-27 15:30:19,Active,0.278,0.228,36,1
2024-11-27 15:30:19,Active,0.298,0.103,36,1
2024-11-27 15:30:19,Active,0.223,0.396,36,1
2024-11-27 15:30:19,Active,0.290,0.421,36,1
2024-11-27 15:30:19,Active,0.210,0.396,36,1
2024-11-27 15:30:19,Active,0.278,0.411,36,1
2024-11-27 15:30:19,Active,0.214,0.371,36,1
2024-11-27 15:30:19,Active,0.254,0.147,36,1
2024-11-27 15:30:19,Active,0.236,0.355,36,1
2024-11-27 15:30:19,Active,0.271,0.410,36,1
2024-11-27 15:30:19,Active,0.254,0.370,36,1
2024-11-27 15:30:19,Active,0.232,0.144,36,1
2024-11-27 15:30:19,Active,0.249,0.350,36,1
2024-11-27 15:30:19,Active,0.290,0.155,36,1
2024-11-27 15:30:19,Active,0.214,0.332,36,1
2024-11-27 15:30:19,Active,0.261,0.222,36,1
2024-11-27 15:30:19,Active,0.227,0.366,36,1
2024-11-27 15:30:19,Active,0.291,0.141,36,1
2024-11-27 15:30:19,Active,0.220,0.382,36,1
2024-11-27 15:30:19,Active,0.307,0.359,36,1
2024-11-27 15:30:19,Active,0.235,0.382,36,1
2024-11-27 15:30:19,Active,0.280,0.254,36,1
2024-11-27 15:30:19,Active,0.210,0.416,36,1
2024-11-27 15:30:19,Active,0.277,0.416,36,1
2024-11-27 15:30:19,Active,0.255,0.433,36,1
2024-11-27 15:30:19,Active,0.284,0.416,36,1
2024-11-27 15:30:19,Active,0.212,0.403,36,1
2024-11-27 15:30:19,Active,0.273,0.417,36,1
2024-11-27 15:30:19,Active,0.214,0.432,36,1
2024-11-27 15:30:19,Active,0.264,0.416,36,1
2024-11-27 15:30:19,Active,0.224,0.433,36,1
2024-11-27 15:30:19,Active,0.263,0.422,36,1
2024-11-27 15:30:19,Active,0.248,0.432,36,1
2024-11-27 15:30:19,Active,0.268,0.415,36,1
2024-11-27 15:30:19,Active,0.235,0.451,36,1
2024-11-27 15:30:19,Active,0.270,0.415,36,1
2024-11-27 15:30:19,Active,0.258,0.451,36,1
2024-11-27 15:30:19,Active,0.310,0.241,36,1
2024-11-27 15:30:20,Active,0.278,0.421,36,1
2024-11-27 15:30:20,Active,0.292,0.433,36,1
2024-11-27 15:30:20,Active,0.236,0.336,36,1
2024-11-27 15:30:20,Active,0.293,0.414,36,1
2024-11-27 15:30:20,Active,0.276,0.448,36,1
2024-11-27 15:30:20,Active,0.334,0.318,36,1
2024-11-27 15:30:20,Active,0.257,0.420,36,1
2024-11-27 15:30:20,Active,0.292,0.481,36,1
2024-11-27 15:30:20,Active,0.359,0.368,36,1
2024-11-27 15:30:20,Active,0.250,0.408,36,1
2024-11-27 15:30:20,Active,0.309,0.448,36,1
2024-11-27 15:30:20,Active,0.335,0.392,36,1
2024-11-27 15:30:20,Active,0.267,0.409,36,1
2024-11-27 15:30:20,Active,0.296,0.465,36,1
2024-11-27 15:30:20,Active,0.285,0.262,36,1
2024-11-27 15:30:20,Active,0.257,0.414,36,1
2024-11-27 15:30:20,Active,0.303,0.451,36,1
2024-11-27 15:30:20,Active,0.233,0.304,36,1
2024-11-27 15:30:20,Active,0.261,0.427,36,1
2024-11-27 15:30:20,Active,0.278,0.432,36,1
2024-11-27 15:30:20,Active,0.313,0.350,36,1
2024-11-27 15:30:20,Active,0.240,0.427,36,1
2024-11-27 15:30:20,Active,0.282,0.425,36,1
2024-11-27 15:30:20,Active,0.319,0.276,36,1
2024-11-27 15:30:20,Active,0.255,0.420,36,1
2024-11-27 15:30:20,Active,0.301,0.225,36,1
2024-11-27 15:30:20,Active,0.320,0.189,36,1
2024-11-27 15:30:20,Active,0.258,0.425,36,1
2024-11-27 15:30:20,Active,0.289,0.123,36,1
2024-11-27 15:30:20,Active,0.254,0.405,36,1
2024-11-27 15:30:20,Active,0.206,0.417,36,1
2024-11-27 15:30:20,Active,0.222,0.389,36,1
2024-11-27 15:30:20,SLEEPING !!!,0.192,0.352,36,1
2024-11-27 15:30:20,SLEEPING !!!,0.129,0.295,36,1
2024-11-27 15:30:20,SLEEPING !!!,0.186,0.260,36,1
2024-11-27 15:30:20,SLEEPING !!!,0.136,0.281,36,1
2024-11-27 15:30:20,SLEEPING !!!,0.147,0.270,36,1
2024-11-27 15:30:20,SLEEPING !!!,0.182,0.270,36,1
2024-11-27 15:30:20,SLEEPING !!!,0.189,0.409,36,1
2024-11-27 15:30:20,SLEEPING !!!,0.221,0.296,36,1
2024-11-27 15:30:20,SLEEPING !!!,0.218,0.315,36,1
2024-11-27 15:30:20,SLEEPING !!!,0.187,0.284,36,1
2024-11-27 15:30:20,SLEEPING !!!,0.225,0.298,36,1
2024-11-27 15:30:20,SLEEPING !!!,0.240,0.311,36,1
2024-11-27 15:30:20,SLEEPING !!!,0.207,0.308,36,1
2024-11-27 15:30:20,SLEEPING !!!,0.236,0.131,36,1
2024-11-27 15:30:20,SLEEPING !!!,0.247,0.221,36,1
2024-11-27 15:30:20,Active,0.258,0.365,37,1
2024-11-27 15:30:20,Active,0.239,0.380,37,1
2024-11-27 15:30:21,Active,0.246,0.396,37,1
2024-11-27 15:30:21,SLEEPING !!!,0.243,0.429,37,1
2024-11-27 15:30:21,Active,0.257,0.423,38,1
2024-11-27 15:30:21,Active,0.255,0.424,38,1
2024-11-27 15:30:21,Active,0.243,0.410,38,1
2024-11-27 15:30:21,Active,0.243,0.417,38,1
2024-11-27 15:30:21,Active,0.250,0.438,38,1
2024-11-27 15:30:21,Active,0.246,0.416,38,1
2024-11-27 15:30:21,Active,0.262,0.423,38,1
2024-11-27 15:30:21,Active,0.287,0.382,38,1
2024-11-27 15:30:21,Active,0.279,0.389,38,1
2024-11-27 15:30:21,Active,0.288,0.091,38,1
2024-11-27 15:30:21,Active,0.246,0.220,38,1
2024-11-27 15:30:21,Active,0.276,0.410,38,1
2024-11-27 15:30:21,Active,0.243,0.289,38,1
2024-11-27 15:30:21,Active,0.279,0.425,38,1
2024-11-27 15:30:21,Active,0.225,0.381,38,1
2024-11-27 15:30:21,Active,0.278,0.431,38,1
2024-11-27 15:30:21,Active,0.289,0.304,38,1
2024-11-27 15:30:21,Active,0.264,0.351,38,1
2024-11-27 15:30:21,Active,0.289,0.432,38,1
2024-11-27 15:30:21,Active,0.243,0.309,38,1
2024-11-27 15:30:21,Active,0.291,0.438,38,1
2024-11-27 15:30:21,Active,0.315,0.431,38,1
2024-11-27 15:30:21,Active,0.269,0.251,38,1
2024-11-27 15:30:21,Active,0.300,0.430,38,1
2024-11-27 15:30:21,Active,0.278,0.057,38,1
2024-11-27 15:30:21,Active,0.285,0.416,38,1
2024-11-27 15:30:21,Active,0.251,0.300,38,1
2024-11-27 15:30:21,Active,0.297,0.417,38,1
2024-11-27 15:30:21,Active,0.315,0.416,38,1
2024-11-27 15:30:21,Active,0.252,0.309,38,1
2024-11-27 15:30:21,Active,0.309,0.450,38,1
2024-11-27 15:30:21,Active,0.322,0.402,38,1
2024-11-27 15:30:21,Active,0.279,0.394,38,1
2024-11-27 15:30:21,Active,0.307,0.429,38,1
2024-11-27 15:30:21,Active,0.298,0.430,38,1
2024-11-27 15:30:21,Active,0.240,0.259,38,1
2024-11-27 15:30:21,Active,0.276,0.415,38,1
2024-11-27 15:30:21,Active,0.280,0.302,38,1
2024-11-27 15:30:21,Active,0.279,0.410,38,1
2024-11-27 15:30:21,Active,0.306,0.000,38,1
2024-11-27 15:30:21,Active,0.286,0.410,38,1
2024-11-27 15:30:21,Active,0.260,0.220,38,1
2024-11-27 15:30:21,Active,0.304,0.424,38,1
2024-11-27 15:30:21,Active,0.270,0.333,38,1
2024-11-27 15:30:22,Active,0.300,0.418,38,1
2024-11-27 15:30:22,Active,0.276,0.340,38,1
2024-11-27 15:30:22,Active,0.304,0.417,38,1
2024-11-27 15:30:22,Active,0.281,0.309,38,1
2024-11-27 15:30:22,Active,0.299,0.411,38,1
2024-11-27 15:30:22,Active,0.278,0.202,38,1
2024-11-27 15:30:22,Active,0.310,0.416,38,1
2024-11-27 15:30:22,Active,0.280,0.087,38,1
2024-11-27 15:30:22,Active,0.303,0.430,38,1
2024-11-27 15:30:22,Active,0.254,0.045,38,1
2024-11-27 15:30:22,Active,0.317,0.424,38,1
2024-11-27 15:30:22,Active,0.215,0.130,38,1
2024-11-27 15:30:22,Active,0.317,0.424,38,1
2024-11-27 15:30:22,Active,0.288,0.286,38,1
2024-11-27 15:30:22,Active,0.311,0.417,38,1
2024-11-27 15:30:22,Active,0.278,0.277,38,1
2024-11-27 15:30:22,Active,0.310,0.410,38,1
2024-11-27 15:30:22,Active,0.215,0.368,38,1
2024-11-27 15:30:22,Active,0.303,0.411,38,1
2024-11-27 15:30:22,Active,0.219,0.210,38,1
2024-11-27 15:30:22,Active,0.290,0.416,38,1
2024-11-27 15:30:22,Active,0.291,0.415,38,1
2024-11-27 15:30:22,Active,0.301,0.424,38,1
2024-11-27 15:30:22,Active,0.277,0.437,38,1
2024-11-27 15:30:22,Active,0.303,0.417,38,1
2024-11-27 15:30:22,Active,0.198,0.045,38,1
2024-11-27 15:30:22,Active,0.288,0.417,38,1
2024-11-27 15:30:22,Active,0.243,0.024,38,1
2024-11-27 15:30:22,Active,0.303,0.410,38,1
2024-11-27 15:30:22,Active,0.218,0.166,38,1
2024-11-27 15:30:22,Active,0.317,0.423,38,1
2024-11-27 15:30:22,Active,0.214,0.166,38,1
2024-11-27 15:30:22,Active,0.292,0.410,38,1
2024-11-27 15:30:22,Active,0.303,0.424,38,1
2024-11-27 15:30:22,Active,0.279,0.397,38,1
2024-11-27 15:30:22,Active,0.188,0.416,38,1
2024-11-27 15:30:22,Active,0.145,0.416,38,1
2024-11-27 15:30:22,SLEEPING !!!,0.150,0.418,38,1
2024-11-27 15:30:22,SLEEPING !!!,0.197,0.417,38,1
2024-11-27 15:30:22,SLEEPING !!!,0.243,0.423,38,1
2024-11-27 15:30:22,Active,0.261,0.418,39,1
2024-11-27 15:30:22,Active,0.258,0.417,39,1
2024-11-27 15:30:22,Active,0.269,0.423,39,1
2024-11-27 15:30:22,Active,0.287,0.423,39,1
2024-11-27 15:30:22,Active,0.290,0.416,39,1
2024-11-27 15:30:22,Active,0.298,0.424,39,1
2024-11-27 15:30:23,Active,0.286,0.437,39,1
2024-11-27 15:30:23,Active,0.272,0.404,39,1
2024-11-27 15:30:23,Active,0.297,0.417,39,1
2024-11-27 15:30:23,Active,0.303,0.430,39,1
2024-11-27 15:30:23,Active,0.286,0.422,39,1
2024-11-27 15:30:23,Active,0.279,0.410,39,1
2024-11-27 15:30:23,Active,0.302,0.410,39,1
2024-11-27 15:30:23,Active,0.285,0.390,39,1
2024-11-27 15:30:23,Active,0.282,0.430,39,1
2024-11-27 15:30:23,Active,0.298,0.431,39,1
2024-11-27 15:30:23,Active,0.303,0.451,39,1
2024-11-27 15:30:23,Active,0.303,0.486,39,1
2024-11-27 15:30:23,Active,0.303,0.507,39,1
2024-11-27 15:30:23,Active,0.296,0.536,39,1
2024-11-27 15:30:23,Active,0.291,0.559,39,1
2024-11-27 15:30:23,Active,0.296,0.536,39,1
2024-11-27 15:30:23,Active,0.293,0.522,39,1
2024-11-27 15:30:23,Active,0.307,0.536,39,1
2024-11-27 15:30:23,Active,0.315,0.536,39,1
2024-11-27 15:30:23,Active,0.305,0.507,39,1
2024-11-27 15:30:23,Active,0.296,0.479,39,1
2024-11-27 15:30:23,Active,0.293,0.445,39,1
2024-11-27 15:30:23,Active,0.296,0.445,39,1
2024-11-27 15:30:23,Active,0.293,0.430,39,1
2024-11-27 15:30:23,Active,0.315,0.445,39,1
2024-11-27 15:30:23,Active,0.296,0.451,39,1
2024-11-27 15:30:23,Active,0.313,0.450,39,1
2024-11-27 15:30:23,Active,0.286,0.429,39,1
2024-11-27 15:30:23,Active,0.286,0.422,39,1
2024-11-27 15:30:23,Active,0.287,0.485,39,1
2024-11-27 15:30:24,Active,0.282,0.521,39,1
2024-11-27 15:30:24,Active,0.258,0.521,39,1
2024-11-27 15:30:24,Active,0.257,0.465,39,1
2024-11-27 15:30:24,Active,0.242,0.443,39,1
2024-11-27 15:30:24,Active,0.200,0.441,39,1
2024-11-27 15:30:24,SLEEPING !!!,0.200,0.435,39,1
2024-11-27 15:30:24,SLEEPING !!!,0.213,0.402,39,1
2024-11-27 15:30:24,SLEEPING !!!,0.214,0.391,39,1
2024-11-27 15:30:24,SLEEPING !!!,0.223,0.291,39,1
2024-11-27 15:30:24,SLEEPING !!!,0.186,0.409,39,1
2024-11-27 15:30:24,SLEEPING !!!,0.197,0.428,39,1
2024-11-27 15:30:24,SLEEPING !!!,0.197,0.333,39,1
2024-11-27 15:30:24,SLEEPING !!!,0.212,0.444,39,1
2024-11-27 15:30:24,SLEEPING !!!,0.223,0.438,39,1
2024-11-27 15:30:24,SLEEPING !!!,0.209,0.429,39,1
2024-11-27 15:30:24,SLEEPING !!!,0.197,0.343,39,1
2024-11-27 15:30:24,SLEEPING !!!,0.224,0.353,39,1
2024-11-27 15:30:24,SLEEPING !!!,0.224,0.315,39,1
2024-11-27 15:30:24,SLEEPING !!!,0.213,0.275,39,1
2024-11-27 15:30:24,SLEEPING !!!,0.197,0.275,39,1
2024-11-27 15:30:24,SLEEPING !!!,0.182,0.321,39,1
2024-11-27 15:30:24,SLEEPING !!!,0.179,0.373,39,1
2024-11-27 15:30:24,SLEEPING !!!,0.208,0.377,39,1
2024-11-27 15:30:24,SLEEPING !!!,0.202,0.375,39,1
2024-11-27 15:30:24,SLEEPING !!!,0.190,0.326,39,1
2024-11-27 15:30:24,SLEEPING !!!,0.213,0.210,39,1
2024-11-27 15:30:24,SLEEPING !!!,0.190,0.170,39,1
2024-11-27 15:30:24,SLEEPING !!!,0.209,0.156,39,1
2024-11-27 15:30:24,SLEEPING !!!,0.206,0.209,39,1
2024-11-27 15:30:24,SLEEPING !!!,0.198,0.151,39,1
2024-11-27 15:30:25,SLEEPING !!!,0.208,0.227,39,1
2024-11-27 15:30:25,SLEEPING !!!,0.220,0.299,39,1
2024-11-27 15:30:25,SLEEPING !!!,0.206,0.286,39,1
2024-11-27 15:30:25,SLEEPING !!!,0.202,0.321,39,1
2024-11-27 15:30:25,SLEEPING !!!,0.194,0.356,39,1
2024-11-27 15:30:25,SLEEPING !!!,0.205,0.322,39,1
2024-11-27 15:30:25,SLEEPING !!!,0.229,0.289,39,1
2024-11-27 15:30:25,SLEEPING !!!,0.213,0.281,39,1
2024-11-27 15:30:25,SLEEPING !!!,0.202,0.278,39,1
2024-11-27 15:30:25,SLEEPING !!!,0.205,0.293,39,1
2024-11-27 15:30:25,SLEEPING !!!,0.190,0.324,39,1
2024-11-27 15:30:25,SLEEPING !!!,0.200,0.317,39,1
2024-11-27 15:30:25,SLEEPING !!!,0.195,0.324,39,1
2024-11-27 15:30:25,SLEEPING !!!,0.213,0.314,39,1
2024-11-27 15:30:25,SLEEPING !!!,0.205,0.281,39,1
2024-11-27 15:30:25,SLEEPING !!!,0.198,0.197,39,1
2024-11-27 15:30:25,SLEEPING !!!,0.145,0.327,39,1
2024-11-27 15:30:25,SLEEPING !!!,0.138,0.327,39,1
2024-11-27 15:30:25,SLEEPING !!!,0.150,0.320,39,1
2024-11-27 15:30:25,SLEEPING !!!,0.143,0.331,39,1
2024-11-27 15:30:25,SLEEPING !!!,0.150,0.324,39,1
2024-11-27 15:30:25,SLEEPING !!!,0.157,0.300,39,1
2024-11-27 15:30:25,SLEEPING !!!,0.140,0.293,39,1
2024-11-27 15:30:25,SLEEPING !!!,0.148,0.304,39,1
2024-11-27 15:30:25,SLEEPING !!!,0.130,0.307,39,1
2024-11-27 15:30:25,SLEEPING !!!,0.133,0.300,39,1
2024-11-27 15:30:25,SLEEPING !!!,0.185,0.102,39,1
