Timestamp,Status,Eye_Aspect_Ratio,Mouth_Aspect_Ratio,Blink_Count,Yawn_Count
2024-11-27 18:48:25,Active,0.259,0.447,0,0
2024-11-27 18:48:25,Active,0.260,0.447,0,0
2024-11-27 18:48:25,Active,0.242,0.458,0,0
2024-11-27 18:48:25,Active,0.259,0.455,0,0
2024-11-27 18:48:25,Active,0.264,0.436,0,0
2024-11-27 18:48:25,Active,0.286,0.439,0,0
2024-11-27 18:48:25,Active,0.286,0.448,0,0
2024-11-27 18:48:25,Active,0.291,0.442,0,0
2024-11-27 18:48:25,Active,0.222,0.466,0,0
2024-11-27 18:48:25,Active,0.154,0.458,0,0
2024-11-27 18:48:25,SLEEPING !!!,0.120,0.464,0,0
2024-11-27 18:48:25,SLEEPING !!!,0.158,0.490,0,0
2024-11-27 18:48:25,SLEEPING !!!,0.157,0.490,0,0
2024-11-27 18:48:25,SLEEPING !!!,0.203,0.476,0,0
2024-11-27 18:48:25,SLEEPING !!!,0.214,0.478,0,0
2024-11-27 18:48:25,SLEEPING !!!,0.241,0.450,0,0
2024-11-27 18:48:25,Active,0.260,0.470,1,0
2024-11-27 18:48:25,Active,0.251,0.489,1,0
2024-11-27 18:48:25,Active,0.269,0.489,1,0
2024-11-27 18:48:25,Mild Yawn,0.265,0.448,1,1
2024-11-27 18:48:25,Mild Yawn,0.283,0.472,1,1
2024-11-27 18:48:26,Mild Yawn,0.291,0.469,1,1
2024-11-27 18:48:26,Mild Yawn,0.298,0.436,1,1
2024-11-27 18:48:26,Mild Yawn,0.297,0.423,1,1
2024-11-27 18:48:26,Mild Yawn,0.277,0.455,1,1
2024-11-27 18:48:26,Mild Yawn,0.287,0.465,1,1
2024-11-27 18:48:26,Mild Yawn,0.296,0.450,1,1
2024-11-27 18:48:26,Mild Yawn,0.291,0.467,1,1
2024-11-27 18:48:26,Mild Yawn,0.295,0.467,1,1
2024-11-27 18:48:26,Mild Yawn,0.276,0.459,1,1
2024-11-27 18:48:26,Mild Yawn,0.291,0.455,1,1
2024-11-27 18:48:26,Mild Yawn,0.278,0.443,1,1
2024-11-27 18:48:26,Mild Yawn,0.278,0.422,1,1
2024-11-27 18:48:26,Mild Yawn,0.297,0.430,1,1
2024-11-27 18:48:26,Mild Yawn,0.286,0.438,1,1
2024-11-27 18:48:26,Mild Yawn,0.279,0.451,1,1
2024-11-27 18:48:26,Mild Yawn,0.293,0.431,1,1
2024-11-27 18:48:26,Mild Yawn,0.277,0.443,1,1
2024-11-27 18:48:26,Mild Yawn,0.274,0.412,1,1
2024-11-27 18:48:26,Mild Yawn,0.287,0.441,1,1
2024-11-27 18:48:26,Mild Yawn,0.278,0.426,1,1
2024-11-27 18:48:26,Mild Yawn,0.268,0.411,1,1
2024-11-27 18:48:26,Mild Yawn,0.297,0.405,1,1
2024-11-27 18:48:26,Mild Yawn,0.273,0.428,1,1
2024-11-27 18:48:26,Mild Yawn,0.269,0.420,1,1
2024-11-27 18:48:26,Mild Yawn,0.283,0.415,1,1
2024-11-27 18:48:26,Mild Yawn,0.277,0.403,1,1
2024-11-27 18:48:26,Mild Yawn,0.274,0.415,1,1
2024-11-27 18:48:26,Mild Yawn,0.297,0.398,1,1
2024-11-27 18:48:26,Mild Yawn,0.282,0.416,1,1
2024-11-27 18:48:26,Mild Yawn,0.288,0.425,1,1
2024-11-27 18:48:27,Mild Yawn,0.292,0.388,1,1
2024-11-27 18:48:27,Mild Yawn,0.283,0.383,1,1
2024-11-27 18:48:27,Mild Yawn,0.263,0.397,1,1
2024-11-27 18:48:27,Mild Yawn,0.293,0.400,1,1
2024-11-27 18:48:27,Mild Yawn,0.315,0.381,1,1
2024-11-27 18:48:27,Mild Yawn,0.320,0.390,1,1
2024-11-27 18:48:27,Mild Yawn,0.302,0.377,1,1
2024-11-27 18:48:27,Mild Yawn,0.308,0.373,1,1
2024-11-27 18:48:27,Mild Yawn,0.306,0.354,1,1
2024-11-27 18:48:27,Mild Yawn,0.311,0.369,1,1
2024-11-27 18:48:27,Mild Yawn,0.304,0.365,1,1
2024-11-27 18:48:27,Mild Yawn,0.343,0.349,1,1
2024-11-27 18:48:27,Mild Yawn,0.312,0.374,1,1
2024-11-27 18:48:27,Mild Yawn,0.322,0.381,1,1
2024-11-27 18:48:27,Mild Yawn,0.322,0.337,1,1
2024-11-27 18:48:27,Mild Yawn,0.331,0.377,1,1
2024-11-27 18:48:27,Mild Yawn,0.322,0.346,1,1
2024-11-27 18:48:27,Mild Yawn,0.336,0.355,1,1
2024-11-27 18:48:27,Mild Yawn,0.322,0.371,1,1
2024-11-27 18:48:27,Mild Yawn,0.346,0.319,1,1
2024-11-27 18:48:27,Mild Yawn,0.313,0.343,1,1
2024-11-27 18:48:27,Mild Yawn,0.312,0.339,1,1
2024-11-27 18:48:27,Mild Yawn,0.308,0.349,1,1
2024-11-27 18:48:27,Mild Yawn,0.309,0.368,1,1
2024-11-27 18:48:27,Mild Yawn,0.317,0.335,1,1
2024-11-27 18:48:27,Mild Yawn,0.327,0.314,1,1
2024-11-27 18:48:27,Mild Yawn,0.317,0.350,1,1
2024-11-27 18:48:27,Mild Yawn,0.349,0.339,1,1
2024-11-27 18:48:27,Mild Yawn,0.316,0.347,1,1
2024-11-27 18:48:27,Mild Yawn,0.325,0.337,1,1
2024-11-27 18:48:28,Mild Yawn,0.322,0.364,1,1
2024-11-27 18:48:28,Mild Yawn,0.317,0.373,1,1
2024-11-27 18:48:28,Mild Yawn,0.335,0.383,1,1
2024-11-27 18:48:28,Mild Yawn,0.311,0.361,1,1
2024-11-27 18:48:28,Mild Yawn,0.311,0.365,1,1
2024-11-27 18:48:28,Mild Yawn,0.316,0.370,1,1
2024-11-27 18:48:28,Mild Yawn,0.305,0.375,1,1
2024-11-27 18:48:28,Mild Yawn,0.308,0.349,1,1
2024-11-27 18:48:28,Mild Yawn,0.299,0.364,1,1
2024-11-27 18:48:28,Mild Yawn,0.317,0.361,1,1
2024-11-27 18:48:28,Mild Yawn,0.303,0.349,1,1
2024-11-27 18:48:28,Mild Yawn,0.334,0.353,1,1
2024-11-27 18:48:28,Mild Yawn,0.317,0.365,1,1
2024-11-27 18:48:28,Mild Yawn,0.330,0.368,1,1
2024-11-27 18:48:28,Mild Yawn,0.308,0.383,1,1
2024-11-27 18:48:28,Mild Yawn,0.313,0.371,1,1
2024-11-27 18:48:28,Mild Yawn,0.287,0.391,1,1
2024-11-27 18:48:28,Mild Yawn,0.316,0.381,1,1
2024-11-27 18:48:28,Mild Yawn,0.313,0.384,1,1
2024-11-27 18:48:28,Mild Yawn,0.342,0.382,1,1
2024-11-27 18:48:28,Mild Yawn,0.285,0.365,1,1
2024-11-27 18:48:28,Mild Yawn,0.313,0.393,1,1
2024-11-27 18:48:28,Mild Yawn,0.308,0.365,1,1
2024-11-27 18:48:28,Mild Yawn,0.316,0.370,1,1
2024-11-27 18:48:28,Mild Yawn,0.308,0.364,1,1
2024-11-27 18:48:28,Mild Yawn,0.317,0.370,1,1
2024-11-27 18:48:28,Mild Yawn,0.322,0.345,1,1
2024-11-27 18:48:28,Mild Yawn,0.317,0.373,1,1
2024-11-27 18:48:28,Mild Yawn,0.316,0.357,1,1
2024-11-27 18:48:28,Mild Yawn,0.308,0.369,1,1
2024-11-27 18:48:29,Mild Yawn,0.299,0.364,1,1
2024-11-27 18:48:29,Mild Yawn,0.322,0.373,1,1
2024-11-27 18:48:29,Mild Yawn,0.317,0.375,1,1
2024-11-27 18:48:29,Mild Yawn,0.323,0.363,1,1
2024-11-27 18:48:29,Mild Yawn,0.301,0.380,1,1
2024-11-27 18:48:29,Mild Yawn,0.314,0.359,1,1
2024-11-27 18:48:29,Mild Yawn,0.323,0.363,1,1
2024-11-27 18:48:29,Mild Yawn,0.307,0.353,1,1
2024-11-27 18:48:29,Mild Yawn,0.322,0.380,1,1
2024-11-27 18:48:29,Mild Yawn,0.299,0.389,1,1
2024-11-27 18:48:29,Mild Yawn,0.322,0.380,1,1
2024-11-27 18:48:29,Mild Yawn,0.313,0.375,1,1
2024-11-27 18:48:29,Mild Yawn,0.308,0.386,1,1
2024-11-27 18:48:29,Mild Yawn,0.322,0.375,1,1
2024-11-27 18:48:29,Mild Yawn,0.325,0.382,1,1
2024-11-27 18:48:29,Mild Yawn,0.328,0.383,1,1
2024-11-27 18:48:29,Mild Yawn,0.316,0.382,1,1
2024-11-27 18:48:29,Active,0.304,0.365,1,1
2024-11-27 18:48:29,Active,0.295,0.385,1,1
2024-11-27 18:48:29,Active,0.323,0.385,1,1
2024-11-27 18:48:29,Active,0.291,0.393,1,1
2024-11-27 18:48:29,Active,0.295,0.382,1,1
2024-11-27 18:48:29,Active,0.295,0.369,1,1
2024-11-27 18:48:29,Active,0.299,0.383,1,1
2024-11-27 18:48:29,Active,0.318,0.371,1,1
2024-11-27 18:48:29,Active,0.304,0.369,1,1
2024-11-27 18:48:29,Active,0.316,0.405,1,1
2024-11-27 18:48:29,Active,0.316,0.386,1,1
2024-11-27 18:48:29,Active,0.316,0.423,1,1
2024-11-27 18:48:29,Active,0.295,0.401,1,1
2024-11-27 18:48:30,Mild Yawn,0.267,0.420,1,2
2024-11-27 18:48:30,Mild Yawn,0.310,0.400,1,2
2024-11-27 18:48:30,Mild Yawn,0.283,0.422,1,2
2024-11-27 18:48:30,Mild Yawn,0.293,0.417,1,2
2024-11-27 18:48:30,Mild Yawn,0.295,0.411,1,2
2024-11-27 18:48:30,Mild Yawn,0.277,0.430,1,2
2024-11-27 18:48:30,Mild Yawn,0.276,0.414,1,2
2024-11-27 18:48:30,Mild Yawn,0.275,0.418,1,2
2024-11-27 18:48:30,Mild Yawn,0.296,0.416,1,2
2024-11-27 18:48:30,Mild Yawn,0.255,0.429,1,2
2024-11-27 18:48:30,Mild Yawn,0.191,0.426,1,2
2024-11-27 18:48:30,Mild Yawn,0.123,0.456,1,2
2024-11-27 18:48:30,SLEEPING !!!,0.123,0.446,1,2
2024-11-27 18:48:30,SLEEPING !!!,0.135,0.419,1,2
2024-11-27 18:48:30,SLEEPING !!!,0.191,0.406,1,2
2024-11-27 18:48:30,SLEEPING !!!,0.221,0.437,1,2
2024-11-27 18:48:30,SLEEPING !!!,0.223,0.430,1,2
2024-11-27 18:48:30,Mild Yawn,0.256,0.438,2,2
2024-11-27 18:48:30,Mild Yawn,0.270,0.425,2,2
2024-11-27 18:48:30,Mild Yawn,0.269,0.410,2,2
2024-11-27 18:48:30,Mild Yawn,0.270,0.437,2,2
2024-11-27 18:48:30,Mild Yawn,0.264,0.450,2,2
2024-11-27 18:48:30,Mild Yawn,0.269,0.443,2,2
2024-11-27 18:48:30,Mild Yawn,0.283,0.443,2,2
2024-11-27 18:48:30,Mild Yawn,0.284,0.448,2,2
2024-11-27 18:48:30,Mild Yawn,0.264,0.463,2,2
2024-11-27 18:48:30,Mild Yawn,0.297,0.472,2,2
2024-11-27 18:48:30,Mild Yawn,0.288,0.452,2,2
2024-11-27 18:48:30,Mild Yawn,0.292,0.453,2,2
2024-11-27 18:48:30,Mild Yawn,0.265,0.475,2,2
2024-11-27 18:48:31,Mild Yawn,0.264,0.479,2,2
2024-11-27 18:48:31,Mild Yawn,0.269,0.477,2,2
2024-11-27 18:48:31,Mild Yawn,0.278,0.505,2,2
2024-11-27 18:48:31,Mild Yawn,0.296,0.509,2,2
2024-11-27 18:48:31,Mild Yawn,0.287,0.528,2,2
2024-11-27 18:48:31,Mild Yawn,0.328,0.560,2,2
2024-11-27 18:48:31,Mild Yawn,0.312,0.512,2,2
2024-11-27 18:48:31,Mild Yawn,0.336,0.514,2,2
2024-11-27 18:48:31,Mild Yawn,0.316,0.524,2,2
2024-11-27 18:48:31,Mild Yawn,0.326,0.508,2,2
2024-11-27 18:48:31,Mild Yawn,0.349,0.527,2,2
2024-11-27 18:48:31,Mild Yawn,0.337,0.531,2,2
2024-11-27 18:48:31,Mild Yawn,0.320,0.529,2,2
2024-11-27 18:48:31,Mild Yawn,0.322,0.523,2,2
2024-11-27 18:48:31,Mild Yawn,0.314,0.523,2,2
2024-11-27 18:48:31,Mild Yawn,0.345,0.579,2,2
2024-11-27 18:48:31,Mild Yawn,0.336,0.583,2,2
2024-11-27 18:48:31,Moderate Yawn !,0.310,0.646,2,2
2024-11-27 18:48:31,Moderate Yawn !,0.316,0.703,2,2
2024-11-27 18:48:31,Moderate Yawn !,0.316,0.735,2,2
2024-11-27 18:48:31,Moderate Yawn !,0.316,0.765,2,2
2024-11-27 18:48:31,Severe Yawn !!!,0.306,0.812,2,2
2024-11-27 18:48:31,Severe Yawn !!!,0.296,0.816,2,2
2024-11-27 18:48:31,Moderate Yawn !,0.322,0.761,2,2
2024-11-27 18:48:31,Severe Yawn !!!,0.292,0.844,2,2
2024-11-27 18:48:31,Moderate Yawn !,0.311,0.789,2,2
2024-11-27 18:48:31,Severe Yawn !!!,0.314,0.804,2,2
2024-11-27 18:48:31,Severe Yawn !!!,0.337,0.842,2,2
2024-11-27 18:48:31,Severe Yawn !!!,0.328,0.843,2,2
2024-11-27 18:48:31,Moderate Yawn !,0.342,0.781,2,2
2024-11-27 18:48:32,Severe Yawn !!!,0.313,0.815,2,2
2024-11-27 18:48:32,Severe Yawn !!!,0.300,0.853,2,2
2024-11-27 18:48:32,Moderate Yawn !,0.330,0.796,2,2
2024-11-27 18:48:32,Moderate Yawn !,0.340,0.799,2,2
2024-11-27 18:48:32,Moderate Yawn !,0.322,0.788,2,2
2024-11-27 18:48:32,Severe Yawn !!!,0.316,0.825,2,2
2024-11-27 18:48:32,Moderate Yawn !,0.301,0.781,2,2
2024-11-27 18:48:32,Moderate Yawn !,0.322,0.789,2,2
2024-11-27 18:48:32,Moderate Yawn !,0.309,0.765,2,2
2024-11-27 18:48:32,Moderate Yawn !,0.295,0.787,2,2
2024-11-27 18:48:32,Severe Yawn !!!,0.316,0.815,2,2
2024-11-27 18:48:32,Moderate Yawn !,0.322,0.773,2,2
2024-11-27 18:48:32,Moderate Yawn !,0.322,0.777,2,2
2024-11-27 18:48:32,Severe Yawn !!!,0.316,0.806,2,2
2024-11-27 18:48:32,Moderate Yawn !,0.286,0.759,2,2
2024-11-27 18:48:32,Moderate Yawn !,0.322,0.777,2,2
2024-11-27 18:48:32,Moderate Yawn !,0.322,0.775,2,2
2024-11-27 18:48:32,Severe Yawn !!!,0.290,0.803,2,2
2024-11-27 18:48:32,Moderate Yawn !,0.322,0.763,2,2
2024-11-27 18:48:32,Moderate Yawn !,0.307,0.727,2,2
2024-11-27 18:48:32,Moderate Yawn !,0.291,0.704,2,2
2024-11-27 18:48:32,Moderate Yawn !,0.272,0.681,2,2
2024-11-27 18:48:32,Moderate Yawn !,0.291,0.639,2,2
2024-11-27 18:48:32,Mild Yawn,0.256,0.577,2,2
2024-11-27 18:48:32,Mild Yawn,0.277,0.599,2,2
2024-11-27 18:48:32,Mild Yawn,0.287,0.579,2,2
2024-11-27 18:48:32,Moderate Yawn !,0.304,0.648,2,2
2024-11-27 18:48:32,Moderate Yawn !,0.307,0.602,2,2
2024-11-27 18:48:32,Mild Yawn,0.316,0.591,2,2
2024-11-27 18:48:32,Moderate Yawn !,0.312,0.602,2,2
2024-11-27 18:48:33,Moderate Yawn !,0.291,0.621,2,2
2024-11-27 18:48:33,Mild Yawn,0.313,0.585,2,2
2024-11-27 18:48:33,Moderate Yawn !,0.322,0.613,2,2
2024-11-27 18:48:33,Moderate Yawn !,0.295,0.636,2,2
2024-11-27 18:48:33,Moderate Yawn !,0.311,0.641,2,2
2024-11-27 18:48:33,Mild Yawn,0.328,0.594,2,2
2024-11-27 18:48:33,Moderate Yawn !,0.310,0.616,2,2
2024-11-27 18:48:33,Moderate Yawn !,0.301,0.633,2,2
2024-11-27 18:48:33,Moderate Yawn !,0.317,0.616,2,2
2024-11-27 18:48:33,Mild Yawn,0.281,0.579,2,2
2024-11-27 18:48:33,Mild Yawn,0.317,0.590,2,2
2024-11-27 18:48:33,Mild Yawn,0.290,0.523,2,2
2024-11-27 18:48:33,Mild Yawn,0.311,0.484,2,2
2024-11-27 18:48:33,Mild Yawn,0.327,0.522,2,2
2024-11-27 18:48:33,Mild Yawn,0.328,0.501,2,2
2024-11-27 18:48:33,Mild Yawn,0.316,0.455,2,2
2024-11-27 18:48:33,Mild Yawn,0.311,0.434,2,2
2024-11-27 18:48:33,Mild Yawn,0.326,0.424,2,2
2024-11-27 18:48:33,Mild Yawn,0.320,0.392,2,2
2024-11-27 18:48:33,Mild Yawn,0.320,0.412,2,2
2024-11-27 18:48:33,Mild Yawn,0.334,0.424,2,2
2024-11-27 18:48:33,Mild Yawn,0.336,0.419,2,2
2024-11-27 18:48:33,Mild Yawn,0.311,0.415,2,2
2024-11-27 18:48:33,Mild Yawn,0.311,0.395,2,2
2024-11-27 18:48:33,Mild Yawn,0.344,0.405,2,2
2024-11-27 18:48:33,Mild Yawn,0.319,0.399,2,2
2024-11-27 18:48:33,Mild Yawn,0.327,0.400,2,2
2024-11-27 18:48:33,Mild Yawn,0.306,0.397,2,2
2024-11-27 18:48:33,Mild Yawn,0.302,0.388,2,2
2024-11-27 18:48:33,Mild Yawn,0.316,0.408,2,2
2024-11-27 18:48:34,Mild Yawn,0.319,0.386,2,2
2024-11-27 18:48:34,Mild Yawn,0.311,0.420,2,2
2024-11-27 18:48:34,Mild Yawn,0.328,0.418,2,2
2024-11-27 18:48:34,Mild Yawn,0.311,0.393,2,2
2024-11-27 18:48:34,Mild Yawn,0.310,0.398,2,2
2024-11-27 18:48:34,Mild Yawn,0.306,0.405,2,2
2024-11-27 18:48:34,Mild Yawn,0.306,0.426,2,2
2024-11-27 18:48:34,Mild Yawn,0.336,0.402,2,2
2024-11-27 18:48:34,Mild Yawn,0.319,0.413,2,2
2024-11-27 18:48:34,Mild Yawn,0.285,0.407,2,2
2024-11-27 18:48:34,Mild Yawn,0.210,0.412,2,2
2024-11-27 18:48:34,Mild Yawn,0.117,0.409,2,2
2024-11-27 18:48:34,SLEEPING !!!,0.128,0.405,2,2
2024-11-27 18:48:34,SLEEPING !!!,0.143,0.411,2,2
2024-11-27 18:48:34,SLEEPING !!!,0.134,0.387,2,2
2024-11-27 18:48:34,SLEEPING !!!,0.146,0.397,2,2
2024-11-27 18:48:34,SLEEPING !!!,0.161,0.411,2,2
2024-11-27 18:48:34,SLEEPING !!!,0.125,0.388,2,2
2024-11-27 18:48:34,SLEEPING !!!,0.140,0.441,2,2
2024-11-27 18:48:34,SLEEPING !!!,0.186,0.423,2,2
2024-11-27 18:48:34,SLEEPING !!!,0.231,0.420,2,2
2024-11-27 18:48:34,Mild Yawn,0.282,0.410,3,2
2024-11-27 18:48:34,Mild Yawn,0.286,0.435,3,2
2024-11-27 18:48:34,Mild Yawn,0.277,0.417,3,2
2024-11-27 18:48:34,Mild Yawn,0.286,0.415,3,2
2024-11-27 18:48:34,Mild Yawn,0.312,0.421,3,2
2024-11-27 18:48:34,Mild Yawn,0.293,0.407,3,2
2024-11-27 18:48:34,Mild Yawn,0.313,0.409,3,2
2024-11-27 18:48:34,Mild Yawn,0.316,0.419,3,2
2024-11-27 18:48:34,Mild Yawn,0.312,0.436,3,2
2024-11-27 18:48:35,Mild Yawn,0.298,0.423,3,2
2024-11-27 18:48:35,Mild Yawn,0.311,0.407,3,2
2024-11-27 18:48:35,Mild Yawn,0.310,0.438,3,2
2024-11-27 18:48:35,Mild Yawn,0.334,0.422,3,2
2024-11-27 18:48:35,Mild Yawn,0.319,0.412,3,2
2024-11-27 18:48:35,Mild Yawn,0.319,0.412,3,2
2024-11-27 18:48:35,Mild Yawn,0.319,0.413,3,2
2024-11-27 18:48:35,Mild Yawn,0.328,0.419,3,2
2024-11-27 18:48:35,Mild Yawn,0.325,0.427,3,2
2024-11-27 18:48:35,Mild Yawn,0.306,0.405,3,2
2024-11-27 18:48:35,Mild Yawn,0.319,0.427,3,2
2024-11-27 18:48:35,Mild Yawn,0.316,0.414,3,2
2024-11-27 18:48:35,Mild Yawn,0.342,0.413,3,2
2024-11-27 18:48:35,Mild Yawn,0.299,0.415,3,2
2024-11-27 18:48:35,Mild Yawn,0.295,0.424,3,2
2024-11-27 18:48:35,Mild Yawn,0.203,0.419,3,2
2024-11-27 18:48:35,Mild Yawn,0.146,0.422,3,2
2024-11-27 18:48:35,SLEEPING !!!,0.114,0.412,3,2
2024-11-27 18:48:35,SLEEPING !!!,0.126,0.428,3,2
2024-11-27 18:48:35,SLEEPING !!!,0.113,0.417,3,2
2024-11-27 18:48:35,SLEEPING !!!,0.126,0.426,3,2
2024-11-27 18:48:35,SLEEPING !!!,0.139,0.419,3,2
2024-11-27 18:48:35,SLEEPING !!!,0.140,0.412,3,2
2024-11-27 18:48:35,SLEEPING !!!,0.143,0.424,3,2
2024-11-27 18:48:35,SLEEPING !!!,0.126,0.427,3,2
2024-11-27 18:48:35,SLEEPING !!!,0.106,0.419,3,2
2024-11-27 18:48:35,SLEEPING !!!,0.124,0.421,3,2
2024-11-27 18:48:35,SLEEPING !!!,0.144,0.435,3,2
2024-11-27 18:48:35,SLEEPING !!!,0.174,0.413,3,2
2024-11-27 18:48:35,SLEEPING !!!,0.195,0.428,3,2
2024-11-27 18:48:36,SLEEPING !!!,0.223,0.423,3,2
2024-11-27 18:48:36,Mild Yawn,0.250,0.420,4,2
2024-11-27 18:48:36,Mild Yawn,0.243,0.431,4,2
2024-11-27 18:48:36,Mild Yawn,0.269,0.415,4,2
2024-11-27 18:48:36,Mild Yawn,0.265,0.446,4,2
2024-11-27 18:48:36,Mild Yawn,0.306,0.410,4,2
2024-11-27 18:48:36,Mild Yawn,0.286,0.426,4,2
2024-11-27 18:48:36,Mild Yawn,0.298,0.421,4,2
2024-11-27 18:48:36,Mild Yawn,0.313,0.408,4,2
2024-11-27 18:48:36,Mild Yawn,0.316,0.419,4,2
2024-11-27 18:48:36,Mild Yawn,0.316,0.406,4,2
2024-11-27 18:48:36,Mild Yawn,0.294,0.419,4,2
2024-11-27 18:48:36,Mild Yawn,0.311,0.419,4,2
2024-11-27 18:48:36,Mild Yawn,0.316,0.438,4,2
2024-11-27 18:48:36,Mild Yawn,0.310,0.423,4,2
2024-11-27 18:48:36,Mild Yawn,0.327,0.435,4,2
2024-11-27 18:48:36,Mild Yawn,0.294,0.420,4,2
2024-11-27 18:48:36,Mild Yawn,0.311,0.415,4,2
2024-11-27 18:48:36,Mild Yawn,0.308,0.409,4,2
2024-11-27 18:48:36,Mild Yawn,0.319,0.423,4,2
2024-11-27 18:48:36,Mild Yawn,0.321,0.406,4,2
2024-11-27 18:48:36,Mild Yawn,0.287,0.438,4,2
2024-11-27 18:48:36,Mild Yawn,0.192,0.427,4,2
2024-11-27 18:48:36,Mild Yawn,0.125,0.407,4,2
2024-11-27 18:48:36,SLEEPING !!!,0.140,0.434,4,2
2024-11-27 18:48:36,SLEEPING !!!,0.160,0.426,4,2
2024-11-27 18:48:36,SLEEPING !!!,0.143,0.422,4,2
2024-11-27 18:48:36,SLEEPING !!!,0.120,0.412,4,2
2024-11-27 18:48:36,SLEEPING !!!,0.117,0.390,4,2
2024-11-27 18:48:36,SLEEPING !!!,0.131,0.398,4,2
2024-11-27 18:48:37,SLEEPING !!!,0.127,0.422,4,2
2024-11-27 18:48:37,SLEEPING !!!,0.135,0.427,4,2
2024-11-27 18:48:37,SLEEPING !!!,0.121,0.397,4,2
2024-11-27 18:48:37,SLEEPING !!!,0.128,0.420,4,2
2024-11-27 18:48:37,SLEEPING !!!,0.120,0.408,4,2
2024-11-27 18:48:37,SLEEPING !!!,0.159,0.390,4,2
2024-11-27 18:48:37,SLEEPING !!!,0.179,0.415,4,2
2024-11-27 18:48:37,SLEEPING !!!,0.218,0.413,4,2
2024-11-27 18:48:37,Mild Yawn,0.250,0.419,5,2
2024-11-27 18:48:37,Mild Yawn,0.273,0.412,5,2
2024-11-27 18:48:37,Mild Yawn,0.287,0.417,5,2
2024-11-27 18:48:37,Mild Yawn,0.286,0.420,5,2
2024-11-27 18:48:37,Mild Yawn,0.295,0.422,5,2
2024-11-27 18:48:37,Mild Yawn,0.310,0.423,5,2
2024-11-27 18:48:37,Mild Yawn,0.314,0.405,5,2
2024-11-27 18:48:37,Mild Yawn,0.298,0.426,5,2
2024-11-27 18:48:37,Mild Yawn,0.321,0.435,5,2
2024-11-27 18:48:37,Mild Yawn,0.304,0.438,5,2
2024-11-27 18:48:37,Mild Yawn,0.294,0.441,5,2
2024-11-27 18:48:37,Mild Yawn,0.302,0.441,5,2
2024-11-27 18:48:37,Mild Yawn,0.311,0.431,5,2
2024-11-27 18:48:37,Mild Yawn,0.311,0.427,5,2
2024-11-27 18:48:37,Mild Yawn,0.307,0.420,5,2
2024-11-27 18:48:37,Mild Yawn,0.285,0.441,5,2
2024-11-27 18:48:37,Mild Yawn,0.304,0.412,5,2
2024-11-27 18:48:37,Mild Yawn,0.340,0.417,5,2
2024-11-27 18:48:37,Mild Yawn,0.302,0.422,5,2
2024-11-27 18:48:37,Mild Yawn,0.308,0.432,5,2
2024-11-27 18:48:37,Mild Yawn,0.316,0.413,5,2
2024-11-27 18:48:37,Mild Yawn,0.322,0.446,5,2
2024-11-27 18:48:38,Mild Yawn,0.280,0.438,5,2
2024-11-27 18:48:38,Mild Yawn,0.299,0.412,5,2
2024-11-27 18:48:38,Mild Yawn,0.290,0.420,5,2
2024-11-27 18:48:38,Mild Yawn,0.260,0.422,5,2
2024-11-27 18:48:38,Mild Yawn,0.176,0.415,5,2
2024-11-27 18:48:38,Mild Yawn,0.139,0.446,5,2
2024-11-27 18:48:38,SLEEPING !!!,0.150,0.420,5,2
2024-11-27 18:48:38,SLEEPING !!!,0.165,0.438,5,2
2024-11-27 18:48:38,SLEEPING !!!,0.177,0.440,5,2
2024-11-27 18:48:38,SLEEPING !!!,0.172,0.442,5,2
2024-11-27 18:48:38,SLEEPING !!!,0.187,0.416,5,2
2024-11-27 18:48:38,SLEEPING !!!,0.197,0.432,5,2
2024-11-27 18:48:38,SLEEPING !!!,0.157,0.438,5,2
2024-11-27 18:48:38,SLEEPING !!!,0.173,0.431,5,2
2024-11-27 18:48:38,SLEEPING !!!,0.205,0.427,5,2
2024-11-27 18:48:38,SLEEPING !!!,0.223,0.392,5,2
2024-11-27 18:48:38,SLEEPING !!!,0.233,0.415,5,2
2024-11-27 18:48:38,SLEEPING !!!,0.155,0.422,5,2
2024-11-27 18:48:38,SLEEPING !!!,0.150,0.416,5,2
2024-11-27 18:48:38,SLEEPING !!!,0.186,0.427,5,2
2024-11-27 18:48:38,SLEEPING !!!,0.210,0.428,5,2
2024-11-27 18:48:38,SLEEPING !!!,0.241,0.415,5,2
2024-11-27 18:48:38,SLEEPING !!!,0.238,0.425,5,2
2024-11-27 18:48:38,Mild Yawn,0.260,0.426,6,2
2024-11-27 18:48:38,Mild Yawn,0.260,0.453,6,2
2024-11-27 18:48:38,Mild Yawn,0.259,0.409,6,2
2024-11-27 18:48:38,Mild Yawn,0.260,0.427,6,2
2024-11-27 18:48:38,Mild Yawn,0.273,0.439,6,2
2024-11-27 18:48:38,Mild Yawn,0.264,0.427,6,2
2024-11-27 18:48:38,Mild Yawn,0.279,0.422,6,2
2024-11-27 18:48:39,Mild Yawn,0.268,0.398,6,2
2024-11-27 18:48:39,Mild Yawn,0.260,0.426,6,2
2024-11-27 18:48:39,Mild Yawn,0.263,0.424,6,2
2024-11-27 18:48:39,Mild Yawn,0.264,0.445,6,2
2024-11-27 18:48:39,Mild Yawn,0.259,0.427,6,2
2024-11-27 18:48:39,Mild Yawn,0.295,0.441,6,2
2024-11-27 18:48:39,Mild Yawn,0.268,0.430,6,2
2024-11-27 18:48:39,Mild Yawn,0.291,0.441,6,2
2024-11-27 18:48:39,Mild Yawn,0.287,0.428,6,2
2024-11-27 18:48:39,Mild Yawn,0.286,0.447,6,2
2024-11-27 18:48:39,Mild Yawn,0.300,0.432,6,2
2024-11-27 18:48:39,Mild Yawn,0.287,0.428,6,2
2024-11-27 18:48:39,Mild Yawn,0.286,0.445,6,2
2024-11-27 18:48:39,Mild Yawn,0.286,0.423,6,2
2024-11-27 18:48:39,Mild Yawn,0.309,0.443,6,2
2024-11-27 18:48:39,Mild Yawn,0.295,0.437,6,2
2024-11-27 18:48:39,Mild Yawn,0.312,0.438,6,2
2024-11-27 18:48:39,Mild Yawn,0.287,0.427,6,2
2024-11-27 18:48:39,Mild Yawn,0.288,0.428,6,2
2024-11-27 18:48:39,Mild Yawn,0.316,0.400,6,2
2024-11-27 18:48:39,Mild Yawn,0.307,0.441,6,2
2024-11-27 18:48:39,Mild Yawn,0.302,0.416,6,2
2024-11-27 18:48:39,Mild Yawn,0.313,0.438,6,2
2024-11-27 18:48:39,Mild Yawn,0.290,0.412,6,2
2024-11-27 18:48:39,Mild Yawn,0.305,0.443,6,2
2024-11-27 18:48:39,Mild Yawn,0.281,0.435,6,2
2024-11-27 18:48:39,Mild Yawn,0.327,0.417,6,2
2024-11-27 18:48:39,Mild Yawn,0.276,0.427,6,2
2024-11-27 18:48:39,Mild Yawn,0.286,0.425,6,2
2024-11-27 18:48:39,Mild Yawn,0.299,0.417,6,2
2024-11-27 18:48:39,Mild Yawn,0.290,0.454,6,2
2024-11-27 18:48:40,Mild Yawn,0.282,0.438,6,2
2024-11-27 18:48:40,Mild Yawn,0.290,0.417,6,2
2024-11-27 18:48:40,Mild Yawn,0.312,0.409,6,2
2024-11-27 18:48:40,Mild Yawn,0.313,0.427,6,2
2024-11-27 18:48:40,Mild Yawn,0.282,0.398,6,2
2024-11-27 18:48:40,Mild Yawn,0.227,0.412,6,2
2024-11-27 18:48:40,Mild Yawn,0.186,0.408,6,2
2024-11-27 18:48:40,SLEEPING !!!,0.166,0.417,6,2
2024-11-27 18:48:40,SLEEPING !!!,0.167,0.431,6,2
2024-11-27 18:48:40,SLEEPING !!!,0.146,0.418,6,2
2024-11-27 18:48:40,SLEEPING !!!,0.181,0.423,6,2
2024-11-27 18:48:40,SLEEPING !!!,0.158,0.415,6,2
2024-11-27 18:48:40,SLEEPING !!!,0.169,0.414,6,2
2024-11-27 18:48:40,SLEEPING !!!,0.137,0.409,6,2
2024-11-27 18:48:40,SLEEPING !!!,0.178,0.413,6,2
2024-11-27 18:48:40,SLEEPING !!!,0.141,0.411,6,2
2024-11-27 18:48:40,SLEEPING !!!,0.148,0.415,6,2
2024-11-27 18:48:40,SLEEPING !!!,0.158,0.393,6,2
2024-11-27 18:48:40,SLEEPING !!!,0.148,0.393,6,2
2024-11-27 18:48:40,SLEEPING !!!,0.130,0.422,6,2
2024-11-27 18:48:40,SLEEPING !!!,0.162,0.420,6,2
2024-11-27 18:48:40,SLEEPING !!!,0.182,0.396,6,2
2024-11-27 18:48:40,SLEEPING !!!,0.171,0.416,6,2
2024-11-27 18:48:40,SLEEPING !!!,0.161,0.399,6,2
2024-11-27 18:48:40,SLEEPING !!!,0.148,0.397,6,2
2024-11-27 18:48:40,SLEEPING !!!,0.152,0.421,6,2
2024-11-27 18:48:40,SLEEPING !!!,0.144,0.404,6,2
2024-11-27 18:48:40,SLEEPING !!!,0.142,0.414,6,2
2024-11-27 18:48:40,SLEEPING !!!,0.169,0.392,6,2
2024-11-27 18:48:40,SLEEPING !!!,0.145,0.410,6,2
2024-11-27 18:48:41,SLEEPING !!!,0.214,0.397,6,2
2024-11-27 18:48:41,SLEEPING !!!,0.176,0.423,6,2
2024-11-27 18:48:41,SLEEPING !!!,0.157,0.413,6,2
2024-11-27 18:48:41,SLEEPING !!!,0.124,0.422,6,2
2024-11-27 18:48:41,SLEEPING !!!,0.161,0.415,6,2
2024-11-27 18:48:41,SLEEPING !!!,0.171,0.425,6,2
2024-11-27 18:48:41,SLEEPING !!!,0.224,0.426,6,2
2024-11-27 18:48:41,SLEEPING !!!,0.242,0.390,6,2
2024-11-27 18:48:41,Mild Yawn,0.255,0.415,7,2
2024-11-27 18:48:41,Mild Yawn,0.260,0.405,7,2
2024-11-27 18:48:41,Mild Yawn,0.278,0.406,7,2
2024-11-27 18:48:41,Mild Yawn,0.273,0.398,7,2
2024-11-27 18:48:41,Mild Yawn,0.259,0.412,7,2
2024-11-27 18:48:41,Mild Yawn,0.273,0.411,7,2
2024-11-27 18:48:41,Mild Yawn,0.260,0.420,7,2
2024-11-27 18:48:41,Mild Yawn,0.278,0.407,7,2
2024-11-27 18:48:41,Mild Yawn,0.282,0.405,7,2
2024-11-27 18:48:41,Mild Yawn,0.276,0.441,7,2
2024-11-27 18:48:41,Mild Yawn,0.287,0.399,7,2
2024-11-27 18:48:41,Mild Yawn,0.246,0.408,7,2
2024-11-27 18:48:41,Mild Yawn,0.259,0.423,7,2
2024-11-27 18:48:41,Mild Yawn,0.259,0.409,7,2
2024-11-27 18:48:41,Mild Yawn,0.287,0.417,7,2
2024-11-27 18:48:41,Mild Yawn,0.268,0.407,7,2
2024-11-27 18:48:41,Mild Yawn,0.277,0.408,7,2
2024-11-27 18:48:41,Mild Yawn,0.277,0.408,7,2
2024-11-27 18:48:41,Mild Yawn,0.273,0.412,7,2
2024-11-27 18:48:41,Mild Yawn,0.276,0.401,7,2
2024-11-27 18:48:41,Mild Yawn,0.291,0.416,7,2
2024-11-27 18:48:42,Mild Yawn,0.277,0.415,7,2
2024-11-27 18:48:42,Mild Yawn,0.269,0.423,7,2
2024-11-27 18:48:42,Mild Yawn,0.246,0.417,7,2
2024-11-27 18:48:42,Mild Yawn,0.192,0.411,7,2
2024-11-27 18:48:42,SLEEPING !!!,0.142,0.420,7,2
2024-11-27 18:48:42,SLEEPING !!!,0.145,0.420,7,2
2024-11-27 18:48:42,SLEEPING !!!,0.137,0.389,7,2
2024-11-27 18:48:42,SLEEPING !!!,0.219,0.388,7,2
2024-11-27 18:48:42,SLEEPING !!!,0.201,0.419,7,2
2024-11-27 18:48:42,SLEEPING !!!,0.223,0.383,7,2
2024-11-27 18:48:42,SLEEPING !!!,0.155,0.396,7,2
2024-11-27 18:48:42,SLEEPING !!!,0.154,0.375,7,2
2024-11-27 18:48:42,SLEEPING !!!,0.153,0.403,7,2
2024-11-27 18:48:42,SLEEPING !!!,0.145,0.390,7,2
2024-11-27 18:48:42,SLEEPING !!!,0.146,0.407,7,2
2024-11-27 18:48:42,SLEEPING !!!,0.150,0.414,7,2
2024-11-27 18:48:42,SLEEPING !!!,0.141,0.409,7,2
2024-11-27 18:48:42,SLEEPING !!!,0.186,0.419,7,2
2024-11-27 18:48:42,SLEEPING !!!,0.144,0.414,7,2
2024-11-27 18:48:42,SLEEPING !!!,0.158,0.402,7,2
2024-11-27 18:48:42,SLEEPING !!!,0.136,0.390,7,2
2024-11-27 18:48:42,SLEEPING !!!,0.145,0.392,7,2
2024-11-27 18:48:42,SLEEPING !!!,0.188,0.394,7,2
2024-11-27 18:48:42,SLEEPING !!!,0.198,0.401,7,2
2024-11-27 18:48:42,SLEEPING !!!,0.157,0.408,7,2
2024-11-27 18:48:42,SLEEPING !!!,0.200,0.396,7,2
2024-11-27 18:48:42,SLEEPING !!!,0.198,0.401,7,2
2024-11-27 18:48:42,SLEEPING !!!,0.170,0.390,7,2
2024-11-27 18:48:42,SLEEPING !!!,0.173,0.403,7,2
2024-11-27 18:48:42,SLEEPING !!!,0.117,0.387,7,2
2024-11-27 18:48:42,SLEEPING !!!,0.211,0.408,7,2
2024-11-27 18:48:43,SLEEPING !!!,0.157,0.418,7,2
2024-11-27 18:48:43,SLEEPING !!!,0.139,0.414,7,2
2024-11-27 18:48:43,SLEEPING !!!,0.140,0.400,7,2
2024-11-27 18:48:43,SLEEPING !!!,0.129,0.410,7,2
2024-11-27 18:48:43,SLEEPING !!!,0.131,0.407,7,2
2024-11-27 18:48:43,SLEEPING !!!,0.152,0.412,7,2
2024-11-27 18:48:43,SLEEPING !!!,0.137,0.409,7,2
2024-11-27 18:48:43,SLEEPING !!!,0.151,0.408,7,2
2024-11-27 18:48:43,SLEEPING !!!,0.141,0.404,7,2
2024-11-27 18:48:43,SLEEPING !!!,0.121,0.381,7,2
2024-11-27 18:48:43,SLEEPING !!!,0.122,0.386,7,2
2024-11-27 18:48:43,SLEEPING !!!,0.129,0.421,7,2
2024-11-27 18:48:43,SLEEPING !!!,0.159,0.411,7,2
2024-11-27 18:48:43,SLEEPING !!!,0.157,0.411,7,2
2024-11-27 18:48:43,SLEEPING !!!,0.158,0.389,7,2
2024-11-27 18:48:43,SLEEPING !!!,0.159,0.399,7,2
2024-11-27 18:48:43,SLEEPING !!!,0.182,0.392,7,2
2024-11-27 18:48:43,SLEEPING !!!,0.161,0.404,7,2
2024-11-27 18:48:43,SLEEPING !!!,0.170,0.388,7,2
2024-11-27 18:48:43,SLEEPING !!!,0.172,0.399,7,2
2024-11-27 18:48:43,SLEEPING !!!,0.151,0.413,7,2
2024-11-27 18:48:43,SLEEPING !!!,0.167,0.408,7,2
2024-11-27 18:48:43,SLEEPING !!!,0.184,0.408,7,2
2024-11-27 18:48:43,SLEEPING !!!,0.159,0.397,7,2
2024-11-27 18:48:43,SLEEPING !!!,0.170,0.389,7,2
2024-11-27 18:48:43,SLEEPING !!!,0.163,0.414,7,2
2024-11-27 18:48:43,SLEEPING !!!,0.181,0.415,7,2
2024-11-27 18:48:43,SLEEPING !!!,0.183,0.429,7,2
2024-11-27 18:48:43,SLEEPING !!!,0.178,0.396,7,2
2024-11-27 18:48:43,SLEEPING !!!,0.179,0.385,7,2
2024-11-27 18:48:44,SLEEPING !!!,0.178,0.385,7,2
2024-11-27 18:48:44,SLEEPING !!!,0.183,0.407,7,2
2024-11-27 18:48:44,SLEEPING !!!,0.181,0.419,7,2
2024-11-27 18:48:44,SLEEPING !!!,0.171,0.423,7,2
2024-11-27 18:48:44,SLEEPING !!!,0.170,0.404,7,2
2024-11-27 18:48:44,SLEEPING !!!,0.191,0.396,7,2
2024-11-27 18:48:44,SLEEPING !!!,0.192,0.419,7,2
2024-11-27 18:48:44,SLEEPING !!!,0.157,0.399,7,2
2024-11-27 18:48:44,SLEEPING !!!,0.168,0.397,7,2
2024-11-27 18:48:44,SLEEPING !!!,0.175,0.422,7,2
2024-11-27 18:48:44,SLEEPING !!!,0.173,0.430,7,2
2024-11-27 18:48:44,SLEEPING !!!,0.177,0.407,7,2
2024-11-27 18:48:44,SLEEPING !!!,0.176,0.404,7,2
2024-11-27 18:48:44,SLEEPING !!!,0.171,0.441,7,2
2024-11-27 18:48:44,SLEEPING !!!,0.169,0.394,7,2
2024-11-27 18:48:44,SLEEPING !!!,0.171,0.419,7,2
2024-11-27 18:48:44,SLEEPING !!!,0.181,0.441,7,2
2024-11-27 18:48:44,SLEEPING !!!,0.178,0.412,7,2
2024-11-27 18:48:44,SLEEPING !!!,0.161,0.423,7,2
2024-11-27 18:48:44,SLEEPING !!!,0.167,0.419,7,2
2024-11-27 18:48:44,SLEEPING !!!,0.165,0.419,7,2
2024-11-27 18:48:44,SLEEPING !!!,0.157,0.410,7,2
2024-11-27 18:48:44,SLEEPING !!!,0.174,0.419,7,2
2024-11-27 18:48:44,SLEEPING !!!,0.175,0.407,7,2
2024-11-27 18:48:44,SLEEPING !!!,0.160,0.411,7,2
2024-11-27 18:48:44,SLEEPING !!!,0.164,0.400,7,2
2024-11-27 18:48:44,SLEEPING !!!,0.174,0.393,7,2
2024-11-27 18:48:44,SLEEPING !!!,0.149,0.404,7,2
2024-11-27 18:48:44,SLEEPING !!!,0.164,0.390,7,2
2024-11-27 18:48:44,SLEEPING !!!,0.165,0.415,7,2
2024-11-27 18:48:45,SLEEPING !!!,0.155,0.401,7,2
2024-11-27 18:48:45,SLEEPING !!!,0.178,0.394,7,2
2024-11-27 18:48:45,SLEEPING !!!,0.167,0.383,7,2
2024-11-27 18:48:45,SLEEPING !!!,0.155,0.402,7,2
2024-11-27 18:48:45,SLEEPING !!!,0.173,0.404,7,2
2024-11-27 18:48:45,SLEEPING !!!,0.155,0.398,7,2
2024-11-27 18:48:45,SLEEPING !!!,0.165,0.426,7,2
2024-11-27 18:48:45,SLEEPING !!!,0.164,0.394,7,2
2024-11-27 18:48:45,SLEEPING !!!,0.165,0.422,7,2
2024-11-27 18:48:45,SLEEPING !!!,0.165,0.405,7,2
2024-11-27 18:48:45,SLEEPING !!!,0.157,0.404,7,2
2024-11-27 18:48:45,SLEEPING !!!,0.160,0.389,7,2
2024-11-27 18:48:45,SLEEPING !!!,0.168,0.404,7,2
2024-11-27 18:48:45,SLEEPING !!!,0.148,0.389,7,2
2024-11-27 18:48:45,SLEEPING !!!,0.138,0.389,7,2
2024-11-27 18:48:45,SLEEPING !!!,0.172,0.408,7,2
2024-11-27 18:48:45,SLEEPING !!!,0.148,0.413,7,2
2024-11-27 18:48:45,SLEEPING !!!,0.145,0.404,7,2
2024-11-27 18:48:45,SLEEPING !!!,0.144,0.411,7,2
2024-11-27 18:48:45,SLEEPING !!!,0.161,0.401,7,2
2024-11-27 18:48:45,SLEEPING !!!,0.155,0.411,7,2
2024-11-27 18:48:45,SLEEPING !!!,0.162,0.390,7,2
2024-11-27 18:48:45,SLEEPING !!!,0.174,0.375,7,2
2024-11-27 18:48:45,SLEEPING !!!,0.162,0.392,7,2
2024-11-27 18:48:45,SLEEPING !!!,0.155,0.389,7,2
2024-11-27 18:48:45,SLEEPING !!!,0.159,0.400,7,2
2024-11-27 18:48:45,SLEEPING !!!,0.152,0.404,7,2
2024-11-27 18:48:45,SLEEPING !!!,0.161,0.393,7,2
2024-11-27 18:48:45,SLEEPING !!!,0.162,0.382,7,2
2024-11-27 18:48:45,SLEEPING !!!,0.128,0.389,7,2
2024-11-27 18:48:46,SLEEPING !!!,0.140,0.417,7,2
2024-11-27 18:48:46,SLEEPING !!!,0.117,0.427,7,2
2024-11-27 18:48:46,SLEEPING !!!,0.107,0.415,7,2
2024-11-27 18:48:46,SLEEPING !!!,0.142,0.407,7,2
2024-11-27 18:48:46,SLEEPING !!!,0.174,0.427,7,2
2024-11-27 18:48:46,SLEEPING !!!,0.198,0.428,7,2
2024-11-27 18:48:46,SLEEPING !!!,0.243,0.434,7,2
2024-11-27 18:48:46,Mild Yawn,0.260,0.443,8,2
2024-11-27 18:48:46,Mild Yawn,0.269,0.446,8,2
2024-11-27 18:48:46,Mild Yawn,0.274,0.457,8,2
2024-11-27 18:48:46,Mild Yawn,0.274,0.442,8,2
2024-11-27 18:48:46,Mild Yawn,0.291,0.423,8,2
2024-11-27 18:48:46,Mild Yawn,0.291,0.432,8,2
2024-11-27 18:48:46,Mild Yawn,0.284,0.419,8,2
2024-11-27 18:48:46,Mild Yawn,0.297,0.422,8,2
2024-11-27 18:48:46,Mild Yawn,0.279,0.419,8,2
2024-11-27 18:48:46,Mild Yawn,0.325,0.408,8,2
2024-11-27 18:48:46,Mild Yawn,0.307,0.412,8,2
2024-11-27 18:48:46,Mild Yawn,0.297,0.394,8,2
2024-11-27 18:48:46,Mild Yawn,0.269,0.426,8,2
2024-11-27 18:48:46,Mild Yawn,0.283,0.405,8,2
2024-11-27 18:48:46,Mild Yawn,0.291,0.419,8,2
2024-11-27 18:48:46,Mild Yawn,0.296,0.400,8,2
2024-11-27 18:48:46,Mild Yawn,0.269,0.408,8,2
2024-11-27 18:48:46,Mild Yawn,0.297,0.400,8,2
2024-11-27 18:48:46,Mild Yawn,0.269,0.393,8,2
2024-11-27 18:48:46,Mild Yawn,0.269,0.402,8,2
2024-11-27 18:48:46,Mild Yawn,0.284,0.404,8,2
2024-11-27 18:48:46,Mild Yawn,0.260,0.386,8,2
2024-11-27 18:48:46,Mild Yawn,0.287,0.427,8,2
2024-11-27 18:48:47,Mild Yawn,0.264,0.404,8,2
2024-11-27 18:48:47,Mild Yawn,0.270,0.376,8,2
2024-11-27 18:48:47,Mild Yawn,0.260,0.422,8,2
2024-11-27 18:48:47,Mild Yawn,0.261,0.408,8,2
2024-11-27 18:48:47,Mild Yawn,0.260,0.415,8,2
2024-11-27 18:48:47,Mild Yawn,0.180,0.378,8,2
2024-11-27 18:48:47,Mild Yawn,0.126,0.404,8,2
2024-11-27 18:48:47,SLEEPING !!!,0.136,0.404,8,2
2024-11-27 18:48:47,SLEEPING !!!,0.131,0.408,8,2
2024-11-27 18:48:47,SLEEPING !!!,0.162,0.399,8,2
2024-11-27 18:48:47,SLEEPING !!!,0.147,0.404,8,2
2024-11-27 18:48:47,SLEEPING !!!,0.157,0.412,8,2
2024-11-27 18:48:47,SLEEPING !!!,0.159,0.397,8,2
2024-11-27 18:48:47,SLEEPING !!!,0.198,0.392,8,2
2024-11-27 18:48:47,SLEEPING !!!,0.131,0.373,8,2
2024-11-27 18:48:47,SLEEPING !!!,0.193,0.385,8,2
2024-11-27 18:48:47,SLEEPING !!!,0.202,0.391,8,2
2024-11-27 18:48:47,SLEEPING !!!,0.192,0.366,8,2
2024-11-27 18:48:47,SLEEPING !!!,0.157,0.395,8,2
2024-11-27 18:48:47,SLEEPING !!!,0.116,0.423,8,2
2024-11-27 18:48:47,SLEEPING !!!,0.158,0.395,8,2
2024-11-27 18:48:47,SLEEPING !!!,0.200,0.417,8,2
2024-11-27 18:48:47,SLEEPING !!!,0.231,0.408,8,2
2024-11-27 18:48:47,Mild Yawn,0.270,0.407,9,2
2024-11-27 18:48:47,Mild Yawn,0.256,0.416,9,2
2024-11-27 18:48:47,Mild Yawn,0.288,0.410,9,2
2024-11-27 18:48:47,Mild Yawn,0.291,0.438,9,2
2024-11-27 18:48:47,Mild Yawn,0.319,0.415,9,2
2024-11-27 18:48:47,Mild Yawn,0.310,0.403,9,2
2024-11-27 18:48:47,Mild Yawn,0.294,0.420,9,2
2024-11-27 18:48:48,Mild Yawn,0.277,0.405,9,2
2024-11-27 18:48:48,Mild Yawn,0.302,0.410,9,2
2024-11-27 18:48:48,Mild Yawn,0.286,0.430,9,2
2024-11-27 18:48:48,Mild Yawn,0.287,0.431,9,2
2024-11-27 18:48:48,Mild Yawn,0.297,0.412,9,2
2024-11-27 18:48:48,Mild Yawn,0.315,0.396,9,2
2024-11-27 18:48:48,Mild Yawn,0.319,0.424,9,2
2024-11-27 18:48:48,Mild Yawn,0.324,0.420,9,2
2024-11-27 18:48:48,Mild Yawn,0.313,0.415,9,2
2024-11-27 18:48:48,Mild Yawn,0.319,0.436,9,2
2024-11-27 18:48:48,Mild Yawn,0.317,0.417,9,2
2024-11-27 18:48:48,Mild Yawn,0.345,0.450,9,2
2024-11-27 18:48:48,Mild Yawn,0.322,0.423,9,2
2024-11-27 18:48:48,Mild Yawn,0.343,0.435,9,2
2024-11-27 18:48:48,Mild Yawn,0.322,0.439,9,2
2024-11-27 18:48:48,Mild Yawn,0.362,0.452,9,2
2024-11-27 18:48:48,Mild Yawn,0.322,0.449,9,2
2024-11-27 18:48:48,Mild Yawn,0.318,0.436,9,2
2024-11-27 18:48:48,Mild Yawn,0.325,0.430,9,2
2024-11-27 18:48:48,Mild Yawn,0.314,0.422,9,2
2024-11-27 18:48:48,Mild Yawn,0.340,0.452,9,2
2024-11-27 18:48:48,Mild Yawn,0.301,0.449,9,2
2024-11-27 18:48:48,Mild Yawn,0.334,0.428,9,2
2024-11-27 18:48:48,Mild Yawn,0.313,0.447,9,2
2024-11-27 18:48:48,Mild Yawn,0.300,0.427,9,2
2024-11-27 18:48:48,Mild Yawn,0.314,0.447,9,2
2024-11-27 18:48:48,Mild Yawn,0.327,0.430,9,2
2024-11-27 18:48:48,Mild Yawn,0.322,0.425,9,2
2024-11-27 18:48:48,Mild Yawn,0.334,0.420,9,2
2024-11-27 18:48:48,Mild Yawn,0.287,0.436,9,2
2024-11-27 18:48:49,Mild Yawn,0.323,0.439,9,2
2024-11-27 18:48:49,Mild Yawn,0.304,0.450,9,2
2024-11-27 18:48:49,Mild Yawn,0.313,0.441,9,2
2024-11-27 18:48:49,Mild Yawn,0.310,0.441,9,2
2024-11-27 18:48:49,Mild Yawn,0.291,0.428,9,2
2024-11-27 18:48:49,Mild Yawn,0.323,0.439,9,2
2024-11-27 18:48:49,Mild Yawn,0.310,0.430,9,2
2024-11-27 18:48:49,Mild Yawn,0.306,0.423,9,2
2024-11-27 18:48:49,Mild Yawn,0.337,0.460,9,2
2024-11-27 18:48:49,Mild Yawn,0.295,0.420,9,2
2024-11-27 18:48:49,Mild Yawn,0.301,0.447,9,2
2024-11-27 18:48:49,Mild Yawn,0.304,0.439,9,2
2024-11-27 18:48:49,Mild Yawn,0.300,0.426,9,2
2024-11-27 18:48:49,Mild Yawn,0.306,0.417,9,2
2024-11-27 18:48:49,Mild Yawn,0.310,0.431,9,2
2024-11-27 18:48:49,Mild Yawn,0.324,0.433,9,2
2024-11-27 18:48:49,Mild Yawn,0.327,0.436,9,2
2024-11-27 18:48:49,Mild Yawn,0.309,0.449,9,2
2024-11-27 18:48:49,Mild Yawn,0.295,0.424,9,2
2024-11-27 18:48:49,Mild Yawn,0.318,0.435,9,2
2024-11-27 18:48:49,Mild Yawn,0.301,0.423,9,2
2024-11-27 18:48:49,Mild Yawn,0.324,0.417,9,2
2024-11-27 18:48:49,Mild Yawn,0.327,0.428,9,2
2024-11-27 18:48:49,Mild Yawn,0.291,0.415,9,2
2024-11-27 18:48:49,Mild Yawn,0.324,0.435,9,2
2024-11-27 18:48:49,Mild Yawn,0.297,0.427,9,2
2024-11-27 18:48:49,Mild Yawn,0.226,0.436,9,2
2024-11-27 18:48:49,Mild Yawn,0.154,0.416,9,2
2024-11-27 18:48:49,SLEEPING !!!,0.110,0.412,9,2
2024-11-27 18:48:49,SLEEPING !!!,0.111,0.431,9,2
2024-11-27 18:48:50,SLEEPING !!!,0.118,0.419,9,2
2024-11-27 18:48:50,SLEEPING !!!,0.161,0.411,9,2
2024-11-27 18:48:50,SLEEPING !!!,0.137,0.407,9,2
2024-11-27 18:48:50,SLEEPING !!!,0.151,0.387,9,2
2024-11-27 18:48:50,SLEEPING !!!,0.159,0.406,9,2
2024-11-27 18:48:50,SLEEPING !!!,0.217,0.383,9,2
2024-11-27 18:48:50,SLEEPING !!!,0.156,0.399,9,2
2024-11-27 18:48:50,SLEEPING !!!,0.167,0.378,9,2
2024-11-27 18:48:50,SLEEPING !!!,0.199,0.372,9,2
2024-11-27 18:48:50,SLEEPING !!!,0.231,0.363,9,2
2024-11-27 18:48:50,SLEEPING !!!,0.190,0.355,9,2
2024-11-27 18:48:50,SLEEPING !!!,0.188,0.385,9,2
2024-11-27 18:48:50,SLEEPING !!!,0.147,0.381,9,2
2024-11-27 18:48:50,SLEEPING !!!,0.143,0.376,9,2
2024-11-27 18:48:50,SLEEPING !!!,0.109,0.392,9,2
2024-11-27 18:48:50,SLEEPING !!!,0.117,0.370,9,2
2024-11-27 18:48:50,SLEEPING !!!,0.155,0.372,9,2
2024-11-27 18:48:50,SLEEPING !!!,0.174,0.391,9,2
2024-11-27 18:48:50,SLEEPING !!!,0.209,0.389,9,2
2024-11-27 18:48:50,SLEEPING !!!,0.236,0.388,9,2
2024-11-27 18:48:50,SLEEPING !!!,0.241,0.398,9,2
2024-11-27 18:48:50,Mild Yawn,0.251,0.414,10,2
2024-11-27 18:48:50,Mild Yawn,0.275,0.374,10,2
2024-11-27 18:48:50,Mild Yawn,0.283,0.389,10,2
2024-11-27 18:48:50,Mild Yawn,0.260,0.391,10,2
2024-11-27 18:48:50,Mild Yawn,0.287,0.367,10,2
2024-11-27 18:48:50,Mild Yawn,0.287,0.403,10,2
2024-11-27 18:48:50,Mild Yawn,0.288,0.401,10,2
2024-11-27 18:48:50,Mild Yawn,0.300,0.403,10,2
2024-11-27 18:48:50,Mild Yawn,0.306,0.398,10,2
2024-11-27 18:48:51,Mild Yawn,0.296,0.393,10,2
2024-11-27 18:48:51,Mild Yawn,0.297,0.413,10,2
2024-11-27 18:48:51,Mild Yawn,0.306,0.393,10,2
2024-11-27 18:48:51,Mild Yawn,0.307,0.394,10,2
2024-11-27 18:48:51,Mild Yawn,0.315,0.423,10,2
2024-11-27 18:48:51,Mild Yawn,0.310,0.412,10,2
2024-11-27 18:48:51,Mild Yawn,0.316,0.427,10,2
2024-11-27 18:48:51,Mild Yawn,0.309,0.416,10,2
2024-11-27 18:48:51,Mild Yawn,0.291,0.400,10,2
2024-11-27 18:48:51,Mild Yawn,0.287,0.391,10,2
2024-11-27 18:48:51,Mild Yawn,0.296,0.416,10,2
2024-11-27 18:48:51,Mild Yawn,0.334,0.403,10,2
2024-11-27 18:48:51,Mild Yawn,0.322,0.435,10,2
2024-11-27 18:48:51,Mild Yawn,0.310,0.408,10,2
2024-11-27 18:48:51,Mild Yawn,0.325,0.411,10,2
2024-11-27 18:48:51,Mild Yawn,0.297,0.408,10,2
2024-11-27 18:48:51,Mild Yawn,0.319,0.412,10,2
2024-11-27 18:48:51,Mild Yawn,0.315,0.405,10,2
2024-11-27 18:48:51,Mild Yawn,0.319,0.436,10,2
2024-11-27 18:48:51,Mild Yawn,0.315,0.442,10,2
2024-11-27 18:48:51,Mild Yawn,0.319,0.431,10,2
2024-11-27 18:48:51,Mild Yawn,0.309,0.418,10,2
2024-11-27 18:48:51,Mild Yawn,0.292,0.392,10,2
2024-11-27 18:48:51,Mild Yawn,0.297,0.415,10,2
2024-11-27 18:48:51,Mild Yawn,0.286,0.419,10,2
2024-11-27 18:48:51,Mild Yawn,0.291,0.418,10,2
2024-11-27 18:48:51,Mild Yawn,0.299,0.434,10,2
2024-11-27 18:48:51,Mild Yawn,0.295,0.440,10,2
2024-11-27 18:48:51,Mild Yawn,0.287,0.398,10,2
2024-11-27 18:48:51,Mild Yawn,0.304,0.440,10,2
2024-11-27 18:48:52,Mild Yawn,0.326,0.385,10,2
2024-11-27 18:48:52,Mild Yawn,0.303,0.390,10,2
2024-11-27 18:48:52,Mild Yawn,0.325,0.346,10,2
2024-11-27 18:48:52,Mild Yawn,0.313,0.402,10,2
2024-11-27 18:48:52,Mild Yawn,0.304,0.381,10,2
2024-11-27 18:48:52,Mild Yawn,0.312,0.400,10,2
2024-11-27 18:48:52,Mild Yawn,0.307,0.428,10,2
2024-11-27 18:48:52,Mild Yawn,0.306,0.414,10,2
2024-11-27 18:48:52,Mild Yawn,0.314,0.434,10,2
2024-11-27 18:48:52,Mild Yawn,0.285,0.427,10,2
2024-11-27 18:48:52,Mild Yawn,0.302,0.415,10,2
2024-11-27 18:48:52,Mild Yawn,0.273,0.415,10,2
2024-11-27 18:48:52,Mild Yawn,0.260,0.413,10,2
2024-11-27 18:48:52,Mild Yawn,0.283,0.404,10,2
2024-11-27 18:48:52,Mild Yawn,0.254,0.434,10,2
2024-11-27 18:48:52,Mild Yawn,0.273,0.419,10,2
2024-11-27 18:48:52,Mild Yawn,0.297,0.419,10,2
2024-11-27 18:48:52,Mild Yawn,0.291,0.421,10,2
2024-11-27 18:48:52,Mild Yawn,0.270,0.425,10,2
2024-11-27 18:48:52,Mild Yawn,0.307,0.395,10,2
2024-11-27 18:48:52,Mild Yawn,0.291,0.411,10,2
2024-11-27 18:48:52,Mild Yawn,0.260,0.393,10,2
2024-11-27 18:48:52,Mild Yawn,0.291,0.396,10,2
2024-11-27 18:48:52,Mild Yawn,0.291,0.447,10,2
2024-11-27 18:48:52,Mild Yawn,0.272,0.417,10,2
2024-11-27 18:48:52,Mild Yawn,0.278,0.419,10,2
2024-11-27 18:48:52,Mild Yawn,0.315,0.430,10,2
2024-11-27 18:48:52,Mild Yawn,0.297,0.427,10,2
2024-11-27 18:48:52,Mild Yawn,0.282,0.407,10,2
2024-11-27 18:48:52,Mild Yawn,0.291,0.406,10,2
2024-11-27 18:48:53,Mild Yawn,0.260,0.406,10,2
2024-11-27 18:48:53,Mild Yawn,0.186,0.404,10,2
2024-11-27 18:48:53,Mild Yawn,0.161,0.419,10,2
2024-11-27 18:48:53,SLEEPING !!!,0.155,0.403,10,2
2024-11-27 18:48:53,SLEEPING !!!,0.185,0.406,10,2
2024-11-27 18:48:53,SLEEPING !!!,0.209,0.388,10,2
2024-11-27 18:48:53,SLEEPING !!!,0.204,0.382,10,2
2024-11-27 18:48:53,SLEEPING !!!,0.175,0.408,10,2
2024-11-27 18:48:53,Mild Yawn,0.288,0.414,11,2
2024-11-27 18:48:53,Mild Yawn,0.254,0.431,11,2
2024-11-27 18:48:53,Mild Yawn,0.348,0.432,11,2
2024-11-27 18:48:53,Mild Yawn,0.353,0.464,11,2
2024-11-27 18:48:53,Mild Yawn,0.307,0.429,11,2
2024-11-27 18:48:53,Mild Yawn,0.308,0.443,11,2
2024-11-27 18:48:53,Mild Yawn,0.299,0.446,11,2
2024-11-27 18:48:53,Mild Yawn,0.295,0.426,11,2
2024-11-27 18:48:53,Mild Yawn,0.250,0.450,11,2
2024-11-27 18:48:53,Mild Yawn,0.267,0.400,11,2
2024-11-27 18:48:53,Mild Yawn,0.258,0.413,11,2
2024-11-27 18:48:53,Mild Yawn,0.279,0.425,11,2
2024-11-27 18:48:53,Mild Yawn,0.284,0.419,11,2
2024-11-27 18:48:53,Mild Yawn,0.260,0.386,11,2
2024-11-27 18:48:53,Mild Yawn,0.283,0.406,11,2
2024-11-27 18:48:53,Mild Yawn,0.304,0.439,11,2
2024-11-27 18:48:53,Mild Yawn,0.297,0.404,11,2
2024-11-27 18:48:53,Mild Yawn,0.295,0.419,11,2
2024-11-27 18:48:53,Mild Yawn,0.322,0.439,11,2
2024-11-27 18:48:53,Mild Yawn,0.282,0.428,11,2
2024-11-27 18:48:53,Mild Yawn,0.301,0.424,11,2
2024-11-27 18:48:53,Mild Yawn,0.322,0.419,11,2
2024-11-27 18:48:54,Mild Yawn,0.309,0.435,11,2
2024-11-27 18:48:54,Mild Yawn,0.323,0.411,11,2
2024-11-27 18:48:54,Mild Yawn,0.328,0.420,11,2
2024-11-27 18:48:54,Mild Yawn,0.322,0.430,11,2
2024-11-27 18:48:54,Mild Yawn,0.310,0.428,11,2
2024-11-27 18:48:54,Mild Yawn,0.317,0.415,11,2
2024-11-27 18:48:54,Mild Yawn,0.287,0.443,11,2
2024-11-27 18:48:54,Mild Yawn,0.302,0.425,11,2
2024-11-27 18:48:54,Mild Yawn,0.317,0.423,11,2
2024-11-27 18:48:54,Mild Yawn,0.302,0.428,11,2
2024-11-27 18:48:54,Mild Yawn,0.270,0.426,11,2
2024-11-27 18:48:54,Mild Yawn,0.195,0.416,11,2
2024-11-27 18:48:54,Mild Yawn,0.175,0.434,11,2
2024-11-27 18:48:54,SLEEPING !!!,0.178,0.422,11,2
2024-11-27 18:48:54,SLEEPING !!!,0.218,0.414,11,2
2024-11-27 18:48:54,SLEEPING !!!,0.236,0.406,11,2
2024-11-27 18:48:54,Mild Yawn,0.260,0.439,12,2
2024-11-27 18:48:54,Mild Yawn,0.273,0.396,12,2
2024-11-27 18:48:54,Mild Yawn,0.259,0.432,12,2
2024-11-27 18:48:54,Mild Yawn,0.265,0.404,12,2
2024-11-27 18:48:54,Mild Yawn,0.291,0.404,12,2
2024-11-27 18:48:54,Mild Yawn,0.287,0.404,12,2
2024-11-27 18:48:54,Mild Yawn,0.274,0.385,12,2
2024-11-27 18:48:54,Mild Yawn,0.270,0.420,12,2
2024-11-27 18:48:54,Mild Yawn,0.255,0.405,12,2
2024-11-27 18:48:54,Mild Yawn,0.253,0.398,12,2
2024-11-27 18:48:54,Mild Yawn,0.267,0.408,12,2
2024-11-27 18:48:54,Mild Yawn,0.289,0.441,12,2
2024-11-27 18:48:54,Mild Yawn,0.299,0.430,12,2
2024-11-27 18:48:54,Mild Yawn,0.312,0.426,12,2
2024-11-27 18:48:55,Mild Yawn,0.316,0.420,12,2
2024-11-27 18:48:55,Mild Yawn,0.316,0.449,12,2
2024-11-27 18:48:55,Mild Yawn,0.334,0.421,12,2
2024-11-27 18:48:55,Mild Yawn,0.346,0.423,12,2
2024-11-27 18:48:55,Mild Yawn,0.338,0.429,12,2
2024-11-27 18:48:55,Mild Yawn,0.338,0.451,12,2
2024-11-27 18:48:55,Mild Yawn,0.343,0.474,12,2
2024-11-27 18:48:55,Mild Yawn,0.360,0.434,12,2
2024-11-27 18:48:55,Mild Yawn,0.383,0.486,12,2
2024-11-27 18:48:55,Mild Yawn,0.362,0.428,12,2
2024-11-27 18:48:55,Mild Yawn,0.349,0.457,12,2
2024-11-27 18:48:55,Mild Yawn,0.337,0.445,12,2
2024-11-27 18:48:55,Mild Yawn,0.351,0.446,12,2
2024-11-27 18:48:55,Mild Yawn,0.355,0.441,12,2
2024-11-27 18:48:55,Mild Yawn,0.363,0.469,12,2
2024-11-27 18:48:55,Mild Yawn,0.330,0.451,12,2
2024-11-27 18:48:55,Mild Yawn,0.371,0.398,12,2
2024-11-27 18:48:55,Mild Yawn,0.339,0.471,12,2
2024-11-27 18:48:55,Mild Yawn,0.329,0.460,12,2
2024-11-27 18:48:55,Mild Yawn,0.369,0.462,12,2
2024-11-27 18:48:55,Mild Yawn,0.350,0.459,12,2
2024-11-27 18:48:55,Mild Yawn,0.338,0.470,12,2
2024-11-27 18:48:55,Mild Yawn,0.351,0.483,12,2
2024-11-27 18:48:55,Mild Yawn,0.345,0.427,12,2
2024-11-27 18:48:55,Mild Yawn,0.340,0.430,12,2
2024-11-27 18:48:55,Mild Yawn,0.366,0.470,12,2
2024-11-27 18:48:55,Mild Yawn,0.349,0.436,12,2
2024-11-27 18:48:55,Mild Yawn,0.334,0.410,12,2
2024-11-27 18:48:55,Mild Yawn,0.339,0.417,12,2
2024-11-27 18:48:55,Mild Yawn,0.347,0.462,12,2
2024-11-27 18:48:55,Mild Yawn,0.367,0.435,12,2
2024-11-27 18:48:56,Mild Yawn,0.354,0.466,12,2
2024-11-27 18:48:56,Mild Yawn,0.339,0.456,12,2
2024-11-27 18:48:56,Mild Yawn,0.371,0.432,12,2
2024-11-27 18:48:56,Mild Yawn,0.336,0.421,12,2
2024-11-27 18:48:56,Mild Yawn,0.338,0.442,12,2
2024-11-27 18:48:56,Mild Yawn,0.329,0.432,12,2
2024-11-27 18:48:56,Mild Yawn,0.325,0.416,12,2
2024-11-27 18:48:56,Mild Yawn,0.286,0.423,12,2
2024-11-27 18:48:56,Mild Yawn,0.298,0.418,12,2
2024-11-27 18:48:56,Mild Yawn,0.287,0.421,12,2
2024-11-27 18:48:56,Mild Yawn,0.280,0.402,12,2
2024-11-27 18:48:56,Mild Yawn,0.284,0.422,12,2
2024-11-27 18:48:56,Mild Yawn,0.300,0.428,12,2
2024-11-27 18:48:56,Mild Yawn,0.302,0.399,12,2
2024-11-27 18:48:56,Mild Yawn,0.299,0.426,12,2
2024-11-27 18:48:56,Mild Yawn,0.302,0.430,12,2
2024-11-27 18:48:56,Mild Yawn,0.282,0.434,12,2
2024-11-27 18:48:56,Mild Yawn,0.279,0.431,12,2
2024-11-27 18:48:56,Mild Yawn,0.274,0.405,12,2
2024-11-27 18:48:56,Mild Yawn,0.278,0.430,12,2
2024-11-27 18:48:56,Mild Yawn,0.269,0.428,12,2
2024-11-27 18:48:56,Mild Yawn,0.231,0.419,12,2
2024-11-27 18:48:56,Mild Yawn,0.227,0.430,12,2
2024-11-27 18:48:56,SLEEPING !!!,0.231,0.431,12,2
2024-11-27 18:48:56,SLEEPING !!!,0.231,0.413,12,2
2024-11-27 18:48:56,SLEEPING !!!,0.231,0.418,12,2
2024-11-27 18:48:56,SLEEPING !!!,0.250,0.423,12,2
2024-11-27 18:48:56,SLEEPING !!!,0.245,0.406,12,2
2024-11-27 18:48:56,Mild Yawn,0.250,0.395,13,2
2024-11-27 18:48:57,Mild Yawn,0.246,0.426,13,2
2024-11-27 18:48:57,Mild Yawn,0.235,0.454,13,2
2024-11-27 18:48:57,Mild Yawn,0.261,0.422,13,2
2024-11-27 18:48:57,Mild Yawn,0.211,0.407,13,2
2024-11-27 18:48:57,Mild Yawn,0.254,0.411,13,2
2024-11-27 18:48:57,Mild Yawn,0.342,0.386,13,2
2024-11-27 18:48:57,Mild Yawn,0.347,0.397,13,2
2024-11-27 18:48:57,Mild Yawn,0.325,0.390,13,2
2024-11-27 18:48:57,Mild Yawn,0.334,0.369,13,2
2024-11-27 18:48:57,Mild Yawn,0.346,0.294,13,2
2024-11-27 18:48:57,Mild Yawn,0.277,0.428,13,2
2024-11-27 18:48:57,Mild Yawn,0.319,0.382,13,2
2024-11-27 18:48:57,Mild Yawn,0.317,0.304,13,2
2024-11-27 18:48:57,Mild Yawn,0.270,0.390,13,2
2024-11-27 18:48:57,Mild Yawn,0.271,0.407,13,2
2024-11-27 18:48:57,Mild Yawn,0.318,0.418,13,2
2024-11-27 18:48:57,Mild Yawn,0.292,0.414,13,2
2024-11-27 18:48:57,Mild Yawn,0.295,0.404,13,2
2024-11-27 18:48:57,Mild Yawn,0.288,0.408,13,2
2024-11-27 18:48:57,Mild Yawn,0.275,0.413,13,2
2024-11-27 18:48:57,Mild Yawn,0.280,0.424,13,2
2024-11-27 18:48:57,Mild Yawn,0.287,0.441,13,2
2024-11-27 18:48:57,Mild Yawn,0.293,0.389,13,2
2024-11-27 18:48:57,Mild Yawn,0.287,0.423,13,2
2024-11-27 18:48:57,Mild Yawn,0.287,0.434,13,2
2024-11-27 18:48:57,Mild Yawn,0.292,0.439,13,2
2024-11-27 18:48:57,Mild Yawn,0.291,0.445,13,2
2024-11-27 18:48:57,Mild Yawn,0.305,0.427,13,2
2024-11-27 18:48:57,Mild Yawn,0.295,0.429,13,2
2024-11-27 18:48:57,Mild Yawn,0.293,0.426,13,2
2024-11-27 18:48:57,Mild Yawn,0.295,0.439,13,2
2024-11-27 18:48:58,Mild Yawn,0.287,0.412,13,2
2024-11-27 18:48:58,Mild Yawn,0.274,0.411,13,2
2024-11-27 18:48:58,Mild Yawn,0.298,0.406,13,2
2024-11-27 18:48:58,Mild Yawn,0.291,0.420,13,2
2024-11-27 18:48:58,Mild Yawn,0.292,0.427,13,2
2024-11-27 18:48:58,Mild Yawn,0.273,0.419,13,2
2024-11-27 18:48:58,Mild Yawn,0.269,0.408,13,2
2024-11-27 18:48:58,Mild Yawn,0.283,0.416,13,2
2024-11-27 18:48:58,Mild Yawn,0.269,0.431,13,2
2024-11-27 18:48:58,Mild Yawn,0.297,0.420,13,2
2024-11-27 18:48:58,Mild Yawn,0.270,0.393,13,2
2024-11-27 18:48:58,Mild Yawn,0.276,0.400,13,2
2024-11-27 18:48:58,Mild Yawn,0.256,0.406,13,2
2024-11-27 18:48:58,Mild Yawn,0.266,0.385,13,2
2024-11-27 18:48:58,Mild Yawn,0.269,0.420,13,2
2024-11-27 18:48:58,Mild Yawn,0.288,0.427,13,2
2024-11-27 18:48:58,Mild Yawn,0.275,0.428,13,2
2024-11-27 18:48:58,Mild Yawn,0.273,0.436,13,2
2024-11-27 18:48:58,Mild Yawn,0.260,0.423,13,2
2024-11-27 18:48:58,Mild Yawn,0.269,0.444,13,2
2024-11-27 18:48:58,Mild Yawn,0.283,0.455,13,2
2024-11-27 18:48:58,Mild Yawn,0.292,0.424,13,2
2024-11-27 18:48:58,Mild Yawn,0.290,0.447,13,2
2024-11-27 18:48:58,Mild Yawn,0.246,0.410,13,2
2024-11-27 18:48:58,Mild Yawn,0.231,0.439,13,2
2024-11-27 18:48:58,SLEEPING !!!,0.196,0.427,13,2
2024-11-27 18:48:58,SLEEPING !!!,0.181,0.423,13,2
2024-11-27 18:48:58,SLEEPING !!!,0.184,0.415,13,2
2024-11-27 18:48:58,SLEEPING !!!,0.217,0.426,13,2
2024-11-27 18:48:58,SLEEPING !!!,0.219,0.412,13,2
2024-11-27 18:48:59,SLEEPING !!!,0.245,0.443,13,2
2024-11-27 18:48:59,Mild Yawn,0.272,0.430,14,2
2024-11-27 18:48:59,Mild Yawn,0.298,0.444,14,2
2024-11-27 18:48:59,Mild Yawn,0.322,0.447,14,2
2024-11-27 18:48:59,Mild Yawn,0.363,0.425,14,2
2024-11-27 18:48:59,Mild Yawn,0.337,0.558,14,2
2024-11-27 18:48:59,Mild Yawn,0.342,0.498,14,2
2024-11-27 18:48:59,Mild Yawn,0.369,0.303,14,2
2024-11-27 18:48:59,Mild Yawn,0.326,0.299,14,2
2024-11-27 18:48:59,Mild Yawn,0.336,0.463,14,2
2024-11-27 18:48:59,Mild Yawn,0.315,0.464,14,2
2024-11-27 18:48:59,Mild Yawn,0.262,0.449,14,2
2024-11-27 18:48:59,Mild Yawn,0.231,0.462,14,2
2024-11-27 18:48:59,Mild Yawn,0.243,0.433,14,2
2024-11-27 18:48:59,Mild Yawn,0.274,0.442,14,2
2024-11-27 18:48:59,Mild Yawn,0.247,0.403,14,2
2024-11-27 18:48:59,Mild Yawn,0.261,0.403,14,2
2024-11-27 18:48:59,Mild Yawn,0.252,0.419,14,2
2024-11-27 18:48:59,Mild Yawn,0.251,0.396,14,2
2024-11-27 18:48:59,Mild Yawn,0.242,0.415,14,2
2024-11-27 18:48:59,Mild Yawn,0.275,0.412,14,2
2024-11-27 18:48:59,Mild Yawn,0.266,0.416,14,2
2024-11-27 18:48:59,Mild Yawn,0.256,0.435,14,2
2024-11-27 18:48:59,Mild Yawn,0.265,0.418,14,2
2024-11-27 18:48:59,Mild Yawn,0.252,0.439,14,2
2024-11-27 18:48:59,Mild Yawn,0.275,0.414,14,2
2024-11-27 18:48:59,Mild Yawn,0.275,0.414,14,2
2024-11-27 18:48:59,Mild Yawn,0.284,0.403,14,2
2024-11-27 18:48:59,Mild Yawn,0.266,0.423,14,2
2024-11-27 18:49:00,Mild Yawn,0.265,0.430,14,2
2024-11-27 18:49:00,Mild Yawn,0.292,0.420,14,2
2024-11-27 18:49:00,Mild Yawn,0.232,0.423,14,2
2024-11-27 18:49:00,Mild Yawn,0.270,0.427,14,2
2024-11-27 18:49:00,Mild Yawn,0.250,0.419,14,2
2024-11-27 18:49:00,Mild Yawn,0.237,0.404,14,2
2024-11-27 18:49:00,Mild Yawn,0.251,0.406,14,2
2024-11-27 18:49:00,Mild Yawn,0.265,0.384,14,2
2024-11-27 18:49:00,Mild Yawn,0.261,0.431,14,2
2024-11-27 18:49:00,Mild Yawn,0.242,0.411,14,2
2024-11-27 18:49:00,Mild Yawn,0.241,0.397,14,2
2024-11-27 18:49:00,Mild Yawn,0.279,0.414,14,2
2024-11-27 18:49:00,Mild Yawn,0.274,0.422,14,2
2024-11-27 18:49:00,Mild Yawn,0.302,0.434,14,2
2024-11-27 18:49:00,Mild Yawn,0.298,0.391,14,2
2024-11-27 18:49:00,Mild Yawn,0.330,0.384,14,2
2024-11-27 18:49:00,Mild Yawn,0.298,0.430,14,2
2024-11-27 18:49:00,Mild Yawn,0.298,0.458,14,2
2024-11-27 18:49:00,Mild Yawn,0.295,0.443,14,2
2024-11-27 18:49:00,Mild Yawn,0.292,0.419,14,2
2024-11-27 18:49:00,Mild Yawn,0.293,0.393,14,2
2024-11-27 18:49:00,Mild Yawn,0.269,0.407,14,2
2024-11-27 18:49:00,Mild Yawn,0.307,0.455,14,2
2024-11-27 18:49:00,Mild Yawn,0.281,0.434,14,2
2024-11-27 18:49:00,Mild Yawn,0.286,0.393,14,2
2024-11-27 18:49:00,Mild Yawn,0.288,0.399,14,2
2024-11-27 18:49:00,Mild Yawn,0.263,0.376,14,2
2024-11-27 18:49:00,Mild Yawn,0.290,0.423,14,2
2024-11-27 18:49:00,Mild Yawn,0.240,0.428,14,2
2024-11-27 18:49:00,Mild Yawn,0.271,0.424,14,2
2024-11-27 18:49:01,Mild Yawn,0.270,0.436,14,2
2024-11-27 18:49:01,Mild Yawn,0.267,0.420,14,2
2024-11-27 18:49:01,Mild Yawn,0.290,0.424,14,2
2024-11-27 18:49:01,Mild Yawn,0.270,0.395,14,2
2024-11-27 18:49:01,Mild Yawn,0.275,0.402,14,2
2024-11-27 18:49:01,Mild Yawn,0.274,0.436,14,2
2024-11-27 18:49:01,Mild Yawn,0.250,0.423,14,2
2024-11-27 18:49:01,Mild Yawn,0.260,0.421,14,2
2024-11-27 18:49:01,Mild Yawn,0.259,0.430,14,2
2024-11-27 18:49:01,Mild Yawn,0.265,0.425,14,2
2024-11-27 18:49:01,Mild Yawn,0.245,0.435,14,2
2024-11-27 18:49:01,Mild Yawn,0.270,0.404,14,2
2024-11-27 18:49:01,Mild Yawn,0.283,0.421,14,2
2024-11-27 18:49:01,Mild Yawn,0.274,0.417,14,2
2024-11-27 18:49:01,Mild Yawn,0.246,0.432,14,2
2024-11-27 18:49:01,Mild Yawn,0.261,0.432,14,2
2024-11-27 18:49:01,Mild Yawn,0.274,0.427,14,2
2024-11-27 18:49:01,Mild Yawn,0.270,0.447,14,2
2024-11-27 18:49:01,Mild Yawn,0.330,0.428,14,2
2024-11-27 18:49:01,Mild Yawn,0.319,0.463,14,2
2024-11-27 18:49:01,Mild Yawn,0.328,0.477,14,2
2024-11-27 18:49:01,Mild Yawn,0.322,0.473,14,2
2024-11-27 18:49:01,Mild Yawn,0.322,0.468,14,2
2024-11-27 18:49:01,Mild Yawn,0.316,0.457,14,2
2024-11-27 18:49:01,Mild Yawn,0.282,0.452,14,2
2024-11-27 18:49:01,Mild Yawn,0.297,0.452,14,2
2024-11-27 18:49:01,Mild Yawn,0.168,0.449,14,2
2024-11-27 18:49:01,Mild Yawn,0.110,0.442,14,2
2024-11-27 18:49:01,SLEEPING !!!,0.122,0.446,14,2
2024-11-27 18:49:01,SLEEPING !!!,0.126,0.407,14,2
2024-11-27 18:49:02,Mild Yawn,0.314,0.407,15,2
2024-11-27 18:49:02,Mild Yawn,0.250,0.410,15,2
2024-11-27 18:49:02,Mild Yawn,0.203,0.403,15,2
2024-11-27 18:49:02,SLEEPING !!!,0.118,0.423,15,2
2024-11-27 18:49:02,SLEEPING !!!,0.117,0.456,15,2
2024-11-27 18:49:02,SLEEPING !!!,0.158,0.420,15,2
2024-11-27 18:49:02,SLEEPING !!!,0.169,0.452,15,2
2024-11-27 18:49:02,SLEEPING !!!,0.217,0.427,15,2
2024-11-27 18:49:02,SLEEPING !!!,0.217,0.420,15,2
2024-11-27 18:49:02,Mild Yawn,0.256,0.430,16,2
2024-11-27 18:49:02,Mild Yawn,0.275,0.439,16,2
2024-11-27 18:49:02,Mild Yawn,0.274,0.460,16,2
2024-11-27 18:49:02,Mild Yawn,0.275,0.460,16,2
2024-11-27 18:49:02,Mild Yawn,0.269,0.433,16,2
2024-11-27 18:49:02,Mild Yawn,0.306,0.450,16,2
2024-11-27 18:49:02,Mild Yawn,0.302,0.447,16,2
2024-11-27 18:49:02,Mild Yawn,0.341,0.417,16,2
2024-11-27 18:49:02,Mild Yawn,0.274,0.442,16,2
2024-11-27 18:49:02,Mild Yawn,0.166,0.417,16,2
2024-11-27 18:49:02,Mild Yawn,0.107,0.439,16,2
2024-11-27 18:49:02,SLEEPING !!!,0.108,0.433,16,2
2024-11-27 18:49:02,SLEEPING !!!,0.114,0.431,16,2
2024-11-27 18:49:02,SLEEPING !!!,0.116,0.382,16,2
2024-11-27 18:49:02,SLEEPING !!!,0.097,0.409,16,2
2024-11-27 18:49:02,SLEEPING !!!,0.160,0.421,16,2
2024-11-27 18:49:02,SLEEPING !!!,0.250,0.404,16,2
2024-11-27 18:49:02,SLEEPING !!!,0.247,0.400,16,2
2024-11-27 18:49:02,Mild Yawn,0.281,0.412,17,2
2024-11-27 18:49:02,Mild Yawn,0.216,0.386,17,2
2024-11-27 18:49:02,Mild Yawn,0.133,0.410,17,2
2024-11-27 18:49:03,SLEEPING !!!,0.103,0.416,17,2
2024-11-27 18:49:03,SLEEPING !!!,0.108,0.407,17,2
2024-11-27 18:49:03,SLEEPING !!!,0.153,0.442,17,2
2024-11-27 18:49:03,SLEEPING !!!,0.164,0.438,17,2
2024-11-27 18:49:03,SLEEPING !!!,0.191,0.434,17,2
2024-11-27 18:49:03,SLEEPING !!!,0.212,0.436,17,2
2024-11-27 18:49:03,SLEEPING !!!,0.221,0.420,17,2
2024-11-27 18:49:03,Mild Yawn,0.257,0.420,18,2
2024-11-27 18:49:03,Mild Yawn,0.260,0.435,18,2
2024-11-27 18:49:03,Mild Yawn,0.284,0.424,18,2
2024-11-27 18:49:03,Mild Yawn,0.266,0.435,18,2
2024-11-27 18:49:03,Mild Yawn,0.294,0.440,18,2
2024-11-27 18:49:03,Mild Yawn,0.283,0.431,18,2
2024-11-27 18:49:03,Mild Yawn,0.309,0.427,18,2
2024-11-27 18:49:03,Mild Yawn,0.293,0.420,18,2
2024-11-27 18:49:03,Mild Yawn,0.302,0.438,18,2
2024-11-27 18:49:03,Mild Yawn,0.284,0.439,18,2
2024-11-27 18:49:03,Mild Yawn,0.330,0.415,18,2
2024-11-27 18:49:03,Mild Yawn,0.230,0.396,18,2
2024-11-27 18:49:03,Mild Yawn,0.129,0.410,18,2
2024-11-27 18:49:03,SLEEPING !!!,0.117,0.412,18,2
2024-11-27 18:49:03,SLEEPING !!!,0.181,0.370,18,2
2024-11-27 18:49:03,SLEEPING !!!,0.212,0.411,18,2
2024-11-27 18:49:03,Mild Yawn,0.270,0.380,19,2
2024-11-27 18:49:03,Mild Yawn,0.291,0.409,19,2
2024-11-27 18:49:03,Mild Yawn,0.245,0.370,19,2
2024-11-27 18:49:03,Mild Yawn,0.246,0.395,19,2
2024-11-27 18:49:03,SLEEPING !!!,0.165,0.392,19,2
2024-11-27 18:49:03,SLEEPING !!!,0.082,0.388,19,2
2024-11-27 18:49:03,SLEEPING !!!,0.125,0.434,19,2
2024-11-27 18:49:04,SLEEPING !!!,0.213,0.400,19,2
2024-11-27 18:49:04,SLEEPING !!!,0.158,0.416,19,2
2024-11-27 18:49:04,SLEEPING !!!,0.211,0.406,19,2
2024-11-27 18:49:04,SLEEPING !!!,0.237,0.404,19,2
2024-11-27 18:49:04,Mild Yawn,0.276,0.430,20,2
2024-11-27 18:49:04,Mild Yawn,0.242,0.422,20,2
2024-11-27 18:49:04,Mild Yawn,0.266,0.423,20,2
2024-11-27 18:49:04,Mild Yawn,0.294,0.419,20,2
2024-11-27 18:49:04,Mild Yawn,0.275,0.427,20,2
2024-11-27 18:49:04,Mild Yawn,0.279,0.437,20,2
2024-11-27 18:49:04,Mild Yawn,0.283,0.440,20,2
2024-11-27 18:49:04,Mild Yawn,0.265,0.440,20,2
2024-11-27 18:49:04,Mild Yawn,0.298,0.435,20,2
2024-11-27 18:49:04,Mild Yawn,0.321,0.425,20,2
2024-11-27 18:49:04,Mild Yawn,0.294,0.431,20,2
2024-11-27 18:49:04,Mild Yawn,0.312,0.433,20,2
2024-11-27 18:49:04,Mild Yawn,0.331,0.427,20,2
2024-11-27 18:49:04,Mild Yawn,0.341,0.415,20,2
2024-11-27 18:49:04,Mild Yawn,0.309,0.417,20,2
2024-11-27 18:49:04,Mild Yawn,0.321,0.426,20,2
2024-11-27 18:49:04,Mild Yawn,0.319,0.436,20,2
2024-11-27 18:49:04,Mild Yawn,0.319,0.419,20,2
2024-11-27 18:49:04,Mild Yawn,0.324,0.433,20,2
2024-11-27 18:49:04,Mild Yawn,0.320,0.429,20,2
2024-11-27 18:49:04,Mild Yawn,0.349,0.421,20,2
2024-11-27 18:49:04,Mild Yawn,0.327,0.413,20,2
2024-11-27 18:49:04,Mild Yawn,0.321,0.404,20,2
2024-11-27 18:49:04,Mild Yawn,0.324,0.415,20,2
2024-11-27 18:49:04,Mild Yawn,0.334,0.420,20,2
2024-11-27 18:49:04,Mild Yawn,0.285,0.416,20,2
2024-11-27 18:49:05,Mild Yawn,0.188,0.432,20,2
2024-11-27 18:49:05,Mild Yawn,0.152,0.420,20,2
2024-11-27 18:49:05,SLEEPING !!!,0.177,0.430,20,2
2024-11-27 18:49:05,SLEEPING !!!,0.152,0.423,20,2
2024-11-27 18:49:05,SLEEPING !!!,0.128,0.393,20,2
2024-11-27 18:49:05,SLEEPING !!!,0.161,0.400,20,2
2024-11-27 18:49:05,SLEEPING !!!,0.153,0.407,20,2
2024-11-27 18:49:05,SLEEPING !!!,0.201,0.395,20,2
2024-11-27 18:49:05,SLEEPING !!!,0.194,0.411,20,2
2024-11-27 18:49:05,SLEEPING !!!,0.201,0.403,20,2
2024-11-27 18:49:05,SLEEPING !!!,0.205,0.399,20,2
2024-11-27 18:49:05,SLEEPING !!!,0.150,0.386,20,2
2024-11-27 18:49:05,SLEEPING !!!,0.157,0.392,20,2
2024-11-27 18:49:05,Mild Yawn,0.252,0.373,21,2
2024-11-27 18:49:05,Mild Yawn,0.256,0.360,21,2
2024-11-27 18:49:05,Mild Yawn,0.299,0.363,21,2
2024-11-27 18:49:05,Mild Yawn,0.301,0.348,21,2
2024-11-27 18:49:05,Mild Yawn,0.287,0.377,21,2
2024-11-27 18:49:05,Mild Yawn,0.281,0.333,21,2
2024-11-27 18:49:05,Mild Yawn,0.154,0.360,21,2
2024-11-27 18:49:05,Mild Yawn,0.108,0.368,21,2
2024-11-27 18:49:05,SLEEPING !!!,0.130,0.413,21,2
2024-11-27 18:49:05,SLEEPING !!!,0.155,0.390,21,2
2024-11-27 18:49:05,SLEEPING !!!,0.205,0.404,21,2
2024-11-27 18:49:05,SLEEPING !!!,0.241,0.400,21,2
2024-11-27 18:49:05,Mild Yawn,0.271,0.400,22,2
2024-11-27 18:49:05,Mild Yawn,0.270,0.401,22,2
2024-11-27 18:49:05,Mild Yawn,0.303,0.423,22,2
2024-11-27 18:49:05,Mild Yawn,0.294,0.413,22,2
2024-11-27 18:49:05,Mild Yawn,0.308,0.409,22,2
2024-11-27 18:49:06,Mild Yawn,0.285,0.412,22,2
2024-11-27 18:49:06,Mild Yawn,0.293,0.415,22,2
2024-11-27 18:49:06,Mild Yawn,0.310,0.423,22,2
2024-11-27 18:49:06,Mild Yawn,0.287,0.434,22,2
2024-11-27 18:49:06,Mild Yawn,0.328,0.378,22,2
2024-11-27 18:49:06,Mild Yawn,0.291,0.418,22,2
2024-11-27 18:49:06,Mild Yawn,0.302,0.408,22,2
2024-11-27 18:49:06,Mild Yawn,0.302,0.419,22,2
2024-11-27 18:49:06,Mild Yawn,0.319,0.410,22,2
2024-11-27 18:49:06,Mild Yawn,0.315,0.404,22,2
2024-11-27 18:49:06,Mild Yawn,0.324,0.427,22,2
2024-11-27 18:49:06,Mild Yawn,0.340,0.400,22,2
2024-11-27 18:49:06,Mild Yawn,0.296,0.408,22,2
2024-11-27 18:49:06,Mild Yawn,0.296,0.400,22,2
2024-11-27 18:49:06,Mild Yawn,0.306,0.411,22,2
2024-11-27 18:49:06,Mild Yawn,0.331,0.411,22,2
2024-11-27 18:49:06,Mild Yawn,0.306,0.381,22,2
2024-11-27 18:49:06,Mild Yawn,0.305,0.407,22,2
2024-11-27 18:49:06,Mild Yawn,0.301,0.402,22,2
2024-11-27 18:49:06,Mild Yawn,0.316,0.415,22,2
2024-11-27 18:49:06,Mild Yawn,0.306,0.412,22,2
2024-11-27 18:49:06,Mild Yawn,0.302,0.408,22,2
2024-11-27 18:49:06,Mild Yawn,0.317,0.397,22,2
2024-11-27 18:49:06,Mild Yawn,0.296,0.412,22,2
2024-11-27 18:49:06,Mild Yawn,0.302,0.394,22,2
2024-11-27 18:49:06,Mild Yawn,0.283,0.418,22,2
2024-11-27 18:49:06,Mild Yawn,0.269,0.401,22,2
2024-11-27 18:49:06,Mild Yawn,0.211,0.436,22,2
2024-11-27 18:49:06,Mild Yawn,0.158,0.427,22,2
2024-11-27 18:49:06,SLEEPING !!!,0.133,0.395,22,2
2024-11-27 18:49:07,SLEEPING !!!,0.128,0.408,22,2
2024-11-27 18:49:07,SLEEPING !!!,0.158,0.415,22,2
2024-11-27 18:49:07,SLEEPING !!!,0.198,0.415,22,2
2024-11-27 18:49:07,SLEEPING !!!,0.235,0.399,22,2
2024-11-27 18:49:07,SLEEPING !!!,0.241,0.409,22,2
2024-11-27 18:49:07,Mild Yawn,0.270,0.420,23,2
2024-11-27 18:49:07,Mild Yawn,0.250,0.431,23,2
2024-11-27 18:49:07,Mild Yawn,0.280,0.411,23,2
2024-11-27 18:49:07,Mild Yawn,0.274,0.407,23,2
2024-11-27 18:49:07,Mild Yawn,0.297,0.406,23,2
2024-11-27 18:49:07,Mild Yawn,0.287,0.439,23,2
2024-11-27 18:49:07,Mild Yawn,0.292,0.436,23,2
2024-11-27 18:49:07,Mild Yawn,0.306,0.449,23,2
2024-11-27 18:49:07,Mild Yawn,0.328,0.432,23,2
2024-11-27 18:49:07,Mild Yawn,0.328,0.430,23,2
2024-11-27 18:49:07,Mild Yawn,0.304,0.438,23,2
2024-11-27 18:49:07,Mild Yawn,0.315,0.422,23,2
2024-11-27 18:49:07,Mild Yawn,0.311,0.444,23,2
2024-11-27 18:49:07,Mild Yawn,0.355,0.428,23,2
2024-11-27 18:49:07,Mild Yawn,0.330,0.415,23,2
2024-11-27 18:49:07,Mild Yawn,0.326,0.422,23,2
2024-11-27 18:49:07,Mild Yawn,0.348,0.421,23,2
2024-11-27 18:49:07,Mild Yawn,0.328,0.446,23,2
2024-11-27 18:49:07,Mild Yawn,0.350,0.433,23,2
2024-11-27 18:49:07,Mild Yawn,0.323,0.422,23,2
2024-11-27 18:49:07,Mild Yawn,0.349,0.407,23,2
2024-11-27 18:49:07,Mild Yawn,0.334,0.436,23,2
2024-11-27 18:49:07,Mild Yawn,0.325,0.416,23,2
2024-11-27 18:49:07,Mild Yawn,0.349,0.451,23,2
2024-11-27 18:49:07,Mild Yawn,0.322,0.431,23,2
2024-11-27 18:49:08,Mild Yawn,0.331,0.436,23,2
2024-11-27 18:49:08,Mild Yawn,0.331,0.415,23,2
2024-11-27 18:49:08,Mild Yawn,0.323,0.432,23,2
2024-11-27 18:49:08,Mild Yawn,0.296,0.428,23,2
2024-11-27 18:49:08,Mild Yawn,0.322,0.415,23,2
2024-11-27 18:49:08,Mild Yawn,0.334,0.445,23,2
2024-11-27 18:49:08,Mild Yawn,0.318,0.416,23,2
2024-11-27 18:49:08,Mild Yawn,0.293,0.419,23,2
2024-11-27 18:49:08,Mild Yawn,0.202,0.418,23,2
2024-11-27 18:49:08,Mild Yawn,0.128,0.438,23,2
2024-11-27 18:49:08,SLEEPING !!!,0.130,0.435,23,2
2024-11-27 18:49:08,SLEEPING !!!,0.123,0.435,23,2
2024-11-27 18:49:08,SLEEPING !!!,0.133,0.424,23,2
2024-11-27 18:49:08,SLEEPING !!!,0.115,0.432,23,2
2024-11-27 18:49:08,SLEEPING !!!,0.104,0.415,23,2
2024-11-27 18:49:08,SLEEPING !!!,0.130,0.423,23,2
2024-11-27 18:49:08,SLEEPING !!!,0.123,0.442,23,2
2024-11-27 18:49:08,SLEEPING !!!,0.191,0.419,23,2
2024-11-27 18:49:08,SLEEPING !!!,0.213,0.431,23,2
2024-11-27 18:49:08,SLEEPING !!!,0.246,0.422,23,2
2024-11-27 18:49:08,SLEEPING !!!,0.231,0.422,23,2
2024-11-27 18:49:08,Mild Yawn,0.274,0.411,24,2
2024-11-27 18:49:08,Mild Yawn,0.275,0.376,24,2
2024-11-27 18:49:08,Mild Yawn,0.288,0.399,24,2
2024-11-27 18:49:08,Mild Yawn,0.291,0.411,24,2
2024-11-27 18:49:08,Mild Yawn,0.283,0.403,24,2
2024-11-27 18:49:08,Mild Yawn,0.283,0.430,24,2
2024-11-27 18:49:08,Mild Yawn,0.316,0.415,24,2
2024-11-27 18:49:08,Mild Yawn,0.316,0.411,24,2
2024-11-27 18:49:08,Mild Yawn,0.325,0.415,24,2
2024-11-27 18:49:09,Mild Yawn,0.325,0.420,24,2
2024-11-27 18:49:09,Mild Yawn,0.306,0.420,24,2
2024-11-27 18:49:09,Mild Yawn,0.319,0.420,24,2
2024-11-27 18:49:09,Mild Yawn,0.292,0.431,24,2
2024-11-27 18:49:09,Mild Yawn,0.336,0.420,24,2
2024-11-27 18:49:09,Mild Yawn,0.295,0.401,24,2
2024-11-27 18:49:09,Mild Yawn,0.327,0.404,24,2
2024-11-27 18:49:09,Mild Yawn,0.320,0.404,24,2
2024-11-27 18:49:09,Mild Yawn,0.320,0.407,24,2
2024-11-27 18:49:09,Mild Yawn,0.327,0.422,24,2
2024-11-27 18:49:09,Mild Yawn,0.315,0.409,24,2
2024-11-27 18:49:09,Mild Yawn,0.242,0.406,24,2
2024-11-27 18:49:09,Mild Yawn,0.143,0.392,24,2
2024-11-27 18:49:09,SLEEPING !!!,0.174,0.409,24,2
2024-11-27 18:49:09,SLEEPING !!!,0.231,0.417,24,2
2024-11-27 18:49:09,SLEEPING !!!,0.212,0.393,24,2
2024-11-27 18:49:09,SLEEPING !!!,0.155,0.399,24,2
2024-11-27 18:49:09,SLEEPING !!!,0.179,0.406,24,2
2024-11-27 18:49:09,SLEEPING !!!,0.175,0.411,24,2
2024-11-27 18:49:09,SLEEPING !!!,0.163,0.411,24,2
2024-11-27 18:49:09,SLEEPING !!!,0.217,0.434,24,2
2024-11-27 18:49:09,Mild Yawn,0.269,0.416,25,2
2024-11-27 18:49:09,Mild Yawn,0.289,0.420,25,2
2024-11-27 18:49:09,Mild Yawn,0.303,0.415,25,2
2024-11-27 18:49:09,Mild Yawn,0.278,0.415,25,2
2024-11-27 18:49:09,Mild Yawn,0.297,0.425,25,2
2024-11-27 18:49:09,Mild Yawn,0.310,0.417,25,2
2024-11-27 18:49:09,Mild Yawn,0.324,0.408,25,2
2024-11-27 18:49:09,Mild Yawn,0.304,0.420,25,2
2024-11-27 18:49:09,Mild Yawn,0.334,0.404,25,2
2024-11-27 18:49:09,Mild Yawn,0.319,0.399,25,2
2024-11-27 18:49:10,Mild Yawn,0.320,0.408,25,2
2024-11-27 18:49:10,Mild Yawn,0.325,0.430,25,2
2024-11-27 18:49:10,Mild Yawn,0.328,0.408,25,2
2024-11-27 18:49:10,Mild Yawn,0.337,0.407,25,2
2024-11-27 18:49:10,Mild Yawn,0.329,0.396,25,2
2024-11-27 18:49:10,Mild Yawn,0.335,0.427,25,2
2024-11-27 18:49:10,Mild Yawn,0.328,0.435,25,2
2024-11-27 18:49:10,Mild Yawn,0.334,0.389,25,2
2024-11-27 18:49:10,Mild Yawn,0.329,0.401,25,2
2024-11-27 18:49:10,Mild Yawn,0.309,0.438,25,2
2024-11-27 18:49:10,Mild Yawn,0.315,0.414,25,2
2024-11-27 18:49:10,Mild Yawn,0.310,0.395,25,2
2024-11-27 18:49:10,Mild Yawn,0.322,0.415,25,2
2024-11-27 18:49:10,Mild Yawn,0.329,0.415,25,2
2024-11-27 18:49:10,Mild Yawn,0.255,0.418,25,2
2024-11-27 18:49:10,Mild Yawn,0.143,0.436,25,2
2024-11-27 18:49:10,Mild Yawn,0.148,0.392,25,2
2024-11-27 18:49:10,SLEEPING !!!,0.191,0.393,25,2
2024-11-27 18:49:10,SLEEPING !!!,0.161,0.381,25,2
2024-11-27 18:49:10,SLEEPING !!!,0.181,0.380,25,2
2024-11-27 18:49:10,SLEEPING !!!,0.136,0.383,25,2
2024-11-27 18:49:10,SLEEPING !!!,0.178,0.404,25,2
2024-11-27 18:49:10,SLEEPING !!!,0.235,0.417,25,2
2024-11-27 18:49:10,SLEEPING !!!,0.250,0.410,25,2
2024-11-27 18:49:10,Mild Yawn,0.260,0.431,26,2
2024-11-27 18:49:10,Mild Yawn,0.316,0.404,26,2
2024-11-27 18:49:10,Mild Yawn,0.297,0.388,26,2
2024-11-27 18:49:10,Mild Yawn,0.298,0.439,26,2
2024-11-27 18:49:10,Mild Yawn,0.292,0.404,26,2
2024-11-27 18:49:10,Mild Yawn,0.295,0.424,26,2
2024-11-27 18:49:11,Mild Yawn,0.297,0.413,26,2
2024-11-27 18:49:11,Mild Yawn,0.322,0.418,26,2
2024-11-27 18:49:11,Mild Yawn,0.322,0.422,26,2
2024-11-27 18:49:11,Mild Yawn,0.329,0.425,26,2
2024-11-27 18:49:11,Mild Yawn,0.325,0.430,26,2
2024-11-27 18:49:11,Mild Yawn,0.293,0.393,26,2
2024-11-27 18:49:11,Mild Yawn,0.339,0.411,26,2
2024-11-27 18:49:11,Mild Yawn,0.301,0.419,26,2
2024-11-27 18:49:11,Mild Yawn,0.291,0.399,26,2
2024-11-27 18:49:11,Mild Yawn,0.319,0.405,26,2
2024-11-27 18:49:11,Mild Yawn,0.335,0.406,26,2
2024-11-27 18:49:11,Mild Yawn,0.279,0.395,26,2
2024-11-27 18:49:11,Mild Yawn,0.150,0.379,26,2
2024-11-27 18:49:11,Mild Yawn,0.160,0.377,26,2
2024-11-27 18:49:11,SLEEPING !!!,0.199,0.379,26,2
2024-11-27 18:49:11,SLEEPING !!!,0.235,0.342,26,2
2024-11-27 18:49:11,SLEEPING !!!,0.212,0.328,26,2
2024-11-27 18:49:11,SLEEPING !!!,0.146,0.366,26,2
2024-11-27 18:49:11,SLEEPING !!!,0.145,0.388,26,2
2024-11-27 18:49:11,SLEEPING !!!,0.192,0.399,26,2
2024-11-27 18:49:11,SLEEPING !!!,0.218,0.422,26,2
2024-11-27 18:49:11,Mild Yawn,0.251,0.429,27,2
2024-11-27 18:49:11,Mild Yawn,0.302,0.415,27,2
2024-11-27 18:49:11,Mild Yawn,0.279,0.396,27,2
2024-11-27 18:49:11,Mild Yawn,0.291,0.424,27,2
2024-11-27 18:49:11,Mild Yawn,0.302,0.400,27,2
2024-11-27 18:49:11,Mild Yawn,0.301,0.394,27,2
2024-11-27 18:49:11,Mild Yawn,0.319,0.417,27,2
2024-11-27 18:49:11,Mild Yawn,0.323,0.403,27,2
2024-11-27 18:49:12,Mild Yawn,0.322,0.377,27,2
2024-11-27 18:49:12,Mild Yawn,0.334,0.409,27,2
2024-11-27 18:49:12,Mild Yawn,0.329,0.372,27,2
2024-11-27 18:49:12,Mild Yawn,0.321,0.393,27,2
2024-11-27 18:49:12,Mild Yawn,0.329,0.393,27,2
2024-11-27 18:49:12,Mild Yawn,0.335,0.416,27,2
2024-11-27 18:49:12,Mild Yawn,0.325,0.381,27,2
2024-11-27 18:49:12,Mild Yawn,0.334,0.396,27,2
2024-11-27 18:49:12,Mild Yawn,0.310,0.419,27,2
2024-11-27 18:49:12,Mild Yawn,0.322,0.399,27,2
2024-11-27 18:49:12,Mild Yawn,0.319,0.392,27,2
2024-11-27 18:49:12,Mild Yawn,0.279,0.392,27,2
2024-11-27 18:49:12,Mild Yawn,0.140,0.412,27,2
2024-11-27 18:49:12,Mild Yawn,0.151,0.379,27,2
2024-11-27 18:49:12,SLEEPING !!!,0.193,0.393,27,2
2024-11-27 18:49:12,SLEEPING !!!,0.214,0.381,27,2
2024-11-27 18:49:12,SLEEPING !!!,0.149,0.390,27,2
2024-11-27 18:49:12,SLEEPING !!!,0.139,0.392,27,2
2024-11-27 18:49:12,SLEEPING !!!,0.163,0.397,27,2
2024-11-27 18:49:12,SLEEPING !!!,0.202,0.416,27,2
2024-11-27 18:49:12,SLEEPING !!!,0.236,0.419,27,2
2024-11-27 18:49:12,Mild Yawn,0.256,0.419,28,2
2024-11-27 18:49:12,Mild Yawn,0.255,0.408,28,2
2024-11-27 18:49:12,Mild Yawn,0.279,0.433,28,2
2024-11-27 18:49:12,Mild Yawn,0.289,0.431,28,2
2024-11-27 18:49:12,Mild Yawn,0.266,0.405,28,2
2024-11-27 18:49:12,Mild Yawn,0.289,0.414,28,2
2024-11-27 18:49:12,Mild Yawn,0.306,0.431,28,2
2024-11-27 18:49:12,Mild Yawn,0.298,0.427,28,2
2024-11-27 18:49:12,Mild Yawn,0.297,0.426,28,2
2024-11-27 18:49:12,Mild Yawn,0.332,0.424,28,2
2024-11-27 18:49:13,Mild Yawn,0.294,0.430,28,2
2024-11-27 18:49:13,Mild Yawn,0.297,0.431,28,2
2024-11-27 18:49:13,Mild Yawn,0.343,0.434,28,2
2024-11-27 18:49:13,Mild Yawn,0.333,0.441,28,2
2024-11-27 18:49:13,Mild Yawn,0.333,0.415,28,2
2024-11-27 18:49:13,Mild Yawn,0.341,0.420,28,2
2024-11-27 18:49:13,Mild Yawn,0.340,0.455,28,2
2024-11-27 18:49:13,Mild Yawn,0.364,0.447,28,2
2024-11-27 18:49:13,Mild Yawn,0.358,0.469,28,2
2024-11-27 18:49:13,Mild Yawn,0.351,0.449,28,2
2024-11-27 18:49:13,Mild Yawn,0.357,0.466,28,2
2024-11-27 18:49:13,Mild Yawn,0.354,0.457,28,2
2024-11-27 18:49:13,Mild Yawn,0.360,0.465,28,2
2024-11-27 18:49:13,Mild Yawn,0.333,0.465,28,2
2024-11-27 18:49:13,Mild Yawn,0.360,0.482,28,2
2024-11-27 18:49:13,Mild Yawn,0.320,0.454,28,2
2024-11-27 18:49:13,Mild Yawn,0.337,0.454,28,2
2024-11-27 18:49:13,Mild Yawn,0.354,0.479,28,2
2024-11-27 18:49:13,Mild Yawn,0.311,0.465,28,2
2024-11-27 18:49:13,Mild Yawn,0.337,0.468,28,2
2024-11-27 18:49:13,Mild Yawn,0.325,0.460,28,2
2024-11-27 18:49:13,Mild Yawn,0.302,0.444,28,2
2024-11-27 18:49:13,Mild Yawn,0.311,0.460,28,2
2024-11-27 18:49:13,Mild Yawn,0.357,0.442,28,2
2024-11-27 18:49:13,Mild Yawn,0.290,0.457,28,2
2024-11-27 18:49:13,Mild Yawn,0.345,0.459,28,2
2024-11-27 18:49:13,Mild Yawn,0.317,0.441,28,2
2024-11-27 18:49:13,Mild Yawn,0.303,0.460,28,2
2024-11-27 18:49:13,Mild Yawn,0.360,0.446,28,2
2024-11-27 18:49:13,Mild Yawn,0.317,0.462,28,2
2024-11-27 18:49:14,Mild Yawn,0.328,0.459,28,2
2024-11-27 18:49:14,Mild Yawn,0.353,0.462,28,2
2024-11-27 18:49:14,Mild Yawn,0.345,0.474,28,2
2024-11-27 18:49:14,Mild Yawn,0.316,0.460,28,2
2024-11-27 18:49:14,Mild Yawn,0.346,0.460,28,2
2024-11-27 18:49:14,Mild Yawn,0.352,0.462,28,2
2024-11-27 18:49:14,Mild Yawn,0.313,0.468,28,2
2024-11-27 18:49:14,Mild Yawn,0.345,0.474,28,2
2024-11-27 18:49:14,Mild Yawn,0.360,0.549,28,2
2024-11-27 18:49:14,Mild Yawn,0.360,0.568,28,2
2024-11-27 18:49:14,Mild Yawn,0.366,0.586,28,2
2024-11-27 18:49:14,Moderate Yawn !,0.351,0.641,28,2
2024-11-27 18:49:14,Moderate Yawn !,0.332,0.690,28,2
2024-11-27 18:49:14,Moderate Yawn !,0.345,0.689,28,2
2024-11-27 18:49:14,Moderate Yawn !,0.353,0.686,28,2
2024-11-27 18:49:14,Moderate Yawn !,0.346,0.728,28,2
2024-11-27 18:49:14,Moderate Yawn !,0.329,0.735,28,2
2024-11-27 18:49:14,Moderate Yawn !,0.328,0.748,28,2
2024-11-27 18:49:14,Moderate Yawn !,0.344,0.761,28,2
2024-11-27 18:49:14,Moderate Yawn !,0.334,0.753,28,2
2024-11-27 18:49:14,Moderate Yawn !,0.297,0.764,28,2
2024-11-27 18:49:14,Moderate Yawn !,0.320,0.766,28,2
2024-11-27 18:49:14,Moderate Yawn !,0.297,0.719,28,2
2024-11-27 18:49:14,Moderate Yawn !,0.231,0.727,28,2
2024-11-27 18:49:14,Moderate Yawn !,0.164,0.731,28,2
2024-11-27 18:49:14,SLEEPING !!!,0.166,0.734,28,2
2024-11-27 18:49:14,SLEEPING !!!,0.161,0.758,28,2
2024-11-27 18:49:14,SLEEPING !!!,0.212,0.787,28,2
2024-11-27 18:49:14,SLEEPING !!!,0.193,0.783,28,2
2024-11-27 18:49:14,SLEEPING !!!,0.212,0.748,28,2
2024-11-27 18:49:15,SLEEPING !!!,0.245,0.731,28,2
2024-11-27 18:49:15,SLEEPING !!!,0.250,0.731,28,2
2024-11-27 18:49:15,Moderate Yawn !,0.260,0.769,29,2
2024-11-27 18:49:15,Moderate Yawn !,0.270,0.748,29,2
2024-11-27 18:49:15,Moderate Yawn !,0.255,0.720,29,2
2024-11-27 18:49:15,Moderate Yawn !,0.275,0.749,29,2
2024-11-27 18:49:15,Moderate Yawn !,0.260,0.734,29,2
2024-11-27 18:49:15,Moderate Yawn !,0.270,0.747,29,2
2024-11-27 18:49:15,Moderate Yawn !,0.280,0.747,29,2
2024-11-27 18:49:15,Moderate Yawn !,0.260,0.759,29,2
2024-11-27 18:49:15,Moderate Yawn !,0.260,0.732,29,2
2024-11-27 18:49:15,Moderate Yawn !,0.265,0.731,29,2
2024-11-27 18:49:15,Moderate Yawn !,0.270,0.753,29,2
2024-11-27 18:49:15,Moderate Yawn !,0.265,0.727,29,2
2024-11-27 18:49:15,Moderate Yawn !,0.260,0.747,29,2
2024-11-27 18:49:15,Severe Yawn !!!,0.269,0.811,29,2
2024-11-27 18:49:15,Moderate Yawn !,0.265,0.759,29,2
2024-11-27 18:49:15,Moderate Yawn !,0.294,0.799,29,2
2024-11-27 18:49:15,Moderate Yawn !,0.260,0.736,29,2
2024-11-27 18:49:15,Severe Yawn !!!,0.264,0.804,29,2
2024-11-27 18:49:15,Moderate Yawn !,0.255,0.745,29,2
2024-11-27 18:49:15,Moderate Yawn !,0.264,0.734,29,2
2024-11-27 18:49:15,Moderate Yawn !,0.270,0.737,29,2
2024-11-27 18:49:15,Moderate Yawn !,0.270,0.782,29,2
2024-11-27 18:49:15,Moderate Yawn !,0.309,0.726,29,2
2024-11-27 18:49:15,Moderate Yawn !,0.288,0.704,29,2
2024-11-27 18:49:15,Moderate Yawn !,0.299,0.692,29,2
2024-11-27 18:49:15,Moderate Yawn !,0.275,0.676,29,2
2024-11-27 18:49:15,Moderate Yawn !,0.265,0.676,29,2
2024-11-27 18:49:15,Moderate Yawn !,0.265,0.624,29,2
2024-11-27 18:49:16,Moderate Yawn !,0.231,0.664,29,2
2024-11-27 18:49:16,Moderate Yawn !,0.275,0.652,29,2
2024-11-27 18:49:16,Moderate Yawn !,0.280,0.662,29,2
2024-11-27 18:49:16,Moderate Yawn !,0.279,0.686,29,2
2024-11-27 18:49:16,Moderate Yawn !,0.266,0.774,29,2
2024-11-27 18:49:16,Moderate Yawn !,0.280,0.678,29,2
2024-11-27 18:49:16,Moderate Yawn !,0.279,0.618,29,2
2024-11-27 18:49:16,Mild Yawn,0.278,0.521,29,2
2024-11-27 18:49:16,Mild Yawn,0.306,0.563,29,2
2024-11-27 18:49:16,Mild Yawn,0.283,0.542,29,2
2024-11-27 18:49:16,Mild Yawn,0.302,0.471,29,2
2024-11-27 18:49:16,Mild Yawn,0.293,0.401,29,2
2024-11-27 18:49:16,Mild Yawn,0.282,0.417,29,2
2024-11-27 18:49:16,Mild Yawn,0.299,0.381,29,2
2024-11-27 18:49:16,Mild Yawn,0.293,0.381,29,2
2024-11-27 18:49:16,Mild Yawn,0.284,0.396,29,2
2024-11-27 18:49:16,Mild Yawn,0.307,0.395,29,2
2024-11-27 18:49:16,Mild Yawn,0.283,0.386,29,2
2024-11-27 18:49:16,Mild Yawn,0.269,0.379,29,2
2024-11-27 18:49:16,Mild Yawn,0.293,0.393,29,2
2024-11-27 18:49:16,Mild Yawn,0.296,0.393,29,2
2024-11-27 18:49:16,Mild Yawn,0.296,0.385,29,2
2024-11-27 18:49:16,Mild Yawn,0.288,0.399,29,2
2024-11-27 18:49:16,Mild Yawn,0.288,0.395,29,2
2024-11-27 18:49:16,Mild Yawn,0.241,0.431,29,2
2024-11-27 18:49:16,Mild Yawn,0.166,0.431,29,2
2024-11-27 18:49:16,SLEEPING !!!,0.142,0.462,29,2
2024-11-27 18:49:16,SLEEPING !!!,0.161,0.494,29,2
2024-11-27 18:49:16,SLEEPING !!!,0.186,0.504,29,2
2024-11-27 18:49:16,SLEEPING !!!,0.226,0.487,29,2
2024-11-27 18:49:17,SLEEPING !!!,0.235,0.528,29,2
2024-11-27 18:49:17,SLEEPING !!!,0.231,0.567,29,2
2024-11-27 18:49:17,SLEEPING !!!,0.241,0.598,29,2
2024-11-27 18:49:17,Moderate Yawn !,0.255,0.674,30,2
2024-11-27 18:49:17,Moderate Yawn !,0.260,0.613,30,2
2024-11-27 18:49:17,Moderate Yawn !,0.255,0.619,30,2
2024-11-27 18:49:17,Moderate Yawn !,0.280,0.638,30,2
2024-11-27 18:49:17,Moderate Yawn !,0.266,0.628,30,2
2024-11-27 18:49:17,Moderate Yawn !,0.290,0.661,30,2
2024-11-27 18:49:17,Moderate Yawn !,0.270,0.654,30,2
2024-11-27 18:49:17,Moderate Yawn !,0.274,0.656,30,2
2024-11-27 18:49:17,Moderate Yawn !,0.283,0.616,30,2
2024-11-27 18:49:17,Moderate Yawn !,0.284,0.667,30,2
2024-11-27 18:49:17,Moderate Yawn !,0.274,0.673,30,2
2024-11-27 18:49:17,Moderate Yawn !,0.273,0.694,30,2
2024-11-27 18:49:17,Moderate Yawn !,0.275,0.730,30,2
2024-11-27 18:49:17,Moderate Yawn !,0.260,0.699,30,2
2024-11-27 18:49:17,Moderate Yawn !,0.284,0.698,30,2
2024-11-27 18:49:17,Moderate Yawn !,0.294,0.688,30,2
2024-11-27 18:49:17,Moderate Yawn !,0.265,0.746,30,2
2024-11-27 18:49:17,Moderate Yawn !,0.256,0.738,30,2
2024-11-27 18:49:17,Moderate Yawn !,0.255,0.700,30,2
2024-11-27 18:49:17,Moderate Yawn !,0.270,0.732,30,2
2024-11-27 18:49:17,Moderate Yawn !,0.292,0.725,30,2
2024-11-27 18:49:17,Moderate Yawn !,0.283,0.732,30,2
2024-11-27 18:49:17,Moderate Yawn !,0.250,0.744,30,2
2024-11-27 18:49:17,Moderate Yawn !,0.265,0.755,30,2
2024-11-27 18:49:17,Moderate Yawn !,0.269,0.788,30,2
2024-11-27 18:49:17,Moderate Yawn !,0.265,0.750,30,2
2024-11-27 18:49:17,Moderate Yawn !,0.264,0.760,30,2
2024-11-27 18:49:18,Moderate Yawn !,0.270,0.754,30,2
2024-11-27 18:49:18,Moderate Yawn !,0.259,0.773,30,2
2024-11-27 18:49:18,Moderate Yawn !,0.265,0.751,30,2
2024-11-27 18:49:18,Moderate Yawn !,0.236,0.757,30,2
2024-11-27 18:49:18,Moderate Yawn !,0.273,0.786,30,2
2024-11-27 18:49:18,Moderate Yawn !,0.245,0.715,30,2
2024-11-27 18:49:18,Moderate Yawn !,0.275,0.747,30,2
2024-11-27 18:49:18,Moderate Yawn !,0.236,0.749,30,2
2024-11-27 18:49:18,Moderate Yawn !,0.264,0.739,30,2
2024-11-27 18:49:18,Moderate Yawn !,0.264,0.757,30,2
2024-11-27 18:49:18,Moderate Yawn !,0.256,0.739,30,2
2024-11-27 18:49:18,Moderate Yawn !,0.255,0.709,30,2
2024-11-27 18:49:18,Moderate Yawn !,0.265,0.738,30,2
2024-11-27 18:49:18,Moderate Yawn !,0.259,0.741,30,2
2024-11-27 18:49:18,Moderate Yawn !,0.259,0.764,30,2
2024-11-27 18:49:18,Moderate Yawn !,0.226,0.737,30,2
2024-11-27 18:49:18,Moderate Yawn !,0.260,0.717,30,2
2024-11-27 18:49:18,Moderate Yawn !,0.251,0.722,30,2
2024-11-27 18:49:18,Moderate Yawn !,0.264,0.740,30,2
2024-11-27 18:49:18,Moderate Yawn !,0.279,0.711,30,2
2024-11-27 18:49:18,Moderate Yawn !,0.264,0.693,30,2
2024-11-27 18:49:18,Moderate Yawn !,0.255,0.649,30,2
2024-11-27 18:49:18,Moderate Yawn !,0.278,0.616,30,2
2024-11-27 18:49:18,Mild Yawn,0.284,0.591,30,2
2024-11-27 18:49:18,Mild Yawn,0.265,0.535,30,2
2024-11-27 18:49:18,Mild Yawn,0.282,0.488,30,2
2024-11-27 18:49:18,Mild Yawn,0.296,0.454,30,2
2024-11-27 18:49:18,Mild Yawn,0.297,0.453,30,2
2024-11-27 18:49:18,Mild Yawn,0.263,0.416,30,2
2024-11-27 18:49:18,Mild Yawn,0.277,0.415,30,2
2024-11-27 18:49:19,Mild Yawn,0.265,0.385,30,2
2024-11-27 18:49:19,Mild Yawn,0.277,0.400,30,2
2024-11-27 18:49:19,Mild Yawn,0.295,0.413,30,2
2024-11-27 18:49:19,Mild Yawn,0.282,0.388,30,2
2024-11-27 18:49:19,Mild Yawn,0.286,0.352,30,2
2024-11-27 18:49:19,Mild Yawn,0.287,0.380,30,2
2024-11-27 18:49:19,Mild Yawn,0.286,0.364,30,2
2024-11-27 18:49:19,Mild Yawn,0.291,0.371,30,2
2024-11-27 18:49:19,Mild Yawn,0.280,0.370,30,2
2024-11-27 18:49:19,Mild Yawn,0.277,0.358,30,2
2024-11-27 18:49:19,Mild Yawn,0.294,0.385,30,2
2024-11-27 18:49:19,Mild Yawn,0.281,0.375,30,2
2024-11-27 18:49:19,Mild Yawn,0.276,0.355,30,2
2024-11-27 18:49:19,Mild Yawn,0.285,0.388,30,2
2024-11-27 18:49:19,Mild Yawn,0.295,0.388,30,2
2024-11-27 18:49:19,Mild Yawn,0.284,0.399,30,2
2024-11-27 18:49:19,Mild Yawn,0.304,0.371,30,2
2024-11-27 18:49:19,Mild Yawn,0.311,0.393,30,2
2024-11-27 18:49:19,Mild Yawn,0.280,0.387,30,2
2024-11-27 18:49:19,Mild Yawn,0.307,0.382,30,2
2024-11-27 18:49:19,Mild Yawn,0.284,0.392,30,2
2024-11-27 18:49:19,Mild Yawn,0.293,0.397,30,2
2024-11-27 18:49:19,Mild Yawn,0.293,0.442,30,2
2024-11-27 18:49:19,Mild Yawn,0.302,0.437,30,2
2024-11-27 18:49:19,Mild Yawn,0.304,0.427,30,2
2024-11-27 18:49:19,Mild Yawn,0.293,0.454,30,2
2024-11-27 18:49:19,Mild Yawn,0.303,0.441,30,2
2024-11-27 18:49:19,Mild Yawn,0.293,0.484,30,2
2024-11-27 18:49:19,Mild Yawn,0.280,0.503,30,2
2024-11-27 18:49:19,Mild Yawn,0.308,0.470,30,2
2024-11-27 18:49:20,Mild Yawn,0.325,0.505,30,2
2024-11-27 18:49:20,Mild Yawn,0.290,0.518,30,2
2024-11-27 18:49:20,Mild Yawn,0.310,0.560,30,2
2024-11-27 18:49:20,Moderate Yawn !,0.323,0.608,30,2
2024-11-27 18:49:20,Mild Yawn,0.311,0.590,30,2
2024-11-27 18:49:20,Moderate Yawn !,0.319,0.604,30,2
2024-11-27 18:49:20,Moderate Yawn !,0.304,0.628,30,2
2024-11-27 18:49:20,Moderate Yawn !,0.317,0.637,30,2
2024-11-27 18:49:20,Moderate Yawn !,0.317,0.613,30,2
2024-11-27 18:49:20,Moderate Yawn !,0.308,0.703,30,2
2024-11-27 18:49:20,Moderate Yawn !,0.304,0.649,30,2
2024-11-27 18:49:20,Moderate Yawn !,0.325,0.665,30,2
2024-11-27 18:49:20,Moderate Yawn !,0.295,0.658,30,2
2024-11-27 18:49:20,Moderate Yawn !,0.322,0.697,30,2
2024-11-27 18:49:20,Moderate Yawn !,0.322,0.680,30,2
2024-11-27 18:49:20,Moderate Yawn !,0.311,0.720,30,2
2024-11-27 18:49:20,Moderate Yawn !,0.301,0.713,30,2
2024-11-27 18:49:20,Moderate Yawn !,0.308,0.694,30,2
2024-11-27 18:49:20,Moderate Yawn !,0.334,0.699,30,2
2024-11-27 18:49:20,Moderate Yawn !,0.307,0.741,30,2
2024-11-27 18:49:20,Moderate Yawn !,0.334,0.679,30,2
2024-11-27 18:49:20,Moderate Yawn !,0.317,0.678,30,2
2024-11-27 18:49:20,Moderate Yawn !,0.301,0.683,30,2
2024-11-27 18:49:20,Moderate Yawn !,0.316,0.709,30,2
2024-11-27 18:49:20,Moderate Yawn !,0.314,0.713,30,2
2024-11-27 18:49:20,Moderate Yawn !,0.325,0.727,30,2
2024-11-27 18:49:20,Moderate Yawn !,0.328,0.732,30,2
2024-11-27 18:49:20,Moderate Yawn !,0.317,0.720,30,2
2024-11-27 18:49:20,Moderate Yawn !,0.313,0.716,30,2
2024-11-27 18:49:20,Moderate Yawn !,0.326,0.741,30,2
2024-11-27 18:49:21,Moderate Yawn !,0.321,0.668,30,2
2024-11-27 18:49:21,Moderate Yawn !,0.323,0.712,30,2
2024-11-27 18:49:21,Moderate Yawn !,0.285,0.756,30,2
2024-11-27 18:49:21,Moderate Yawn !,0.308,0.705,30,2
2024-11-27 18:49:21,Moderate Yawn !,0.322,0.734,30,2
2024-11-27 18:49:21,Moderate Yawn !,0.308,0.702,30,2
2024-11-27 18:49:21,Moderate Yawn !,0.260,0.720,30,2
2024-11-27 18:49:21,Moderate Yawn !,0.167,0.724,30,2
2024-11-27 18:49:21,Moderate Yawn !,0.185,0.715,30,2
2024-11-27 18:49:21,SLEEPING !!!,0.186,0.702,30,2
2024-11-27 18:49:21,SLEEPING !!!,0.184,0.699,30,2
2024-11-27 18:49:21,SLEEPING !!!,0.156,0.720,30,2
2024-11-27 18:49:21,SLEEPING !!!,0.174,0.688,30,2
2024-11-27 18:49:21,SLEEPING !!!,0.173,0.722,30,2
2024-11-27 18:49:21,SLEEPING !!!,0.195,0.711,30,2
2024-11-27 18:49:21,SLEEPING !!!,0.236,0.743,30,2
2024-11-27 18:49:21,Moderate Yawn !,0.260,0.718,31,2
2024-11-27 18:49:21,Moderate Yawn !,0.236,0.715,31,2
2024-11-27 18:49:21,Moderate Yawn !,0.256,0.711,31,2
2024-11-27 18:49:21,Moderate Yawn !,0.279,0.692,31,2
2024-11-27 18:49:21,Moderate Yawn !,0.273,0.700,31,2
2024-11-27 18:49:21,Moderate Yawn !,0.287,0.684,31,2
2024-11-27 18:49:21,Moderate Yawn !,0.269,0.691,31,2
2024-11-27 18:49:21,Moderate Yawn !,0.278,0.714,31,2
2024-11-27 18:49:21,Moderate Yawn !,0.298,0.697,31,2
2024-11-27 18:49:21,Moderate Yawn !,0.304,0.711,31,2
2024-11-27 18:49:21,Moderate Yawn !,0.293,0.668,31,2
2024-11-27 18:49:21,Moderate Yawn !,0.304,0.680,31,2
2024-11-27 18:49:21,Moderate Yawn !,0.283,0.649,31,2
2024-11-27 18:49:21,Moderate Yawn !,0.291,0.646,31,2
2024-11-27 18:49:22,Moderate Yawn !,0.288,0.676,31,2
2024-11-27 18:49:22,Moderate Yawn !,0.301,0.663,31,2
2024-11-27 18:49:22,Moderate Yawn !,0.304,0.643,31,2
2024-11-27 18:49:22,Moderate Yawn !,0.293,0.672,31,2
2024-11-27 18:49:22,Moderate Yawn !,0.287,0.619,31,2
2024-11-27 18:49:22,Mild Yawn,0.269,0.591,31,2
2024-11-27 18:49:22,Mild Yawn,0.225,0.477,31,2
2024-11-27 18:49:22,Mild Yawn,0.117,0.434,31,2
2024-11-27 18:49:22,SLEEPING !!!,0.143,0.413,31,2
2024-11-27 18:49:22,SLEEPING !!!,0.155,0.475,31,2
2024-11-27 18:49:22,SLEEPING !!!,0.193,0.466,31,2
2024-11-27 18:49:22,SLEEPING !!!,0.236,0.449,31,2
2024-11-27 18:49:22,Mild Yawn,0.255,0.430,32,2
2024-11-27 18:49:22,Mild Yawn,0.265,0.385,32,2
2024-11-27 18:49:22,Mild Yawn,0.274,0.375,32,2
2024-11-27 18:49:22,Mild Yawn,0.277,0.393,32,2
2024-11-27 18:49:22,Mild Yawn,0.269,0.392,32,2
2024-11-27 18:49:22,Mild Yawn,0.277,0.375,32,2
2024-11-27 18:49:22,Mild Yawn,0.304,0.393,32,2
2024-11-27 18:49:22,Mild Yawn,0.305,0.395,32,2
2024-11-27 18:49:22,Mild Yawn,0.295,0.430,32,2
2024-11-27 18:49:22,Mild Yawn,0.285,0.446,32,2
2024-11-27 18:49:22,Mild Yawn,0.299,0.491,32,2
2024-11-27 18:49:22,Mild Yawn,0.317,0.492,32,2
2024-11-27 18:49:22,Mild Yawn,0.295,0.527,32,2
2024-11-27 18:49:22,Mild Yawn,0.304,0.529,32,2
2024-11-27 18:49:22,Mild Yawn,0.304,0.559,32,2
2024-11-27 18:49:22,Mild Yawn,0.315,0.562,32,2
2024-11-27 18:49:22,Mild Yawn,0.314,0.519,32,2
2024-11-27 18:49:22,Mild Yawn,0.318,0.585,32,2
2024-11-27 18:49:23,Mild Yawn,0.310,0.549,32,2
2024-11-27 18:49:23,Mild Yawn,0.328,0.563,32,2
2024-11-27 18:49:23,Mild Yawn,0.310,0.540,32,2
2024-11-27 18:49:23,Mild Yawn,0.309,0.566,32,2
2024-11-27 18:49:23,Moderate Yawn !,0.306,0.627,32,2
2024-11-27 18:49:23,Moderate Yawn !,0.323,0.656,32,2
2024-11-27 18:49:23,Moderate Yawn !,0.292,0.625,32,2
2024-11-27 18:49:23,Moderate Yawn !,0.309,0.655,32,2
2024-11-27 18:49:23,Moderate Yawn !,0.316,0.680,32,2
2024-11-27 18:49:23,Moderate Yawn !,0.326,0.744,32,2
2024-11-27 18:49:23,Moderate Yawn !,0.351,0.783,32,2
2024-11-27 18:49:23,Severe Yawn !!!,0.351,0.831,32,2
2024-11-27 18:49:23,Moderate Yawn !,0.331,0.785,32,2
2024-11-27 18:49:23,Moderate Yawn !,0.325,0.771,32,2
2024-11-27 18:49:23,Severe Yawn !!!,0.346,0.812,32,2
2024-11-27 18:49:23,Moderate Yawn !,0.351,0.794,32,2
2024-11-27 18:49:23,Severe Yawn !!!,0.337,0.803,32,2
2024-11-27 18:49:23,Severe Yawn !!!,0.349,0.800,32,2
2024-11-27 18:49:23,Severe Yawn !!!,0.369,0.811,32,2
2024-11-27 18:49:23,Severe Yawn !!!,0.358,0.815,32,2
2024-11-27 18:49:23,Moderate Yawn !,0.337,0.755,32,2
2024-11-27 18:49:23,Severe Yawn !!!,0.332,0.831,32,2
2024-11-27 18:49:23,Severe Yawn !!!,0.351,0.803,32,2
2024-11-27 18:49:23,Severe Yawn !!!,0.325,0.800,32,2
2024-11-27 18:49:23,Moderate Yawn !,0.351,0.791,32,2
2024-11-27 18:49:23,Severe Yawn !!!,0.338,0.844,32,2
2024-11-27 18:49:23,Severe Yawn !!!,0.369,0.837,32,2
2024-11-27 18:49:23,Severe Yawn !!!,0.355,0.822,32,2
2024-11-27 18:49:23,Moderate Yawn !,0.346,0.799,32,2
2024-11-27 18:49:23,Severe Yawn !!!,0.358,0.822,32,2
2024-11-27 18:49:23,Severe Yawn !!!,0.340,0.847,32,2
2024-11-27 18:49:24,Severe Yawn !!!,0.336,0.809,32,2
2024-11-27 18:49:24,Moderate Yawn !,0.331,0.789,32,2
2024-11-27 18:49:24,Moderate Yawn !,0.328,0.784,32,2
2024-11-27 18:49:24,Severe Yawn !!!,0.306,0.806,32,2
2024-11-27 18:49:24,Moderate Yawn !,0.293,0.764,32,2
2024-11-27 18:49:24,Moderate Yawn !,0.287,0.773,32,2
2024-11-27 18:49:24,Moderate Yawn !,0.255,0.717,32,2
2024-11-27 18:49:24,Moderate Yawn !,0.273,0.662,32,2
2024-11-27 18:49:24,Mild Yawn,0.297,0.558,32,2
2024-11-27 18:49:24,Mild Yawn,0.274,0.494,32,2
2024-11-27 18:49:24,Mild Yawn,0.274,0.420,32,2
2024-11-27 18:49:24,Mild Yawn,0.288,0.407,32,2
2024-11-27 18:49:24,Mild Yawn,0.270,0.367,32,2
2024-11-27 18:49:24,Mild Yawn,0.274,0.362,32,2
2024-11-27 18:49:24,Mild Yawn,0.287,0.371,32,2
2024-11-27 18:49:24,Mild Yawn,0.265,0.363,32,2
2024-11-27 18:49:24,Mild Yawn,0.269,0.361,32,2
2024-11-27 18:49:24,Mild Yawn,0.214,0.430,32,2
2024-11-27 18:49:24,Mild Yawn,0.218,0.416,32,2
2024-11-27 18:49:24,SLEEPING !!!,0.246,0.391,32,2
2024-11-27 18:49:24,Mild Yawn,0.280,0.378,33,2
2024-11-27 18:49:24,Mild Yawn,0.247,0.419,33,2
2024-11-27 18:49:24,Mild Yawn,0.251,0.372,33,2
2024-11-27 18:49:24,Mild Yawn,0.249,0.415,33,2
2024-11-27 18:49:24,Mild Yawn,0.261,0.431,33,2
2024-11-27 18:49:25,Mild Yawn,0.203,0.413,33,2
2024-11-27 18:49:25,Mild Yawn,0.255,0.401,33,2
2024-11-27 18:49:25,Mild Yawn,0.260,0.419,33,2
2024-11-27 18:49:25,Mild Yawn,0.264,0.451,33,2
2024-11-27 18:49:25,Mild Yawn,0.236,0.436,33,2
2024-11-27 18:49:25,Mild Yawn,0.274,0.431,33,2
2024-11-27 18:49:25,Mild Yawn,0.250,0.409,33,2
2024-11-27 18:49:25,Mild Yawn,0.200,0.442,33,2
2024-11-27 18:49:25,SLEEPING !!!,0.226,0.424,33,2
2024-11-27 18:49:25,SLEEPING !!!,0.240,0.422,33,2
2024-11-27 18:49:25,SLEEPING !!!,0.226,0.435,33,2
2024-11-27 18:49:25,SLEEPING !!!,0.219,0.435,33,2
2024-11-27 18:49:25,SLEEPING !!!,0.231,0.431,33,2
2024-11-27 18:49:25,SLEEPING !!!,0.208,0.419,33,2
2024-11-27 18:49:25,SLEEPING !!!,0.236,0.423,33,2
2024-11-27 18:49:25,SLEEPING !!!,0.242,0.432,33,2
2024-11-27 18:49:25,SLEEPING !!!,0.236,0.434,33,2
2024-11-27 18:49:25,SLEEPING !!!,0.231,0.420,33,2
2024-11-27 18:49:25,SLEEPING !!!,0.217,0.422,33,2
2024-11-27 18:49:25,SLEEPING !!!,0.218,0.448,33,2
2024-11-27 18:49:25,Mild Yawn,0.256,0.449,34,2
2024-11-27 18:49:25,Mild Yawn,0.260,0.435,34,2
2024-11-27 18:49:25,Mild Yawn,0.256,0.430,34,2
2024-11-27 18:49:25,Mild Yawn,0.250,0.440,34,2
2024-11-27 18:49:25,Mild Yawn,0.247,0.435,34,2
2024-11-27 18:49:25,Mild Yawn,0.264,0.445,34,2
2024-11-27 18:49:25,Mild Yawn,0.260,0.430,34,2
2024-11-27 18:49:25,Mild Yawn,0.233,0.440,34,2
2024-11-27 18:49:25,Mild Yawn,0.251,0.431,34,2
2024-11-27 18:49:25,Mild Yawn,0.241,0.417,34,2
2024-11-27 18:49:26,Mild Yawn,0.227,0.434,34,2
2024-11-27 18:49:26,SLEEPING !!!,0.223,0.403,34,2
2024-11-27 18:49:26,Mild Yawn,0.255,0.393,35,2
2024-11-27 18:49:26,Mild Yawn,0.273,0.424,35,2
2024-11-27 18:49:26,Mild Yawn,0.237,0.417,35,2
2024-11-27 18:49:26,Mild Yawn,0.212,0.406,35,2
2024-11-27 18:49:26,SLEEPING !!!,0.242,0.423,35,2
2024-11-27 18:49:26,SLEEPING !!!,0.219,0.437,35,2
2024-11-27 18:49:26,Mild Yawn,0.251,0.402,36,2
2024-11-27 18:49:26,Mild Yawn,0.279,0.424,36,2
2024-11-27 18:49:26,Mild Yawn,0.238,0.445,36,2
2024-11-27 18:49:26,Mild Yawn,0.251,0.436,36,2
2024-11-27 18:49:26,Mild Yawn,0.241,0.433,36,2
2024-11-27 18:49:26,Mild Yawn,0.251,0.427,36,2
2024-11-27 18:49:26,Mild Yawn,0.255,0.437,36,2
2024-11-27 18:49:26,Mild Yawn,0.273,0.396,36,2
2024-11-27 18:49:26,Mild Yawn,0.277,0.414,36,2
2024-11-27 18:49:26,Mild Yawn,0.219,0.376,36,2
2024-11-27 18:49:26,Mild Yawn,0.264,0.422,36,2
2024-11-27 18:49:26,Mild Yawn,0.237,0.389,36,2
2024-11-27 18:49:26,Mild Yawn,0.268,0.400,36,2
2024-11-27 18:49:26,Mild Yawn,0.255,0.400,36,2
2024-11-27 18:49:26,Mild Yawn,0.255,0.400,36,2
2024-11-27 18:49:26,Mild Yawn,0.289,0.386,36,2
2024-11-27 18:49:26,Mild Yawn,0.256,0.408,36,2
2024-11-27 18:49:26,Mild Yawn,0.283,0.407,36,2
2024-11-27 18:49:26,Mild Yawn,0.273,0.420,36,2
2024-11-27 18:49:26,Mild Yawn,0.292,0.390,36,2
2024-11-27 18:49:27,Mild Yawn,0.296,0.396,36,2
2024-11-27 18:49:27,Mild Yawn,0.270,0.385,36,2
2024-11-27 18:49:27,Mild Yawn,0.264,0.377,36,2
2024-11-27 18:49:27,Mild Yawn,0.271,0.407,36,2
2024-11-27 18:49:27,Mild Yawn,0.270,0.400,36,2
2024-11-27 18:49:27,Mild Yawn,0.277,0.401,36,2
2024-11-27 18:49:27,Mild Yawn,0.286,0.405,36,2
2024-11-27 18:49:27,Mild Yawn,0.263,0.410,36,2
2024-11-27 18:49:27,Mild Yawn,0.286,0.412,36,2
2024-11-27 18:49:27,Mild Yawn,0.286,0.403,36,2
2024-11-27 18:49:27,Mild Yawn,0.277,0.409,36,2
2024-11-27 18:49:27,Mild Yawn,0.292,0.403,36,2
2024-11-27 18:49:27,Mild Yawn,0.313,0.417,36,2
2024-11-27 18:49:27,Mild Yawn,0.287,0.411,36,2
2024-11-27 18:49:27,Mild Yawn,0.295,0.412,36,2
2024-11-27 18:49:27,Mild Yawn,0.278,0.416,36,2
2024-11-27 18:49:27,Mild Yawn,0.301,0.408,36,2
2024-11-27 18:49:27,Mild Yawn,0.299,0.427,36,2
2024-11-27 18:49:27,Mild Yawn,0.315,0.429,36,2
2024-11-27 18:49:27,Mild Yawn,0.290,0.396,36,2
2024-11-27 18:49:27,Mild Yawn,0.293,0.434,36,2
2024-11-27 18:49:27,Mild Yawn,0.303,0.409,36,2
2024-11-27 18:49:27,Mild Yawn,0.290,0.417,36,2
2024-11-27 18:49:27,Mild Yawn,0.319,0.409,36,2
2024-11-27 18:49:27,Mild Yawn,0.302,0.412,36,2
2024-11-27 18:49:27,Mild Yawn,0.294,0.415,36,2
2024-11-27 18:49:27,Mild Yawn,0.293,0.411,36,2
2024-11-27 18:49:27,Mild Yawn,0.311,0.413,36,2
2024-11-27 18:49:27,Mild Yawn,0.308,0.428,36,2
2024-11-27 18:49:27,Mild Yawn,0.307,0.424,36,2
2024-11-27 18:49:27,Mild Yawn,0.285,0.411,36,2
2024-11-27 18:49:28,Mild Yawn,0.305,0.434,36,2
2024-11-27 18:49:28,Mild Yawn,0.305,0.418,36,2
2024-11-27 18:49:28,Mild Yawn,0.306,0.416,36,2
2024-11-27 18:49:28,Mild Yawn,0.321,0.408,36,2
2024-11-27 18:49:28,Mild Yawn,0.334,0.419,36,2
2024-11-27 18:49:28,Mild Yawn,0.330,0.401,36,2
2024-11-27 18:49:28,Mild Yawn,0.299,0.421,36,2
2024-11-27 18:49:28,Mild Yawn,0.322,0.411,36,2
2024-11-27 18:49:28,Mild Yawn,0.297,0.406,36,2
2024-11-27 18:49:28,Mild Yawn,0.311,0.411,36,2
2024-11-27 18:49:28,Mild Yawn,0.309,0.424,36,2
2024-11-27 18:49:28,Mild Yawn,0.319,0.424,36,2
2024-11-27 18:49:28,Mild Yawn,0.293,0.419,36,2
2024-11-27 18:49:28,Mild Yawn,0.285,0.416,36,2
2024-11-27 18:49:28,Mild Yawn,0.310,0.419,36,2
2024-11-27 18:49:28,Mild Yawn,0.293,0.408,36,2
2024-11-27 18:49:28,Mild Yawn,0.305,0.434,36,2
2024-11-27 18:49:28,Mild Yawn,0.314,0.420,36,2
2024-11-27 18:49:28,Mild Yawn,0.311,0.437,36,2
2024-11-27 18:49:28,Mild Yawn,0.345,0.427,36,2
2024-11-27 18:49:28,Mild Yawn,0.310,0.435,36,2
2024-11-27 18:49:28,Mild Yawn,0.307,0.434,36,2
2024-11-27 18:49:28,Mild Yawn,0.306,0.417,36,2
2024-11-27 18:49:28,Mild Yawn,0.250,0.426,36,2
2024-11-27 18:49:28,Mild Yawn,0.166,0.426,36,2
2024-11-27 18:49:28,SLEEPING !!!,0.174,0.434,36,2
2024-11-27 18:49:28,SLEEPING !!!,0.167,0.422,36,2
2024-11-27 18:49:28,SLEEPING !!!,0.219,0.423,36,2
2024-11-27 18:49:28,SLEEPING !!!,0.238,0.442,36,2
2024-11-27 18:49:28,SLEEPING !!!,0.242,0.434,36,2
2024-11-27 18:49:29,Mild Yawn,0.265,0.449,37,2
2024-11-27 18:49:29,Mild Yawn,0.277,0.438,37,2
2024-11-27 18:49:29,Mild Yawn,0.277,0.445,37,2
2024-11-27 18:49:29,Mild Yawn,0.293,0.448,37,2
2024-11-27 18:49:29,Mild Yawn,0.277,0.453,37,2
2024-11-27 18:49:29,Mild Yawn,0.280,0.438,37,2
2024-11-27 18:49:29,Mild Yawn,0.290,0.437,37,2
2024-11-27 18:49:29,Mild Yawn,0.305,0.449,37,2
2024-11-27 18:49:29,Mild Yawn,0.316,0.446,37,2
2024-11-27 18:49:29,Mild Yawn,0.325,0.429,37,2
2024-11-27 18:49:29,Mild Yawn,0.317,0.455,37,2
2024-11-27 18:49:29,Mild Yawn,0.316,0.432,37,2
2024-11-27 18:49:29,Mild Yawn,0.331,0.396,37,2
2024-11-27 18:49:29,Mild Yawn,0.329,0.422,37,2
2024-11-27 18:49:29,Mild Yawn,0.340,0.408,37,2
2024-11-27 18:49:29,Mild Yawn,0.334,0.438,37,2
2024-11-27 18:49:29,Mild Yawn,0.317,0.431,37,2
2024-11-27 18:49:29,Mild Yawn,0.330,0.432,37,2
2024-11-27 18:49:29,Mild Yawn,0.337,0.424,37,2
2024-11-27 18:49:29,Mild Yawn,0.317,0.461,37,2
2024-11-27 18:49:29,Mild Yawn,0.337,0.438,37,2
2024-11-27 18:49:29,Mild Yawn,0.311,0.447,37,2
2024-11-27 18:49:29,Mild Yawn,0.328,0.456,37,2
2024-11-27 18:49:29,Mild Yawn,0.319,0.469,37,2
2024-11-27 18:49:29,Mild Yawn,0.339,0.500,37,2
2024-11-27 18:49:29,Mild Yawn,0.325,0.471,37,2
2024-11-27 18:49:29,Mild Yawn,0.347,0.469,37,2
2024-11-27 18:49:29,Mild Yawn,0.360,0.521,37,2
2024-11-27 18:49:29,Moderate Yawn !,0.338,0.604,37,2
2024-11-27 18:49:29,Mild Yawn,0.320,0.594,37,2
2024-11-27 18:49:30,Moderate Yawn !,0.351,0.636,37,2
2024-11-27 18:49:30,Moderate Yawn !,0.357,0.689,37,2
2024-11-27 18:49:30,Moderate Yawn !,0.340,0.683,37,2
2024-11-27 18:49:30,Moderate Yawn !,0.361,0.744,37,2
2024-11-27 18:49:30,Moderate Yawn !,0.367,0.767,37,2
2024-11-27 18:49:30,Moderate Yawn !,0.365,0.700,37,2
2024-11-27 18:49:30,Moderate Yawn !,0.353,0.729,37,2
2024-11-27 18:49:30,Moderate Yawn !,0.368,0.717,37,2
2024-11-27 18:49:30,Moderate Yawn !,0.374,0.703,37,2
2024-11-27 18:49:30,Moderate Yawn !,0.367,0.695,37,2
2024-11-27 18:49:30,Moderate Yawn !,0.340,0.744,37,2
2024-11-27 18:49:30,Moderate Yawn !,0.359,0.681,37,2
2024-11-27 18:49:30,Moderate Yawn !,0.353,0.740,37,2
2024-11-27 18:49:30,Moderate Yawn !,0.357,0.734,37,2
2024-11-27 18:49:30,Moderate Yawn !,0.342,0.708,37,2
2024-11-27 18:49:30,Moderate Yawn !,0.354,0.740,37,2
2024-11-27 18:49:30,Moderate Yawn !,0.354,0.696,37,2
2024-11-27 18:49:30,Moderate Yawn !,0.348,0.660,37,2
2024-11-27 18:49:30,Moderate Yawn !,0.332,0.736,37,2
2024-11-27 18:49:30,Moderate Yawn !,0.329,0.690,37,2
2024-11-27 18:49:30,Moderate Yawn !,0.332,0.707,37,2
2024-11-27 18:49:30,Moderate Yawn !,0.354,0.712,37,2
2024-11-27 18:49:30,Moderate Yawn !,0.340,0.691,37,2
2024-11-27 18:49:30,Moderate Yawn !,0.342,0.703,37,2
2024-11-27 18:49:30,Moderate Yawn !,0.349,0.744,37,2
2024-11-27 18:49:30,Moderate Yawn !,0.378,0.747,37,2
2024-11-27 18:49:30,Moderate Yawn !,0.349,0.750,37,2
2024-11-27 18:49:30,Moderate Yawn !,0.352,0.754,37,2
2024-11-27 18:49:30,Moderate Yawn !,0.381,0.716,37,2
2024-11-27 18:49:30,Moderate Yawn !,0.352,0.758,37,2
2024-11-27 18:49:31,Moderate Yawn !,0.389,0.788,37,2
2024-11-27 18:49:31,Moderate Yawn !,0.366,0.761,37,2
2024-11-27 18:49:31,Moderate Yawn !,0.352,0.738,37,2
2024-11-27 18:49:31,Moderate Yawn !,0.370,0.720,37,2
2024-11-27 18:49:31,Moderate Yawn !,0.356,0.716,37,2
2024-11-27 18:49:31,Moderate Yawn !,0.372,0.692,37,2
2024-11-27 18:49:31,Moderate Yawn !,0.387,0.725,37,2
2024-11-27 18:49:31,Moderate Yawn !,0.314,0.706,37,2
2024-11-27 18:49:31,Moderate Yawn !,0.348,0.701,37,2
2024-11-27 18:49:31,Moderate Yawn !,0.320,0.686,37,2
2024-11-27 18:49:31,Moderate Yawn !,0.337,0.693,37,2
2024-11-27 18:49:31,Moderate Yawn !,0.343,0.694,37,2
2024-11-27 18:49:31,Moderate Yawn !,0.346,0.673,37,2
2024-11-27 18:49:31,Moderate Yawn !,0.355,0.712,37,2
2024-11-27 18:49:31,Moderate Yawn !,0.365,0.727,37,2
2024-11-27 18:49:31,Moderate Yawn !,0.337,0.712,37,2
2024-11-27 18:49:31,Moderate Yawn !,0.360,0.711,37,2
2024-11-27 18:49:31,Moderate Yawn !,0.347,0.696,37,2
2024-11-27 18:49:31,Moderate Yawn !,0.334,0.717,37,2
2024-11-27 18:49:31,Moderate Yawn !,0.338,0.736,37,2
2024-11-27 18:49:31,Moderate Yawn !,0.346,0.747,37,2
2024-11-27 18:49:31,Moderate Yawn !,0.330,0.777,37,2
2024-11-27 18:49:31,Moderate Yawn !,0.322,0.757,37,2
2024-11-27 18:49:31,Moderate Yawn !,0.346,0.761,37,2
2024-11-27 18:49:31,Moderate Yawn !,0.332,0.764,37,2
2024-11-27 18:49:31,Severe Yawn !!!,0.320,0.801,37,2
2024-11-27 18:49:31,Moderate Yawn !,0.364,0.790,37,2
2024-11-27 18:49:31,Moderate Yawn !,0.322,0.797,37,2
2024-11-27 18:49:31,Moderate Yawn !,0.330,0.756,37,2
2024-11-27 18:49:32,Moderate Yawn !,0.346,0.758,37,2
2024-11-27 18:49:32,Moderate Yawn !,0.340,0.745,37,2
2024-11-27 18:49:32,Severe Yawn !!!,0.307,0.800,37,2
2024-11-27 18:49:32,Moderate Yawn !,0.311,0.780,37,2
2024-11-27 18:49:32,Moderate Yawn !,0.303,0.717,37,2
2024-11-27 18:49:32,Moderate Yawn !,0.277,0.669,37,2
2024-11-27 18:49:32,Moderate Yawn !,0.285,0.675,37,2
2024-11-27 18:49:32,Moderate Yawn !,0.299,0.737,37,2
2024-11-27 18:49:32,Moderate Yawn !,0.299,0.738,37,2
2024-11-27 18:49:32,Moderate Yawn !,0.303,0.674,37,2
2024-11-27 18:49:32,Moderate Yawn !,0.320,0.765,37,2
2024-11-27 18:49:32,Moderate Yawn !,0.314,0.750,37,2
2024-11-27 18:49:32,Moderate Yawn !,0.313,0.763,37,2
2024-11-27 18:49:32,Moderate Yawn !,0.331,0.743,37,2
2024-11-27 18:49:32,Moderate Yawn !,0.325,0.747,37,2
2024-11-27 18:49:32,Moderate Yawn !,0.312,0.767,37,2
2024-11-27 18:49:32,Moderate Yawn !,0.319,0.777,37,2
2024-11-27 18:49:32,Moderate Yawn !,0.316,0.771,37,2
2024-11-27 18:49:32,Moderate Yawn !,0.325,0.736,37,2
2024-11-27 18:49:32,Moderate Yawn !,0.326,0.746,37,2
2024-11-27 18:49:32,Moderate Yawn !,0.311,0.752,37,2
2024-11-27 18:49:32,Moderate Yawn !,0.290,0.760,37,2
2024-11-27 18:49:32,Moderate Yawn !,0.316,0.738,37,2
2024-11-27 18:49:32,Moderate Yawn !,0.331,0.756,37,2
2024-11-27 18:49:32,Moderate Yawn !,0.308,0.770,37,2
2024-11-27 18:49:32,Moderate Yawn !,0.294,0.719,37,2
2024-11-27 18:49:32,Moderate Yawn !,0.303,0.736,37,2
2024-11-27 18:49:32,Moderate Yawn !,0.322,0.706,37,2
2024-11-27 18:49:32,Mild Yawn,0.293,0.588,37,2
2024-11-27 18:49:32,Mild Yawn,0.316,0.460,37,2
2024-11-27 18:49:32,Mild Yawn,0.319,0.396,37,2
2024-11-27 18:49:33,Mild Yawn,0.303,0.385,37,2
2024-11-27 18:49:33,Mild Yawn,0.311,0.381,37,2
2024-11-27 18:49:33,Mild Yawn,0.312,0.405,37,2
2024-11-27 18:49:33,Mild Yawn,0.280,0.397,37,2
2024-11-27 18:49:33,Mild Yawn,0.303,0.372,37,2
2024-11-27 18:49:33,Mild Yawn,0.310,0.376,37,2
2024-11-27 18:49:33,Mild Yawn,0.296,0.376,37,2
2024-11-27 18:49:33,Mild Yawn,0.293,0.354,37,2
2024-11-27 18:49:33,Mild Yawn,0.309,0.355,37,2
2024-11-27 18:49:33,Mild Yawn,0.311,0.361,37,2
2024-11-27 18:49:33,Mild Yawn,0.320,0.378,37,2
2024-11-27 18:49:33,Mild Yawn,0.302,0.381,37,2
2024-11-27 18:49:33,Mild Yawn,0.260,0.375,37,2
2024-11-27 18:49:33,Mild Yawn,0.190,0.391,37,2
2024-11-27 18:49:33,Mild Yawn,0.165,0.405,37,2
2024-11-27 18:49:33,SLEEPING !!!,0.168,0.401,37,2
2024-11-27 18:49:33,SLEEPING !!!,0.197,0.434,37,2
2024-11-27 18:49:33,SLEEPING !!!,0.224,0.452,37,2
2024-11-27 18:49:33,SLEEPING !!!,0.229,0.452,37,2
2024-11-27 18:49:33,Mild Yawn,0.256,0.419,38,2
2024-11-27 18:49:33,Mild Yawn,0.268,0.474,38,2
2024-11-27 18:49:33,Mild Yawn,0.263,0.495,38,2
2024-11-27 18:49:33,Mild Yawn,0.263,0.507,38,2
2024-11-27 18:49:33,Mild Yawn,0.290,0.562,38,2
2024-11-27 18:49:33,Mild Yawn,0.268,0.560,38,2
2024-11-27 18:49:33,Moderate Yawn !,0.269,0.612,38,2
2024-11-27 18:49:33,Moderate Yawn !,0.264,0.652,38,2
2024-11-27 18:49:33,Moderate Yawn !,0.277,0.653,38,2
2024-11-27 18:49:33,Moderate Yawn !,0.278,0.627,38,2
2024-11-27 18:49:33,Moderate Yawn !,0.269,0.630,38,2
2024-11-27 18:49:34,Moderate Yawn !,0.282,0.647,38,2
2024-11-27 18:49:34,Moderate Yawn !,0.287,0.687,38,2
2024-11-27 18:49:34,Moderate Yawn !,0.268,0.681,38,2
2024-11-27 18:49:34,Moderate Yawn !,0.272,0.712,38,2
2024-11-27 18:49:34,Moderate Yawn !,0.287,0.636,38,2
2024-11-27 18:49:34,Moderate Yawn !,0.287,0.690,38,2
2024-11-27 18:49:34,Moderate Yawn !,0.287,0.640,38,2
2024-11-27 18:49:34,Moderate Yawn !,0.299,0.696,38,2
2024-11-27 18:49:34,Moderate Yawn !,0.294,0.644,38,2
2024-11-27 18:49:34,Moderate Yawn !,0.291,0.657,38,2
2024-11-27 18:49:34,Moderate Yawn !,0.302,0.668,38,2
2024-11-27 18:49:34,Moderate Yawn !,0.328,0.654,38,2
2024-11-27 18:49:34,Moderate Yawn !,0.302,0.641,38,2
2024-11-27 18:49:34,Moderate Yawn !,0.314,0.638,38,2
2024-11-27 18:49:34,Moderate Yawn !,0.302,0.680,38,2
2024-11-27 18:49:34,Moderate Yawn !,0.289,0.644,38,2
2024-11-27 18:49:34,Mild Yawn,0.298,0.596,38,2
2024-11-27 18:49:34,Moderate Yawn !,0.290,0.612,38,2
2024-11-27 18:49:34,Moderate Yawn !,0.240,0.606,38,2
2024-11-27 18:49:34,Mild Yawn,0.215,0.571,38,2
2024-11-27 18:49:34,SLEEPING !!!,0.195,0.541,38,2
2024-11-27 18:49:34,SLEEPING !!!,0.229,0.535,38,2
2024-11-27 18:49:34,SLEEPING !!!,0.245,0.521,38,2
2024-11-27 18:49:34,Mild Yawn,0.290,0.523,39,2
2024-11-27 18:49:34,Mild Yawn,0.304,0.559,39,2
2024-11-27 18:49:34,Mild Yawn,0.314,0.537,39,2
2024-11-27 18:49:34,Mild Yawn,0.314,0.515,39,2
2024-11-27 18:49:34,Mild Yawn,0.324,0.540,39,2
2024-11-27 18:49:34,Mild Yawn,0.327,0.544,39,2
2024-11-27 18:49:34,Mild Yawn,0.325,0.530,39,2
2024-11-27 18:49:35,Mild Yawn,0.339,0.525,39,2
2024-11-27 18:49:35,Mild Yawn,0.335,0.525,39,2
2024-11-27 18:49:35,Mild Yawn,0.346,0.503,39,2
2024-11-27 18:49:35,Mild Yawn,0.340,0.507,39,2
2024-11-27 18:49:35,Mild Yawn,0.322,0.489,39,2
2024-11-27 18:49:35,Mild Yawn,0.352,0.518,39,2
2024-11-27 18:49:35,Mild Yawn,0.319,0.489,39,2
2024-11-27 18:49:35,Mild Yawn,0.326,0.481,39,2
2024-11-27 18:49:35,Mild Yawn,0.335,0.492,39,2
2024-11-27 18:49:35,Mild Yawn,0.339,0.477,39,2
2024-11-27 18:49:35,Mild Yawn,0.333,0.474,39,2
2024-11-27 18:49:35,Mild Yawn,0.320,0.503,39,2
2024-11-27 18:49:35,Mild Yawn,0.328,0.537,39,2
2024-11-27 18:49:35,Mild Yawn,0.311,0.509,39,2
2024-11-27 18:49:35,Mild Yawn,0.327,0.491,39,2
2024-11-27 18:49:35,Mild Yawn,0.331,0.524,39,2
2024-11-27 18:49:35,Mild Yawn,0.312,0.513,39,2
2024-11-27 18:49:35,Mild Yawn,0.311,0.538,39,2
2024-11-27 18:49:35,Mild Yawn,0.330,0.483,39,2
2024-11-27 18:49:35,Mild Yawn,0.328,0.505,39,2
2024-11-27 18:49:35,Mild Yawn,0.337,0.511,39,2
2024-11-27 18:49:35,Mild Yawn,0.344,0.547,39,2
2024-11-27 18:49:35,Mild Yawn,0.304,0.516,39,2
2024-11-27 18:49:35,Mild Yawn,0.347,0.558,39,2
2024-11-27 18:49:35,Mild Yawn,0.333,0.530,39,2
2024-11-27 18:49:35,Mild Yawn,0.352,0.564,39,2
2024-11-27 18:49:35,Mild Yawn,0.324,0.550,39,2
2024-11-27 18:49:35,Mild Yawn,0.354,0.550,39,2
2024-11-27 18:49:35,Mild Yawn,0.360,0.560,39,2
2024-11-27 18:49:35,Mild Yawn,0.328,0.564,39,2
2024-11-27 18:49:36,Mild Yawn,0.344,0.577,39,2
2024-11-27 18:49:36,Mild Yawn,0.343,0.570,39,2
2024-11-27 18:49:36,Mild Yawn,0.350,0.582,39,2
2024-11-27 18:49:36,Mild Yawn,0.344,0.540,39,2
2024-11-27 18:49:36,Mild Yawn,0.335,0.558,39,2
2024-11-27 18:49:36,Mild Yawn,0.368,0.571,39,2
2024-11-27 18:49:36,Mild Yawn,0.356,0.513,39,2
2024-11-27 18:49:36,Mild Yawn,0.347,0.515,39,2
2024-11-27 18:49:36,Mild Yawn,0.333,0.487,39,2
2024-11-27 18:49:36,Mild Yawn,0.334,0.471,39,2
2024-11-27 18:49:36,Mild Yawn,0.331,0.412,39,2
2024-11-27 18:49:36,Mild Yawn,0.362,0.427,39,2
2024-11-27 18:49:36,Mild Yawn,0.340,0.404,39,2
2024-11-27 18:49:36,Mild Yawn,0.333,0.396,39,2
2024-11-27 18:49:36,Mild Yawn,0.349,0.351,39,2
2024-11-27 18:49:36,Mild Yawn,0.324,0.396,39,2
2024-11-27 18:49:36,Mild Yawn,0.327,0.381,39,2
2024-11-27 18:49:36,Mild Yawn,0.325,0.395,39,2
2024-11-27 18:49:36,Mild Yawn,0.349,0.401,39,2
2024-11-27 18:49:36,Mild Yawn,0.317,0.423,39,2
2024-11-27 18:49:36,Mild Yawn,0.332,0.433,39,2
2024-11-27 18:49:36,Mild Yawn,0.329,0.445,39,2
2024-11-27 18:49:36,Mild Yawn,0.329,0.431,39,2
2024-11-27 18:49:36,Mild Yawn,0.322,0.422,39,2
2024-11-27 18:49:36,Mild Yawn,0.335,0.488,39,2
2024-11-27 18:49:36,Mild Yawn,0.345,0.480,39,2
2024-11-27 18:49:36,Mild Yawn,0.309,0.476,39,2
2024-11-27 18:49:36,Mild Yawn,0.329,0.479,39,2
2024-11-27 18:49:36,Mild Yawn,0.325,0.496,39,2
2024-11-27 18:49:36,Mild Yawn,0.314,0.511,39,2
2024-11-27 18:49:37,Mild Yawn,0.334,0.573,39,2
2024-11-27 18:49:37,Mild Yawn,0.337,0.538,39,2
2024-11-27 18:49:37,Mild Yawn,0.316,0.576,39,2
2024-11-27 18:49:37,Mild Yawn,0.324,0.594,39,2
2024-11-27 18:49:37,Mild Yawn,0.332,0.566,39,2
2024-11-27 18:49:37,Moderate Yawn !,0.336,0.624,39,2
2024-11-27 18:49:37,Moderate Yawn !,0.334,0.633,39,2
2024-11-27 18:49:37,Moderate Yawn !,0.319,0.632,39,2
2024-11-27 18:49:37,Moderate Yawn !,0.303,0.646,39,2
2024-11-27 18:49:37,Moderate Yawn !,0.238,0.672,39,2
2024-11-27 18:49:37,Moderate Yawn !,0.168,0.688,39,2
2024-11-27 18:49:37,SLEEPING !!!,0.197,0.680,39,2
2024-11-27 18:49:37,SLEEPING !!!,0.138,0.684,39,2
2024-11-27 18:49:37,SLEEPING !!!,0.120,0.733,39,2
2024-11-27 18:49:37,SLEEPING !!!,0.185,0.670,39,2
2024-11-27 18:49:37,SLEEPING !!!,0.147,0.681,39,2
2024-11-27 18:49:37,SLEEPING !!!,0.186,0.679,39,2
2024-11-27 18:49:37,SLEEPING !!!,0.210,0.673,39,2
2024-11-27 18:49:37,Moderate Yawn !,0.252,0.697,40,2
2024-11-27 18:49:37,Moderate Yawn !,0.238,0.687,40,2
2024-11-27 18:49:37,Moderate Yawn !,0.260,0.672,40,2
2024-11-27 18:49:37,Moderate Yawn !,0.254,0.680,40,2
2024-11-27 18:49:37,Moderate Yawn !,0.248,0.670,40,2
2024-11-27 18:49:37,Moderate Yawn !,0.268,0.696,40,2
2024-11-27 18:49:37,Moderate Yawn !,0.294,0.707,40,2
2024-11-27 18:49:37,Moderate Yawn !,0.277,0.682,40,2
2024-11-27 18:49:37,Moderate Yawn !,0.298,0.715,40,2
2024-11-27 18:49:37,Moderate Yawn !,0.282,0.681,40,2
2024-11-27 18:49:37,Moderate Yawn !,0.301,0.713,40,2
2024-11-27 18:49:37,Moderate Yawn !,0.259,0.673,40,2
2024-11-27 18:49:37,Moderate Yawn !,0.277,0.704,40,2
2024-11-27 18:49:38,Moderate Yawn !,0.282,0.638,40,2
2024-11-27 18:49:38,Moderate Yawn !,0.287,0.717,40,2
2024-11-27 18:49:38,Moderate Yawn !,0.277,0.685,40,2
2024-11-27 18:49:38,Moderate Yawn !,0.296,0.721,40,2
2024-11-27 18:49:38,Moderate Yawn !,0.297,0.702,40,2
2024-11-27 18:49:38,Moderate Yawn !,0.314,0.736,40,2
2024-11-27 18:49:38,Moderate Yawn !,0.278,0.735,40,2
2024-11-27 18:49:38,Moderate Yawn !,0.304,0.737,40,2
2024-11-27 18:49:38,Moderate Yawn !,0.304,0.687,40,2
2024-11-27 18:49:38,Moderate Yawn !,0.300,0.676,40,2
2024-11-27 18:49:38,Moderate Yawn !,0.299,0.683,40,2
2024-11-27 18:49:38,Moderate Yawn !,0.279,0.649,40,2
2024-11-27 18:49:38,Moderate Yawn !,0.308,0.632,40,2
2024-11-27 18:49:38,Moderate Yawn !,0.294,0.689,40,2
2024-11-27 18:49:38,Moderate Yawn !,0.287,0.665,40,2
2024-11-27 18:49:38,Moderate Yawn !,0.312,0.708,40,2
2024-11-27 18:49:38,Moderate Yawn !,0.285,0.659,40,2
2024-11-27 18:49:38,Moderate Yawn !,0.268,0.670,40,2
2024-11-27 18:49:38,Moderate Yawn !,0.309,0.686,40,2
2024-11-27 18:49:38,Moderate Yawn !,0.323,0.693,40,2
2024-11-27 18:49:38,Moderate Yawn !,0.301,0.731,40,2
2024-11-27 18:49:38,Moderate Yawn !,0.318,0.688,40,2
2024-11-27 18:49:38,Moderate Yawn !,0.291,0.697,40,2
2024-11-27 18:49:38,Moderate Yawn !,0.312,0.682,40,2
2024-11-27 18:49:38,Moderate Yawn !,0.299,0.712,40,2
2024-11-27 18:49:38,Moderate Yawn !,0.291,0.712,40,2
2024-11-27 18:49:38,Moderate Yawn !,0.316,0.712,40,2
2024-11-27 18:49:38,Moderate Yawn !,0.282,0.672,40,2
2024-11-27 18:49:38,Moderate Yawn !,0.312,0.711,40,2
2024-11-27 18:49:38,Moderate Yawn !,0.298,0.725,40,2
2024-11-27 18:49:39,Moderate Yawn !,0.285,0.674,40,2
2024-11-27 18:49:39,Moderate Yawn !,0.298,0.680,40,2
2024-11-27 18:49:39,Moderate Yawn !,0.280,0.687,40,2
2024-11-27 18:49:39,Moderate Yawn !,0.317,0.718,40,2
2024-11-27 18:49:39,Moderate Yawn !,0.292,0.709,40,2
2024-11-27 18:49:39,Moderate Yawn !,0.283,0.688,40,2
2024-11-27 18:49:39,Moderate Yawn !,0.308,0.707,40,2
2024-11-27 18:49:39,Moderate Yawn !,0.309,0.694,40,2
2024-11-27 18:49:39,Moderate Yawn !,0.273,0.658,40,2
2024-11-27 18:49:39,Moderate Yawn !,0.295,0.652,40,2
2024-11-27 18:49:39,Moderate Yawn !,0.312,0.643,40,2
2024-11-27 18:49:39,Moderate Yawn !,0.319,0.664,40,2
2024-11-27 18:49:39,Moderate Yawn !,0.293,0.613,40,2
2024-11-27 18:49:39,Moderate Yawn !,0.287,0.613,40,2
2024-11-27 18:49:39,Moderate Yawn !,0.314,0.643,40,2
2024-11-27 18:49:39,Moderate Yawn !,0.309,0.643,40,2
2024-11-27 18:49:39,Moderate Yawn !,0.320,0.700,40,2
2024-11-27 18:49:39,Moderate Yawn !,0.330,0.719,40,2
2024-11-27 18:49:39,Severe Yawn !!!,0.310,0.804,40,2
2024-11-27 18:49:39,Moderate Yawn !,0.308,0.795,40,2
2024-11-27 18:49:39,Moderate Yawn !,0.319,0.773,40,2
2024-11-27 18:49:39,Moderate Yawn !,0.313,0.777,40,2
2024-11-27 18:49:39,Severe Yawn !!!,0.299,0.810,40,2
2024-11-27 18:49:39,Severe Yawn !!!,0.305,0.804,40,2
2024-11-27 18:49:39,Severe Yawn !!!,0.301,0.800,40,2
2024-11-27 18:49:39,Severe Yawn !!!,0.329,0.812,40,2
2024-11-27 18:49:39,Severe Yawn !!!,0.324,0.833,40,2
2024-11-27 18:49:39,Severe Yawn !!!,0.325,0.811,40,2
2024-11-27 18:49:39,Severe Yawn !!!,0.323,0.857,40,2
2024-11-27 18:49:39,Severe Yawn !!!,0.310,0.803,40,2
2024-11-27 18:49:40,Severe Yawn !!!,0.310,0.813,40,2
2024-11-27 18:49:40,Severe Yawn !!!,0.292,0.821,40,2
2024-11-27 18:49:40,Severe Yawn !!!,0.302,0.811,40,2
2024-11-27 18:49:40,Severe Yawn !!!,0.312,0.822,40,2
2024-11-27 18:49:40,Moderate Yawn !,0.295,0.783,40,2
2024-11-27 18:49:40,Moderate Yawn !,0.288,0.799,40,2
2024-11-27 18:49:40,Severe Yawn !!!,0.287,0.824,40,2
2024-11-27 18:49:40,Severe Yawn !!!,0.307,0.811,40,2
2024-11-27 18:49:40,Severe Yawn !!!,0.288,0.803,40,2
2024-11-27 18:49:40,Severe Yawn !!!,0.282,0.813,40,2
2024-11-27 18:49:40,Severe Yawn !!!,0.293,0.820,40,2
2024-11-27 18:49:40,Severe Yawn !!!,0.295,0.825,40,2
2024-11-27 18:49:40,Severe Yawn !!!,0.314,0.836,40,2
2024-11-27 18:49:40,Severe Yawn !!!,0.310,0.844,40,2
2024-11-27 18:49:40,Severe Yawn !!!,0.309,0.838,40,2
2024-11-27 18:49:40,Moderate Yawn !,0.292,0.798,40,2
2024-11-27 18:49:40,Moderate Yawn !,0.292,0.786,40,2
2024-11-27 18:49:40,Severe Yawn !!!,0.302,0.820,40,2
2024-11-27 18:49:40,Severe Yawn !!!,0.311,0.853,40,2
2024-11-27 18:49:40,Severe Yawn !!!,0.264,0.811,40,2
2024-11-27 18:49:40,Severe Yawn !!!,0.292,0.859,40,2
2024-11-27 18:49:40,Severe Yawn !!!,0.301,0.859,40,2
2024-11-27 18:49:40,Severe Yawn !!!,0.264,0.824,40,2
2024-11-27 18:49:40,Severe Yawn !!!,0.310,0.865,40,2
2024-11-27 18:49:40,Severe Yawn !!!,0.314,0.869,40,2
2024-11-27 18:49:40,Severe Yawn !!!,0.291,0.905,40,2
2024-11-27 18:49:40,Severe Yawn !!!,0.282,0.832,40,2
2024-11-27 18:49:40,Severe Yawn !!!,0.311,0.815,40,2
2024-11-27 18:49:40,Moderate Yawn !,0.222,0.748,40,2
2024-11-27 18:49:40,Moderate Yawn !,0.167,0.795,40,2
2024-11-27 18:49:41,SLEEPING !!!,0.141,0.791,40,2
2024-11-27 18:49:41,SLEEPING !!!,0.134,0.730,40,2
2024-11-27 18:49:41,SLEEPING !!!,0.158,0.787,40,2
2024-11-27 18:49:41,SLEEPING !!!,0.155,0.767,40,2
2024-11-27 18:49:41,SLEEPING !!!,0.148,0.791,40,2
2024-11-27 18:49:41,SLEEPING !!!,0.183,0.773,40,2
2024-11-27 18:49:41,SLEEPING !!!,0.169,0.738,40,2
2024-11-27 18:49:41,SLEEPING !!!,0.195,0.769,40,2
2024-11-27 18:49:41,SLEEPING !!!,0.195,0.767,40,2
2024-11-27 18:49:41,SLEEPING !!!,0.172,0.761,40,2
2024-11-27 18:49:41,SLEEPING !!!,0.143,0.789,40,2
2024-11-27 18:49:41,SLEEPING !!!,0.140,0.758,40,2
2024-11-27 18:49:41,SLEEPING !!!,0.145,0.797,40,2
2024-11-27 18:49:41,SLEEPING !!!,0.124,0.771,40,2
2024-11-27 18:49:41,SLEEPING !!!,0.147,0.749,40,2
2024-11-27 18:49:41,SLEEPING !!!,0.154,0.772,40,2
2024-11-27 18:49:41,SLEEPING !!!,0.115,0.767,40,2
2024-11-27 18:49:41,SLEEPING !!!,0.155,0.761,40,2
2024-11-27 18:49:41,SLEEPING !!!,0.160,0.765,40,2
2024-11-27 18:49:41,SLEEPING !!!,0.125,0.734,40,2
2024-11-27 18:49:41,SLEEPING !!!,0.162,0.767,40,2
2024-11-27 18:49:41,SLEEPING !!!,0.151,0.802,40,2
2024-11-27 18:49:41,SLEEPING !!!,0.169,0.760,40,2
2024-11-27 18:49:41,SLEEPING !!!,0.158,0.716,40,2
2024-11-27 18:49:41,SLEEPING !!!,0.161,0.734,40,2
2024-11-27 18:49:41,SLEEPING !!!,0.158,0.690,40,2
2024-11-27 18:49:41,SLEEPING !!!,0.158,0.707,40,2
2024-11-27 18:49:41,SLEEPING !!!,0.153,0.753,40,2
2024-11-27 18:49:41,SLEEPING !!!,0.183,0.738,40,2
2024-11-27 18:49:42,SLEEPING !!!,0.181,0.744,40,2
2024-11-27 18:49:42,SLEEPING !!!,0.164,0.710,40,2
2024-11-27 18:49:42,SLEEPING !!!,0.180,0.712,40,2
2024-11-27 18:49:42,SLEEPING !!!,0.196,0.755,40,2
2024-11-27 18:49:42,SLEEPING !!!,0.203,0.730,40,2
2024-11-27 18:49:42,SLEEPING !!!,0.222,0.791,40,2
2024-11-27 18:49:42,SLEEPING !!!,0.203,0.758,40,2
2024-11-27 18:49:42,SLEEPING !!!,0.203,0.762,40,2
2024-11-27 18:49:42,SLEEPING !!!,0.190,0.788,40,2
2024-11-27 18:49:42,SLEEPING !!!,0.190,0.755,40,2
2024-11-27 18:49:42,SLEEPING !!!,0.243,0.761,40,2
2024-11-27 18:49:42,SLEEPING !!!,0.245,0.771,40,2
2024-11-27 18:49:42,Moderate Yawn !,0.271,0.756,41,2
2024-11-27 18:49:42,Moderate Yawn !,0.268,0.761,41,2
2024-11-27 18:49:42,Moderate Yawn !,0.299,0.786,41,2
2024-11-27 18:49:42,Moderate Yawn !,0.308,0.783,41,2
2024-11-27 18:49:42,Moderate Yawn !,0.329,0.744,41,2
2024-11-27 18:49:42,Moderate Yawn !,0.341,0.783,41,2
2024-11-27 18:49:42,Moderate Yawn !,0.356,0.729,41,2
2024-11-27 18:49:42,Moderate Yawn !,0.261,0.712,41,2
2024-11-27 18:49:42,Moderate Yawn !,0.124,0.714,41,2
2024-11-27 18:49:42,Moderate Yawn !,0.137,0.717,41,2
2024-11-27 18:49:42,SLEEPING !!!,0.137,0.685,41,2
2024-11-27 18:49:42,SLEEPING !!!,0.132,0.706,41,2
2024-11-27 18:49:42,SLEEPING !!!,0.224,0.724,41,2
2024-11-27 18:49:42,SLEEPING !!!,0.204,0.706,41,2
2024-11-27 18:49:42,SLEEPING !!!,0.164,0.753,41,2
2024-11-27 18:49:42,SLEEPING !!!,0.189,0.723,41,2
2024-11-27 18:49:42,SLEEPING !!!,0.137,0.758,41,2
2024-11-27 18:49:42,SLEEPING !!!,0.131,0.734,41,2
2024-11-27 18:49:42,SLEEPING !!!,0.118,0.730,41,2
2024-11-27 18:49:43,SLEEPING !!!,0.135,0.769,41,2
2024-11-27 18:49:43,SLEEPING !!!,0.156,0.756,41,2
2024-11-27 18:49:43,SLEEPING !!!,0.165,0.754,41,2
2024-11-27 18:49:43,SLEEPING !!!,0.151,0.781,41,2
2024-11-27 18:49:43,SLEEPING !!!,0.149,0.778,41,2
2024-11-27 18:49:43,SLEEPING !!!,0.175,0.779,41,2
2024-11-27 18:49:43,SLEEPING !!!,0.150,0.751,41,2
2024-11-27 18:49:43,SLEEPING !!!,0.165,0.772,41,2
2024-11-27 18:49:43,SLEEPING !!!,0.170,0.775,41,2
2024-11-27 18:49:43,SLEEPING !!!,0.172,0.790,41,2
2024-11-27 18:49:43,SLEEPING !!!,0.183,0.730,41,2
2024-11-27 18:49:43,SLEEPING !!!,0.189,0.755,41,2
2024-11-27 18:49:43,SLEEPING !!!,0.155,0.754,41,2
2024-11-27 18:49:43,SLEEPING !!!,0.150,0.769,41,2
2024-11-27 18:49:43,SLEEPING !!!,0.176,0.778,41,2
2024-11-27 18:49:43,SLEEPING !!!,0.155,0.758,41,2
2024-11-27 18:49:43,SLEEPING !!!,0.166,0.775,41,2
2024-11-27 18:49:43,SLEEPING !!!,0.165,0.776,41,2
2024-11-27 18:49:43,SLEEPING !!!,0.212,0.788,41,2
2024-11-27 18:49:43,SLEEPING !!!,0.229,0.839,41,2
2024-11-27 18:49:43,Severe Yawn !!!,0.280,0.808,42,2
2024-11-27 18:49:43,Severe Yawn !!!,0.303,0.811,42,2
2024-11-27 18:49:43,Severe Yawn !!!,0.303,0.865,42,2
2024-11-27 18:49:43,Severe Yawn !!!,0.302,0.864,42,2
2024-11-27 18:49:43,Severe Yawn !!!,0.309,0.869,42,2
2024-11-27 18:49:43,Severe Yawn !!!,0.296,0.868,42,2
2024-11-27 18:49:43,Severe Yawn !!!,0.316,0.849,42,2
2024-11-27 18:49:43,Severe Yawn !!!,0.323,0.823,42,2
2024-11-27 18:49:43,Moderate Yawn !,0.329,0.791,42,2
2024-11-27 18:49:43,Severe Yawn !!!,0.313,0.854,42,2
2024-11-27 18:49:44,Moderate Yawn !,0.323,0.760,42,2
2024-11-27 18:49:44,Moderate Yawn !,0.326,0.764,42,2
2024-11-27 18:49:44,Moderate Yawn !,0.331,0.765,42,2
2024-11-27 18:49:44,Severe Yawn !!!,0.338,0.806,42,2
2024-11-27 18:49:44,Moderate Yawn !,0.334,0.794,42,2
2024-11-27 18:49:44,Severe Yawn !!!,0.358,0.818,42,2
2024-11-27 18:49:44,Severe Yawn !!!,0.364,0.814,42,2
2024-11-27 18:49:44,Severe Yawn !!!,0.350,0.810,42,2
2024-11-27 18:49:44,Severe Yawn !!!,0.323,0.844,42,2
2024-11-27 18:49:44,Moderate Yawn !,0.337,0.787,42,2
2024-11-27 18:49:44,Moderate Yawn !,0.340,0.770,42,2
2024-11-27 18:49:44,Moderate Yawn !,0.328,0.665,42,2
2024-11-27 18:49:44,Mild Yawn,0.317,0.560,42,2
2024-11-27 18:49:44,Mild Yawn,0.328,0.463,42,2
2024-11-27 18:49:44,Mild Yawn,0.304,0.426,42,2
2024-11-27 18:49:44,Mild Yawn,0.299,0.401,42,2
2024-11-27 18:49:44,Mild Yawn,0.222,0.387,42,2
2024-11-27 18:49:44,Mild Yawn,0.237,0.425,42,2
2024-11-27 18:49:44,Mild Yawn,0.256,0.427,42,2
2024-11-27 18:49:44,Mild Yawn,0.245,0.409,42,2
2024-11-27 18:49:44,Mild Yawn,0.270,0.387,42,2
2024-11-27 18:49:44,Mild Yawn,0.279,0.390,42,2
2024-11-27 18:49:44,Mild Yawn,0.264,0.400,42,2
2024-11-27 18:49:44,Mild Yawn,0.240,0.416,42,2
2024-11-27 18:49:44,Mild Yawn,0.256,0.400,42,2
2024-11-27 18:49:44,Mild Yawn,0.238,0.402,42,2
2024-11-27 18:49:44,Mild Yawn,0.257,0.417,42,2
2024-11-27 18:49:44,Mild Yawn,0.255,0.403,42,2
2024-11-27 18:49:44,Mild Yawn,0.213,0.378,42,2
2024-11-27 18:49:45,Mild Yawn,0.188,0.402,42,2
2024-11-27 18:49:45,SLEEPING !!!,0.162,0.427,42,2
2024-11-27 18:49:45,SLEEPING !!!,0.158,0.402,42,2
2024-11-27 18:49:45,SLEEPING !!!,0.168,0.398,42,2
2024-11-27 18:49:45,SLEEPING !!!,0.170,0.420,42,2
2024-11-27 18:49:45,SLEEPING !!!,0.198,0.428,42,2
2024-11-27 18:49:45,SLEEPING !!!,0.197,0.409,42,2
2024-11-27 18:49:45,SLEEPING !!!,0.231,0.408,42,2
2024-11-27 18:49:45,Mild Yawn,0.255,0.396,43,2
2024-11-27 18:49:45,Mild Yawn,0.241,0.404,43,2
2024-11-27 18:49:45,Mild Yawn,0.226,0.413,43,2
2024-11-27 18:49:45,SLEEPING !!!,0.236,0.413,43,2
2024-11-27 18:49:45,Mild Yawn,0.255,0.411,44,2
2024-11-27 18:49:45,Mild Yawn,0.256,0.415,44,2
2024-11-27 18:49:45,Mild Yawn,0.246,0.409,44,2
2024-11-27 18:49:45,Mild Yawn,0.227,0.420,44,2
2024-11-27 18:49:45,SLEEPING !!!,0.219,0.415,44,2
2024-11-27 18:49:45,SLEEPING !!!,0.211,0.407,44,2
2024-11-27 18:49:45,SLEEPING !!!,0.242,0.420,44,2
2024-11-27 18:49:45,SLEEPING !!!,0.229,0.423,44,2
2024-11-27 18:49:45,SLEEPING !!!,0.246,0.417,44,2
2024-11-27 18:49:45,SLEEPING !!!,0.237,0.407,44,2
2024-11-27 18:49:45,SLEEPING !!!,0.224,0.407,44,2
2024-11-27 18:49:45,SLEEPING !!!,0.241,0.423,44,2
2024-11-27 18:49:45,SLEEPING !!!,0.232,0.393,44,2
2024-11-27 18:49:45,Mild Yawn,0.259,0.412,45,2
2024-11-27 18:49:45,Mild Yawn,0.242,0.426,45,2
2024-11-27 18:49:45,Mild Yawn,0.256,0.423,45,2
2024-11-27 18:49:45,Mild Yawn,0.246,0.410,45,2
2024-11-27 18:49:45,Mild Yawn,0.251,0.424,45,2
2024-11-27 18:49:46,Mild Yawn,0.216,0.420,45,2
2024-11-27 18:49:46,Mild Yawn,0.233,0.432,45,2
2024-11-27 18:49:46,Mild Yawn,0.266,0.417,45,2
2024-11-27 18:49:46,Mild Yawn,0.251,0.420,45,2
2024-11-27 18:49:46,Mild Yawn,0.259,0.423,45,2
2024-11-27 18:49:46,Mild Yawn,0.221,0.428,45,2
2024-11-27 18:49:46,Mild Yawn,0.246,0.426,45,2
2024-11-27 18:49:46,SLEEPING !!!,0.242,0.428,45,2
2024-11-27 18:49:46,Mild Yawn,0.251,0.423,46,2
2024-11-27 18:49:46,Mild Yawn,0.251,0.416,46,2
2024-11-27 18:49:46,Mild Yawn,0.224,0.426,46,2
2024-11-27 18:49:46,Mild Yawn,0.251,0.446,46,2
2024-11-27 18:49:46,Mild Yawn,0.277,0.448,46,2
2024-11-27 18:49:46,Mild Yawn,0.260,0.430,46,2
2024-11-27 18:49:46,Mild Yawn,0.250,0.421,46,2
2024-11-27 18:49:46,Mild Yawn,0.273,0.423,46,2
2024-11-27 18:49:46,Mild Yawn,0.270,0.427,46,2
2024-11-27 18:49:46,Mild Yawn,0.298,0.416,46,2
2024-11-27 18:49:46,Mild Yawn,0.255,0.419,46,2
2024-11-27 18:49:46,Mild Yawn,0.270,0.440,46,2
2024-11-27 18:49:46,Mild Yawn,0.264,0.412,46,2
2024-11-27 18:49:46,Mild Yawn,0.260,0.411,46,2
2024-11-27 18:49:46,Mild Yawn,0.282,0.395,46,2
2024-11-27 18:49:46,Mild Yawn,0.240,0.406,46,2
2024-11-27 18:49:46,Mild Yawn,0.247,0.419,46,2
2024-11-27 18:49:46,SLEEPING !!!,0.237,0.423,46,2
2024-11-27 18:49:46,Mild Yawn,0.276,0.416,47,2
2024-11-27 18:49:46,Mild Yawn,0.260,0.419,47,2
2024-11-27 18:49:46,Mild Yawn,0.273,0.419,47,2
2024-11-27 18:49:47,Mild Yawn,0.268,0.419,47,2
2024-11-27 18:49:47,Mild Yawn,0.256,0.423,47,2
2024-11-27 18:49:47,Mild Yawn,0.264,0.396,47,2
2024-11-27 18:49:47,Mild Yawn,0.276,0.384,47,2
2024-11-27 18:49:47,Mild Yawn,0.265,0.380,47,2
2024-11-27 18:49:47,Mild Yawn,0.268,0.401,47,2
2024-11-27 18:49:47,Mild Yawn,0.247,0.403,47,2
2024-11-27 18:49:47,Mild Yawn,0.278,0.412,47,2
2024-11-27 18:49:47,Mild Yawn,0.272,0.387,47,2
2024-11-27 18:49:47,Mild Yawn,0.264,0.395,47,2
2024-11-27 18:49:47,Mild Yawn,0.284,0.437,47,2
2024-11-27 18:49:47,Mild Yawn,0.280,0.405,47,2
2024-11-27 18:49:47,Mild Yawn,0.269,0.404,47,2
2024-11-27 18:49:47,Mild Yawn,0.256,0.408,47,2
2024-11-27 18:49:47,Mild Yawn,0.291,0.390,47,2
2024-11-27 18:49:47,Mild Yawn,0.250,0.398,47,2
2024-11-27 18:49:47,Mild Yawn,0.260,0.407,47,2
2024-11-27 18:49:47,Mild Yawn,0.255,0.419,47,2
2024-11-27 18:49:47,Mild Yawn,0.279,0.405,47,2
2024-11-27 18:49:47,Mild Yawn,0.246,0.385,47,2
2024-11-27 18:49:47,Mild Yawn,0.269,0.401,47,2
2024-11-27 18:49:47,Mild Yawn,0.241,0.394,47,2
2024-11-27 18:49:47,Mild Yawn,0.266,0.405,47,2
2024-11-27 18:49:47,Mild Yawn,0.297,0.405,47,2
2024-11-27 18:49:47,Mild Yawn,0.278,0.390,47,2
2024-11-27 18:49:47,Mild Yawn,0.297,0.394,47,2
2024-11-27 18:49:47,Mild Yawn,0.270,0.385,47,2
2024-11-27 18:49:47,Mild Yawn,0.277,0.404,47,2
2024-11-27 18:49:47,Mild Yawn,0.284,0.407,47,2
2024-11-27 18:49:47,Mild Yawn,0.256,0.395,47,2
2024-11-27 18:49:47,Mild Yawn,0.287,0.413,47,2
2024-11-27 18:49:48,Mild Yawn,0.298,0.410,47,2
2024-11-27 18:49:48,Mild Yawn,0.295,0.420,47,2
2024-11-27 18:49:48,Mild Yawn,0.246,0.380,47,2
2024-11-27 18:49:48,Mild Yawn,0.298,0.439,47,2
2024-11-27 18:49:48,Mild Yawn,0.305,0.410,47,2
2024-11-27 18:49:48,Mild Yawn,0.278,0.422,47,2
2024-11-27 18:49:48,Mild Yawn,0.272,0.428,47,2
2024-11-27 18:49:48,Mild Yawn,0.255,0.383,47,2
2024-11-27 18:49:48,Mild Yawn,0.261,0.430,47,2
2024-11-27 18:49:48,Mild Yawn,0.241,0.394,47,2
2024-11-27 18:49:48,Mild Yawn,0.241,0.380,47,2
2024-11-27 18:49:48,SLEEPING !!!,0.241,0.377,47,2
2024-11-27 18:49:48,SLEEPING !!!,0.232,0.388,47,2
2024-11-27 18:49:48,Mild Yawn,0.260,0.388,48,2
2024-11-27 18:49:48,Mild Yawn,0.252,0.401,48,2
2024-11-27 18:49:48,Mild Yawn,0.256,0.408,48,2
2024-11-27 18:49:48,Mild Yawn,0.289,0.424,48,2
2024-11-27 18:49:48,Mild Yawn,0.246,0.403,48,2
2024-11-27 18:49:48,Mild Yawn,0.256,0.434,48,2
2024-11-27 18:49:48,Mild Yawn,0.256,0.408,48,2
2024-11-27 18:49:48,Mild Yawn,0.252,0.445,48,2
2024-11-27 18:49:48,Mild Yawn,0.257,0.394,48,2
2024-11-27 18:49:48,Mild Yawn,0.282,0.412,48,2
2024-11-27 18:49:48,Mild Yawn,0.265,0.437,48,2
2024-11-27 18:49:48,Mild Yawn,0.283,0.438,48,2
2024-11-27 18:49:48,Mild Yawn,0.274,0.442,48,2
2024-11-27 18:49:48,Mild Yawn,0.261,0.433,48,2
2024-11-27 18:49:48,Mild Yawn,0.279,0.406,48,2
2024-11-27 18:49:48,Mild Yawn,0.268,0.424,48,2
2024-11-27 18:49:48,Mild Yawn,0.278,0.423,48,2
2024-11-27 18:49:49,Mild Yawn,0.232,0.430,48,2
2024-11-27 18:49:49,Mild Yawn,0.177,0.438,48,2
2024-11-27 18:49:49,SLEEPING !!!,0.156,0.438,48,2
2024-11-27 18:49:49,SLEEPING !!!,0.147,0.427,48,2
2024-11-27 18:49:49,SLEEPING !!!,0.172,0.420,48,2
2024-11-27 18:49:49,SLEEPING !!!,0.132,0.439,48,2
2024-11-27 18:49:49,SLEEPING !!!,0.210,0.447,48,2
2024-11-27 18:49:49,SLEEPING !!!,0.193,0.433,48,2
2024-11-27 18:49:49,SLEEPING !!!,0.232,0.440,48,2
2024-11-27 18:49:49,SLEEPING !!!,0.222,0.415,48,2
2024-11-27 18:49:49,SLEEPING !!!,0.218,0.426,48,2
2024-11-27 18:49:49,Mild Yawn,0.255,0.441,49,2
2024-11-27 18:49:49,Mild Yawn,0.247,0.438,49,2
2024-11-27 18:49:49,Mild Yawn,0.255,0.427,49,2
2024-11-27 18:49:49,Mild Yawn,0.246,0.430,49,2
2024-11-27 18:49:49,Mild Yawn,0.260,0.430,49,2
2024-11-27 18:49:49,Mild Yawn,0.270,0.423,49,2
2024-11-27 18:49:49,Mild Yawn,0.251,0.412,49,2
2024-11-27 18:49:49,Mild Yawn,0.260,0.430,49,2
2024-11-27 18:49:49,Mild Yawn,0.259,0.420,49,2
2024-11-27 18:49:49,Mild Yawn,0.260,0.427,49,2
2024-11-27 18:49:49,Mild Yawn,0.243,0.438,49,2
2024-11-27 18:49:49,Mild Yawn,0.252,0.433,49,2
2024-11-27 18:49:49,Mild Yawn,0.257,0.427,49,2
2024-11-27 18:49:49,Mild Yawn,0.288,0.427,49,2
2024-11-27 18:49:49,Mild Yawn,0.270,0.448,49,2
2024-11-27 18:49:49,Mild Yawn,0.278,0.419,49,2
2024-11-27 18:49:49,Mild Yawn,0.259,0.430,49,2
2024-11-27 18:49:49,Mild Yawn,0.232,0.433,49,2
2024-11-27 18:49:49,Mild Yawn,0.271,0.438,49,2
2024-11-27 18:49:50,Mild Yawn,0.267,0.427,49,2
2024-11-27 18:49:50,Mild Yawn,0.290,0.431,49,2
2024-11-27 18:49:50,Mild Yawn,0.274,0.432,49,2
2024-11-27 18:49:50,Mild Yawn,0.273,0.423,49,2
2024-11-27 18:49:50,Mild Yawn,0.264,0.430,49,2
2024-11-27 18:49:50,Mild Yawn,0.256,0.433,49,2
2024-11-27 18:49:50,Mild Yawn,0.255,0.441,49,2
2024-11-27 18:49:50,Mild Yawn,0.264,0.441,49,2
2024-11-27 18:49:50,Mild Yawn,0.249,0.430,49,2
2024-11-27 18:49:50,Mild Yawn,0.242,0.423,49,2
2024-11-27 18:49:50,SLEEPING !!!,0.247,0.401,49,2
2024-11-27 18:49:50,Mild Yawn,0.251,0.429,50,2
2024-11-27 18:49:50,Mild Yawn,0.255,0.438,50,2
2024-11-27 18:49:50,Mild Yawn,0.261,0.423,50,2
2024-11-27 18:49:50,Mild Yawn,0.259,0.434,50,2
2024-11-27 18:49:50,Mild Yawn,0.247,0.423,50,2
2024-11-27 18:49:50,Mild Yawn,0.249,0.423,50,2
2024-11-27 18:49:50,Mild Yawn,0.251,0.448,50,2
2024-11-27 18:49:50,Mild Yawn,0.263,0.416,50,2
2024-11-27 18:49:50,Mild Yawn,0.264,0.431,50,2
2024-11-27 18:49:50,Mild Yawn,0.255,0.433,50,2
2024-11-27 18:49:50,Mild Yawn,0.260,0.441,50,2
2024-11-27 18:49:50,Mild Yawn,0.279,0.417,50,2
2024-11-27 18:49:50,Mild Yawn,0.286,0.416,50,2
2024-11-27 18:49:50,Mild Yawn,0.259,0.419,50,2
2024-11-27 18:49:50,Mild Yawn,0.269,0.416,50,2
2024-11-27 18:49:50,Mild Yawn,0.268,0.398,50,2
2024-11-27 18:49:50,Mild Yawn,0.263,0.402,50,2
2024-11-27 18:49:50,Mild Yawn,0.264,0.419,50,2
2024-11-27 18:49:50,Mild Yawn,0.282,0.406,50,2
2024-11-27 18:49:50,Mild Yawn,0.282,0.427,50,2
2024-11-27 18:49:51,Mild Yawn,0.269,0.396,50,2
2024-11-27 18:49:51,Mild Yawn,0.277,0.427,50,2
2024-11-27 18:49:51,Mild Yawn,0.282,0.421,50,2
2024-11-27 18:49:51,Mild Yawn,0.291,0.423,50,2
2024-11-27 18:49:51,Mild Yawn,0.250,0.399,50,2
2024-11-27 18:49:51,Mild Yawn,0.297,0.421,50,2
2024-11-27 18:49:51,Mild Yawn,0.271,0.369,50,2
2024-11-27 18:49:51,Mild Yawn,0.285,0.419,50,2
2024-11-27 18:49:51,Mild Yawn,0.273,0.417,50,2
2024-11-27 18:49:51,Mild Yawn,0.251,0.441,50,2
2024-11-27 18:49:51,Mild Yawn,0.168,0.405,50,2
2024-11-27 18:49:51,Mild Yawn,0.194,0.415,50,2
2024-11-27 18:49:51,SLEEPING !!!,0.142,0.435,50,2
2024-11-27 18:49:51,SLEEPING !!!,0.129,0.451,50,2
2024-11-27 18:49:51,SLEEPING !!!,0.196,0.427,50,2
2024-11-27 18:49:51,SLEEPING !!!,0.163,0.444,50,2
2024-11-27 18:49:51,SLEEPING !!!,0.167,0.421,50,2
2024-11-27 18:49:51,SLEEPING !!!,0.108,0.416,50,2
2024-11-27 18:49:51,SLEEPING !!!,0.197,0.441,50,2
2024-11-27 18:49:51,SLEEPING !!!,0.171,0.431,50,2
2024-11-27 18:49:51,SLEEPING !!!,0.217,0.419,50,2
2024-11-27 18:49:51,SLEEPING !!!,0.241,0.416,50,2
2024-11-27 18:49:51,SLEEPING !!!,0.242,0.418,50,2
2024-11-27 18:49:51,SLEEPING !!!,0.233,0.423,50,2
2024-11-27 18:49:51,SLEEPING !!!,0.241,0.382,50,2
2024-11-27 18:49:51,SLEEPING !!!,0.228,0.414,50,2
2024-11-27 18:49:51,SLEEPING !!!,0.247,0.409,50,2
2024-11-27 18:49:51,SLEEPING !!!,0.229,0.416,50,2
2024-11-27 18:49:52,SLEEPING !!!,0.229,0.430,50,2
2024-11-27 18:49:52,Mild Yawn,0.261,0.417,51,2
2024-11-27 18:49:52,Mild Yawn,0.256,0.430,51,2
2024-11-27 18:49:52,Mild Yawn,0.257,0.416,51,2
2024-11-27 18:49:52,Mild Yawn,0.280,0.427,51,2
2024-11-27 18:49:52,Mild Yawn,0.238,0.426,51,2
2024-11-27 18:49:52,Mild Yawn,0.281,0.417,51,2
2024-11-27 18:49:52,Mild Yawn,0.264,0.426,51,2
2024-11-27 18:49:52,Mild Yawn,0.259,0.400,51,2
2024-11-27 18:49:52,Mild Yawn,0.281,0.409,51,2
2024-11-27 18:49:52,Mild Yawn,0.247,0.406,51,2
2024-11-27 18:49:52,Mild Yawn,0.277,0.438,51,2
2024-11-27 18:49:52,Mild Yawn,0.255,0.413,51,2
2024-11-27 18:49:52,Mild Yawn,0.273,0.419,51,2
2024-11-27 18:49:52,Mild Yawn,0.255,0.451,51,2
2024-11-27 18:49:52,Mild Yawn,0.256,0.419,51,2
2024-11-27 18:49:52,Mild Yawn,0.252,0.441,51,2
2024-11-27 18:49:52,Mild Yawn,0.251,0.432,51,2
2024-11-27 18:49:52,Mild Yawn,0.247,0.412,51,2
2024-11-27 18:49:52,Mild Yawn,0.259,0.423,51,2
2024-11-27 18:49:52,Mild Yawn,0.278,0.428,51,2
2024-11-27 18:49:52,Mild Yawn,0.282,0.402,51,2
2024-11-27 18:49:52,Mild Yawn,0.264,0.441,51,2
2024-11-27 18:49:52,Mild Yawn,0.258,0.404,51,2
2024-11-27 18:49:52,Mild Yawn,0.251,0.423,51,2
2024-11-27 18:49:52,Mild Yawn,0.248,0.437,51,2
2024-11-27 18:49:52,Mild Yawn,0.291,0.404,51,2
2024-11-27 18:49:52,Mild Yawn,0.281,0.420,51,2
2024-11-27 18:49:52,Mild Yawn,0.284,0.420,51,2
2024-11-27 18:49:52,Mild Yawn,0.256,0.419,51,2
2024-11-27 18:49:52,Mild Yawn,0.277,0.426,51,2
2024-11-27 18:49:52,Mild Yawn,0.237,0.434,51,2
2024-11-27 18:49:53,Mild Yawn,0.218,0.415,51,2
2024-11-27 18:49:53,SLEEPING !!!,0.187,0.423,51,2
2024-11-27 18:49:53,SLEEPING !!!,0.171,0.420,51,2
2024-11-27 18:49:53,SLEEPING !!!,0.165,0.421,51,2
2024-11-27 18:49:53,SLEEPING !!!,0.173,0.426,51,2
2024-11-27 18:49:53,SLEEPING !!!,0.186,0.432,51,2
2024-11-27 18:49:53,SLEEPING !!!,0.184,0.437,51,2
2024-11-27 18:49:53,SLEEPING !!!,0.213,0.426,51,2
2024-11-27 18:49:53,SLEEPING !!!,0.242,0.425,51,2
2024-11-27 18:49:53,SLEEPING !!!,0.208,0.422,51,2
2024-11-27 18:49:53,SLEEPING !!!,0.231,0.412,51,2
2024-11-27 18:49:53,SLEEPING !!!,0.233,0.401,51,2
2024-11-27 18:49:53,SLEEPING !!!,0.228,0.418,51,2
2024-11-27 18:49:53,SLEEPING !!!,0.246,0.415,51,2
2024-11-27 18:49:53,SLEEPING !!!,0.237,0.422,51,2
2024-11-27 18:49:53,SLEEPING !!!,0.246,0.419,51,2
2024-11-27 18:49:53,SLEEPING !!!,0.247,0.426,51,2
2024-11-27 18:49:53,Mild Yawn,0.265,0.432,52,2
2024-11-27 18:49:53,Mild Yawn,0.251,0.410,52,2
2024-11-27 18:49:53,Mild Yawn,0.260,0.412,52,2
2024-11-27 18:49:53,Mild Yawn,0.265,0.426,52,2
2024-11-27 18:49:53,Mild Yawn,0.242,0.435,52,2
2024-11-27 18:49:53,Mild Yawn,0.260,0.426,52,2
2024-11-27 18:49:53,Mild Yawn,0.260,0.422,52,2
2024-11-27 18:49:53,Mild Yawn,0.242,0.410,52,2
2024-11-27 18:49:53,Mild Yawn,0.237,0.396,52,2
2024-11-27 18:49:53,SLEEPING !!!,0.244,0.397,52,2
2024-11-27 18:49:53,Mild Yawn,0.255,0.422,53,2
2024-11-27 18:49:53,Mild Yawn,0.226,0.430,53,2
2024-11-27 18:49:53,Mild Yawn,0.283,0.428,53,2
2024-11-27 18:49:54,Mild Yawn,0.246,0.420,53,2
2024-11-27 18:49:54,Mild Yawn,0.264,0.428,53,2
2024-11-27 18:49:54,Mild Yawn,0.237,0.422,53,2
2024-11-27 18:49:54,Mild Yawn,0.231,0.441,53,2
2024-11-27 18:49:54,SLEEPING !!!,0.230,0.435,53,2
2024-11-27 18:49:54,SLEEPING !!!,0.219,0.398,53,2
2024-11-27 18:49:54,SLEEPING !!!,0.243,0.423,53,2
2024-11-27 18:49:54,SLEEPING !!!,0.222,0.416,53,2
2024-11-27 18:49:54,SLEEPING !!!,0.233,0.408,53,2
2024-11-27 18:49:54,SLEEPING !!!,0.225,0.401,53,2
2024-11-27 18:49:54,Mild Yawn,0.255,0.426,54,2
2024-11-27 18:49:54,Mild Yawn,0.220,0.421,54,2
2024-11-27 18:49:54,Mild Yawn,0.266,0.430,54,2
2024-11-27 18:49:54,Mild Yawn,0.263,0.415,54,2
2024-11-27 18:49:54,Mild Yawn,0.257,0.434,54,2
2024-11-27 18:49:54,Mild Yawn,0.232,0.420,54,2
2024-11-27 18:49:54,Mild Yawn,0.200,0.413,54,2
2024-11-27 18:49:54,SLEEPING !!!,0.165,0.416,54,2
2024-11-27 18:49:54,SLEEPING !!!,0.176,0.432,54,2
2024-11-27 18:49:54,SLEEPING !!!,0.137,0.434,54,2
2024-11-27 18:49:54,SLEEPING !!!,0.179,0.422,54,2
2024-11-27 18:49:54,SLEEPING !!!,0.191,0.419,54,2
2024-11-27 18:49:54,SLEEPING !!!,0.232,0.435,54,2
2024-11-27 18:49:54,SLEEPING !!!,0.187,0.433,54,2
2024-11-27 18:49:54,SLEEPING !!!,0.214,0.420,54,2
2024-11-27 18:49:54,SLEEPING !!!,0.237,0.420,54,2
2024-11-27 18:49:54,SLEEPING !!!,0.233,0.422,54,2
2024-11-27 18:49:54,Mild Yawn,0.251,0.420,55,2
2024-11-27 18:49:54,Mild Yawn,0.246,0.413,55,2
2024-11-27 18:49:54,Mild Yawn,0.255,0.441,55,2
2024-11-27 18:49:55,Mild Yawn,0.265,0.430,55,2
2024-11-27 18:49:55,Mild Yawn,0.241,0.409,55,2
2024-11-27 18:49:55,Mild Yawn,0.233,0.408,55,2
2024-11-27 18:49:55,Mild Yawn,0.258,0.416,55,2
2024-11-27 18:49:55,Mild Yawn,0.241,0.416,55,2
2024-11-27 18:49:55,Mild Yawn,0.265,0.401,55,2
2024-11-27 18:49:55,Mild Yawn,0.269,0.427,55,2
2024-11-27 18:49:55,Mild Yawn,0.260,0.412,55,2
2024-11-27 18:49:55,Mild Yawn,0.255,0.413,55,2
2024-11-27 18:49:55,Mild Yawn,0.265,0.413,55,2
2024-11-27 18:49:55,Mild Yawn,0.265,0.441,55,2
2024-11-27 18:49:55,Mild Yawn,0.243,0.411,55,2
2024-11-27 18:49:55,Mild Yawn,0.274,0.425,55,2
2024-11-27 18:49:55,Mild Yawn,0.270,0.417,55,2
2024-11-27 18:49:55,Mild Yawn,0.265,0.409,55,2
2024-11-27 18:49:55,Mild Yawn,0.251,0.419,55,2
2024-11-27 18:49:55,Mild Yawn,0.260,0.435,55,2
2024-11-27 18:49:55,Mild Yawn,0.246,0.411,55,2
2024-11-27 18:49:55,Mild Yawn,0.266,0.429,55,2
2024-11-27 18:49:55,Mild Yawn,0.256,0.423,55,2
2024-11-27 18:49:55,Mild Yawn,0.260,0.430,55,2
2024-11-27 18:49:55,Mild Yawn,0.237,0.423,55,2
2024-11-27 18:49:55,Mild Yawn,0.266,0.432,55,2
2024-11-27 18:49:55,Mild Yawn,0.270,0.413,55,2
2024-11-27 18:49:55,Mild Yawn,0.260,0.441,55,2
2024-11-27 18:49:55,Mild Yawn,0.281,0.447,55,2
2024-11-27 18:49:55,Mild Yawn,0.288,0.419,55,2
2024-11-27 18:49:55,Mild Yawn,0.255,0.419,55,2
2024-11-27 18:49:55,Mild Yawn,0.272,0.426,55,2
2024-11-27 18:49:55,Mild Yawn,0.282,0.420,55,2
2024-11-27 18:49:56,Mild Yawn,0.267,0.417,55,2
2024-11-27 18:49:56,Mild Yawn,0.256,0.431,55,2
2024-11-27 18:49:56,Mild Yawn,0.255,0.427,55,2
2024-11-27 18:49:56,Mild Yawn,0.257,0.423,55,2
2024-11-27 18:49:56,Mild Yawn,0.273,0.423,55,2
2024-11-27 18:49:56,Mild Yawn,0.260,0.426,55,2
2024-11-27 18:49:56,Mild Yawn,0.232,0.423,55,2
2024-11-27 18:49:56,Mild Yawn,0.260,0.436,55,2
2024-11-27 18:49:56,Mild Yawn,0.260,0.434,55,2
2024-11-27 18:49:56,Mild Yawn,0.261,0.421,55,2
2024-11-27 18:49:56,Mild Yawn,0.262,0.423,55,2
2024-11-27 18:49:56,Mild Yawn,0.226,0.424,55,2
2024-11-27 18:49:56,Mild Yawn,0.169,0.438,55,2
2024-11-27 18:49:56,SLEEPING !!!,0.165,0.450,55,2
2024-11-27 18:49:56,SLEEPING !!!,0.168,0.447,55,2
2024-11-27 18:49:56,SLEEPING !!!,0.128,0.448,55,2
2024-11-27 18:49:56,SLEEPING !!!,0.146,0.418,55,2
2024-11-27 18:49:56,SLEEPING !!!,0.151,0.419,55,2
2024-11-27 18:49:56,SLEEPING !!!,0.184,0.441,55,2
2024-11-27 18:49:56,SLEEPING !!!,0.180,0.425,55,2
2024-11-27 18:49:56,SLEEPING !!!,0.211,0.424,55,2
2024-11-27 18:49:56,SLEEPING !!!,0.196,0.419,55,2
2024-11-27 18:49:56,SLEEPING !!!,0.218,0.448,55,2
2024-11-27 18:49:56,SLEEPING !!!,0.236,0.430,55,2
2024-11-27 18:49:56,SLEEPING !!!,0.235,0.431,55,2
2024-11-27 18:49:56,SLEEPING !!!,0.231,0.427,55,2
2024-11-27 18:49:56,SLEEPING !!!,0.246,0.438,55,2
2024-11-27 18:49:56,SLEEPING !!!,0.231,0.441,55,2
2024-11-27 18:49:56,Mild Yawn,0.265,0.427,56,2
2024-11-27 18:49:57,Mild Yawn,0.251,0.436,56,2
2024-11-27 18:49:57,Mild Yawn,0.274,0.438,56,2
2024-11-27 18:49:57,Mild Yawn,0.283,0.420,56,2
2024-11-27 18:49:57,Mild Yawn,0.250,0.430,56,2
2024-11-27 18:49:57,Mild Yawn,0.265,0.433,56,2
2024-11-27 18:49:57,Mild Yawn,0.256,0.421,56,2
2024-11-27 18:49:57,Mild Yawn,0.265,0.425,56,2
2024-11-27 18:49:57,Mild Yawn,0.269,0.447,56,2
2024-11-27 18:49:57,Mild Yawn,0.251,0.432,56,2
2024-11-27 18:49:57,Mild Yawn,0.272,0.413,56,2
2024-11-27 18:49:57,Mild Yawn,0.254,0.435,56,2
2024-11-27 18:49:57,Mild Yawn,0.259,0.414,56,2
2024-11-27 18:49:57,Mild Yawn,0.272,0.438,56,2
2024-11-27 18:49:57,Mild Yawn,0.260,0.433,56,2
2024-11-27 18:49:57,Mild Yawn,0.264,0.438,56,2
2024-11-27 18:49:57,Mild Yawn,0.264,0.439,56,2
2024-11-27 18:49:57,Mild Yawn,0.265,0.443,56,2
2024-11-27 18:49:57,Mild Yawn,0.260,0.431,56,2
2024-11-27 18:49:57,Mild Yawn,0.261,0.441,56,2
2024-11-27 18:49:57,Mild Yawn,0.294,0.426,56,2
2024-11-27 18:49:57,Mild Yawn,0.267,0.453,56,2
2024-11-27 18:49:57,Mild Yawn,0.279,0.442,56,2
2024-11-27 18:49:57,Mild Yawn,0.283,0.444,56,2
2024-11-27 18:49:57,Mild Yawn,0.278,0.433,56,2
2024-11-27 18:49:57,Mild Yawn,0.259,0.442,56,2
2024-11-27 18:49:57,Mild Yawn,0.266,0.455,56,2
2024-11-27 18:49:57,Mild Yawn,0.246,0.453,56,2
2024-11-27 18:49:57,Mild Yawn,0.274,0.424,56,2
2024-11-27 18:49:57,Mild Yawn,0.275,0.430,56,2
2024-11-27 18:49:57,Mild Yawn,0.279,0.421,56,2
2024-11-27 18:49:57,Mild Yawn,0.260,0.422,56,2
2024-11-27 18:49:58,Mild Yawn,0.270,0.417,56,2
2024-11-27 18:49:58,Mild Yawn,0.265,0.433,56,2
2024-11-27 18:49:58,Mild Yawn,0.264,0.425,56,2
2024-11-27 18:49:58,Mild Yawn,0.251,0.394,56,2
2024-11-27 18:49:58,Mild Yawn,0.264,0.428,56,2
2024-11-27 18:49:58,Mild Yawn,0.241,0.428,56,2
2024-11-27 18:49:58,Mild Yawn,0.284,0.438,56,2
2024-11-27 18:49:58,Mild Yawn,0.284,0.430,56,2
2024-11-27 18:49:58,Mild Yawn,0.264,0.407,56,2
2024-11-27 18:49:58,Mild Yawn,0.286,0.417,56,2
2024-11-27 18:49:58,Mild Yawn,0.264,0.420,56,2
2024-11-27 18:49:58,Mild Yawn,0.256,0.423,56,2
2024-11-27 18:49:58,Mild Yawn,0.289,0.470,56,2
2024-11-27 18:49:58,Mild Yawn,0.269,0.416,56,2
2024-11-27 18:49:58,Mild Yawn,0.283,0.438,56,2
2024-11-27 18:49:58,Mild Yawn,0.272,0.447,56,2
2024-11-27 18:49:58,Mild Yawn,0.281,0.450,56,2
2024-11-27 18:49:58,Mild Yawn,0.263,0.430,56,2
2024-11-27 18:49:58,Mild Yawn,0.281,0.434,56,2
2024-11-27 18:49:58,Mild Yawn,0.296,0.562,56,2
2024-11-27 18:49:58,Mild Yawn,0.267,0.522,56,2
2024-11-27 18:49:58,Mild Yawn,0.254,0.465,56,2
2024-11-27 18:49:58,Mild Yawn,0.278,0.412,56,2
2024-11-27 18:49:58,Mild Yawn,0.267,0.425,56,2
2024-11-27 18:49:58,Mild Yawn,0.262,0.430,56,2
2024-11-27 18:49:58,Mild Yawn,0.271,0.433,56,2
2024-11-27 18:49:58,Mild Yawn,0.237,0.433,56,2
2024-11-27 18:49:58,Mild Yawn,0.290,0.409,56,2
2024-11-27 18:49:58,Mild Yawn,0.254,0.413,56,2
2024-11-27 18:49:58,Mild Yawn,0.250,0.412,56,2
2024-11-27 18:49:59,Mild Yawn,0.250,0.426,56,2
2024-11-27 18:49:59,Mild Yawn,0.255,0.400,56,2
2024-11-27 18:49:59,Mild Yawn,0.264,0.415,56,2
2024-11-27 18:49:59,Mild Yawn,0.246,0.410,56,2
2024-11-27 18:49:59,Mild Yawn,0.265,0.415,56,2
2024-11-27 18:49:59,Mild Yawn,0.270,0.409,56,2
2024-11-27 18:49:59,Mild Yawn,0.288,0.440,56,2
2024-11-27 18:49:59,Mild Yawn,0.283,0.414,56,2
2024-11-27 18:49:59,Mild Yawn,0.282,0.423,56,2
2024-11-27 18:49:59,Mild Yawn,0.287,0.403,56,2
2024-11-27 18:49:59,Mild Yawn,0.265,0.421,56,2
2024-11-27 18:49:59,Mild Yawn,0.265,0.413,56,2
2024-11-27 18:49:59,Mild Yawn,0.271,0.411,56,2
2024-11-27 18:49:59,Mild Yawn,0.277,0.414,56,2
2024-11-27 18:49:59,Mild Yawn,0.286,0.438,56,2
2024-11-27 18:49:59,Mild Yawn,0.274,0.417,56,2
2024-11-27 18:49:59,Mild Yawn,0.271,0.412,56,2
2024-11-27 18:49:59,Mild Yawn,0.310,0.427,56,2
2024-11-27 18:49:59,Mild Yawn,0.282,0.403,56,2
2024-11-27 18:49:59,Mild Yawn,0.286,0.420,56,2
2024-11-27 18:49:59,Mild Yawn,0.283,0.426,56,2
2024-11-27 18:49:59,Mild Yawn,0.286,0.423,56,2
2024-11-27 18:49:59,Mild Yawn,0.296,0.421,56,2
2024-11-27 18:49:59,Mild Yawn,0.285,0.418,56,2
2024-11-27 18:49:59,Mild Yawn,0.276,0.430,56,2
2024-11-27 18:49:59,Mild Yawn,0.266,0.415,56,2
2024-11-27 18:49:59,Mild Yawn,0.284,0.424,56,2
2024-11-27 18:49:59,Mild Yawn,0.272,0.445,56,2
2024-11-27 18:49:59,Mild Yawn,0.302,0.420,56,2
2024-11-27 18:49:59,Mild Yawn,0.300,0.415,56,2
2024-11-27 18:50:00,Mild Yawn,0.282,0.432,56,2
2024-11-27 18:50:00,Mild Yawn,0.240,0.425,56,2
2024-11-27 18:50:00,Mild Yawn,0.191,0.433,56,2
2024-11-27 18:50:00,SLEEPING !!!,0.152,0.425,56,2
2024-11-27 18:50:00,SLEEPING !!!,0.197,0.444,56,2
2024-11-27 18:50:00,SLEEPING !!!,0.186,0.437,56,2
2024-11-27 18:50:00,SLEEPING !!!,0.206,0.448,56,2
2024-11-27 18:50:00,SLEEPING !!!,0.218,0.423,56,2
2024-11-27 18:50:00,SLEEPING !!!,0.222,0.412,56,2
2024-11-27 18:50:00,SLEEPING !!!,0.208,0.417,56,2
2024-11-27 18:50:00,Mild Yawn,0.251,0.431,57,2
2024-11-27 18:50:00,Mild Yawn,0.243,0.432,57,2
2024-11-27 18:50:00,Mild Yawn,0.231,0.442,57,2
2024-11-27 18:50:00,SLEEPING !!!,0.227,0.424,57,2
2024-11-27 18:50:00,SLEEPING !!!,0.229,0.401,57,2
2024-11-27 18:50:00,SLEEPING !!!,0.239,0.416,57,2
2024-11-27 18:50:00,SLEEPING !!!,0.237,0.431,57,2
2024-11-27 18:50:00,SLEEPING !!!,0.229,0.424,57,2
2024-11-27 18:50:00,SLEEPING !!!,0.235,0.406,57,2
2024-11-27 18:50:00,SLEEPING !!!,0.243,0.408,57,2
2024-11-27 18:50:00,SLEEPING !!!,0.235,0.403,57,2
2024-11-27 18:50:00,SLEEPING !!!,0.210,0.391,57,2
2024-11-27 18:50:00,SLEEPING !!!,0.216,0.397,57,2
2024-11-27 18:50:00,Mild Yawn,0.250,0.428,58,2
2024-11-27 18:50:00,Mild Yawn,0.213,0.390,58,2
2024-11-27 18:50:00,Mild Yawn,0.239,0.404,58,2
2024-11-27 18:50:00,SLEEPING !!!,0.238,0.418,58,2
2024-11-27 18:50:00,SLEEPING !!!,0.247,0.439,58,2
2024-11-27 18:50:00,Mild Yawn,0.272,0.449,59,2
2024-11-27 18:50:00,Mild Yawn,0.205,0.421,59,2
2024-11-27 18:50:01,Mild Yawn,0.251,0.406,59,2
2024-11-27 18:50:01,Mild Yawn,0.219,0.411,59,2
2024-11-27 18:50:01,Mild Yawn,0.232,0.438,59,2
2024-11-27 18:50:01,SLEEPING !!!,0.228,0.413,59,2
2024-11-27 18:50:02,SLEEPING !!!,0.211,0.449,59,2
2024-11-27 18:50:02,SLEEPING !!!,0.238,0.434,59,2
2024-11-27 18:50:02,SLEEPING !!!,0.227,0.433,59,2
2024-11-27 18:50:02,Mild Yawn,0.258,0.423,60,2
2024-11-27 18:50:02,Mild Yawn,0.239,0.461,60,2
2024-11-27 18:50:02,Mild Yawn,0.243,0.458,60,2
2024-11-27 18:50:02,SLEEPING !!!,0.235,0.463,60,2
2024-11-27 18:50:02,SLEEPING !!!,0.242,0.407,60,2
2024-11-27 18:50:02,SLEEPING !!!,0.223,0.461,60,2
2024-11-27 18:50:02,SLEEPING !!!,0.229,0.449,60,2
2024-11-27 18:50:02,SLEEPING !!!,0.238,0.484,60,2
2024-11-27 18:50:02,SLEEPING !!!,0.243,0.438,60,2
2024-11-27 18:50:02,SLEEPING !!!,0.243,0.466,60,2
2024-11-27 18:50:02,SLEEPING !!!,0.217,0.434,60,2
2024-11-27 18:50:02,SLEEPING !!!,0.208,0.446,60,2
2024-11-27 18:50:02,SLEEPING !!!,0.210,0.456,60,2
2024-11-27 18:50:02,SLEEPING !!!,0.226,0.479,60,2
2024-11-27 18:50:02,SLEEPING !!!,0.240,0.487,60,2
2024-11-27 18:50:02,SLEEPING !!!,0.215,0.472,60,2
2024-11-27 18:50:03,Mild Yawn,0.251,0.445,61,2
2024-11-27 18:50:03,Mild Yawn,0.254,0.423,61,2
2024-11-27 18:50:03,Mild Yawn,0.244,0.440,61,2
2024-11-27 18:50:03,Mild Yawn,0.218,0.436,61,2
2024-11-27 18:50:03,Mild Yawn,0.259,0.465,61,2
2024-11-27 18:50:03,Mild Yawn,0.230,0.464,61,2
2024-11-27 18:50:03,Mild Yawn,0.245,0.452,61,2
2024-11-27 18:50:03,Mild Yawn,0.256,0.454,61,2
2024-11-27 18:50:03,Mild Yawn,0.244,0.460,61,2
2024-11-27 18:50:03,Mild Yawn,0.256,0.461,61,2
2024-11-27 18:50:04,Mild Yawn,0.264,0.493,61,2
2024-11-27 18:50:04,Mild Yawn,0.274,0.426,61,2
2024-11-27 18:50:04,Mild Yawn,0.270,0.438,61,2
2024-11-27 18:50:04,Mild Yawn,0.302,0.445,61,2
2024-11-27 18:50:04,Mild Yawn,0.298,0.454,61,2
2024-11-27 18:50:04,Mild Yawn,0.299,0.468,61,2
2024-11-27 18:50:04,Mild Yawn,0.297,0.421,61,2
2024-11-27 18:50:04,Mild Yawn,0.267,0.386,61,2
2024-11-27 18:50:05,Mild Yawn,0.300,0.407,61,2
2024-11-27 18:50:05,Mild Yawn,0.295,0.439,61,2
2024-11-27 18:50:05,Mild Yawn,0.319,0.406,61,2
2024-11-27 18:50:05,Mild Yawn,0.335,0.446,61,2
2024-11-27 18:50:05,Mild Yawn,0.313,0.427,61,2
2024-11-27 18:50:05,Mild Yawn,0.313,0.419,61,2
2024-11-27 18:50:05,Mild Yawn,0.298,0.392,61,2
2024-11-27 18:50:05,Mild Yawn,0.309,0.445,61,2
2024-11-27 18:50:05,Mild Yawn,0.329,0.435,61,2
2024-11-27 18:50:05,Mild Yawn,0.332,0.427,61,2
2024-11-27 18:50:05,Mild Yawn,0.339,0.436,61,2
2024-11-27 18:50:05,Mild Yawn,0.336,0.431,61,2
2024-11-27 18:50:05,Mild Yawn,0.341,0.449,61,2
2024-11-27 18:50:05,Mild Yawn,0.338,0.452,61,2
2024-11-27 18:50:05,Mild Yawn,0.340,0.465,61,2
2024-11-27 18:50:05,Mild Yawn,0.325,0.422,61,2
2024-11-27 18:50:05,Mild Yawn,0.347,0.427,61,2
2024-11-27 18:50:05,Mild Yawn,0.336,0.438,61,2
2024-11-27 18:50:05,Mild Yawn,0.295,0.457,61,2
2024-11-27 18:50:05,Mild Yawn,0.325,0.451,61,2
2024-11-27 18:50:05,Mild Yawn,0.327,0.452,61,2
2024-11-27 18:50:05,Mild Yawn,0.318,0.431,61,2
2024-11-27 18:50:05,Mild Yawn,0.347,0.461,61,2
2024-11-27 18:50:05,Mild Yawn,0.291,0.451,61,2
2024-11-27 18:50:05,Mild Yawn,0.313,0.433,61,2
2024-11-27 18:50:05,Mild Yawn,0.343,0.441,61,2
2024-11-27 18:50:05,Mild Yawn,0.330,0.464,61,2
2024-11-27 18:50:05,Mild Yawn,0.343,0.437,61,2
2024-11-27 18:50:05,Mild Yawn,0.354,0.461,61,2
2024-11-27 18:50:05,Mild Yawn,0.356,0.447,61,2
2024-11-27 18:50:06,Mild Yawn,0.334,0.463,61,2
2024-11-27 18:50:06,Mild Yawn,0.327,0.458,61,2
2024-11-27 18:50:06,Mild Yawn,0.336,0.455,61,2
2024-11-27 18:50:06,Mild Yawn,0.334,0.474,61,2
2024-11-27 18:50:06,Mild Yawn,0.343,0.478,61,2
2024-11-27 18:50:06,Mild Yawn,0.347,0.469,61,2
2024-11-27 18:50:06,Mild Yawn,0.330,0.465,61,2
2024-11-27 18:50:06,Mild Yawn,0.346,0.474,61,2
2024-11-27 18:50:06,Mild Yawn,0.336,0.475,61,2
2024-11-27 18:50:06,Mild Yawn,0.360,0.497,61,2
2024-11-27 18:50:06,Mild Yawn,0.330,0.489,61,2
2024-11-27 18:50:06,Mild Yawn,0.337,0.495,61,2
2024-11-27 18:50:06,Mild Yawn,0.331,0.514,61,2
2024-11-27 18:50:06,Mild Yawn,0.342,0.516,61,2
2024-11-27 18:50:06,Mild Yawn,0.348,0.505,61,2
2024-11-27 18:50:06,Mild Yawn,0.342,0.480,61,2
2024-11-27 18:50:06,Mild Yawn,0.343,0.487,61,2
2024-11-27 18:50:06,Mild Yawn,0.344,0.519,61,2
2024-11-27 18:50:06,Mild Yawn,0.336,0.495,61,2
2024-11-27 18:50:06,Mild Yawn,0.329,0.509,61,2
2024-11-27 18:50:06,Mild Yawn,0.331,0.498,61,2
2024-11-27 18:50:06,Mild Yawn,0.316,0.513,61,2
2024-11-27 18:50:06,Mild Yawn,0.326,0.503,61,2
2024-11-27 18:50:06,Mild Yawn,0.330,0.520,61,2
2024-11-27 18:50:06,Mild Yawn,0.339,0.532,61,2
2024-11-27 18:50:06,Mild Yawn,0.319,0.551,61,2
2024-11-27 18:50:06,Mild Yawn,0.342,0.563,61,2
2024-11-27 18:50:06,Moderate Yawn !,0.346,0.603,61,2
2024-11-27 18:50:06,Moderate Yawn !,0.317,0.639,61,2
2024-11-27 18:50:07,Moderate Yawn !,0.323,0.653,61,2
2024-11-27 18:50:07,Moderate Yawn !,0.344,0.702,61,2
2024-11-27 18:50:07,Moderate Yawn !,0.332,0.728,61,2
2024-11-27 18:50:07,Moderate Yawn !,0.334,0.737,61,2
2024-11-27 18:50:07,Moderate Yawn !,0.330,0.736,61,2
2024-11-27 18:50:07,Moderate Yawn !,0.330,0.757,61,2
2024-11-27 18:50:07,Moderate Yawn !,0.323,0.750,61,2
2024-11-27 18:50:07,Moderate Yawn !,0.325,0.744,61,2
2024-11-27 18:50:07,Moderate Yawn !,0.347,0.744,61,2
2024-11-27 18:50:07,Moderate Yawn !,0.316,0.751,61,2
2024-11-27 18:50:07,Moderate Yawn !,0.332,0.775,61,2
2024-11-27 18:50:07,Moderate Yawn !,0.322,0.787,61,2
2024-11-27 18:50:07,Moderate Yawn !,0.312,0.793,61,2
2024-11-27 18:50:07,Moderate Yawn !,0.309,0.794,61,2
2024-11-27 18:50:07,Moderate Yawn !,0.313,0.766,61,2
2024-11-27 18:50:07,Moderate Yawn !,0.296,0.768,61,2
2024-11-27 18:50:07,Moderate Yawn !,0.303,0.777,61,2
2024-11-27 18:50:07,Moderate Yawn !,0.303,0.747,61,2
2024-11-27 18:50:07,Moderate Yawn !,0.284,0.752,61,2
2024-11-27 18:50:07,Moderate Yawn !,0.295,0.791,61,2
2024-11-27 18:50:07,Severe Yawn !!!,0.280,0.854,61,2
2024-11-27 18:50:07,Moderate Yawn !,0.304,0.751,61,2
2024-11-27 18:50:07,Severe Yawn !!!,0.293,0.806,61,2
2024-11-27 18:50:07,Severe Yawn !!!,0.288,0.812,61,2
2024-11-27 18:50:07,Severe Yawn !!!,0.300,0.825,61,2
2024-11-27 18:50:07,Severe Yawn !!!,0.311,0.851,61,2
2024-11-27 18:50:07,Severe Yawn !!!,0.287,0.825,61,2
2024-11-27 18:50:07,Severe Yawn !!!,0.323,0.835,61,2
2024-11-27 18:50:07,Severe Yawn !!!,0.317,0.861,61,2
2024-11-27 18:50:07,Severe Yawn !!!,0.309,0.832,61,2
2024-11-27 18:50:07,Severe Yawn !!!,0.337,0.844,61,2
2024-11-27 18:50:08,Severe Yawn !!!,0.311,0.806,61,2
2024-11-27 18:50:08,Severe Yawn !!!,0.293,0.804,61,2
2024-11-27 18:50:08,Moderate Yawn !,0.322,0.789,61,2
2024-11-27 18:50:08,Severe Yawn !!!,0.332,0.805,61,2
2024-11-27 18:50:08,Moderate Yawn !,0.307,0.733,61,2
2024-11-27 18:50:08,Moderate Yawn !,0.315,0.791,61,2
2024-11-27 18:50:08,Moderate Yawn !,0.304,0.795,61,2
2024-11-27 18:50:08,Moderate Yawn !,0.277,0.795,61,2
2024-11-27 18:50:08,Moderate Yawn !,0.312,0.757,61,2
2024-11-27 18:50:08,Severe Yawn !!!,0.297,0.802,61,2
2024-11-27 18:50:08,Moderate Yawn !,0.313,0.784,61,2
2024-11-27 18:50:08,Moderate Yawn !,0.285,0.766,61,2
2024-11-27 18:50:08,Moderate Yawn !,0.292,0.765,61,2
2024-11-27 18:50:08,Moderate Yawn !,0.302,0.799,61,2
2024-11-27 18:50:08,Moderate Yawn !,0.266,0.735,61,2
2024-11-27 18:50:08,Moderate Yawn !,0.330,0.737,61,2
2024-11-27 18:50:08,Moderate Yawn !,0.291,0.789,61,2
2024-11-27 18:50:08,Moderate Yawn !,0.309,0.746,61,2
2024-11-27 18:50:08,Moderate Yawn !,0.312,0.763,61,2
2024-11-27 18:50:08,Moderate Yawn !,0.318,0.758,61,2
2024-11-27 18:50:08,Moderate Yawn !,0.276,0.750,61,2
2024-11-27 18:50:08,Moderate Yawn !,0.305,0.745,61,2
2024-11-27 18:50:08,Moderate Yawn !,0.283,0.753,61,2
2024-11-27 18:50:08,Moderate Yawn !,0.211,0.756,61,2
2024-11-27 18:50:08,Moderate Yawn !,0.154,0.779,61,2
2024-11-27 18:50:08,SLEEPING !!!,0.146,0.728,61,2
2024-11-27 18:50:08,SLEEPING !!!,0.172,0.717,61,2
2024-11-27 18:50:08,SLEEPING !!!,0.183,0.779,61,2
2024-11-27 18:50:08,SLEEPING !!!,0.213,0.716,61,2
2024-11-27 18:50:08,SLEEPING !!!,0.225,0.667,61,2
2024-11-27 18:50:09,SLEEPING !!!,0.232,0.541,61,2
2024-11-27 18:50:09,Mild Yawn,0.263,0.499,62,2
2024-11-27 18:50:09,Mild Yawn,0.251,0.455,62,2
2024-11-27 18:50:09,Mild Yawn,0.257,0.424,62,2
2024-11-27 18:50:09,Mild Yawn,0.266,0.427,62,2
2024-11-27 18:50:09,Mild Yawn,0.284,0.409,62,2
2024-11-27 18:50:09,Mild Yawn,0.282,0.416,62,2
2024-11-27 18:50:09,Mild Yawn,0.279,0.414,62,2
2024-11-27 18:50:09,Mild Yawn,0.294,0.383,62,2
2024-11-27 18:50:09,Mild Yawn,0.274,0.389,62,2
2024-11-27 18:50:09,Mild Yawn,0.281,0.404,62,2
2024-11-27 18:50:09,Mild Yawn,0.276,0.409,62,2
2024-11-27 18:50:09,Mild Yawn,0.279,0.416,62,2
2024-11-27 18:50:09,Mild Yawn,0.273,0.421,62,2
2024-11-27 18:50:09,Mild Yawn,0.295,0.467,62,2
2024-11-27 18:50:09,Mild Yawn,0.277,0.517,62,2
2024-11-27 18:50:09,Mild Yawn,0.293,0.523,62,2
2024-11-27 18:50:09,Mild Yawn,0.300,0.551,62,2
2024-11-27 18:50:09,Mild Yawn,0.299,0.559,62,2
2024-11-27 18:50:09,Moderate Yawn !,0.297,0.606,62,2
2024-11-27 18:50:09,Moderate Yawn !,0.291,0.612,62,2
2024-11-27 18:50:09,Moderate Yawn !,0.303,0.608,62,2
2024-11-27 18:50:09,Moderate Yawn !,0.288,0.644,62,2
2024-11-27 18:50:09,Moderate Yawn !,0.286,0.635,62,2
2024-11-27 18:50:09,Moderate Yawn !,0.282,0.680,62,2
2024-11-27 18:50:09,Moderate Yawn !,0.316,0.659,62,2
2024-11-27 18:50:09,Moderate Yawn !,0.275,0.688,62,2
2024-11-27 18:50:09,Moderate Yawn !,0.303,0.654,62,2
2024-11-27 18:50:09,Moderate Yawn !,0.292,0.669,62,2
2024-11-27 18:50:09,Moderate Yawn !,0.294,0.683,62,2
2024-11-27 18:50:10,Moderate Yawn !,0.279,0.626,62,2
2024-11-27 18:50:10,Moderate Yawn !,0.272,0.710,62,2
2024-11-27 18:50:10,Moderate Yawn !,0.291,0.719,62,2
2024-11-27 18:50:10,Moderate Yawn !,0.273,0.754,62,2
2024-11-27 18:50:10,Moderate Yawn !,0.282,0.706,62,2
2024-11-27 18:50:10,Moderate Yawn !,0.270,0.711,62,2
2024-11-27 18:50:10,Moderate Yawn !,0.282,0.718,62,2
2024-11-27 18:50:10,Moderate Yawn !,0.269,0.703,62,2
2024-11-27 18:50:10,Moderate Yawn !,0.273,0.675,62,2
2024-11-27 18:50:10,Moderate Yawn !,0.302,0.704,62,2
2024-11-27 18:50:10,Moderate Yawn !,0.269,0.718,62,2
2024-11-27 18:50:10,Moderate Yawn !,0.267,0.703,62,2
2024-11-27 18:50:10,Moderate Yawn !,0.284,0.717,62,2
2024-11-27 18:50:10,Moderate Yawn !,0.276,0.732,62,2
2024-11-27 18:50:10,Moderate Yawn !,0.283,0.755,62,2
2024-11-27 18:50:10,Moderate Yawn !,0.282,0.725,62,2
2024-11-27 18:50:10,Moderate Yawn !,0.293,0.732,62,2
2024-11-27 18:50:10,Moderate Yawn !,0.254,0.708,62,2
2024-11-27 18:50:10,Moderate Yawn !,0.295,0.760,62,2
2024-11-27 18:50:10,Moderate Yawn !,0.295,0.766,62,2
2024-11-27 18:50:10,Moderate Yawn !,0.269,0.759,62,2
2024-11-27 18:50:10,Severe Yawn !!!,0.281,0.822,62,2
2024-11-27 18:50:10,Moderate Yawn !,0.269,0.745,62,2
2024-11-27 18:50:10,Moderate Yawn !,0.294,0.713,62,2
2024-11-27 18:50:10,Moderate Yawn !,0.276,0.731,62,2
2024-11-27 18:50:10,Moderate Yawn !,0.288,0.800,62,2
2024-11-27 18:50:10,Moderate Yawn !,0.297,0.744,62,2
2024-11-27 18:50:10,Moderate Yawn !,0.275,0.786,62,2
2024-11-27 18:50:10,Moderate Yawn !,0.260,0.784,62,2
2024-11-27 18:50:10,Moderate Yawn !,0.244,0.753,62,2
2024-11-27 18:50:11,Moderate Yawn !,0.266,0.771,62,2
2024-11-27 18:50:11,Moderate Yawn !,0.304,0.769,62,2
2024-11-27 18:50:11,Moderate Yawn !,0.295,0.739,62,2
2024-11-27 18:50:11,Moderate Yawn !,0.293,0.720,62,2
2024-11-27 18:50:11,Moderate Yawn !,0.293,0.713,62,2
2024-11-27 18:50:11,Moderate Yawn !,0.273,0.737,62,2
2024-11-27 18:50:11,Moderate Yawn !,0.269,0.771,62,2
2024-11-27 18:50:11,Moderate Yawn !,0.281,0.795,62,2
2024-11-27 18:50:11,Moderate Yawn !,0.287,0.743,62,2
2024-11-27 18:50:11,Moderate Yawn !,0.251,0.724,62,2
2024-11-27 18:50:11,Moderate Yawn !,0.269,0.723,62,2
2024-11-27 18:50:11,Moderate Yawn !,0.294,0.689,62,2
2024-11-27 18:50:11,Moderate Yawn !,0.267,0.734,62,2
2024-11-27 18:50:11,Moderate Yawn !,0.241,0.725,62,2
2024-11-27 18:50:11,Moderate Yawn !,0.275,0.722,62,2
2024-11-27 18:50:11,Moderate Yawn !,0.251,0.747,62,2
2024-11-27 18:50:11,Moderate Yawn !,0.295,0.787,62,2
2024-11-27 18:50:11,Moderate Yawn !,0.297,0.696,62,2
2024-11-27 18:50:11,Moderate Yawn !,0.257,0.738,62,2
2024-11-27 18:50:11,Moderate Yawn !,0.305,0.727,62,2
2024-11-27 18:50:11,Moderate Yawn !,0.282,0.731,62,2
2024-11-27 18:50:11,Moderate Yawn !,0.294,0.702,62,2
2024-11-27 18:50:11,Moderate Yawn !,0.279,0.699,62,2
2024-11-27 18:50:11,Moderate Yawn !,0.304,0.645,62,2
2024-11-27 18:50:11,Moderate Yawn !,0.300,0.724,62,2
2024-11-27 18:50:11,Moderate Yawn !,0.283,0.713,62,2
2024-11-27 18:50:11,Moderate Yawn !,0.288,0.747,62,2
2024-11-27 18:50:11,Moderate Yawn !,0.300,0.704,62,2
2024-11-27 18:50:11,Moderate Yawn !,0.253,0.752,62,2
2024-11-27 18:50:12,Moderate Yawn !,0.263,0.748,62,2
2024-11-27 18:50:12,Moderate Yawn !,0.287,0.718,62,2
2024-11-27 18:50:12,Moderate Yawn !,0.291,0.680,62,2
2024-11-27 18:50:12,Moderate Yawn !,0.289,0.695,62,2
2024-11-27 18:50:12,Moderate Yawn !,0.292,0.708,62,2
2024-11-27 18:50:12,Moderate Yawn !,0.250,0.739,62,2
2024-11-27 18:50:12,Moderate Yawn !,0.304,0.681,62,2
2024-11-27 18:50:12,Moderate Yawn !,0.301,0.698,62,2
2024-11-27 18:50:12,Moderate Yawn !,0.285,0.744,62,2
2024-11-27 18:50:12,Moderate Yawn !,0.281,0.705,62,2
2024-11-27 18:50:12,Moderate Yawn !,0.286,0.724,62,2
2024-11-27 18:50:12,Moderate Yawn !,0.257,0.685,62,2
2024-11-27 18:50:12,Moderate Yawn !,0.315,0.691,62,2
2024-11-27 18:50:12,Moderate Yawn !,0.293,0.683,62,2
2024-11-27 18:50:12,Moderate Yawn !,0.300,0.714,62,2
2024-11-27 18:50:12,Moderate Yawn !,0.293,0.737,62,2
2024-11-27 18:50:12,Moderate Yawn !,0.289,0.713,62,2
2024-11-27 18:50:12,Moderate Yawn !,0.285,0.738,62,2
2024-11-27 18:50:12,Moderate Yawn !,0.297,0.695,62,2
2024-11-27 18:50:12,Moderate Yawn !,0.304,0.724,62,2
2024-11-27 18:50:12,Moderate Yawn !,0.292,0.698,62,2
2024-11-27 18:50:12,Moderate Yawn !,0.291,0.703,62,2
2024-11-27 18:50:12,Moderate Yawn !,0.276,0.730,62,2
2024-11-27 18:50:12,Moderate Yawn !,0.299,0.723,62,2
2024-11-27 18:50:12,Moderate Yawn !,0.288,0.716,62,2
2024-11-27 18:50:12,Moderate Yawn !,0.312,0.719,62,2
2024-11-27 18:50:12,Moderate Yawn !,0.281,0.674,62,2
2024-11-27 18:50:12,Moderate Yawn !,0.297,0.668,62,2
2024-11-27 18:50:12,Moderate Yawn !,0.288,0.732,62,2
2024-11-27 18:50:12,Moderate Yawn !,0.312,0.682,62,2
2024-11-27 18:50:12,Moderate Yawn !,0.294,0.726,62,2
2024-11-27 18:50:12,Moderate Yawn !,0.288,0.719,62,2
2024-11-27 18:50:13,Moderate Yawn !,0.291,0.675,62,2
2024-11-27 18:50:13,Moderate Yawn !,0.294,0.713,62,2
2024-11-27 18:50:13,Moderate Yawn !,0.291,0.715,62,2
2024-11-27 18:50:13,Moderate Yawn !,0.285,0.721,62,2
2024-11-27 18:50:13,Moderate Yawn !,0.291,0.701,62,2
2024-11-27 18:50:13,Moderate Yawn !,0.318,0.708,62,2
2024-11-27 18:50:13,Moderate Yawn !,0.310,0.686,62,2
2024-11-27 18:50:13,Moderate Yawn !,0.282,0.727,62,2
2024-11-27 18:50:13,Moderate Yawn !,0.282,0.767,62,2
2024-11-27 18:50:13,Moderate Yawn !,0.310,0.719,62,2
2024-11-27 18:50:13,Moderate Yawn !,0.287,0.702,62,2
2024-11-27 18:50:13,Moderate Yawn !,0.285,0.681,62,2
2024-11-27 18:50:13,Moderate Yawn !,0.309,0.709,62,2
2024-11-27 18:50:13,Moderate Yawn !,0.282,0.705,62,2
2024-11-27 18:50:13,Moderate Yawn !,0.288,0.744,62,2
2024-11-27 18:50:13,Moderate Yawn !,0.292,0.718,62,2
2024-11-27 18:50:13,Moderate Yawn !,0.291,0.713,62,2
2024-11-27 18:50:13,Moderate Yawn !,0.294,0.722,62,2
2024-11-27 18:50:13,Moderate Yawn !,0.275,0.742,62,2
2024-11-27 18:50:13,Moderate Yawn !,0.295,0.786,62,2
2024-11-27 18:50:13,Moderate Yawn !,0.276,0.745,62,2
2024-11-27 18:50:13,Moderate Yawn !,0.273,0.697,62,2
2024-11-27 18:50:13,Moderate Yawn !,0.269,0.734,62,2
2024-11-27 18:50:13,Moderate Yawn !,0.269,0.748,62,2
2024-11-27 18:50:13,Moderate Yawn !,0.285,0.746,62,2
2024-11-27 18:50:13,Moderate Yawn !,0.242,0.721,62,2
2024-11-27 18:50:13,Moderate Yawn !,0.254,0.730,62,2
2024-11-27 18:50:13,Moderate Yawn !,0.279,0.717,62,2
2024-11-27 18:50:13,Moderate Yawn !,0.269,0.735,62,2
2024-11-27 18:50:13,Moderate Yawn !,0.260,0.749,62,2
2024-11-27 18:50:14,Moderate Yawn !,0.281,0.789,62,2
2024-11-27 18:50:14,Moderate Yawn !,0.275,0.746,62,2
2024-11-27 18:50:14,Moderate Yawn !,0.257,0.743,62,2
2024-11-27 18:50:14,Moderate Yawn !,0.241,0.715,62,2
2024-11-27 18:50:14,Moderate Yawn !,0.269,0.765,62,2
2024-11-27 18:50:14,Moderate Yawn !,0.254,0.769,62,2
2024-11-27 18:50:14,Moderate Yawn !,0.269,0.770,62,2
2024-11-27 18:50:14,Moderate Yawn !,0.247,0.762,62,2
2024-11-27 18:50:14,Moderate Yawn !,0.235,0.733,62,2
2024-11-27 18:50:14,Moderate Yawn !,0.285,0.718,62,2
2024-11-27 18:50:14,Moderate Yawn !,0.222,0.711,62,2
2024-11-27 18:50:14,Moderate Yawn !,0.279,0.754,62,2
2024-11-27 18:50:14,Moderate Yawn !,0.238,0.711,62,2
2024-11-27 18:50:14,Moderate Yawn !,0.281,0.728,62,2
2024-11-27 18:50:14,Moderate Yawn !,0.273,0.689,62,2
2024-11-27 18:50:14,Moderate Yawn !,0.272,0.731,62,2
2024-11-27 18:50:14,Moderate Yawn !,0.283,0.705,62,2
2024-11-27 18:50:14,Moderate Yawn !,0.284,0.696,62,2
2024-11-27 18:50:14,Moderate Yawn !,0.267,0.683,62,2
2024-11-27 18:50:14,Moderate Yawn !,0.294,0.677,62,2
2024-11-27 18:50:14,Moderate Yawn !,0.272,0.748,62,2
2024-11-27 18:50:14,Moderate Yawn !,0.273,0.698,62,2
2024-11-27 18:50:14,Moderate Yawn !,0.250,0.678,62,2
2024-11-27 18:50:14,Moderate Yawn !,0.309,0.733,62,2
2024-11-27 18:50:14,Moderate Yawn !,0.272,0.696,62,2
2024-11-27 18:50:14,Moderate Yawn !,0.318,0.707,62,2
2024-11-27 18:50:14,Moderate Yawn !,0.297,0.645,62,2
2024-11-27 18:50:14,Moderate Yawn !,0.282,0.717,62,2
2024-11-27 18:50:14,Moderate Yawn !,0.208,0.668,62,2
2024-11-27 18:50:14,Moderate Yawn !,0.132,0.696,62,2
2024-11-27 18:50:15,SLEEPING !!!,0.203,0.709,62,2
2024-11-27 18:50:15,SLEEPING !!!,0.105,0.663,62,2
2024-11-27 18:50:15,SLEEPING !!!,0.142,0.688,62,2
2024-11-27 18:50:15,Moderate Yawn !,0.341,0.651,63,2
2024-11-27 18:50:15,Moderate Yawn !,0.206,0.622,63,2
2024-11-27 18:50:15,Moderate Yawn !,0.168,0.650,63,2
2024-11-27 18:50:15,SLEEPING !!!,0.232,0.653,63,2
2024-11-27 18:50:15,Moderate Yawn !,0.251,0.690,64,2
2024-11-27 18:50:15,Moderate Yawn !,0.257,0.619,64,2
2024-11-27 18:50:15,Moderate Yawn !,0.212,0.653,64,2
2024-11-27 18:50:15,Moderate Yawn !,0.254,0.675,64,2
2024-11-27 18:50:15,Moderate Yawn !,0.227,0.685,64,2
2024-11-27 18:50:15,Moderate Yawn !,0.238,0.664,64,2
2024-11-27 18:50:15,SLEEPING !!!,0.163,0.634,64,2
2024-11-27 18:50:15,SLEEPING !!!,0.219,0.655,64,2
2024-11-27 18:50:15,SLEEPING !!!,0.204,0.598,64,2
2024-11-27 18:50:15,SLEEPING !!!,0.159,0.679,64,2
2024-11-27 18:50:15,SLEEPING !!!,0.140,0.685,64,2
2024-11-27 18:50:15,SLEEPING !!!,0.162,0.696,64,2
2024-11-27 18:50:15,SLEEPING !!!,0.155,0.665,64,2
2024-11-27 18:50:15,SLEEPING !!!,0.123,0.673,64,2
2024-11-27 18:50:15,SLEEPING !!!,0.140,0.682,64,2
2024-11-27 18:50:15,SLEEPING !!!,0.152,0.647,64,2
2024-11-27 18:50:15,SLEEPING !!!,0.138,0.672,64,2
2024-11-27 18:50:15,SLEEPING !!!,0.138,0.698,64,2
2024-11-27 18:50:15,SLEEPING !!!,0.163,0.686,64,2
2024-11-27 18:50:15,SLEEPING !!!,0.165,0.717,64,2
2024-11-27 18:50:15,SLEEPING !!!,0.160,0.668,64,2
2024-11-27 18:50:15,SLEEPING !!!,0.149,0.665,64,2
2024-11-27 18:50:15,SLEEPING !!!,0.137,0.655,64,2
2024-11-27 18:50:16,SLEEPING !!!,0.153,0.679,64,2
2024-11-27 18:50:16,SLEEPING !!!,0.138,0.674,64,2
2024-11-27 18:50:16,SLEEPING !!!,0.132,0.712,64,2
2024-11-27 18:50:16,SLEEPING !!!,0.151,0.677,64,2
2024-11-27 18:50:16,SLEEPING !!!,0.155,0.681,64,2
2024-11-27 18:50:16,SLEEPING !!!,0.158,0.685,64,2
2024-11-27 18:50:16,SLEEPING !!!,0.141,0.701,64,2
2024-11-27 18:50:16,SLEEPING !!!,0.156,0.667,64,2
2024-11-27 18:50:16,SLEEPING !!!,0.154,0.716,64,2
2024-11-27 18:50:16,SLEEPING !!!,0.150,0.688,64,2
2024-11-27 18:50:16,SLEEPING !!!,0.149,0.737,64,2
2024-11-27 18:50:16,SLEEPING !!!,0.159,0.696,64,2
2024-11-27 18:50:16,SLEEPING !!!,0.141,0.688,64,2
2024-11-27 18:50:16,SLEEPING !!!,0.160,0.673,64,2
2024-11-27 18:50:16,SLEEPING !!!,0.166,0.684,64,2
2024-11-27 18:50:16,SLEEPING !!!,0.200,0.708,64,2
2024-11-27 18:50:16,SLEEPING !!!,0.202,0.678,64,2
2024-11-27 18:50:16,SLEEPING !!!,0.234,0.714,64,2
2024-11-27 18:50:16,SLEEPING !!!,0.244,0.688,64,2
2024-11-27 18:50:16,Moderate Yawn !,0.251,0.723,65,2
2024-11-27 18:50:16,Moderate Yawn !,0.250,0.718,65,2
2024-11-27 18:50:16,Moderate Yawn !,0.269,0.721,65,2
2024-11-27 18:50:16,Moderate Yawn !,0.297,0.765,65,2
2024-11-27 18:50:16,Moderate Yawn !,0.272,0.774,65,2
2024-11-27 18:50:16,Severe Yawn !!!,0.255,0.823,65,2
2024-11-27 18:50:16,Moderate Yawn !,0.241,0.767,65,2
2024-11-27 18:50:16,Severe Yawn !!!,0.275,0.820,65,2
2024-11-27 18:50:16,Moderate Yawn !,0.257,0.743,65,2
2024-11-27 18:50:17,Moderate Yawn !,0.235,0.793,65,2
2024-11-27 18:50:17,Moderate Yawn !,0.282,0.688,65,2
2024-11-27 18:50:17,Moderate Yawn !,0.300,0.706,65,2
2024-11-27 18:50:17,Moderate Yawn !,0.294,0.694,65,2
2024-11-27 18:50:17,Moderate Yawn !,0.275,0.749,65,2
2024-11-27 18:50:17,Moderate Yawn !,0.290,0.714,65,2
2024-11-27 18:50:17,Moderate Yawn !,0.286,0.725,65,2
2024-11-27 18:50:17,Moderate Yawn !,0.295,0.757,65,2
2024-11-27 18:50:17,Moderate Yawn !,0.293,0.681,65,2
2024-11-27 18:50:17,Moderate Yawn !,0.294,0.734,65,2
2024-11-27 18:50:17,Moderate Yawn !,0.306,0.780,65,2
2024-11-27 18:50:17,Moderate Yawn !,0.306,0.775,65,2
2024-11-27 18:50:17,Moderate Yawn !,0.297,0.711,65,2
2024-11-27 18:50:17,Moderate Yawn !,0.298,0.722,65,2
2024-11-27 18:50:17,Moderate Yawn !,0.272,0.709,65,2
2024-11-27 18:50:17,Moderate Yawn !,0.300,0.715,65,2
2024-11-27 18:50:17,Moderate Yawn !,0.309,0.668,65,2
2024-11-27 18:50:17,Moderate Yawn !,0.276,0.692,65,2
2024-11-27 18:50:17,Moderate Yawn !,0.297,0.714,65,2
2024-11-27 18:50:17,Moderate Yawn !,0.277,0.727,65,2
2024-11-27 18:50:17,Moderate Yawn !,0.293,0.750,65,2
2024-11-27 18:50:17,Moderate Yawn !,0.291,0.711,65,2
2024-11-27 18:50:17,Moderate Yawn !,0.282,0.739,65,2
2024-11-27 18:50:17,Moderate Yawn !,0.266,0.731,65,2
2024-11-27 18:50:17,Moderate Yawn !,0.244,0.691,65,2
2024-11-27 18:50:17,Moderate Yawn !,0.196,0.695,65,2
2024-11-27 18:50:17,SLEEPING !!!,0.228,0.724,65,2
2024-11-27 18:50:17,SLEEPING !!!,0.224,0.724,65,2
2024-11-27 18:50:17,SLEEPING !!!,0.162,0.691,65,2
2024-11-27 18:50:17,SLEEPING !!!,0.108,0.724,65,2
2024-11-27 18:50:17,SLEEPING !!!,0.124,0.737,65,2
2024-11-27 18:50:17,SLEEPING !!!,0.143,0.682,65,2
2024-11-27 18:50:18,SLEEPING !!!,0.122,0.712,65,2
2024-11-27 18:50:18,SLEEPING !!!,0.133,0.709,65,2
2024-11-27 18:50:18,SLEEPING !!!,0.124,0.708,65,2
2024-11-27 18:50:18,SLEEPING !!!,0.158,0.724,65,2
2024-11-27 18:50:18,SLEEPING !!!,0.162,0.732,65,2
2024-11-27 18:50:18,SLEEPING !!!,0.144,0.697,65,2
2024-11-27 18:50:18,SLEEPING !!!,0.149,0.725,65,2
2024-11-27 18:50:18,SLEEPING !!!,0.144,0.692,65,2
2024-11-27 18:50:18,SLEEPING !!!,0.178,0.696,65,2
2024-11-27 18:50:18,SLEEPING !!!,0.135,0.699,65,2
2024-11-27 18:50:18,SLEEPING !!!,0.136,0.693,65,2
2024-11-27 18:50:18,SLEEPING !!!,0.147,0.670,65,2
2024-11-27 18:50:18,SLEEPING !!!,0.128,0.703,65,2
2024-11-27 18:50:18,SLEEPING !!!,0.121,0.700,65,2
2024-11-27 18:50:18,SLEEPING !!!,0.153,0.693,65,2
2024-11-27 18:50:18,SLEEPING !!!,0.148,0.692,65,2
2024-11-27 18:50:18,SLEEPING !!!,0.135,0.666,65,2
2024-11-27 18:50:18,SLEEPING !!!,0.140,0.717,65,2
2024-11-27 18:50:18,SLEEPING !!!,0.153,0.707,65,2
2024-11-27 18:50:18,SLEEPING !!!,0.158,0.686,65,2
2024-11-27 18:50:18,SLEEPING !!!,0.170,0.687,65,2
2024-11-27 18:50:18,SLEEPING !!!,0.152,0.688,65,2
2024-11-27 18:50:18,SLEEPING !!!,0.147,0.698,65,2
2024-11-27 18:50:18,SLEEPING !!!,0.182,0.697,65,2
2024-11-27 18:50:18,SLEEPING !!!,0.167,0.718,65,2
2024-11-27 18:50:18,SLEEPING !!!,0.194,0.679,65,2
2024-11-27 18:50:18,SLEEPING !!!,0.211,0.677,65,2
2024-11-27 18:50:18,SLEEPING !!!,0.209,0.721,65,2
2024-11-27 18:50:18,SLEEPING !!!,0.228,0.694,65,2
2024-11-27 18:50:18,SLEEPING !!!,0.238,0.727,65,2
2024-11-27 18:50:19,SLEEPING !!!,0.225,0.694,65,2
2024-11-27 18:50:19,SLEEPING !!!,0.244,0.702,65,2
2024-11-27 18:50:19,SLEEPING !!!,0.242,0.690,65,2
2024-11-27 18:50:19,SLEEPING !!!,0.234,0.684,65,2
2024-11-27 18:50:19,SLEEPING !!!,0.241,0.704,65,2
2024-11-27 18:50:19,Moderate Yawn !,0.260,0.683,66,2
2024-11-27 18:50:19,Moderate Yawn !,0.273,0.655,66,2
2024-11-27 18:50:19,Moderate Yawn !,0.284,0.687,66,2
2024-11-27 18:50:19,Moderate Yawn !,0.313,0.700,66,2
2024-11-27 18:50:19,Moderate Yawn !,0.329,0.734,66,2
2024-11-27 18:50:19,Moderate Yawn !,0.347,0.787,66,2
2024-11-27 18:50:19,Moderate Yawn !,0.335,0.760,66,2
2024-11-27 18:50:19,Moderate Yawn !,0.359,0.767,66,2
2024-11-27 18:50:19,Moderate Yawn !,0.346,0.747,66,2
2024-11-27 18:50:19,Moderate Yawn !,0.347,0.773,66,2
2024-11-27 18:50:19,Severe Yawn !!!,0.347,0.806,66,2
2024-11-27 18:50:19,Severe Yawn !!!,0.371,0.820,66,2
2024-11-27 18:50:19,Severe Yawn !!!,0.353,0.806,66,2
2024-11-27 18:50:19,Moderate Yawn !,0.338,0.791,66,2
2024-11-27 18:50:19,Moderate Yawn !,0.306,0.779,66,2
2024-11-27 18:50:19,Moderate Yawn !,0.328,0.736,66,2
2024-11-27 18:50:19,Moderate Yawn !,0.305,0.724,66,2
2024-11-27 18:50:19,Moderate Yawn !,0.245,0.725,66,2
2024-11-27 18:50:19,Moderate Yawn !,0.161,0.731,66,2
2024-11-27 18:50:19,SLEEPING !!!,0.149,0.695,66,2
2024-11-27 18:50:19,SLEEPING !!!,0.161,0.674,66,2
2024-11-27 18:50:19,SLEEPING !!!,0.182,0.659,66,2
2024-11-27 18:50:19,SLEEPING !!!,0.211,0.676,66,2
2024-11-27 18:50:19,SLEEPING !!!,0.179,0.665,66,2
2024-11-27 18:50:19,Moderate Yawn !,0.276,0.659,67,2
2024-11-27 18:50:20,Moderate Yawn !,0.159,0.643,67,2
2024-11-27 18:50:20,Moderate Yawn !,0.144,0.661,67,2
2024-11-27 18:50:20,SLEEPING !!!,0.135,0.693,67,2
2024-11-27 18:50:20,SLEEPING !!!,0.148,0.694,67,2
2024-11-27 18:50:20,SLEEPING !!!,0.187,0.669,67,2
2024-11-27 18:50:20,SLEEPING !!!,0.219,0.696,67,2
2024-11-27 18:50:20,SLEEPING !!!,0.248,0.692,67,2
2024-11-27 18:50:20,Moderate Yawn !,0.263,0.703,68,2
2024-11-27 18:50:20,Moderate Yawn !,0.270,0.714,68,2
2024-11-27 18:50:20,Moderate Yawn !,0.266,0.724,68,2
2024-11-27 18:50:20,Moderate Yawn !,0.275,0.698,68,2
2024-11-27 18:50:20,Moderate Yawn !,0.294,0.719,68,2
2024-11-27 18:50:20,Moderate Yawn !,0.275,0.653,68,2
2024-11-27 18:50:20,Moderate Yawn !,0.284,0.716,68,2
2024-11-27 18:50:20,Moderate Yawn !,0.296,0.685,68,2
2024-11-27 18:50:20,Moderate Yawn !,0.299,0.715,68,2
2024-11-27 18:50:20,Moderate Yawn !,0.285,0.650,68,2
2024-11-27 18:50:20,Moderate Yawn !,0.278,0.701,68,2
2024-11-27 18:50:20,Moderate Yawn !,0.275,0.687,68,2
2024-11-27 18:50:20,Moderate Yawn !,0.287,0.671,68,2
2024-11-27 18:50:20,Moderate Yawn !,0.272,0.656,68,2
2024-11-27 18:50:20,Moderate Yawn !,0.279,0.681,68,2
2024-11-27 18:50:20,Moderate Yawn !,0.270,0.663,68,2
2024-11-27 18:50:20,Moderate Yawn !,0.199,0.632,68,2
2024-11-27 18:50:20,Moderate Yawn !,0.145,0.682,68,2
2024-11-27 18:50:20,SLEEPING !!!,0.139,0.681,68,2
2024-11-27 18:50:20,SLEEPING !!!,0.116,0.671,68,2
2024-11-27 18:50:20,SLEEPING !!!,0.170,0.673,68,2
2024-11-27 18:50:20,SLEEPING !!!,0.221,0.724,68,2
2024-11-27 18:50:20,SLEEPING !!!,0.231,0.665,68,2
2024-11-27 18:50:21,SLEEPING !!!,0.241,0.678,68,2
2024-11-27 18:50:21,Mild Yawn,0.260,0.599,69,2
2024-11-27 18:50:21,Moderate Yawn !,0.258,0.630,69,2
2024-11-27 18:50:21,Moderate Yawn !,0.290,0.612,69,2
2024-11-27 18:50:21,Moderate Yawn !,0.267,0.648,69,2
2024-11-27 18:50:21,Mild Yawn,0.288,0.585,69,2
2024-11-27 18:50:21,Mild Yawn,0.284,0.597,69,2
2024-11-27 18:50:21,Mild Yawn,0.282,0.559,69,2
2024-11-27 18:50:21,Mild Yawn,0.276,0.544,69,2
2024-11-27 18:50:21,Mild Yawn,0.276,0.574,69,2
2024-11-27 18:50:21,Mild Yawn,0.294,0.573,69,2
2024-11-27 18:50:21,Moderate Yawn !,0.285,0.617,69,2
2024-11-27 18:50:21,Mild Yawn,0.276,0.554,69,2
2024-11-27 18:50:21,Mild Yawn,0.283,0.593,69,2
2024-11-27 18:50:21,Mild Yawn,0.313,0.564,69,2
2024-11-27 18:50:21,Mild Yawn,0.304,0.569,69,2
2024-11-27 18:50:21,Mild Yawn,0.282,0.529,69,2
2024-11-27 18:50:21,Mild Yawn,0.282,0.555,69,2
2024-11-27 18:50:21,Moderate Yawn !,0.288,0.625,69,2
2024-11-27 18:50:21,Mild Yawn,0.267,0.591,69,2
2024-11-27 18:50:21,Mild Yawn,0.197,0.571,69,2
2024-11-27 18:50:21,Mild Yawn,0.149,0.559,69,2
2024-11-27 18:50:21,SLEEPING !!!,0.124,0.562,69,2
2024-11-27 18:50:21,SLEEPING !!!,0.112,0.551,69,2
2024-11-27 18:50:21,SLEEPING !!!,0.142,0.579,69,2
2024-11-27 18:50:21,SLEEPING !!!,0.121,0.516,69,2
2024-11-27 18:50:21,SLEEPING !!!,0.121,0.577,69,2
2024-11-27 18:50:21,SLEEPING !!!,0.107,0.561,69,2
2024-11-27 18:50:21,SLEEPING !!!,0.181,0.578,69,2
2024-11-27 18:50:22,SLEEPING !!!,0.164,0.585,69,2
2024-11-27 18:50:22,SLEEPING !!!,0.212,0.588,69,2
2024-11-27 18:50:22,SLEEPING !!!,0.142,0.597,69,2
2024-11-27 18:50:22,SLEEPING !!!,0.141,0.574,69,2
2024-11-27 18:50:22,SLEEPING !!!,0.186,0.606,69,2
2024-11-27 18:50:22,SLEEPING !!!,0.231,0.618,69,2
2024-11-27 18:50:22,SLEEPING !!!,0.231,0.566,69,2
2024-11-27 18:50:22,SLEEPING !!!,0.221,0.577,69,2
2024-11-27 18:50:22,SLEEPING !!!,0.247,0.555,69,2
2024-11-27 18:50:22,Moderate Yawn !,0.279,0.610,70,2
2024-11-27 18:50:22,Moderate Yawn !,0.283,0.602,70,2
2024-11-27 18:50:22,Mild Yawn,0.270,0.587,70,2
2024-11-27 18:50:22,Moderate Yawn !,0.267,0.617,70,2
2024-11-27 18:50:22,Mild Yawn,0.291,0.574,70,2
2024-11-27 18:50:22,Mild Yawn,0.279,0.552,70,2
2024-11-27 18:50:22,Moderate Yawn !,0.266,0.605,70,2
2024-11-27 18:50:22,Mild Yawn,0.295,0.583,70,2
2024-11-27 18:50:22,Mild Yawn,0.282,0.565,70,2
2024-11-27 18:50:22,Mild Yawn,0.288,0.585,70,2
2024-11-27 18:50:22,Mild Yawn,0.270,0.576,70,2
2024-11-27 18:50:22,Mild Yawn,0.292,0.576,70,2
2024-11-27 18:50:22,Moderate Yawn !,0.289,0.611,70,2
2024-11-27 18:50:22,Mild Yawn,0.283,0.568,70,2
2024-11-27 18:50:22,Mild Yawn,0.276,0.578,70,2
2024-11-27 18:50:22,Mild Yawn,0.254,0.575,70,2
2024-11-27 18:50:22,Mild Yawn,0.273,0.582,70,2
2024-11-27 18:50:22,Mild Yawn,0.273,0.578,70,2
2024-11-27 18:50:22,Mild Yawn,0.288,0.550,70,2
2024-11-27 18:50:22,Mild Yawn,0.276,0.582,70,2
2024-11-27 18:50:22,Mild Yawn,0.288,0.580,70,2
2024-11-27 18:50:22,Moderate Yawn !,0.283,0.601,70,2
2024-11-27 18:50:23,Mild Yawn,0.279,0.531,70,2
2024-11-27 18:50:23,Mild Yawn,0.244,0.589,70,2
2024-11-27 18:50:23,Mild Yawn,0.153,0.536,70,2
2024-11-27 18:50:23,SLEEPING !!!,0.104,0.568,70,2
2024-11-27 18:50:23,SLEEPING !!!,0.116,0.522,70,2
2024-11-27 18:50:23,SLEEPING !!!,0.123,0.525,70,2
2024-11-27 18:50:23,SLEEPING !!!,0.121,0.539,70,2
2024-11-27 18:50:23,SLEEPING !!!,0.137,0.521,70,2
2024-11-27 18:50:23,SLEEPING !!!,0.145,0.518,70,2
2024-11-27 18:50:23,SLEEPING !!!,0.145,0.516,70,2
2024-11-27 18:50:23,SLEEPING !!!,0.147,0.506,70,2
2024-11-27 18:50:23,SLEEPING !!!,0.143,0.523,70,2
2024-11-27 18:50:23,SLEEPING !!!,0.144,0.528,70,2
2024-11-27 18:50:23,SLEEPING !!!,0.166,0.494,70,2
2024-11-27 18:50:23,SLEEPING !!!,0.221,0.548,70,2
2024-11-27 18:50:23,SLEEPING !!!,0.175,0.570,70,2
2024-11-27 18:50:23,SLEEPING !!!,0.161,0.533,70,2
2024-11-27 18:50:23,SLEEPING !!!,0.180,0.577,70,2
2024-11-27 18:50:23,SLEEPING !!!,0.186,0.563,70,2
2024-11-27 18:50:23,SLEEPING !!!,0.194,0.544,70,2
2024-11-27 18:50:23,SLEEPING !!!,0.161,0.539,70,2
2024-11-27 18:50:23,Mild Yawn,0.271,0.521,71,2
2024-11-27 18:50:23,Mild Yawn,0.332,0.571,71,2
2024-11-27 18:50:23,Mild Yawn,0.260,0.565,71,2
2024-11-27 18:50:23,Mild Yawn,0.320,0.578,71,2
2024-11-27 18:50:23,Mild Yawn,0.263,0.586,71,2
2024-11-27 18:50:23,Mild Yawn,0.199,0.554,71,2
2024-11-27 18:50:23,Mild Yawn,0.172,0.523,71,2
2024-11-27 18:50:23,SLEEPING !!!,0.205,0.582,71,2
2024-11-27 18:50:23,SLEEPING !!!,0.176,0.573,71,2
2024-11-27 18:50:24,SLEEPING !!!,0.159,0.589,71,2
2024-11-27 18:50:24,SLEEPING !!!,0.145,0.570,71,2
2024-11-27 18:50:24,SLEEPING !!!,0.179,0.614,71,2
2024-11-27 18:50:24,Mild Yawn,0.251,0.539,72,2
2024-11-27 18:50:24,Mild Yawn,0.238,0.570,72,2
2024-11-27 18:50:24,Mild Yawn,0.267,0.537,72,2
2024-11-27 18:50:24,Mild Yawn,0.260,0.557,72,2
2024-11-27 18:50:24,Mild Yawn,0.260,0.533,72,2
2024-11-27 18:50:24,Mild Yawn,0.294,0.536,72,2
2024-11-27 18:50:24,Mild Yawn,0.272,0.515,72,2
2024-11-27 18:50:24,Mild Yawn,0.276,0.513,72,2
2024-11-27 18:50:24,Mild Yawn,0.282,0.508,72,2
2024-11-27 18:50:24,Mild Yawn,0.284,0.518,72,2
2024-11-27 18:50:24,Mild Yawn,0.279,0.512,72,2
2024-11-27 18:50:24,Mild Yawn,0.284,0.514,72,2
2024-11-27 18:50:24,Mild Yawn,0.293,0.506,72,2
2024-11-27 18:50:24,Mild Yawn,0.288,0.480,72,2
2024-11-27 18:50:24,Mild Yawn,0.264,0.470,72,2
2024-11-27 18:50:24,Mild Yawn,0.307,0.484,72,2
2024-11-27 18:50:24,Mild Yawn,0.339,0.461,72,2
2024-11-27 18:50:24,Mild Yawn,0.305,0.479,72,2
2024-11-27 18:50:24,Mild Yawn,0.326,0.481,72,2
2024-11-27 18:50:24,Mild Yawn,0.303,0.470,72,2
2024-11-27 18:50:24,Mild Yawn,0.309,0.508,72,2
2024-11-27 18:50:24,Mild Yawn,0.311,0.493,72,2
2024-11-27 18:50:24,Mild Yawn,0.296,0.512,72,2
2024-11-27 18:50:24,Mild Yawn,0.285,0.492,72,2
2024-11-27 18:50:24,Mild Yawn,0.293,0.488,72,2
2024-11-27 18:50:24,Mild Yawn,0.285,0.495,72,2
2024-11-27 18:50:24,Mild Yawn,0.285,0.483,72,2
2024-11-27 18:50:25,Mild Yawn,0.214,0.455,72,2
2024-11-27 18:50:25,Mild Yawn,0.160,0.437,72,2
2024-11-27 18:50:25,SLEEPING !!!,0.123,0.431,72,2
2024-11-27 18:50:25,SLEEPING !!!,0.108,0.414,72,2
2024-11-27 18:50:25,SLEEPING !!!,0.125,0.401,72,2
2024-11-27 18:50:25,SLEEPING !!!,0.088,0.414,72,2
2024-11-27 18:50:25,SLEEPING !!!,0.090,0.401,72,2
2024-11-27 18:50:25,SLEEPING !!!,0.115,0.400,72,2
2024-11-27 18:50:25,SLEEPING !!!,0.120,0.408,72,2
2024-11-27 18:50:25,SLEEPING !!!,0.120,0.380,72,2
2024-11-27 18:50:25,SLEEPING !!!,0.120,0.363,72,2
2024-11-27 18:50:25,SLEEPING !!!,0.105,0.393,72,2
2024-11-27 18:50:25,SLEEPING !!!,0.133,0.349,72,2
2024-11-27 18:50:25,SLEEPING !!!,0.115,0.396,72,2
2024-11-27 18:50:25,SLEEPING !!!,0.124,0.404,72,2
2024-11-27 18:50:25,SLEEPING !!!,0.117,0.377,72,2
2024-11-27 18:50:25,SLEEPING !!!,0.099,0.394,72,2
2024-11-27 18:50:25,SLEEPING !!!,0.126,0.376,72,2
2024-11-27 18:50:25,SLEEPING !!!,0.127,0.385,72,2
2024-11-27 18:50:25,SLEEPING !!!,0.131,0.369,72,2
2024-11-27 18:50:25,SLEEPING !!!,0.119,0.368,72,2
2024-11-27 18:50:25,SLEEPING !!!,0.100,0.371,72,2
2024-11-27 18:50:25,SLEEPING !!!,0.120,0.367,72,2
2024-11-27 18:50:25,SLEEPING !!!,0.128,0.369,72,2
2024-11-27 18:50:25,SLEEPING !!!,0.115,0.384,72,2
2024-11-27 18:50:25,SLEEPING !!!,0.137,0.389,72,2
2024-11-27 18:50:25,SLEEPING !!!,0.177,0.387,72,2
2024-11-27 18:50:25,SLEEPING !!!,0.191,0.354,72,2
2024-11-27 18:50:25,SLEEPING !!!,0.214,0.365,72,2
2024-11-27 18:50:25,SLEEPING !!!,0.217,0.401,72,2
2024-11-27 18:50:25,SLEEPING !!!,0.244,0.386,72,2
2024-11-27 18:50:26,Mild Yawn,0.250,0.389,73,2
2024-11-27 18:50:26,Mild Yawn,0.264,0.373,73,2
2024-11-27 18:50:26,Mild Yawn,0.261,0.379,73,2
2024-11-27 18:50:26,Mild Yawn,0.254,0.369,73,2
2024-11-27 18:50:26,Mild Yawn,0.257,0.362,73,2
2024-11-27 18:50:26,Mild Yawn,0.257,0.380,73,2
2024-11-27 18:50:26,Mild Yawn,0.267,0.389,73,2
2024-11-27 18:50:26,Mild Yawn,0.272,0.372,73,2
2024-11-27 18:50:26,Mild Yawn,0.276,0.380,73,2
2024-11-27 18:50:26,Mild Yawn,0.271,0.395,73,2
2024-11-27 18:50:26,Mild Yawn,0.269,0.406,73,2
2024-11-27 18:50:26,Mild Yawn,0.273,0.432,73,2
2024-11-27 18:50:26,Mild Yawn,0.257,0.427,73,2
2024-11-27 18:50:26,Mild Yawn,0.263,0.479,73,2
2024-11-27 18:50:26,Mild Yawn,0.282,0.468,73,2
2024-11-27 18:50:26,Mild Yawn,0.279,0.432,73,2
2024-11-27 18:50:26,Mild Yawn,0.266,0.404,73,2
2024-11-27 18:50:26,Mild Yawn,0.260,0.493,73,2
2024-11-27 18:50:26,Mild Yawn,0.279,0.479,73,2
2024-11-27 18:50:26,Mild Yawn,0.270,0.440,73,2
2024-11-27 18:50:26,Mild Yawn,0.267,0.463,73,2
2024-11-27 18:50:26,Mild Yawn,0.254,0.482,73,2
2024-11-27 18:50:26,Mild Yawn,0.263,0.499,73,2
2024-11-27 18:50:26,Mild Yawn,0.264,0.462,73,2
2024-11-27 18:50:26,Mild Yawn,0.251,0.448,73,2
2024-11-27 18:50:26,Mild Yawn,0.254,0.483,73,2
2024-11-27 18:50:26,Mild Yawn,0.258,0.454,73,2
2024-11-27 18:50:26,Mild Yawn,0.254,0.465,73,2
2024-11-27 18:50:27,Mild Yawn,0.241,0.442,73,2
2024-11-27 18:50:27,Mild Yawn,0.215,0.444,73,2
2024-11-27 18:50:27,SLEEPING !!!,0.244,0.438,73,2
2024-11-27 18:50:27,SLEEPING !!!,0.241,0.436,73,2
2024-11-27 18:50:27,SLEEPING !!!,0.240,0.425,73,2
2024-11-27 18:50:27,SLEEPING !!!,0.247,0.409,73,2
2024-11-27 18:50:27,SLEEPING !!!,0.233,0.410,73,2
2024-11-27 18:50:27,SLEEPING !!!,0.216,0.379,73,2
2024-11-27 18:50:27,SLEEPING !!!,0.227,0.373,73,2
2024-11-27 18:50:27,SLEEPING !!!,0.227,0.392,73,2
2024-11-27 18:50:27,SLEEPING !!!,0.194,0.392,73,2
2024-11-27 18:50:27,SLEEPING !!!,0.194,0.394,73,2
2024-11-27 18:50:27,SLEEPING !!!,0.215,0.408,73,2
2024-11-27 18:50:27,SLEEPING !!!,0.221,0.409,73,2
2024-11-27 18:50:27,SLEEPING !!!,0.243,0.391,73,2
2024-11-27 18:50:27,SLEEPING !!!,0.240,0.384,73,2
2024-11-27 18:50:27,SLEEPING !!!,0.229,0.403,73,2
2024-11-27 18:50:27,SLEEPING !!!,0.232,0.392,73,2
2024-11-27 18:50:27,SLEEPING !!!,0.180,0.390,73,2
2024-11-27 18:50:27,SLEEPING !!!,0.213,0.393,73,2
2024-11-27 18:50:27,SLEEPING !!!,0.214,0.382,73,2
2024-11-27 18:50:27,SLEEPING !!!,0.229,0.400,73,2
2024-11-27 18:50:27,SLEEPING !!!,0.206,0.400,73,2
2024-11-27 18:50:27,SLEEPING !!!,0.206,0.416,73,2
2024-11-27 18:50:27,SLEEPING !!!,0.206,0.411,73,2
2024-11-27 18:50:27,SLEEPING !!!,0.213,0.415,73,2
2024-11-27 18:50:27,SLEEPING !!!,0.213,0.408,73,2
2024-11-27 18:50:27,SLEEPING !!!,0.217,0.411,73,2
2024-11-27 18:50:27,SLEEPING !!!,0.182,0.388,73,2
2024-11-27 18:50:27,SLEEPING !!!,0.195,0.406,73,2
2024-11-27 18:50:27,SLEEPING !!!,0.224,0.410,73,2
2024-11-27 18:50:27,SLEEPING !!!,0.243,0.440,73,2
2024-11-27 18:50:28,SLEEPING !!!,0.243,0.444,73,2
2024-11-27 18:50:28,SLEEPING !!!,0.227,0.442,73,2
2024-11-27 18:50:28,SLEEPING !!!,0.232,0.448,73,2
2024-11-27 18:50:28,SLEEPING !!!,0.223,0.453,73,2
2024-11-27 18:50:28,SLEEPING !!!,0.212,0.461,73,2
2024-11-27 18:50:28,SLEEPING !!!,0.225,0.455,73,2
2024-11-27 18:50:28,SLEEPING !!!,0.209,0.453,73,2
2024-11-27 18:50:28,SLEEPING !!!,0.220,0.462,73,2
2024-11-27 18:50:28,SLEEPING !!!,0.213,0.470,73,2
2024-11-27 18:50:28,SLEEPING !!!,0.221,0.471,73,2
2024-11-27 18:50:28,SLEEPING !!!,0.243,0.450,73,2
2024-11-27 18:50:28,SLEEPING !!!,0.213,0.468,73,2
2024-11-27 18:50:28,SLEEPING !!!,0.239,0.415,73,2
2024-11-27 18:50:28,SLEEPING !!!,0.223,0.430,73,2
2024-11-27 18:50:28,SLEEPING !!!,0.247,0.405,73,2
2024-11-27 18:50:28,SLEEPING !!!,0.246,0.416,73,2
2024-11-27 18:50:28,SLEEPING !!!,0.227,0.422,73,2
2024-11-27 18:50:28,Mild Yawn,0.261,0.420,74,2
2024-11-27 18:50:28,Mild Yawn,0.231,0.409,74,2
2024-11-27 18:50:28,Mild Yawn,0.239,0.418,74,2
2024-11-27 18:50:28,SLEEPING !!!,0.239,0.413,74,2
2024-11-27 18:50:28,SLEEPING !!!,0.228,0.395,74,2
2024-11-27 18:50:28,SLEEPING !!!,0.225,0.404,74,2
2024-11-27 18:50:28,Mild Yawn,0.255,0.411,75,2
2024-11-27 18:50:28,Mild Yawn,0.239,0.408,75,2
2024-11-27 18:50:28,Mild Yawn,0.246,0.392,75,2
2024-11-27 18:50:28,SLEEPING !!!,0.243,0.413,75,2
2024-11-27 18:50:28,SLEEPING !!!,0.243,0.400,75,2
2024-11-27 18:50:28,SLEEPING !!!,0.239,0.407,75,2
2024-11-27 18:50:28,SLEEPING !!!,0.244,0.405,75,2
2024-11-27 18:50:29,SLEEPING !!!,0.239,0.408,75,2
2024-11-27 18:50:29,SLEEPING !!!,0.243,0.409,75,2
2024-11-27 18:50:29,SLEEPING !!!,0.243,0.390,75,2
2024-11-27 18:50:29,SLEEPING !!!,0.231,0.417,75,2
2024-11-27 18:50:29,SLEEPING !!!,0.216,0.399,75,2
2024-11-27 18:50:29,SLEEPING !!!,0.219,0.410,75,2
2024-11-27 18:50:29,SLEEPING !!!,0.195,0.412,75,2
2024-11-27 18:50:29,SLEEPING !!!,0.150,0.376,75,2
2024-11-27 18:50:29,SLEEPING !!!,0.147,0.393,75,2
2024-11-27 18:50:29,SLEEPING !!!,0.147,0.386,75,2
2024-11-27 18:50:29,SLEEPING !!!,0.121,0.405,75,2
2024-11-27 18:50:29,SLEEPING !!!,0.129,0.406,75,2
2024-11-27 18:50:29,SLEEPING !!!,0.184,0.346,75,2
2024-11-27 18:50:29,SLEEPING !!!,0.139,0.375,75,2
2024-11-27 18:50:29,SLEEPING !!!,0.177,0.378,75,2
2024-11-27 18:50:29,SLEEPING !!!,0.157,0.377,75,2
2024-11-27 18:50:29,SLEEPING !!!,0.173,0.372,75,2
2024-11-27 18:50:29,SLEEPING !!!,0.154,0.390,75,2
2024-11-27 18:50:29,SLEEPING !!!,0.171,0.382,75,2
2024-11-27 18:50:29,SLEEPING !!!,0.151,0.372,75,2
2024-11-27 18:50:29,SLEEPING !!!,0.170,0.332,75,2
2024-11-27 18:50:29,SLEEPING !!!,0.183,0.366,75,2
2024-11-27 18:50:29,SLEEPING !!!,0.180,0.349,75,2
2024-11-27 18:50:29,SLEEPING !!!,0.196,0.391,75,2
2024-11-27 18:50:29,SLEEPING !!!,0.205,0.356,75,2
2024-11-27 18:50:29,SLEEPING !!!,0.240,0.332,75,2
2024-11-27 18:50:29,SLEEPING !!!,0.216,0.359,75,2
2024-11-27 18:50:29,SLEEPING !!!,0.169,0.321,75,2
2024-11-27 18:50:29,SLEEPING !!!,0.179,0.336,75,2
2024-11-27 18:50:29,SLEEPING !!!,0.172,0.353,75,2
2024-11-27 18:50:30,SLEEPING !!!,0.215,0.329,75,2
2024-11-27 18:50:30,SLEEPING !!!,0.151,0.351,75,2
2024-11-27 18:50:30,SLEEPING !!!,0.152,0.383,75,2
