Timestamp,Status,Eye_Aspect_Ratio,Mouth_Aspect_Ratio,Blink_Count,Yawn_Count
2024-11-27 15:30:34,Active,0.201,0.407,0,0
2024-11-27 15:30:34,Active,0.314,0.434,0,0
2024-11-27 15:30:34,Active,0.199,0.354,0,0
2024-11-27 15:30:34,Active,0.223,0.267,0,0
2024-11-27 15:30:35,SLEEPING !!!,0.180,0.314,0,0
2024-11-27 15:30:35,SLEEPING !!!,0.199,0.288,0,0
2024-11-27 15:30:35,SLEEPING !!!,0.186,0.315,0,0
2024-11-27 15:30:35,SLEEPING !!!,0.235,0.276,0,0
2024-11-27 15:30:35,SLEEPING !!!,0.209,0.338,0,0
2024-11-27 15:30:35,SLEEPING !!!,0.235,0.373,0,0
2024-11-27 15:30:35,SLEEPING !!!,0.185,0.386,0,0
2024-11-27 15:30:35,SLEEPING !!!,0.192,0.384,0,0
2024-11-27 15:30:35,SLEEPING !!!,0.185,0.379,0,0
2024-11-27 15:30:35,SLEEPING !!!,0.213,0.399,0,0
2024-11-27 15:30:35,SLEEPING !!!,0.213,0.413,0,0
2024-11-27 15:30:35,SLEEPING !!!,0.235,0.391,0,0
2024-11-27 15:30:35,SLEEPING !!!,0.236,0.394,0,0
2024-11-27 15:30:35,SLEEPING !!!,0.221,0.407,0,0
2024-11-27 15:30:35,Active,0.292,0.188,1,0
2024-11-27 15:30:35,Active,0.264,0.210,1,0
2024-11-27 15:30:35,Active,0.271,0.417,1,0
2024-11-27 15:30:35,Active,0.281,0.391,1,0
2024-11-27 15:30:35,Active,0.422,0.841,1,0
2024-11-27 15:30:35,Active,0.320,0.404,1,0
2024-11-27 15:30:35,Active,0.329,0.409,1,0
2024-11-27 15:30:35,Active,0.396,0.765,1,0
2024-11-27 15:30:35,Active,0.331,0.409,1,0
2024-11-27 15:30:35,Active,0.392,0.676,1,0
2024-11-27 15:30:35,Active,0.357,0.422,1,0
2024-11-27 15:30:35,Active,0.421,0.421,1,0
2024-11-27 15:30:35,Active,0.364,0.414,1,0
2024-11-27 15:30:35,Active,0.336,0.608,1,0
2024-11-27 15:30:35,Active,0.366,0.409,1,0
2024-11-27 15:30:35,Active,0.397,0.654,1,0
2024-11-27 15:30:35,Active,0.367,0.404,1,0
2024-11-27 15:30:35,Active,0.355,0.636,1,0
2024-11-27 15:30:35,Active,0.368,0.403,1,0
2024-11-27 15:30:35,Active,0.420,0.401,1,0
2024-11-27 15:30:35,Active,0.328,0.458,1,0
2024-11-27 15:30:35,Active,0.376,0.403,1,0
2024-11-27 15:30:35,Active,0.460,0.439,1,0
2024-11-27 15:30:35,Active,0.378,0.396,1,0
2024-11-27 15:30:35,Active,0.383,0.437,1,0
2024-11-27 15:30:35,Active,0.274,0.479,1,0
2024-11-27 15:30:35,Active,0.374,0.405,1,0
2024-11-27 15:30:35,Active,0.392,0.616,1,0
2024-11-27 15:30:35,Active,0.378,0.410,1,0
2024-11-27 15:30:35,Active,0.447,0.664,1,0
2024-11-27 15:30:35,Active,0.396,0.405,1,0
2024-11-27 15:30:35,Active,0.339,0.574,1,0
2024-11-27 15:30:35,Active,0.375,0.398,1,0
2024-11-27 15:30:35,Active,0.377,0.663,1,0
2024-11-27 15:30:35,Active,0.387,0.404,1,0
2024-11-27 15:30:35,Active,0.403,0.401,1,0
2024-11-27 15:30:36,Active,0.399,0.410,1,0
2024-11-27 15:30:36,Active,0.424,0.726,1,0
2024-11-27 15:30:36,Active,0.387,0.404,1,0
2024-11-27 15:30:36,Active,0.296,0.478,1,0
2024-11-27 15:30:36,Active,0.351,0.421,1,0
2024-11-27 15:30:36,Active,0.408,0.425,1,0
2024-11-27 15:30:36,Active,0.417,0.404,1,0
2024-11-27 15:30:36,Active,0.419,0.412,1,0
2024-11-27 15:30:36,Active,0.274,0.445,1,0
2024-11-27 15:30:36,Active,0.404,0.418,1,0
2024-11-27 15:30:36,Active,0.392,0.433,1,0
2024-11-27 15:30:36,Active,0.361,0.436,1,0
2024-11-27 15:30:36,Active,0.398,0.426,1,0
2024-11-27 15:30:36,Active,0.277,0.396,1,0
2024-11-27 15:30:36,Active,0.415,0.426,1,0
2024-11-27 15:30:36,Active,0.366,0.432,1,0
2024-11-27 15:30:36,Active,0.408,0.425,1,0
2024-11-27 15:30:36,Active,0.394,0.445,1,0
2024-11-27 15:30:36,Active,0.404,0.426,1,0
2024-11-27 15:30:36,Active,0.413,0.418,1,0
2024-11-27 15:30:36,Active,0.407,0.418,1,0
2024-11-27 15:30:36,Active,0.408,0.425,1,0
2024-11-27 15:30:36,Active,0.398,0.419,1,0
2024-11-27 15:30:36,Active,0.404,0.432,1,0
2024-11-27 15:30:36,Active,0.425,0.426,1,0
2024-11-27 15:30:36,Active,0.415,0.432,1,0
2024-11-27 15:30:36,Active,0.396,0.432,1,0
2024-11-27 15:30:36,Active,0.415,0.445,1,0
2024-11-27 15:30:36,Active,0.396,0.438,1,0
2024-11-27 15:30:36,Active,0.397,0.420,1,0
2024-11-27 15:30:36,Active,0.426,0.426,1,0
2024-11-27 15:30:36,Active,0.410,0.418,1,0
2024-11-27 15:30:36,Active,0.391,0.432,1,0
2024-11-27 15:30:36,Active,0.420,0.439,1,0
2024-11-27 15:30:36,Active,0.418,0.438,1,0
2024-11-27 15:30:36,Active,0.402,0.444,1,0
2024-11-27 15:30:37,Active,0.364,0.431,1,0
2024-11-27 15:30:37,Active,0.181,0.412,1,0
2024-11-27 15:30:37,Active,0.127,0.411,1,0
2024-11-27 15:30:37,SLEEPING !!!,0.164,0.431,1,0
2024-11-27 15:30:37,Active,0.261,0.406,2,0
2024-11-27 15:30:37,Active,0.352,0.431,2,0
2024-11-27 15:30:37,Active,0.324,0.406,2,0
2024-11-27 15:30:37,Active,0.306,0.406,2,0
2024-11-27 15:30:37,Active,0.319,0.412,2,0
2024-11-27 15:30:37,Active,0.320,0.406,2,0
2024-11-27 15:30:37,Active,0.299,0.426,2,0
2024-11-27 15:30:37,Active,0.155,0.412,2,0
2024-11-27 15:30:37,Active,0.209,0.412,2,0
2024-11-27 15:30:37,Active,0.271,0.424,2,0
2024-11-27 15:30:37,Active,0.275,0.413,2,0
2024-11-27 15:30:37,Active,0.326,0.418,2,0
2024-11-27 15:30:37,Active,0.327,0.418,2,0
2024-11-27 15:30:37,Active,0.335,0.438,2,0
2024-11-27 15:30:37,Active,0.348,0.418,2,0
2024-11-27 15:30:37,Active,0.352,0.426,2,0
2024-11-27 15:30:37,Active,0.372,0.438,2,0
2024-11-27 15:30:37,Active,0.356,0.432,2,0
2024-11-27 15:30:37,Active,0.355,0.432,2,0
2024-11-27 15:30:37,Active,0.387,0.425,2,0
2024-11-27 15:30:37,Active,0.375,0.418,2,0
2024-11-27 15:30:37,Active,0.378,0.412,2,0
2024-11-27 15:30:37,Active,0.364,0.433,2,0
2024-11-27 15:30:37,Active,0.387,0.419,2,0
2024-11-27 15:30:37,Active,0.367,0.432,2,0
2024-11-27 15:30:37,Active,0.381,0.425,2,0
2024-11-27 15:30:38,Active,0.366,0.438,2,0
2024-11-27 15:30:38,Active,0.367,0.411,2,0
2024-11-27 15:30:38,Active,0.351,0.425,2,0
2024-11-27 15:30:38,Active,0.366,0.438,2,0
2024-11-27 15:30:38,Active,0.381,0.431,2,0
2024-11-27 15:30:38,Active,0.368,0.425,2,0
2024-11-27 15:30:38,Active,0.366,0.418,2,0
2024-11-27 15:30:38,Active,0.386,0.418,2,0
2024-11-27 15:30:38,Active,0.356,0.425,2,0
2024-11-27 15:30:38,Active,0.356,0.419,2,0
2024-11-27 15:30:38,Active,0.355,0.419,2,0
2024-11-27 15:30:38,Active,0.354,0.432,2,0
2024-11-27 15:30:38,Active,0.372,0.425,2,0
2024-11-27 15:30:38,Active,0.372,0.438,2,0
2024-11-27 15:30:38,Active,0.360,0.432,2,0
2024-11-27 15:30:38,Active,0.346,0.425,2,0
2024-11-27 15:30:38,Active,0.385,0.418,2,0
2024-11-27 15:30:38,Active,0.374,0.432,2,0
2024-11-27 15:30:38,Active,0.359,0.444,2,0
2024-11-27 15:30:38,Active,0.360,0.425,2,0
2024-11-27 15:30:38,Active,0.350,0.432,2,0
2024-11-27 15:30:38,Active,0.354,0.431,2,0
2024-11-27 15:30:38,Active,0.344,0.418,2,0
2024-11-27 15:30:38,Active,0.351,0.432,2,0
2024-11-27 15:30:38,Active,0.347,0.432,2,0
2024-11-27 15:30:38,Active,0.351,0.438,2,0
2024-11-27 15:30:38,Active,0.367,0.425,2,0
2024-11-27 15:30:38,Active,0.362,0.438,2,0
2024-11-27 15:30:38,Active,0.351,0.432,2,0
2024-11-27 15:30:38,Active,0.365,0.425,2,0
2024-11-27 15:30:39,Active,0.342,0.452,2,0
2024-11-27 15:30:39,Active,0.371,0.412,2,0
2024-11-27 15:30:39,Active,0.344,0.432,2,0
2024-11-27 15:30:39,Active,0.359,0.438,2,0
2024-11-27 15:30:39,Active,0.359,0.426,2,0
2024-11-27 15:30:39,Active,0.365,0.432,2,0
2024-11-27 15:30:39,Active,0.364,0.432,2,0
2024-11-27 15:30:39,Active,0.355,0.445,2,0
2024-11-27 15:30:39,Active,0.365,0.425,2,0
2024-11-27 15:30:39,Active,0.348,0.432,2,0
2024-11-27 15:30:39,Active,0.346,0.438,2,0
2024-11-27 15:30:39,Active,0.346,0.432,2,0
2024-11-27 15:30:39,Active,0.353,0.433,2,0
2024-11-27 15:30:39,Active,0.316,0.424,2,0
2024-11-27 15:30:39,Active,0.198,0.418,2,0
2024-11-27 15:30:39,Active,0.111,0.425,2,0
2024-11-27 15:30:39,SLEEPING !!!,0.138,0.418,2,0
2024-11-27 15:30:39,SLEEPING !!!,0.198,0.411,2,0
2024-11-27 15:30:39,SLEEPING !!!,0.223,0.431,2,0
2024-11-27 15:30:39,SLEEPING !!!,0.237,0.432,2,0
2024-11-27 15:30:39,Active,0.251,0.431,3,0
2024-11-27 15:30:39,Active,0.250,0.430,3,0
2024-11-27 15:30:39,Active,0.268,0.425,3,0
2024-11-27 15:30:39,Active,0.281,0.438,3,0
2024-11-27 15:30:39,Active,0.270,0.425,3,0
2024-11-27 15:30:39,Active,0.278,0.424,3,0
2024-11-27 15:30:39,Active,0.283,0.438,3,0
2024-11-27 15:30:39,Active,0.287,0.425,3,0
2024-11-27 15:30:39,Active,0.281,0.424,3,0
2024-11-27 15:30:39,Active,0.283,0.445,3,0
2024-11-27 15:30:40,Active,0.287,0.418,3,0
2024-11-27 15:30:40,Active,0.294,0.445,3,0
2024-11-27 15:30:40,Active,0.294,0.437,3,0
2024-11-27 15:30:40,Active,0.291,0.438,3,0
2024-11-27 15:30:40,Active,0.302,0.438,3,0
2024-11-27 15:30:40,Active,0.306,0.445,3,0
2024-11-27 15:30:40,Active,0.321,0.419,3,0
2024-11-27 15:30:40,Active,0.324,0.424,3,0
2024-11-27 15:30:40,Active,0.332,0.431,3,0
2024-11-27 15:30:40,Active,0.323,0.419,3,0
2024-11-27 15:30:40,Active,0.319,0.432,3,0
2024-11-27 15:30:40,Active,0.340,0.431,3,0
2024-11-27 15:30:40,Active,0.311,0.432,3,0
2024-11-27 15:30:40,Active,0.315,0.438,3,0
2024-11-27 15:30:40,Active,0.316,0.426,3,0
2024-11-27 15:30:40,Active,0.323,0.431,3,0
2024-11-27 15:30:40,Active,0.341,0.431,3,0
2024-11-27 15:30:40,Active,0.325,0.438,3,0
2024-11-27 15:30:40,Active,0.340,0.343,3,0
2024-11-27 15:30:40,Active,0.338,0.320,3,0
2024-11-27 15:30:40,Active,0.340,0.145,3,0
2024-11-27 15:30:40,Active,0.362,0.200,3,0
2024-11-27 15:30:40,Active,0.339,0.169,3,0
2024-11-27 15:30:40,Active,0.322,0.127,3,0
2024-11-27 15:30:40,Active,0.344,0.200,3,0
2024-11-27 15:30:40,Active,0.303,0.174,3,0
2024-11-27 15:30:40,Active,0.336,0.200,3,0
2024-11-27 15:30:40,Active,0.321,0.176,3,0
2024-11-27 15:30:40,Active,0.340,0.174,3,0
2024-11-27 15:30:40,Active,0.339,0.176,3,0
2024-11-27 15:30:41,Active,0.318,0.169,3,0
2024-11-27 15:30:41,Active,0.343,0.172,3,0
2024-11-27 15:30:41,Active,0.320,0.181,3,0
2024-11-27 15:30:41,Active,0.345,0.165,3,0
2024-11-27 15:30:41,Active,0.352,0.158,3,0
2024-11-27 15:30:41,Active,0.357,0.214,3,0
2024-11-27 15:30:41,Active,0.363,0.142,3,0
2024-11-27 15:30:41,Active,0.345,0.160,3,0
2024-11-27 15:30:41,Active,0.369,0.204,3,0
2024-11-27 15:30:41,Active,0.347,0.174,3,0
2024-11-27 15:30:41,Active,0.347,0.198,3,0
2024-11-27 15:30:41,Active,0.333,0.178,3,0
2024-11-27 15:30:41,Active,0.336,0.154,3,0
2024-11-27 15:30:41,Active,0.366,0.200,3,0
2024-11-27 15:30:41,Active,0.356,0.158,3,0
2024-11-27 15:30:41,Active,0.362,0.214,3,0
2024-11-27 15:30:41,Active,0.336,0.156,3,0
2024-11-27 15:30:41,Active,0.286,0.261,3,0
2024-11-27 15:30:41,Active,0.312,0.150,3,0
2024-11-27 15:30:41,Active,0.247,0.171,3,0
2024-11-27 15:30:41,Active,0.256,0.221,3,0
2024-11-27 15:30:41,Active,0.373,0.220,3,0
2024-11-27 15:30:41,Active,0.341,0.183,3,0
2024-11-27 15:30:41,Active,0.408,0.193,3,0
2024-11-27 15:30:41,Active,0.336,0.180,3,0
2024-11-27 15:30:41,Active,0.388,0.206,3,0
2024-11-27 15:30:41,Active,0.387,0.193,3,0
2024-11-27 15:30:41,Active,0.393,0.152,3,0
2024-11-27 15:30:41,Active,0.389,0.241,3,0
2024-11-27 15:30:41,Active,0.408,0.135,3,0
2024-11-27 15:30:42,Active,0.386,0.203,3,0
2024-11-27 15:30:42,Active,0.331,0.184,3,0
2024-11-27 15:30:42,Active,0.321,0.131,3,0
2024-11-27 15:30:42,Active,0.241,0.180,3,0
2024-11-27 15:30:42,Active,0.260,0.154,3,0
2024-11-27 15:30:42,Active,0.260,0.165,3,0
2024-11-27 15:30:42,Active,0.250,0.151,3,0
2024-11-27 15:30:42,Active,0.257,0.178,3,0
2024-11-27 15:30:42,Active,0.258,0.185,3,0
2024-11-27 15:30:42,Active,0.269,0.217,3,0
2024-11-27 15:30:42,Active,0.276,0.160,3,0
2024-11-27 15:30:42,Active,0.295,0.156,3,0
2024-11-27 15:30:42,Active,0.270,0.124,3,0
2024-11-27 15:30:42,Active,0.278,0.307,3,0
2024-11-27 15:30:42,Active,0.279,0.329,3,0
2024-11-27 15:30:42,Active,0.277,0.156,3,0
2024-11-27 15:30:42,Active,0.303,0.220,3,0
2024-11-27 15:30:42,Active,0.297,0.325,3,0
2024-11-27 15:30:42,Active,0.286,0.361,3,0
2024-11-27 15:30:42,Active,0.298,0.216,3,0
2024-11-27 15:30:42,Active,0.277,0.162,3,0
2024-11-27 15:30:42,Active,0.289,0.365,3,0
2024-11-27 15:30:42,Active,0.311,0.226,3,0
2024-11-27 15:30:42,Active,0.291,0.223,3,0
2024-11-27 15:30:42,Active,0.298,0.213,3,0
2024-11-27 15:30:42,Active,0.323,0.162,3,0
2024-11-27 15:30:42,Active,0.303,0.138,3,0
2024-11-27 15:30:42,Active,0.350,0.153,3,0
2024-11-27 15:30:42,Active,0.293,0.144,3,0
2024-11-27 15:30:42,Active,0.318,0.149,3,0
2024-11-27 15:30:43,Active,0.321,0.151,3,0
2024-11-27 15:30:43,Active,0.294,0.196,3,0
2024-11-27 15:30:43,Active,0.316,0.206,3,0
2024-11-27 15:30:43,Active,0.345,0.165,3,0
2024-11-27 15:30:43,Active,0.336,0.149,3,0
2024-11-27 15:30:43,Active,0.257,0.298,3,0
2024-11-27 15:30:43,Active,0.332,0.210,3,0
2024-11-27 15:30:43,Active,0.339,0.122,3,0
2024-11-27 15:30:43,Active,0.332,0.162,3,0
2024-11-27 15:30:43,Active,0.327,0.297,3,0
2024-11-27 15:30:43,Active,0.336,0.179,3,0
2024-11-27 15:30:43,Active,0.307,0.142,3,0
2024-11-27 15:30:43,Active,0.348,0.146,3,0
2024-11-27 15:30:43,Active,0.316,0.288,3,0
2024-11-27 15:30:43,Active,0.325,0.124,3,0
2024-11-27 15:30:43,Active,0.304,0.219,3,0
2024-11-27 15:30:43,Active,0.297,0.220,3,0
2024-11-27 15:30:43,Active,0.345,0.165,3,0
2024-11-27 15:30:43,Active,0.371,0.125,3,0
2024-11-27 15:30:43,Active,0.308,0.372,3,0
2024-11-27 15:30:43,Active,0.348,0.404,3,0
2024-11-27 15:30:43,Active,0.306,0.467,3,0
2024-11-27 15:30:43,Active,0.305,0.329,3,0
2024-11-27 15:30:43,Active,0.301,0.483,3,0
2024-11-27 15:30:43,Active,0.318,0.374,3,0
2024-11-27 15:30:43,Active,0.278,0.410,3,0
2024-11-27 15:30:43,Active,0.353,0.222,3,0
2024-11-27 15:30:43,Active,0.271,0.403,3,0
2024-11-27 15:30:43,Active,0.339,0.151,3,0
2024-11-27 15:30:43,Active,0.318,0.297,3,0
2024-11-27 15:30:43,Active,0.333,0.213,3,0
2024-11-27 15:30:43,Active,0.347,0.199,3,0
2024-11-27 15:30:43,Active,0.297,0.127,3,0
2024-11-27 15:30:43,Active,0.336,0.152,3,0
2024-11-27 15:30:43,Active,0.345,0.144,3,0
2024-11-27 15:30:44,Active,0.335,0.201,3,0
2024-11-27 15:30:44,Active,0.327,0.167,3,0
2024-11-27 15:30:44,Active,0.320,0.165,3,0
2024-11-27 15:30:44,Active,0.333,0.151,3,0
2024-11-27 15:30:44,Active,0.370,0.247,3,0
2024-11-27 15:30:44,Active,0.351,0.240,3,0
2024-11-27 15:30:44,Active,0.339,0.149,3,0
2024-11-27 15:30:44,Active,0.339,0.123,3,0
2024-11-27 15:30:44,Active,0.349,0.158,3,0
2024-11-27 15:30:44,Active,0.343,0.203,3,0
2024-11-27 15:30:44,Active,0.315,0.192,3,0
2024-11-27 15:30:44,Active,0.310,0.200,3,0
2024-11-27 15:30:44,Active,0.338,0.227,3,0
2024-11-27 15:30:44,Active,0.325,0.240,3,0
2024-11-27 15:30:44,Active,0.328,0.131,3,0
2024-11-27 15:30:44,Active,0.320,0.320,3,0
2024-11-27 15:30:44,Active,0.277,0.274,3,0
2024-11-27 15:30:44,Active,0.281,0.376,3,0
2024-11-27 15:30:44,Active,0.260,0.135,3,0
2024-11-27 15:30:44,Active,0.335,0.345,3,0
2024-11-27 15:30:44,Active,0.174,0.348,3,0
2024-11-27 15:30:44,Active,0.257,0.338,3,0
2024-11-27 15:30:44,Active,0.224,0.347,3,0
2024-11-27 15:30:44,Active,0.254,0.386,3,0
2024-11-27 15:30:44,Active,0.250,0.357,3,0
2024-11-27 15:30:44,Active,0.259,0.343,3,0
2024-11-27 15:30:44,Active,0.245,0.387,3,0
2024-11-27 15:30:44,Active,0.241,0.399,3,0
2024-11-27 15:30:44,Active,0.254,0.440,3,0
2024-11-27 15:30:44,Active,0.257,0.473,3,0
2024-11-27 15:30:45,Active,0.262,0.541,3,0
2024-11-27 15:30:45,Active,0.263,0.581,3,0
2024-11-27 15:30:45,Active,0.254,0.573,3,0
2024-11-27 15:30:45,Active,0.288,0.684,3,0
2024-11-27 15:30:45,Active,0.283,0.691,3,0
2024-11-27 15:30:45,Active,0.274,0.739,3,0
2024-11-27 15:30:45,Active,0.273,0.725,3,0
2024-11-27 15:30:45,Active,0.292,0.720,3,0
2024-11-27 15:30:45,Active,0.285,0.699,3,0
2024-11-27 15:30:45,Active,0.283,0.767,3,0
2024-11-27 15:30:45,Active,0.270,0.703,3,0
2024-11-27 15:30:45,Active,0.274,0.731,3,0
2024-11-27 15:30:45,Active,0.295,0.718,3,0
2024-11-27 15:30:45,Active,0.283,0.769,3,0
2024-11-27 15:30:45,Active,0.299,0.717,3,0
2024-11-27 15:30:45,Active,0.316,0.644,3,0
2024-11-27 15:30:45,Active,0.297,0.592,3,0
2024-11-27 15:30:45,Active,0.306,0.690,3,0
2024-11-27 15:30:45,Active,0.300,0.737,3,0
2024-11-27 15:30:45,Active,0.305,0.651,3,0
2024-11-27 15:30:45,Active,0.303,0.657,3,0
2024-11-27 15:30:45,Active,0.270,0.802,3,0
2024-11-27 15:30:45,Active,0.303,0.788,3,0
2024-11-27 15:30:45,Active,0.310,0.702,3,0
2024-11-27 15:30:45,Active,0.319,0.729,3,0
2024-11-27 15:30:45,Active,0.289,0.718,3,0
2024-11-27 15:30:45,Active,0.316,0.717,3,0
2024-11-27 15:30:45,Active,0.332,0.651,3,0
2024-11-27 15:30:45,Active,0.282,0.812,3,0
2024-11-27 15:30:45,Active,0.321,0.660,3,0
2024-11-27 15:30:46,Active,0.321,0.782,3,0
2024-11-27 15:30:46,Yawning !,0.296,0.648,3,1
2024-11-27 15:30:46,Active,0.315,0.736,3,1
2024-11-27 15:30:46,Active,0.302,0.708,3,1
2024-11-27 15:30:46,Active,0.323,0.727,3,1
2024-11-27 15:30:46,Active,0.292,0.654,3,1
2024-11-27 15:30:46,Active,0.302,0.779,3,1
2024-11-27 15:30:46,Active,0.302,0.657,3,1
2024-11-27 15:30:46,Active,0.295,0.728,3,1
2024-11-27 15:30:46,Active,0.295,0.800,3,1
2024-11-27 15:30:46,Active,0.294,0.796,3,1
2024-11-27 15:30:46,Active,0.308,0.696,3,1
2024-11-27 15:30:46,Active,0.256,0.778,3,1
2024-11-27 15:30:46,Active,0.308,0.711,3,1
2024-11-27 15:30:46,Active,0.289,0.819,3,1
2024-11-27 15:30:46,Active,0.308,0.762,3,1
2024-11-27 15:30:46,Active,0.300,0.790,3,1
2024-11-27 15:30:46,Active,0.303,0.805,3,1
2024-11-27 15:30:46,Active,0.288,0.811,3,1
2024-11-27 15:30:46,Active,0.290,0.807,3,1
2024-11-27 15:30:46,Active,0.304,0.825,3,1
2024-11-27 15:30:46,Active,0.288,0.808,3,1
2024-11-27 15:30:46,Active,0.294,0.805,3,1
2024-11-27 15:30:46,Active,0.302,0.825,3,1
2024-11-27 15:30:46,Active,0.291,0.827,3,1
2024-11-27 15:30:46,Active,0.272,0.846,3,1
2024-11-27 15:30:46,Active,0.300,0.844,3,1
2024-11-27 15:30:46,Active,0.303,0.818,3,1
2024-11-27 15:30:46,Active,0.279,0.813,3,1
2024-11-27 15:30:46,Active,0.293,0.785,3,1
2024-11-27 15:30:47,Active,0.298,0.821,3,1
2024-11-27 15:30:47,Active,0.271,0.757,3,1
2024-11-27 15:30:47,Active,0.257,0.763,3,1
2024-11-27 15:30:47,Active,0.278,0.795,3,1
2024-11-27 15:30:47,Active,0.294,0.818,3,1
2024-11-27 15:30:47,Active,0.290,0.823,3,1
2024-11-27 15:30:47,Active,0.269,0.822,3,1
2024-11-27 15:30:47,Active,0.297,0.838,3,1
2024-11-27 15:30:47,Active,0.262,0.810,3,1
2024-11-27 15:30:47,Active,0.281,0.811,3,1
2024-11-27 15:30:47,Active,0.278,0.798,3,1
2024-11-27 15:30:47,Active,0.333,0.448,3,1
2024-11-27 15:30:47,Active,0.293,0.770,3,1
2024-11-27 15:30:47,Active,0.293,0.643,3,1
2024-11-27 15:30:47,Active,0.315,0.514,3,1
2024-11-27 15:30:47,Active,0.296,0.552,3,1
2024-11-27 15:30:47,Active,0.266,0.500,3,1
2024-11-27 15:30:47,Active,0.272,0.425,3,1
2024-11-27 15:30:47,Active,0.257,0.407,3,1
2024-11-27 15:30:47,Active,0.275,0.366,3,1
2024-11-27 15:30:47,Active,0.275,0.317,3,1
2024-11-27 15:30:47,Active,0.265,0.336,3,1
2024-11-27 15:30:47,Active,0.257,0.326,3,1
2024-11-27 15:30:47,Active,0.272,0.297,3,1
2024-11-27 15:30:47,Active,0.247,0.313,3,1
2024-11-27 15:30:47,Active,0.263,0.350,3,1
2024-11-27 15:30:47,Active,0.267,0.140,3,1
2024-11-27 15:30:47,Active,0.273,0.326,3,1
2024-11-27 15:30:47,Active,0.272,0.344,3,1
2024-11-27 15:30:47,Active,0.269,0.350,3,1
2024-11-27 15:30:47,Active,0.291,0.362,3,1
2024-11-27 15:30:48,Active,0.282,0.344,3,1
2024-11-27 15:30:48,Active,0.294,0.378,3,1
2024-11-27 15:30:48,Active,0.298,0.372,3,1
2024-11-27 15:30:48,Active,0.306,0.383,3,1
2024-11-27 15:30:48,Active,0.288,0.388,3,1
2024-11-27 15:30:48,Active,0.307,0.388,3,1
2024-11-27 15:30:48,Active,0.319,0.394,3,1
2024-11-27 15:30:48,Active,0.328,0.383,3,1
2024-11-27 15:30:48,Active,0.341,0.395,3,1
2024-11-27 15:30:48,Active,0.343,0.400,3,1
2024-11-27 15:30:48,Active,0.337,0.381,3,1
2024-11-27 15:30:48,Active,0.357,0.388,3,1
2024-11-27 15:30:48,Active,0.359,0.377,3,1
2024-11-27 15:30:48,Active,0.351,0.389,3,1
2024-11-27 15:30:48,Active,0.361,0.389,3,1
2024-11-27 15:30:48,Active,0.387,0.399,3,1
2024-11-27 15:30:48,Active,0.380,0.400,3,1
2024-11-27 15:30:48,Active,0.375,0.394,3,1
2024-11-27 15:30:48,Active,0.380,0.413,3,1
2024-11-27 15:30:48,Active,0.366,0.405,3,1
2024-11-27 15:30:48,Active,0.370,0.389,3,1
2024-11-27 15:30:48,Active,0.369,0.413,3,1
2024-11-27 15:30:48,Active,0.363,0.400,3,1
2024-11-27 15:30:48,Active,0.355,0.417,3,1
2024-11-27 15:30:48,Active,0.367,0.418,3,1
2024-11-27 15:30:48,Active,0.298,0.399,3,1
2024-11-27 15:30:48,Active,0.312,0.381,3,1
2024-11-27 15:30:48,Active,0.341,0.405,3,1
2024-11-27 15:30:48,Active,0.283,0.399,3,1
2024-11-27 15:30:48,Active,0.235,0.386,3,1
2024-11-27 15:30:49,Active,0.188,0.404,3,1
2024-11-27 15:30:49,SLEEPING !!!,0.209,0.411,3,1
2024-11-27 15:30:49,SLEEPING !!!,0.191,0.413,3,1
2024-11-27 15:30:49,SLEEPING !!!,0.190,0.412,3,1
2024-11-27 15:30:49,Active,0.288,0.409,4,1
2024-11-27 15:30:49,Active,0.175,0.406,4,1
2024-11-27 15:30:49,Active,0.161,0.417,4,1
2024-11-27 15:30:49,SLEEPING !!!,0.173,0.418,4,1
2024-11-27 15:30:49,SLEEPING !!!,0.173,0.406,4,1
2024-11-27 15:30:49,SLEEPING !!!,0.173,0.412,4,1
2024-11-27 15:30:49,SLEEPING !!!,0.179,0.399,4,1
2024-11-27 15:30:49,SLEEPING !!!,0.176,0.412,4,1
2024-11-27 15:30:49,SLEEPING !!!,0.157,0.400,4,1
2024-11-27 15:30:49,SLEEPING !!!,0.160,0.416,4,1
2024-11-27 15:30:49,SLEEPING !!!,0.175,0.404,4,1
2024-11-27 15:30:49,SLEEPING !!!,0.175,0.430,4,1
2024-11-27 15:30:49,SLEEPING !!!,0.163,0.404,4,1
2024-11-27 15:30:49,SLEEPING !!!,0.152,0.417,4,1
2024-11-27 15:30:49,SLEEPING !!!,0.156,0.417,4,1
2024-11-27 15:30:49,SLEEPING !!!,0.173,0.405,4,1
2024-11-27 15:30:49,SLEEPING !!!,0.163,0.417,4,1
2024-11-27 15:30:49,SLEEPING !!!,0.176,0.412,4,1
2024-11-27 15:30:49,SLEEPING !!!,0.171,0.423,4,1
2024-11-27 15:30:49,SLEEPING !!!,0.176,0.407,4,1
2024-11-27 15:30:49,SLEEPING !!!,0.221,0.393,4,1
2024-11-27 15:30:49,SLEEPING !!!,0.241,0.403,4,1
2024-11-27 15:30:49,Active,0.259,0.410,5,1
2024-11-27 15:30:49,Active,0.286,0.417,5,1
2024-11-27 15:30:49,Active,0.298,0.404,5,1
2024-11-27 15:30:49,Active,0.297,0.423,5,1
2024-11-27 15:30:50,Active,0.300,0.417,5,1
2024-11-27 15:30:50,Active,0.297,0.417,5,1
2024-11-27 15:30:50,Active,0.291,0.429,5,1
2024-11-27 15:30:50,Active,0.316,0.417,5,1
2024-11-27 15:30:50,Active,0.297,0.417,5,1
2024-11-27 15:30:50,Active,0.302,0.416,5,1
2024-11-27 15:30:50,Active,0.303,0.410,5,1
2024-11-27 15:30:50,Active,0.299,0.416,5,1
2024-11-27 15:30:50,Active,0.308,0.423,5,1
2024-11-27 15:30:50,Active,0.290,0.404,5,1
2024-11-27 15:30:50,Active,0.299,0.422,5,1
2024-11-27 15:30:50,Active,0.285,0.423,5,1
2024-11-27 15:30:50,Active,0.281,0.405,5,1
2024-11-27 15:30:50,Active,0.297,0.409,5,1
2024-11-27 15:30:50,Active,0.292,0.429,5,1
2024-11-27 15:30:50,Active,0.251,0.404,5,1
2024-11-27 15:30:50,Active,0.301,0.422,5,1
2024-11-27 15:30:50,Active,0.289,0.422,5,1
2024-11-27 15:30:50,Active,0.267,0.385,5,1
2024-11-27 15:30:50,Active,0.282,0.403,5,1
2024-11-27 15:30:50,Active,0.280,0.416,5,1
2024-11-27 15:30:50,Active,0.288,0.422,5,1
2024-11-27 15:30:50,Active,0.267,0.403,5,1
2024-11-27 15:30:50,Active,0.248,0.409,5,1
2024-11-27 15:30:50,Active,0.281,0.422,5,1
2024-11-27 15:30:50,Active,0.276,0.422,5,1
2024-11-27 15:30:50,Active,0.260,0.409,5,1
2024-11-27 15:30:50,Active,0.288,0.416,5,1
2024-11-27 15:30:50,Active,0.292,0.413,5,1
2024-11-27 15:30:50,Active,0.284,0.417,5,1
2024-11-27 15:30:51,Active,0.288,0.422,5,1
2024-11-27 15:30:51,Active,0.279,0.412,5,1
2024-11-27 15:30:51,Active,0.169,0.416,5,1
2024-11-27 15:30:51,Active,0.145,0.412,5,1
2024-11-27 15:30:51,SLEEPING !!!,0.220,0.412,5,1
2024-11-27 15:30:51,SLEEPING !!!,0.226,0.413,5,1
2024-11-27 15:30:51,SLEEPING !!!,0.200,0.423,5,1
2024-11-27 15:30:51,SLEEPING !!!,0.213,0.424,5,1
2024-11-27 15:30:51,SLEEPING !!!,0.146,0.424,5,1
2024-11-27 15:30:51,SLEEPING !!!,0.180,0.424,5,1
2024-11-27 15:30:51,SLEEPING !!!,0.200,0.412,5,1
2024-11-27 15:30:51,SLEEPING !!!,0.219,0.430,5,1
2024-11-27 15:30:51,SLEEPING !!!,0.200,0.423,5,1
2024-11-27 15:30:51,SLEEPING !!!,0.222,0.411,5,1
2024-11-27 15:30:51,Active,0.278,0.418,6,1
2024-11-27 15:30:51,Active,0.202,0.418,6,1
2024-11-27 15:30:51,Active,0.238,0.424,6,1
2024-11-27 15:30:51,SLEEPING !!!,0.223,0.417,6,1
2024-11-27 15:30:51,SLEEPING !!!,0.189,0.419,6,1
2024-11-27 15:30:51,SLEEPING !!!,0.180,0.423,6,1
2024-11-27 15:30:51,SLEEPING !!!,0.137,0.404,6,1
2024-11-27 15:30:51,SLEEPING !!!,0.214,0.388,6,1
2024-11-27 15:30:51,SLEEPING !!!,0.231,0.411,6,1
2024-11-27 15:30:51,SLEEPING !!!,0.245,0.407,6,1
2024-11-27 15:30:51,SLEEPING !!!,0.247,0.404,6,1
2024-11-27 15:30:51,Active,0.266,0.405,7,1
2024-11-27 15:30:51,Active,0.286,0.412,7,1
2024-11-27 15:30:51,Active,0.285,0.417,7,1
2024-11-27 15:30:51,Active,0.292,0.416,7,1
2024-11-27 15:30:51,Active,0.300,0.411,7,1
2024-11-27 15:30:52,Active,0.302,0.406,7,1
2024-11-27 15:30:52,Active,0.291,0.411,7,1
2024-11-27 15:30:52,Active,0.282,0.417,7,1
2024-11-27 15:30:52,Active,0.281,0.412,7,1
2024-11-27 15:30:52,Active,0.287,0.413,7,1
2024-11-27 15:30:52,Active,0.313,0.417,7,1
2024-11-27 15:30:52,Active,0.307,0.400,7,1
2024-11-27 15:30:52,Active,0.278,0.407,7,1
2024-11-27 15:30:52,Active,0.297,0.399,7,1
2024-11-27 15:30:52,Active,0.290,0.404,7,1
2024-11-27 15:30:52,Active,0.284,0.412,7,1
2024-11-27 15:30:52,Active,0.272,0.430,7,1
2024-11-27 15:30:52,Active,0.292,0.418,7,1
2024-11-27 15:30:52,Active,0.286,0.430,7,1
2024-11-27 15:30:52,Active,0.291,0.430,7,1
2024-11-27 15:30:52,Active,0.285,0.406,7,1
2024-11-27 15:30:52,Active,0.285,0.417,7,1
2024-11-27 15:30:52,Active,0.274,0.269,7,1
2024-11-27 15:30:52,Active,0.289,0.424,7,1
2024-11-27 15:30:52,Active,0.188,0.326,7,1
2024-11-27 15:30:52,Active,0.266,0.424,7,1
2024-11-27 15:30:52,Active,0.213,0.290,7,1
2024-11-27 15:30:52,Active,0.272,0.424,7,1
2024-11-27 15:30:52,Active,0.206,0.327,7,1
2024-11-27 15:30:52,Active,0.269,0.418,7,1
2024-11-27 15:30:52,Active,0.222,0.363,7,1
2024-11-27 15:30:52,Active,0.276,0.417,7,1
2024-11-27 15:30:52,Active,0.237,0.374,7,1
2024-11-27 15:30:52,Active,0.272,0.424,7,1
2024-11-27 15:30:52,Active,0.287,0.358,7,1
2024-11-27 15:30:52,Active,0.272,0.418,7,1
2024-11-27 15:30:52,Active,0.304,0.336,7,1
2024-11-27 15:30:52,Active,0.263,0.442,7,1
2024-11-27 15:30:52,Active,0.384,0.353,7,1
2024-11-27 15:30:52,Active,0.272,0.411,7,1
2024-11-27 15:30:52,Active,0.304,0.380,7,1
2024-11-27 15:30:52,Active,0.266,0.419,7,1
2024-11-27 15:30:52,Active,0.341,0.345,7,1
2024-11-27 15:30:52,Active,0.263,0.431,7,1
2024-11-27 15:30:52,Active,0.255,0.381,7,1
2024-11-27 15:30:52,Active,0.244,0.436,7,1
2024-11-27 15:30:52,Active,0.280,0.409,7,1
2024-11-27 15:30:52,Active,0.266,0.418,7,1
2024-11-27 15:30:52,Active,0.276,0.420,7,1
2024-11-27 15:30:53,Active,0.260,0.419,7,1
2024-11-27 15:30:53,Active,0.274,0.422,7,1
2024-11-27 15:30:53,Active,0.269,0.407,7,1
2024-11-27 15:30:53,Active,0.236,0.421,7,1
2024-11-27 15:30:53,Active,0.272,0.406,7,1
2024-11-27 15:30:53,Active,0.316,0.440,7,1
2024-11-27 15:30:53,Active,0.260,0.413,7,1
2024-11-27 15:30:53,Active,0.322,0.459,7,1
2024-11-27 15:30:53,Active,0.282,0.418,7,1
2024-11-27 15:30:53,Active,0.289,0.398,7,1
2024-11-27 15:30:53,Active,0.281,0.419,7,1
2024-11-27 15:30:53,Active,0.297,0.401,7,1
2024-11-27 15:30:53,Active,0.282,0.413,7,1
2024-11-27 15:30:53,Active,0.315,0.458,7,1
2024-11-27 15:30:53,Active,0.260,0.412,7,1
2024-11-27 15:30:53,Active,0.371,0.459,7,1
2024-11-27 15:30:53,Active,0.279,0.424,7,1
2024-11-27 15:30:53,Active,0.317,0.479,7,1
2024-11-27 15:30:53,Active,0.266,0.408,7,1
2024-11-27 15:30:53,Active,0.317,0.482,7,1
2024-11-27 15:30:53,Active,0.278,0.412,7,1
2024-11-27 15:30:53,Active,0.293,0.406,7,1
2024-11-27 15:30:53,Active,0.269,0.400,7,1
2024-11-27 15:30:53,Active,0.305,0.399,7,1
2024-11-27 15:30:53,Active,0.273,0.413,7,1
2024-11-27 15:30:53,Active,0.301,0.370,7,1
2024-11-27 15:30:53,Active,0.276,0.413,7,1
2024-11-27 15:30:53,Active,0.306,0.422,7,1
2024-11-27 15:30:53,Active,0.282,0.405,7,1
2024-11-27 15:30:53,Active,0.301,0.407,7,1
2024-11-27 15:30:53,Active,0.269,0.413,7,1
2024-11-27 15:30:53,Active,0.278,0.427,7,1
2024-11-27 15:30:53,Active,0.278,0.413,7,1
2024-11-27 15:30:53,Active,0.270,0.430,7,1
2024-11-27 15:30:53,Active,0.291,0.401,7,1
2024-11-27 15:30:53,Active,0.260,0.431,7,1
2024-11-27 15:30:53,Active,0.294,0.394,7,1
2024-11-27 15:30:53,Active,0.271,0.447,7,1
2024-11-27 15:30:53,Active,0.298,0.394,7,1
2024-11-27 15:30:53,Active,0.271,0.428,7,1
2024-11-27 15:30:53,Active,0.294,0.418,7,1
2024-11-27 15:30:53,Active,0.325,0.412,7,1
2024-11-27 15:30:53,Active,0.290,0.400,7,1
2024-11-27 15:30:53,Active,0.258,0.414,7,1
2024-11-27 15:30:53,Active,0.310,0.417,7,1
2024-11-27 15:30:53,Active,0.270,0.396,7,1
2024-11-27 15:30:53,Active,0.290,0.413,7,1
2024-11-27 15:30:53,Active,0.292,0.400,7,1
2024-11-27 15:30:53,Active,0.307,0.406,7,1
2024-11-27 15:30:53,Active,0.275,0.383,7,1
2024-11-27 15:30:53,Active,0.304,0.406,7,1
2024-11-27 15:30:53,Active,0.294,0.396,7,1
2024-11-27 15:30:53,Active,0.290,0.401,7,1
2024-11-27 15:30:53,Active,0.280,0.366,7,1
2024-11-27 15:30:53,Active,0.310,0.400,7,1
2024-11-27 15:30:53,Active,0.281,0.383,7,1
2024-11-27 15:30:53,Active,0.307,0.413,7,1
2024-11-27 15:30:53,Active,0.298,0.366,7,1
2024-11-27 15:30:53,Active,0.217,0.401,7,1
2024-11-27 15:30:53,Active,0.289,0.407,7,1
2024-11-27 15:30:53,Active,0.209,0.380,7,1
2024-11-27 15:30:53,Active,0.200,0.425,7,1
2024-11-27 15:30:54,Active,0.260,0.417,7,1
2024-11-27 15:30:54,Active,0.255,0.366,7,1
2024-11-27 15:30:54,Active,0.233,0.424,7,1
2024-11-27 15:30:54,Active,0.167,0.405,7,1
2024-11-27 15:30:54,Active,0.254,0.396,7,1
2024-11-27 15:30:54,Active,0.258,0.427,7,1
2024-11-27 15:30:54,Active,0.150,0.405,7,1
2024-11-27 15:30:54,Active,0.250,0.400,7,1
2024-11-27 15:30:54,SLEEPING !!!,0.238,0.391,7,1
2024-11-27 15:30:54,SLEEPING !!!,0.156,0.411,7,1
2024-11-27 15:30:54,SLEEPING !!!,0.242,0.416,7,1
2024-11-27 15:30:54,Active,0.252,0.387,8,1
2024-11-27 15:30:54,Active,0.190,0.407,8,1
2024-11-27 15:30:54,Active,0.206,0.411,8,1
2024-11-27 15:30:54,Active,0.251,0.387,8,1
2024-11-27 15:30:54,Active,0.216,0.405,8,1
2024-11-27 15:30:54,Active,0.262,0.387,8,1
2024-11-27 15:30:54,Active,0.242,0.403,8,1
2024-11-27 15:30:54,Active,0.234,0.393,8,1
2024-11-27 15:30:54,Active,0.253,0.403,8,1
2024-11-27 15:30:54,Active,0.245,0.383,8,1
2024-11-27 15:30:54,Active,0.257,0.417,8,1
2024-11-27 15:30:54,Active,0.236,0.417,8,1
2024-11-27 15:30:54,Active,0.263,0.384,8,1
2024-11-27 15:30:54,Active,0.248,0.393,8,1
2024-11-27 15:30:54,Active,0.258,0.431,8,1
2024-11-27 15:30:54,Active,0.166,0.258,8,1
2024-11-27 15:30:54,Active,0.248,0.400,8,1
2024-11-27 15:30:54,Active,0.261,0.400,8,1
2024-11-27 15:30:54,Active,0.277,0.376,8,1
2024-11-27 15:30:54,Active,0.274,0.406,8,1
2024-11-27 15:30:54,Active,0.261,0.400,8,1
2024-11-27 15:30:54,Active,0.270,0.418,8,1
2024-11-27 15:30:54,Active,0.261,0.398,8,1
2024-11-27 15:30:54,Active,0.264,0.430,8,1
2024-11-27 15:30:54,Active,0.221,0.400,8,1
2024-11-27 15:30:54,Active,0.267,0.430,8,1
2024-11-27 15:30:54,Active,0.194,0.400,8,1
2024-11-27 15:30:54,Active,0.264,0.423,8,1
2024-11-27 15:30:54,Active,0.260,0.417,8,1
2024-11-27 15:30:54,Active,0.270,0.423,8,1
2024-11-27 15:30:54,Active,0.252,0.400,8,1
2024-11-27 15:30:54,Active,0.261,0.400,8,1
2024-11-27 15:30:54,Active,0.214,0.434,8,1
2024-11-27 15:30:54,Active,0.263,0.398,8,1
2024-11-27 15:30:54,Active,0.246,0.396,8,1
2024-11-27 15:30:54,Active,0.257,0.412,8,1
2024-11-27 15:30:54,Active,0.306,0.434,8,1
2024-11-27 15:30:54,Active,0.260,0.406,8,1
2024-11-27 15:30:54,Active,0.254,0.449,8,1
2024-11-27 15:30:54,Active,0.279,0.416,8,1
2024-11-27 15:30:54,Active,0.264,0.392,8,1
2024-11-27 15:30:54,Active,0.246,0.397,8,1
2024-11-27 15:30:54,Active,0.249,0.437,8,1
2024-11-27 15:30:54,Active,0.251,0.392,8,1
2024-11-27 15:30:54,Active,0.273,0.417,8,1
2024-11-27 15:30:54,Active,0.240,0.457,8,1
2024-11-27 15:30:54,Active,0.264,0.406,8,1
2024-11-27 15:30:54,Active,0.258,0.433,8,1
2024-11-27 15:30:54,Active,0.260,0.404,8,1
2024-11-27 15:30:54,Active,0.246,0.433,8,1
2024-11-27 15:30:54,Active,0.260,0.393,8,1
2024-11-27 15:30:54,Active,0.262,0.432,8,1
2024-11-27 15:30:54,Active,0.252,0.398,8,1
2024-11-27 15:30:54,Active,0.233,0.433,8,1
2024-11-27 15:30:54,Active,0.254,0.412,8,1
2024-11-27 15:30:54,Active,0.284,0.433,8,1
2024-11-27 15:30:54,Active,0.244,0.404,8,1
2024-11-27 15:30:54,Active,0.217,0.447,8,1
2024-11-27 15:30:54,Active,0.254,0.396,8,1
2024-11-27 15:30:54,Active,0.310,0.389,8,1
2024-11-27 15:30:54,Active,0.243,0.416,8,1
2024-11-27 15:30:54,Active,0.224,0.443,8,1
2024-11-27 15:30:55,Active,0.251,0.421,8,1
2024-11-27 15:30:55,Active,0.255,0.482,8,1
2024-11-27 15:30:55,Active,0.267,0.414,8,1
2024-11-27 15:30:55,Active,0.270,0.449,8,1
2024-11-27 15:30:55,Active,0.264,0.395,8,1
2024-11-27 15:30:55,Active,0.165,0.432,8,1
2024-11-27 15:30:55,Active,0.244,0.420,8,1
2024-11-27 15:30:55,SLEEPING !!!,0.240,0.483,8,1
2024-11-27 15:30:55,Active,0.264,0.419,9,1
2024-11-27 15:30:55,Active,0.229,0.433,9,1
2024-11-27 15:30:55,Active,0.257,0.419,9,1
2024-11-27 15:30:55,Active,0.187,0.427,9,1
2024-11-27 15:30:55,Active,0.255,0.414,9,1
2024-11-27 15:30:55,Active,0.194,0.444,9,1
2024-11-27 15:30:55,Active,0.261,0.418,9,1
2024-11-27 15:30:55,Active,0.228,0.445,9,1
2024-11-27 15:30:55,Active,0.277,0.404,9,1
2024-11-27 15:30:55,Active,0.255,0.448,9,1
2024-11-27 15:30:55,Active,0.276,0.422,9,1
2024-11-27 15:30:55,Active,0.214,0.464,9,1
2024-11-27 15:30:55,Active,0.273,0.329,9,1
2024-11-27 15:30:55,Active,0.270,0.424,9,1
2024-11-27 15:30:55,Active,0.251,0.368,9,1
2024-11-27 15:30:55,Active,0.261,0.500,9,1
2024-11-27 15:30:55,Active,0.265,0.436,9,1
2024-11-27 15:30:55,Active,0.270,0.465,9,1
2024-11-27 15:30:55,Active,0.251,0.478,9,1
2024-11-27 15:30:55,Active,0.236,0.537,9,1
2024-11-27 15:30:55,Active,0.262,0.493,9,1
2024-11-27 15:30:55,Active,0.260,0.467,9,1
2024-11-27 15:30:55,Active,0.251,0.439,9,1
2024-11-27 15:30:55,Active,0.240,0.450,9,1
2024-11-27 15:30:55,Active,0.270,0.484,9,1
2024-11-27 15:30:55,Active,0.246,0.463,9,1
2024-11-27 15:30:55,Active,0.282,0.440,9,1
2024-11-27 15:30:55,Active,0.246,0.425,9,1
2024-11-27 15:30:55,Active,0.285,0.493,9,1
2024-11-27 15:30:55,Active,0.303,0.440,9,1
2024-11-27 15:30:55,Active,0.254,0.546,9,1
2024-11-27 15:30:55,Active,0.273,0.455,9,1
2024-11-27 15:30:55,Active,0.267,0.455,9,1
2024-11-27 15:30:55,Active,0.291,0.446,9,1
2024-11-27 15:30:55,Active,0.293,0.403,9,1
2024-11-27 15:30:55,Active,0.286,0.439,9,1
2024-11-27 15:30:55,Active,0.228,0.365,9,1
2024-11-27 15:30:55,Active,0.309,0.469,9,1
2024-11-27 15:30:55,Active,0.313,0.421,9,1
2024-11-27 15:30:55,Active,0.331,0.379,9,1
2024-11-27 15:30:55,Active,0.226,0.381,9,1
2024-11-27 15:30:55,Active,0.342,0.395,9,1
2024-11-27 15:30:55,Active,0.236,0.481,9,1
2024-11-27 15:30:55,Active,0.344,0.363,9,1
2024-11-27 15:30:55,Active,0.191,0.458,9,1
2024-11-27 15:30:56,Active,0.318,0.363,9,1
2024-11-27 15:30:56,Active,0.216,0.498,9,1
2024-11-27 15:30:56,Active,0.334,0.410,9,1
2024-11-27 15:30:56,Active,0.212,0.477,9,1
2024-11-27 15:30:56,Active,0.342,0.394,9,1
2024-11-27 15:30:56,Active,0.331,0.347,9,1
2024-11-27 15:30:56,Active,0.328,0.333,9,1
2024-11-27 15:30:56,Active,0.334,0.328,9,1
2024-11-27 15:30:56,Active,0.344,0.326,9,1
2024-11-27 15:30:56,Active,0.235,0.438,9,1
2024-11-27 15:30:56,Active,0.316,0.347,9,1
2024-11-27 15:30:56,Active,0.187,0.400,9,1
2024-11-27 15:30:56,Active,0.344,0.339,9,1
2024-11-27 15:30:56,Active,0.218,0.437,9,1
2024-11-27 15:30:56,Active,0.325,0.355,9,1
2024-11-27 15:30:56,Active,0.205,0.438,9,1
2024-11-27 15:30:56,Active,0.350,0.317,9,1
2024-11-27 15:30:56,Active,0.213,0.480,9,1
2024-11-27 15:30:56,Active,0.235,0.478,9,1
2024-11-27 15:30:56,Active,0.348,0.302,9,1
2024-11-27 15:30:56,Active,0.242,0.480,9,1
2024-11-27 15:30:56,Active,0.365,0.301,9,1
2024-11-27 15:30:56,Active,0.307,0.480,9,1
2024-11-27 15:30:56,Active,0.353,0.315,9,1
2024-11-27 15:30:56,Active,0.274,0.499,9,1
2024-11-27 15:30:56,Active,0.351,0.298,9,1
2024-11-27 15:30:56,Active,0.371,0.323,9,1
2024-11-27 15:30:56,Active,0.290,0.480,9,1
2024-11-27 15:30:56,Active,0.352,0.306,9,1
2024-11-27 15:30:56,Active,0.204,0.522,9,1
2024-11-27 15:30:56,Active,0.220,0.500,9,1
2024-11-27 15:30:56,Active,0.350,0.330,9,1
2024-11-27 15:30:56,Active,0.194,0.381,9,1
2024-11-27 15:30:56,Active,0.222,0.397,9,1
2024-11-27 15:30:56,Active,0.362,0.325,9,1
2024-11-27 15:30:56,Active,0.390,0.357,9,1
2024-11-27 15:30:56,Active,0.268,0.459,9,1
2024-11-27 15:30:56,Active,0.375,0.399,9,1
2024-11-27 15:30:56,Active,0.302,0.456,9,1
2024-11-27 15:30:56,Active,0.369,0.405,9,1
2024-11-27 15:30:56,Active,0.268,0.376,9,1
2024-11-27 15:30:56,Active,0.378,0.343,9,1
2024-11-27 15:30:56,Active,0.194,0.399,9,1
2024-11-27 15:30:56,Active,0.398,0.417,9,1
2024-11-27 15:30:56,Active,0.186,0.414,9,1
2024-11-27 15:30:56,Active,0.268,0.421,9,1
2024-11-27 15:30:56,Active,0.366,0.394,9,1
2024-11-27 15:30:56,Active,0.378,0.418,9,1
2024-11-27 15:30:56,Active,0.277,0.437,9,1
2024-11-27 15:30:56,Active,0.213,0.500,9,1
2024-11-27 15:30:56,Active,0.367,0.440,9,1
2024-11-27 15:30:56,Active,0.336,0.501,9,1
2024-11-27 15:30:56,Active,0.261,0.500,9,1
2024-11-27 15:30:56,Active,0.247,0.547,9,1
2024-11-27 15:30:56,Active,0.337,0.581,9,1
2024-11-27 15:30:56,Active,0.232,0.520,9,1
2024-11-27 15:30:56,Active,0.244,0.479,9,1
2024-11-27 15:30:56,Active,0.351,0.604,9,1
2024-11-27 15:30:56,Active,0.272,0.517,9,1
2024-11-27 15:30:57,Active,0.278,0.500,9,1
2024-11-27 15:30:57,Active,0.375,0.478,9,1
2024-11-27 15:30:57,Active,0.365,0.422,9,1
2024-11-27 15:30:57,Active,0.275,0.480,9,1
2024-11-27 15:30:57,Active,0.392,0.441,9,1
2024-11-27 15:30:57,Active,0.241,0.435,9,1
2024-11-27 15:30:57,Active,0.378,0.432,9,1
2024-11-27 15:30:57,Active,0.258,0.477,9,1
2024-11-27 15:30:57,Active,0.382,0.448,9,1
2024-11-27 15:30:57,Active,0.280,0.500,9,1
2024-11-27 15:30:57,Active,0.185,0.393,9,1
2024-11-27 15:30:57,Active,0.402,0.425,9,1
2024-11-27 15:30:57,Active,0.290,0.480,9,1
2024-11-27 15:30:57,Active,0.195,0.397,9,1
2024-11-27 15:30:57,Active,0.333,0.628,9,1
2024-11-27 15:30:57,Active,0.240,0.500,9,1
2024-11-27 15:30:57,Active,0.371,0.412,9,1
2024-11-27 15:30:57,Active,0.191,0.456,9,1
2024-11-27 15:30:57,Active,0.190,0.449,9,1
2024-11-27 15:30:57,Active,0.379,0.421,9,1
2024-11-27 15:30:57,Active,0.286,0.456,9,1
2024-11-27 15:30:57,Active,0.205,0.448,9,1
2024-11-27 15:30:57,Active,0.379,0.426,9,1
2024-11-27 15:30:57,Active,0.286,0.417,9,1
2024-11-27 15:30:57,Active,0.183,0.467,9,1
2024-11-27 15:30:57,Active,0.384,0.394,9,1
2024-11-27 15:30:57,Active,0.286,0.457,9,1
2024-11-27 15:30:57,Active,0.195,0.482,9,1
2024-11-27 15:30:57,Active,0.356,0.406,9,1
2024-11-27 15:30:57,Active,0.295,0.397,9,1
2024-11-27 15:30:57,Active,0.204,0.466,9,1
2024-11-27 15:30:57,Active,0.387,0.406,9,1
2024-11-27 15:30:57,Active,0.286,0.387,9,1
2024-11-27 15:30:57,Active,0.174,0.484,9,1
2024-11-27 15:30:57,Active,0.349,0.406,9,1
2024-11-27 15:30:57,Active,0.267,0.387,9,1
2024-11-27 15:30:57,Active,0.194,0.466,9,1
2024-11-27 15:30:57,Active,0.378,0.434,9,1
2024-11-27 15:30:57,Active,0.261,0.347,9,1
2024-11-27 15:30:57,Active,0.236,0.465,9,1
2024-11-27 15:30:57,Active,0.347,0.427,9,1
2024-11-27 15:30:57,Active,0.230,0.370,9,1
2024-11-27 15:30:57,Active,0.352,0.420,9,1
2024-11-27 15:30:57,Active,0.253,0.327,9,1
2024-11-27 15:30:57,Active,0.382,0.417,9,1
2024-11-27 15:30:57,Active,0.286,0.304,9,1
2024-11-27 15:30:57,Active,0.378,0.420,9,1
2024-11-27 15:30:57,Active,0.300,0.272,9,1
2024-11-27 15:30:57,Active,0.356,0.419,9,1
2024-11-27 15:30:57,Active,0.293,0.276,9,1
2024-11-27 15:30:57,Active,0.383,0.420,9,1
2024-11-27 15:30:57,Active,0.264,0.327,9,1
2024-11-27 15:30:57,Active,0.371,0.412,9,1
2024-11-27 15:30:57,Active,0.273,0.284,9,1
2024-11-27 15:30:57,Active,0.368,0.413,9,1
2024-11-27 15:30:57,Active,0.267,0.343,9,1
2024-11-27 15:30:57,Active,0.385,0.433,9,1
2024-11-27 15:30:57,Active,0.285,0.326,9,1
2024-11-27 15:30:57,Active,0.386,0.414,9,1
2024-11-27 15:30:57,Active,0.286,0.333,9,1
2024-11-27 15:30:57,Active,0.372,0.413,9,1
2024-11-27 15:30:57,Active,0.286,0.250,9,1
2024-11-27 15:30:57,Active,0.355,0.414,9,1
2024-11-27 15:30:57,Active,0.219,0.286,9,1
2024-11-27 15:30:57,Active,0.347,0.420,9,1
2024-11-27 15:30:57,Active,0.262,0.307,9,1
2024-11-27 15:30:57,Active,0.352,0.427,9,1
2024-11-27 15:30:57,Active,0.280,0.306,9,1
2024-11-27 15:30:57,Active,0.364,0.434,9,1
2024-11-27 15:30:57,Active,0.290,0.304,9,1
2024-11-27 15:30:58,Active,0.360,0.412,9,1
2024-11-27 15:30:58,Active,0.249,0.286,9,1
2024-11-27 15:30:58,Active,0.366,0.427,9,1
2024-11-27 15:30:58,Active,0.267,0.281,9,1
2024-11-27 15:30:58,Active,0.377,0.427,9,1
2024-11-27 15:30:58,Active,0.262,0.307,9,1
2024-11-27 15:30:58,Active,0.385,0.427,9,1
2024-11-27 15:30:58,Active,0.279,0.305,9,1
2024-11-27 15:30:58,Active,0.363,0.427,9,1
2024-11-27 15:30:58,Active,0.242,0.285,9,1
2024-11-27 15:30:58,Active,0.386,0.448,9,1
2024-11-27 15:30:58,Active,0.371,0.321,9,1
2024-11-27 15:30:58,Active,0.260,0.333,9,1
2024-11-27 15:30:58,Active,0.370,0.462,9,1
2024-11-27 15:30:58,Active,0.388,0.462,9,1
2024-11-27 15:30:58,Active,0.187,0.312,9,1
2024-11-27 15:30:58,Active,0.183,0.321,9,1
2024-11-27 15:30:58,Active,0.378,0.477,9,1
2024-11-27 15:30:58,Active,0.130,0.334,9,1
2024-11-27 15:30:58,Active,0.370,0.447,9,1
2024-11-27 15:30:58,Active,0.222,0.320,9,1
2024-11-27 15:30:58,Active,0.371,0.454,9,1
2024-11-27 15:30:58,Active,0.392,0.469,9,1
2024-11-27 15:30:58,Active,0.261,0.340,9,1
2024-11-27 15:30:58,Active,0.261,0.328,9,1
2024-11-27 15:30:58,Active,0.392,0.454,9,1
2024-11-27 15:30:58,Active,0.314,0.321,9,1
2024-11-27 15:30:58,Active,0.377,0.447,9,1
2024-11-27 15:30:58,Active,0.298,0.328,9,1
2024-11-27 15:30:58,Active,0.363,0.439,9,1
2024-11-27 15:30:58,Active,0.323,0.328,9,1
2024-11-27 15:30:58,Active,0.263,0.439,9,1
2024-11-27 15:30:58,Active,0.328,0.345,9,1
2024-11-27 15:30:58,Active,0.322,0.316,9,1
2024-11-27 15:30:58,Active,0.114,0.440,9,1
2024-11-27 15:30:58,Active,0.335,0.372,9,1
2024-11-27 15:30:58,Active,0.079,0.424,9,1
2024-11-27 15:30:58,Active,0.286,0.334,9,1
2024-11-27 15:30:58,Active,0.110,0.331,9,1
2024-11-27 15:30:58,Active,0.350,0.389,9,1
2024-11-27 15:30:58,Active,0.163,0.337,9,1
2024-11-27 15:30:58,Active,0.355,0.389,9,1
2024-11-27 15:30:58,Active,0.277,0.345,9,1
2024-11-27 15:30:58,Active,0.230,0.323,9,1
2024-11-27 15:30:58,Active,0.305,0.409,9,1
2024-11-27 15:30:58,Active,0.251,0.352,9,1
2024-11-27 15:30:58,Active,0.253,0.410,9,1
2024-11-27 15:30:58,Active,0.265,0.378,9,1
2024-11-27 15:30:58,Active,0.258,0.426,9,1
2024-11-27 15:30:58,Active,0.277,0.447,9,1
2024-11-27 15:30:58,Active,0.256,0.443,9,1
2024-11-27 15:30:58,Active,0.258,0.492,9,1
2024-11-27 15:30:58,Active,0.226,0.426,9,1
2024-11-27 15:30:58,Active,0.285,0.469,9,1
2024-11-27 15:30:58,Active,0.264,0.425,9,1
2024-11-27 15:30:58,Active,0.305,0.477,9,1
2024-11-27 15:30:58,Active,0.307,0.443,9,1
2024-11-27 15:30:58,Active,0.301,0.500,9,1
2024-11-27 15:30:58,Active,0.240,0.443,9,1
2024-11-27 15:30:58,Active,0.300,0.514,9,1
2024-11-27 15:30:58,Active,0.253,0.447,9,1
2024-11-27 15:30:58,Active,0.308,0.530,9,1
2024-11-27 15:30:58,Active,0.261,0.409,9,1
2024-11-27 15:30:58,Active,0.296,0.434,9,1
2024-11-27 15:30:59,Active,0.244,0.426,9,1
2024-11-27 15:30:59,Active,0.297,0.471,9,1
2024-11-27 15:30:59,Active,0.187,0.430,9,1
2024-11-27 15:30:59,Active,0.300,0.477,9,1
2024-11-27 15:30:59,Active,0.197,0.445,9,1
2024-11-27 15:30:59,Active,0.285,0.516,9,1
2024-11-27 15:30:59,Active,0.192,0.430,9,1
2024-11-27 15:30:59,Active,0.281,0.361,9,1
2024-11-27 15:30:59,Active,0.177,0.410,9,1
2024-11-27 15:30:59,Active,0.200,0.393,9,1
2024-11-27 15:30:59,Active,0.277,0.428,9,1
2024-11-27 15:30:59,Active,0.257,0.427,9,1
2024-11-27 15:30:59,Active,0.277,0.485,9,1
2024-11-27 15:30:59,Active,0.305,0.478,9,1
2024-11-27 15:30:59,Active,0.227,0.445,9,1
2024-11-27 15:30:59,Active,0.228,0.410,9,1
2024-11-27 15:30:59,Active,0.301,0.450,9,1
2024-11-27 15:30:59,Active,0.303,0.441,9,1
2024-11-27 15:30:59,Active,0.228,0.397,9,1
2024-11-27 15:30:59,Active,0.296,0.419,9,1
2024-11-27 15:30:59,Active,0.266,0.426,9,1
2024-11-27 15:30:59,Active,0.300,0.388,9,1
2024-11-27 15:30:59,Active,0.318,0.442,9,1
2024-11-27 15:30:59,Active,0.320,0.425,9,1
2024-11-27 15:30:59,Active,0.276,0.448,9,1
2024-11-27 15:30:59,Active,0.298,0.462,9,1
2024-11-27 15:30:59,Active,0.201,0.444,9,1
2024-11-27 15:30:59,Active,0.300,0.433,9,1
2024-11-27 15:30:59,Active,0.190,0.462,9,1
2024-11-27 15:30:59,Active,0.309,0.484,9,1
2024-11-27 15:30:59,Active,0.266,0.443,9,1
2024-11-27 15:30:59,Active,0.308,0.441,9,1
2024-11-27 15:30:59,Active,0.225,0.444,9,1
2024-11-27 15:30:59,Active,0.301,0.470,9,1
2024-11-27 15:30:59,Active,0.205,0.461,9,1
2024-11-27 15:30:59,Active,0.252,0.435,9,1
2024-11-27 15:30:59,Active,0.305,0.463,9,1
2024-11-27 15:30:59,Active,0.303,0.463,9,1
2024-11-27 15:30:59,Active,0.316,0.462,9,1
2024-11-27 15:30:59,Active,0.266,0.445,9,1
2024-11-27 15:30:59,Active,0.222,0.460,9,1
2024-11-27 15:30:59,Active,0.303,0.434,9,1
2024-11-27 15:30:59,Active,0.226,0.443,9,1
2024-11-27 15:30:59,Active,0.253,0.462,9,1
2024-11-27 15:30:59,Active,0.295,0.469,9,1
2024-11-27 15:30:59,Active,0.228,0.461,9,1
2024-11-27 15:30:59,Active,0.258,0.369,9,1
2024-11-27 15:30:59,Active,0.300,0.441,9,1
2024-11-27 15:30:59,Active,0.290,0.463,9,1
2024-11-27 15:30:59,Active,0.273,0.404,9,1
2024-11-27 15:30:59,Active,0.301,0.455,9,1
2024-11-27 15:30:59,Active,0.268,0.464,9,1
2024-11-27 15:30:59,Active,0.277,0.342,9,1
2024-11-27 15:30:59,Active,0.305,0.447,9,1
2024-11-27 15:30:59,Active,0.328,0.500,9,1
2024-11-27 15:30:59,Active,0.334,0.414,9,1
2024-11-27 15:30:59,Active,0.300,0.447,9,1
2024-11-27 15:30:59,Active,0.240,0.519,9,1
2024-11-27 15:30:59,Active,0.299,0.377,9,1
2024-11-27 15:30:59,Active,0.285,0.455,9,1
2024-11-27 15:30:59,Active,0.268,0.480,9,1
2024-11-27 15:30:59,Active,0.272,0.398,9,1
2024-11-27 15:30:59,Active,0.288,0.447,9,1
2024-11-27 15:30:59,Active,0.266,0.445,9,1
2024-11-27 15:30:59,Active,0.306,0.358,9,1
2024-11-27 15:30:59,Active,0.266,0.461,9,1
2024-11-27 15:30:59,Active,0.296,0.425,9,1
2024-11-27 15:30:59,Active,0.354,0.392,9,1
2024-11-27 15:30:59,Active,0.287,0.480,9,1
2024-11-27 15:30:59,Active,0.303,0.420,9,1
2024-11-27 15:30:59,Active,0.294,0.412,9,1
2024-11-27 15:31:00,Active,0.258,0.480,9,1
2024-11-27 15:31:00,Active,0.290,0.441,9,1
2024-11-27 15:31:00,Active,0.337,0.391,9,1
2024-11-27 15:31:00,Active,0.285,0.480,9,1
2024-11-27 15:31:00,Active,0.313,0.448,9,1
2024-11-27 15:31:00,Active,0.345,0.426,9,1
2024-11-27 15:31:00,Active,0.333,0.479,9,1
2024-11-27 15:31:00,Active,0.301,0.441,9,1
2024-11-27 15:31:00,Active,0.321,0.378,9,1
2024-11-27 15:31:00,Active,0.266,0.500,9,1
2024-11-27 15:31:00,Active,0.303,0.435,9,1
2024-11-27 15:31:00,Active,0.307,0.393,9,1
2024-11-27 15:31:00,Active,0.327,0.479,9,1
2024-11-27 15:31:00,Active,0.316,0.442,9,1
2024-11-27 15:31:00,Active,0.292,0.356,9,1
2024-11-27 15:31:00,Active,0.307,0.520,9,1
2024-11-27 15:31:00,Active,0.297,0.463,9,1
2024-11-27 15:31:00,Active,0.315,0.356,9,1
2024-11-27 15:31:00,Active,0.324,0.520,9,1
2024-11-27 15:31:00,Active,0.308,0.441,9,1
2024-11-27 15:31:00,Active,0.319,0.441,9,1
2024-11-27 15:31:00,Active,0.248,0.519,9,1
2024-11-27 15:31:00,Active,0.316,0.449,9,1
2024-11-27 15:31:00,Active,0.275,0.480,9,1
2024-11-27 15:31:00,Active,0.316,0.448,9,1
2024-11-27 15:31:00,Active,0.268,0.478,9,1
2024-11-27 15:31:00,Active,0.327,0.462,9,1
2024-11-27 15:31:00,Active,0.336,0.454,9,1
2024-11-27 15:31:00,Active,0.294,0.478,9,1
2024-11-27 15:31:00,Active,0.286,0.498,9,1
2024-11-27 15:31:00,Active,0.293,0.435,9,1
2024-11-27 15:31:00,Active,0.316,0.503,9,1
2024-11-27 15:31:00,Active,0.316,0.456,9,1
2024-11-27 15:31:00,Active,0.326,0.447,9,1
2024-11-27 15:31:00,Active,0.248,0.457,9,1
2024-11-27 15:31:00,Active,0.308,0.470,9,1
2024-11-27 15:31:00,Active,0.320,0.457,9,1
2024-11-27 15:31:00,Active,0.300,0.477,9,1
2024-11-27 15:31:00,Active,0.244,0.413,9,1
2024-11-27 15:31:00,Active,0.290,0.470,9,1
2024-11-27 15:31:00,Active,0.295,0.459,9,1
2024-11-27 15:31:00,Active,0.290,0.478,9,1
2024-11-27 15:31:00,Active,0.255,0.473,9,1
2024-11-27 15:31:00,Active,0.278,0.485,9,1
2024-11-27 15:31:00,Active,0.213,0.458,9,1
2024-11-27 15:31:00,Active,0.287,0.485,9,1
2024-11-27 15:31:00,Active,0.165,0.449,9,1
2024-11-27 15:31:00,Active,0.285,0.478,9,1
2024-11-27 15:31:00,Active,0.153,0.501,9,1
2024-11-27 15:31:00,Active,0.301,0.463,9,1
2024-11-27 15:31:00,Active,0.293,0.501,9,1
2024-11-27 15:31:00,Active,0.253,0.544,9,1
2024-11-27 15:31:00,Active,0.308,0.470,9,1
2024-11-27 15:31:00,Active,0.265,0.521,9,1
2024-11-27 15:31:00,Active,0.316,0.456,9,1
2024-11-27 15:31:00,Active,0.301,0.477,9,1
2024-11-27 15:31:00,Active,0.209,0.477,9,1
2024-11-27 15:31:00,Active,0.309,0.456,9,1
2024-11-27 15:31:00,Active,0.230,0.443,9,1
2024-11-27 15:31:00,Active,0.285,0.470,9,1
2024-11-27 15:31:00,Active,0.259,0.452,9,1
2024-11-27 15:31:00,Active,0.290,0.470,9,1
2024-11-27 15:31:00,Active,0.243,0.458,9,1
2024-11-27 15:31:00,Active,0.309,0.463,9,1
2024-11-27 15:31:00,Active,0.223,0.439,9,1
2024-11-27 15:31:00,Active,0.286,0.456,9,1
2024-11-27 15:31:00,Active,0.219,0.476,9,1
2024-11-27 15:31:00,Active,0.296,0.463,9,1
2024-11-27 15:31:00,Active,0.213,0.460,9,1
2024-11-27 15:31:01,Active,0.316,0.463,9,1
2024-11-27 15:31:01,Active,0.241,0.453,9,1
2024-11-27 15:31:01,Active,0.290,0.462,9,1
2024-11-27 15:31:01,Active,0.254,0.497,9,1
2024-11-27 15:31:01,Active,0.319,0.463,9,1
2024-11-27 15:31:01,Active,0.269,0.479,9,1
2024-11-27 15:31:01,Active,0.308,0.442,9,1
2024-11-27 15:31:01,Active,0.210,0.584,9,1
2024-11-27 15:31:01,Active,0.317,0.463,9,1
2024-11-27 15:31:01,Active,0.285,0.595,9,1
2024-11-27 15:31:01,Active,0.290,0.442,9,1
2024-11-27 15:31:01,Active,0.277,0.572,9,1
2024-11-27 15:31:01,Active,0.300,0.456,9,1
2024-11-27 15:31:01,Active,0.252,0.641,9,1
2024-11-27 15:31:01,Active,0.319,0.470,9,1
2024-11-27 15:31:01,Active,0.221,0.544,9,1
2024-11-27 15:31:01,Active,0.304,0.470,9,1
2024-11-27 15:31:01,Active,0.245,0.589,9,1
2024-11-27 15:31:01,Active,0.311,0.471,9,1
2024-11-27 15:31:01,Active,0.291,0.565,9,1
2024-11-27 15:31:01,Active,0.321,0.478,9,1
2024-11-27 15:31:01,Active,0.271,0.566,9,1
2024-11-27 15:31:01,Active,0.281,0.484,9,1
2024-11-27 15:31:01,Active,0.263,0.544,9,1
2024-11-27 15:31:01,Active,0.315,0.456,9,1
2024-11-27 15:31:01,Active,0.288,0.588,9,1
2024-11-27 15:31:01,Active,0.314,0.456,9,1
2024-11-27 15:31:01,Active,0.310,0.582,9,1
2024-11-27 15:31:01,Active,0.314,0.463,9,1
2024-11-27 15:31:01,Active,0.308,0.607,9,1
2024-11-27 15:31:01,Active,0.309,0.470,9,1
2024-11-27 15:31:01,Active,0.307,0.606,9,1
2024-11-27 15:31:01,Active,0.329,0.470,9,1
2024-11-27 15:31:01,Active,0.334,0.650,9,1
2024-11-27 15:31:01,Active,0.319,0.463,9,1
2024-11-27 15:31:01,Active,0.307,0.693,9,1
2024-11-27 15:31:01,Active,0.319,0.435,9,1
2024-11-27 15:31:01,Active,0.283,0.663,9,1
2024-11-27 15:31:01,Active,0.316,0.455,9,1
2024-11-27 15:31:01,Active,0.255,0.644,9,1
2024-11-27 15:31:01,Active,0.284,0.357,9,1
2024-11-27 15:31:01,Active,0.308,0.619,9,1
2024-11-27 15:31:01,Active,0.336,0.463,9,1
2024-11-27 15:31:01,Active,0.270,0.603,9,1
2024-11-27 15:31:01,Active,0.309,0.500,9,1
2024-11-27 15:31:01,Active,0.281,0.357,9,1
2024-11-27 15:31:01,Active,0.288,0.560,9,1
2024-11-27 15:31:01,Active,0.324,0.455,9,1
2024-11-27 15:31:01,Active,0.268,0.345,9,1
2024-11-27 15:31:01,Active,0.260,0.557,9,1
2024-11-27 15:31:01,Active,0.316,0.470,9,1
2024-11-27 15:31:01,Active,0.295,0.329,9,1
2024-11-27 15:31:01,Active,0.308,0.477,9,1
2024-11-27 15:31:01,Active,0.259,0.541,9,1
2024-11-27 15:31:01,Active,0.316,0.458,9,1
2024-11-27 15:31:01,Active,0.308,0.463,9,1
2024-11-27 15:31:01,Active,0.312,0.479,9,1
2024-11-27 15:31:01,Active,0.307,0.470,9,1
2024-11-27 15:31:01,Active,0.279,0.542,9,1
2024-11-27 15:31:01,Active,0.301,0.463,9,1
2024-11-27 15:31:01,Active,0.295,0.541,9,1
2024-11-27 15:31:01,Active,0.301,0.456,9,1
2024-11-27 15:31:01,Active,0.264,0.539,9,1
2024-11-27 15:31:01,Active,0.162,0.426,9,1
2024-11-27 15:31:02,Active,0.239,0.542,9,1
2024-11-27 15:31:02,SLEEPING !!!,0.088,0.427,9,1
2024-11-27 15:31:02,Active,0.264,0.565,10,1
2024-11-27 15:31:02,Active,0.085,0.441,10,1
2024-11-27 15:31:02,Active,0.287,0.457,10,1
2024-11-27 15:31:02,Active,0.245,0.565,10,1
2024-11-27 15:31:02,Active,0.172,0.440,10,1
2024-11-27 15:31:02,Active,0.261,0.519,10,1
2024-11-27 15:31:02,Active,0.283,0.587,10,1
2024-11-27 15:31:02,Active,0.200,0.447,10,1
2024-11-27 15:31:02,Active,0.279,0.446,10,1
2024-11-27 15:31:02,Active,0.271,0.543,10,1
2024-11-27 15:31:02,Active,0.214,0.447,10,1
2024-11-27 15:31:02,Active,0.314,0.450,10,1
2024-11-27 15:31:02,Active,0.253,0.564,10,1
2024-11-27 15:31:02,Active,0.235,0.462,10,1
2024-11-27 15:31:02,Active,0.278,0.464,10,1
2024-11-27 15:31:02,Active,0.245,0.541,10,1
2024-11-27 15:31:02,Active,0.247,0.447,10,1
2024-11-27 15:31:02,Active,0.272,0.402,10,1
2024-11-27 15:31:02,Active,0.268,0.522,10,1
2024-11-27 15:31:02,Active,0.258,0.447,10,1
2024-11-27 15:31:02,Active,0.335,0.480,10,1
2024-11-27 15:31:02,Active,0.287,0.541,10,1
2024-11-27 15:31:02,Active,0.250,0.455,10,1
2024-11-27 15:31:02,Active,0.284,0.519,10,1
2024-11-27 15:31:02,Active,0.248,0.518,10,1
2024-11-27 15:31:02,Active,0.254,0.433,10,1
2024-11-27 15:31:02,Active,0.277,0.494,10,1
2024-11-27 15:31:02,Active,0.274,0.434,10,1
2024-11-27 15:31:02,Active,0.262,0.541,10,1
2024-11-27 15:31:02,Active,0.298,0.455,10,1
2024-11-27 15:31:02,Active,0.279,0.434,10,1
2024-11-27 15:31:02,Active,0.268,0.539,10,1
2024-11-27 15:31:02,Active,0.313,0.480,10,1
2024-11-27 15:31:02,Active,0.290,0.454,10,1
2024-11-27 15:31:02,Active,0.208,0.585,10,1
2024-11-27 15:31:02,Active,0.329,0.460,10,1
2024-11-27 15:31:02,Active,0.280,0.564,10,1
2024-11-27 15:31:02,Active,0.290,0.440,10,1
2024-11-27 15:31:02,Active,0.312,0.519,10,1
2024-11-27 15:31:02,Active,0.262,0.541,10,1
2024-11-27 15:31:02,Active,0.278,0.433,10,1
2024-11-27 15:31:02,Active,0.294,0.481,10,1
2024-11-27 15:31:02,Active,0.268,0.542,10,1
2024-11-27 15:31:02,Active,0.282,0.427,10,1
2024-11-27 15:31:02,Active,0.319,0.481,10,1
2024-11-27 15:31:02,Active,0.290,0.522,10,1
2024-11-27 15:31:02,Active,0.305,0.412,10,1
2024-11-27 15:31:02,Active,0.306,0.480,10,1
2024-11-27 15:31:02,Active,0.287,0.541,10,1
2024-11-27 15:31:02,Active,0.294,0.426,10,1
2024-11-27 15:31:02,Active,0.335,0.429,10,1
2024-11-27 15:31:02,Active,0.287,0.433,10,1
2024-11-27 15:31:02,Active,0.262,0.478,10,1
2024-11-27 15:31:02,Active,0.319,0.480,10,1
2024-11-27 15:31:02,Active,0.286,0.433,10,1
2024-11-27 15:31:02,Active,0.221,0.542,10,1
2024-11-27 15:31:02,Active,0.287,0.474,10,1
2024-11-27 15:31:02,Active,0.300,0.434,10,1
2024-11-27 15:31:02,Active,0.272,0.516,10,1
2024-11-27 15:31:02,Active,0.283,0.500,10,1
2024-11-27 15:31:02,Active,0.302,0.419,10,1
2024-11-27 15:31:02,Active,0.304,0.567,10,1
2024-11-27 15:31:02,Active,0.304,0.474,10,1
2024-11-27 15:31:02,Active,0.278,0.455,10,1
2024-11-27 15:31:02,Active,0.260,0.567,10,1
2024-11-27 15:31:02,Active,0.306,0.520,10,1
2024-11-27 15:31:02,Active,0.323,0.545,10,1
2024-11-27 15:31:02,Active,0.282,0.500,10,1
2024-11-27 15:31:02,Active,0.308,0.495,10,1
2024-11-27 15:31:02,Active,0.285,0.590,10,1
2024-11-27 15:31:02,Active,0.286,0.424,10,1
2024-11-27 15:31:02,Active,0.312,0.593,10,1
2024-11-27 15:31:02,Active,0.291,0.405,10,1
2024-11-27 15:31:02,Active,0.286,0.612,10,1
2024-11-27 15:31:02,Active,0.255,0.406,10,1
2024-11-27 15:31:02,Active,0.272,0.374,10,1
2024-11-27 15:31:02,Active,0.268,0.541,10,1
2024-11-27 15:31:02,Active,0.297,0.387,10,1
2024-11-27 15:31:02,Active,0.212,0.565,10,1
2024-11-27 15:31:02,Active,0.293,0.361,10,1
2024-11-27 15:31:02,Active,0.285,0.432,10,1
2024-11-27 15:31:02,Active,0.246,0.590,10,1
2024-11-27 15:31:03,Active,0.281,0.470,10,1
2024-11-27 15:31:03,Active,0.253,0.548,10,1
2024-11-27 15:31:03,Active,0.301,0.470,10,1
2024-11-27 15:31:03,Active,0.270,0.518,10,1
2024-11-27 15:31:03,Active,0.286,0.499,10,1
2024-11-27 15:31:03,Active,0.283,0.544,10,1
2024-11-27 15:31:03,Active,0.273,0.499,10,1
2024-11-27 15:31:03,Active,0.173,0.679,10,1
2024-11-27 15:31:03,Active,0.263,0.543,10,1
2024-11-27 15:31:03,Active,0.223,0.559,10,1
2024-11-27 15:31:03,Active,0.231,0.506,10,1
2024-11-27 15:31:03,SLEEPING !!!,0.250,0.659,10,1
2024-11-27 15:31:03,SLEEPING !!!,0.138,0.513,10,1
2024-11-27 15:31:03,SLEEPING !!!,0.245,0.587,10,1
2024-11-27 15:31:03,SLEEPING !!!,0.138,0.515,10,1
2024-11-27 15:31:03,Active,0.268,0.580,11,1
2024-11-27 15:31:03,Active,0.121,0.471,11,1
2024-11-27 15:31:03,Active,0.265,0.565,11,1
2024-11-27 15:31:03,Active,0.082,0.470,11,1
2024-11-27 15:31:03,Active,0.245,0.583,11,1
2024-11-27 15:31:03,SLEEPING !!!,0.072,0.470,11,1
2024-11-27 15:31:03,SLEEPING !!!,0.244,0.588,11,1
2024-11-27 15:31:03,SLEEPING !!!,0.122,0.448,11,1
2024-11-27 15:31:03,Active,0.291,0.592,12,1
2024-11-27 15:31:03,Active,0.285,0.333,12,1
2024-11-27 15:31:03,Active,0.182,0.449,12,1
2024-11-27 15:31:03,Active,0.291,0.518,12,1
2024-11-27 15:31:03,Active,0.208,0.430,12,1
2024-11-27 15:31:03,Active,0.307,0.543,12,1
2024-11-27 15:31:03,Active,0.268,0.348,12,1
2024-11-27 15:31:03,Active,0.243,0.464,12,1
2024-11-27 15:31:03,Active,0.249,0.563,12,1
2024-11-27 15:31:03,SLEEPING !!!,0.236,0.400,12,1
2024-11-27 15:31:03,Active,0.270,0.586,13,1
2024-11-27 15:31:03,Active,0.306,0.351,13,1
2024-11-27 15:31:03,Active,0.270,0.419,13,1
2024-11-27 15:31:03,Active,0.268,0.536,13,1
2024-11-27 15:31:03,Active,0.293,0.318,13,1
2024-11-27 15:31:03,Active,0.251,0.427,13,1
2024-11-27 15:31:03,Active,0.284,0.565,13,1
2024-11-27 15:31:03,Active,0.283,0.335,13,1
2024-11-27 15:31:03,Active,0.248,0.411,13,1
2024-11-27 15:31:03,Active,0.316,0.521,13,1
2024-11-27 15:31:03,Active,0.274,0.367,13,1
2024-11-27 15:31:03,Active,0.258,0.561,13,1
2024-11-27 15:31:03,Active,0.262,0.463,13,1
2024-11-27 15:31:03,Active,0.273,0.435,13,1
2024-11-27 15:31:03,Active,0.245,0.605,13,1
2024-11-27 15:31:03,Active,0.258,0.415,13,1
2024-11-27 15:31:03,Active,0.270,0.563,13,1
2024-11-27 15:31:03,Active,0.254,0.376,13,1
2024-11-27 15:31:03,Active,0.245,0.565,13,1
2024-11-27 15:31:03,Active,0.270,0.422,13,1
2024-11-27 15:31:03,Active,0.228,0.610,13,1
2024-11-27 15:31:03,Active,0.266,0.451,13,1
2024-11-27 15:31:03,Active,0.246,0.579,13,1
2024-11-27 15:31:03,Active,0.269,0.295,13,1
2024-11-27 15:31:03,Active,0.257,0.541,13,1
2024-11-27 15:31:03,Active,0.277,0.351,13,1
2024-11-27 15:31:03,Active,0.276,0.559,13,1
2024-11-27 15:31:03,Active,0.280,0.325,13,1
2024-11-27 15:31:03,Active,0.257,0.542,13,1
2024-11-27 15:31:03,Active,0.270,0.352,13,1
2024-11-27 15:31:03,Active,0.238,0.606,13,1
2024-11-27 15:31:03,Active,0.261,0.382,13,1
2024-11-27 15:31:03,Active,0.297,0.654,13,1
2024-11-27 15:31:03,Active,0.291,0.459,13,1
2024-11-27 15:31:04,Active,0.245,0.579,13,1
2024-11-27 15:31:04,Active,0.233,0.507,13,1
2024-11-27 15:31:04,SLEEPING !!!,0.245,0.603,13,1
2024-11-27 15:31:04,Active,0.283,0.409,14,1
2024-11-27 15:31:04,Active,0.277,0.380,14,1
2024-11-27 15:31:04,Active,0.294,0.620,14,1
2024-11-27 15:31:04,Active,0.276,0.424,14,1
2024-11-27 15:31:04,Active,0.269,0.423,14,1
2024-11-27 15:31:04,Active,0.327,0.585,14,1
2024-11-27 15:31:04,Active,0.288,0.422,14,1
2024-11-27 15:31:04,Active,0.303,0.537,14,1
2024-11-27 15:31:04,Active,0.333,0.358,14,1
2024-11-27 15:31:04,Active,0.296,0.383,14,1
2024-11-27 15:31:04,Active,0.305,0.596,14,1
2024-11-27 15:31:04,Active,0.285,0.348,14,1
2024-11-27 15:31:04,Active,0.290,0.517,14,1
2024-11-27 15:31:04,Active,0.274,0.336,14,1
2024-11-27 15:31:04,Active,0.290,0.341,14,1
2024-11-27 15:31:04,Active,0.284,0.324,14,1
2024-11-27 15:31:04,Active,0.277,0.293,14,1
2024-11-27 15:31:04,Active,0.234,0.315,14,1
2024-11-27 15:31:04,Active,0.289,0.294,14,1
2024-11-27 15:31:04,Active,0.265,0.285,14,1
2024-11-27 15:31:04,Active,0.278,0.290,14,1
2024-11-27 15:31:04,Active,0.278,0.331,14,1
2024-11-27 15:31:04,Active,0.271,0.413,14,1
2024-11-27 15:31:04,Active,0.268,0.317,14,1
2024-11-27 15:31:04,Active,0.260,0.420,14,1
2024-11-27 15:31:04,Active,0.273,0.280,14,1
2024-11-27 15:31:04,Active,0.223,0.293,14,1
2024-11-27 15:31:04,Active,0.275,0.325,14,1
2024-11-27 15:31:04,Active,0.264,0.411,14,1
2024-11-27 15:31:04,Active,0.246,0.286,14,1
2024-11-27 15:31:04,Active,0.303,0.330,14,1
2024-11-27 15:31:04,Active,0.277,0.376,14,1
2024-11-27 15:31:04,Active,0.265,0.333,14,1
2024-11-27 15:31:04,Active,0.263,0.380,14,1
2024-11-27 15:31:04,Active,0.278,0.340,14,1
2024-11-27 15:31:04,Active,0.266,0.251,14,1
2024-11-27 15:31:04,Active,0.262,0.322,14,1
2024-11-27 15:31:04,Active,0.289,0.439,14,1
2024-11-27 15:31:04,Active,0.265,0.255,14,1
2024-11-27 15:31:04,Active,0.278,0.369,14,1
2024-11-27 15:31:04,Active,0.262,0.232,14,1
2024-11-27 15:31:05,Active,0.256,0.321,14,1
2024-11-27 15:31:05,Active,0.251,0.399,14,1
2024-11-27 15:31:05,Active,0.294,0.371,14,1
2024-11-27 15:31:05,Active,0.283,0.498,14,1
2024-11-27 15:31:05,Active,0.285,0.232,14,1
2024-11-27 15:31:05,Active,0.259,0.354,14,1
2024-11-27 15:31:05,Active,0.280,0.289,14,1
2024-11-27 15:31:05,Active,0.266,0.400,14,1
2024-11-27 15:31:05,Active,0.265,0.519,14,1
2024-11-27 15:31:05,Active,0.290,0.356,14,1
2024-11-27 15:31:05,Active,0.286,0.500,14,1
2024-11-27 15:31:05,Active,0.261,0.283,14,1
2024-11-27 15:31:05,Active,0.274,0.293,14,1
2024-11-27 15:31:05,Active,0.241,0.396,14,1
2024-11-27 15:31:05,Active,0.238,0.499,14,1
2024-11-27 15:31:05,Active,0.285,0.340,14,1
2024-11-27 15:31:05,Active,0.275,0.327,14,1
2024-11-27 15:31:05,Active,0.283,0.478,14,1
2024-11-27 15:31:05,Active,0.276,0.392,14,1
2024-11-27 15:31:05,Active,0.279,0.519,14,1
2024-11-27 15:31:05,Active,0.256,0.260,14,1
2024-11-27 15:31:05,Active,0.266,0.457,14,1
2024-11-27 15:31:05,Active,0.279,0.255,14,1
2024-11-27 15:31:05,Active,0.276,0.283,14,1
2024-11-27 15:31:05,Active,0.275,0.312,14,1
2024-11-27 15:31:05,Active,0.269,0.319,14,1
2024-11-27 15:31:05,Active,0.289,0.312,14,1
2024-11-27 15:31:05,Active,0.295,0.390,14,1
2024-11-27 15:31:05,Active,0.269,0.260,14,1
2024-11-27 15:31:05,Active,0.259,0.273,14,1
2024-11-27 15:31:05,Active,0.267,0.384,14,1
2024-11-27 15:31:05,Active,0.279,0.346,14,1
2024-11-27 15:31:05,Active,0.297,0.417,14,1
2024-11-27 15:31:05,Active,0.264,0.479,14,1
2024-11-27 15:31:05,Active,0.303,0.398,14,1
2024-11-27 15:31:05,Active,0.302,0.373,14,1
2024-11-27 15:31:05,Active,0.323,0.459,14,1
2024-11-27 15:31:05,Active,0.266,0.373,14,1
2024-11-27 15:31:05,Active,0.280,0.479,14,1
2024-11-27 15:31:05,Active,0.296,0.371,14,1
2024-11-27 15:31:05,Active,0.318,0.477,14,1
2024-11-27 15:31:05,Active,0.293,0.382,14,1
2024-11-27 15:31:05,Active,0.333,0.520,14,1
2024-11-27 15:31:05,Active,0.320,0.479,14,1
2024-11-27 15:31:05,Active,0.312,0.398,14,1
2024-11-27 15:31:05,Active,0.284,0.424,14,1
2024-11-27 15:31:05,Active,0.329,0.500,14,1
2024-11-27 15:31:05,Active,0.293,0.398,14,1
2024-11-27 15:31:05,Active,0.336,0.479,14,1
2024-11-27 15:31:05,Active,0.330,0.500,14,1
2024-11-27 15:31:05,Active,0.291,0.406,14,1
2024-11-27 15:31:05,Active,0.308,0.368,14,1
2024-11-27 15:31:05,Active,0.313,0.500,14,1
2024-11-27 15:31:05,Active,0.308,0.522,14,1
2024-11-27 15:31:05,Active,0.302,0.346,14,1
2024-11-27 15:31:05,Active,0.316,0.524,14,1
2024-11-27 15:31:05,Active,0.294,0.349,14,1
2024-11-27 15:31:06,Active,0.280,0.358,14,1
2024-11-27 15:31:06,Active,0.297,0.523,14,1
2024-11-27 15:31:06,Active,0.259,0.361,14,1
2024-11-27 15:31:06,Active,0.294,0.501,14,1
2024-11-27 15:31:06,Active,0.303,0.458,14,1
2024-11-27 15:31:06,Active,0.269,0.434,14,1
2024-11-27 15:31:06,Active,0.289,0.454,14,1
2024-11-27 15:31:06,Active,0.278,0.459,14,1
2024-11-27 15:31:06,Active,0.284,0.371,14,1
2024-11-27 15:31:06,Active,0.279,0.436,14,1
2024-11-27 15:31:06,Active,0.294,0.500,14,1
2024-11-27 15:31:06,Active,0.276,0.371,14,1
2024-11-27 15:31:06,Active,0.313,0.501,14,1
2024-11-27 15:31:06,Active,0.298,0.396,14,1
2024-11-27 15:31:06,Active,0.338,0.501,14,1
2024-11-27 15:31:06,Active,0.304,0.378,14,1
2024-11-27 15:31:06,Active,0.293,0.404,14,1
2024-11-27 15:31:06,Active,0.334,0.501,14,1
2024-11-27 15:31:06,Active,0.312,0.396,14,1
2024-11-27 15:31:06,Active,0.261,0.500,14,1
2024-11-27 15:31:06,Active,0.315,0.415,14,1
2024-11-27 15:31:06,Active,0.336,0.522,14,1
2024-11-27 15:31:06,Active,0.346,0.415,14,1
2024-11-27 15:31:06,Active,0.261,0.524,14,1
2024-11-27 15:31:06,Active,0.333,0.415,14,1
2024-11-27 15:31:06,Active,0.292,0.523,14,1
2024-11-27 15:31:06,Active,0.313,0.231,14,1
2024-11-27 15:31:06,Active,0.346,0.433,14,1
2024-11-27 15:31:06,Active,0.284,0.588,14,1
2024-11-27 15:31:06,Active,0.369,0.264,14,1
2024-11-27 15:31:06,Active,0.335,0.542,14,1
2024-11-27 15:31:06,Active,0.331,0.423,14,1
2024-11-27 15:31:06,Active,0.295,0.302,14,1
2024-11-27 15:31:06,Active,0.318,0.567,14,1
2024-11-27 15:31:06,Active,0.364,0.452,14,1
2024-11-27 15:31:06,Active,0.272,0.285,14,1
2024-11-27 15:31:06,Active,0.312,0.543,14,1
2024-11-27 15:31:06,Active,0.354,0.451,14,1
2024-11-27 15:31:06,Active,0.311,0.432,14,1
2024-11-27 15:31:06,Active,0.279,0.479,14,1
2024-11-27 15:31:06,Active,0.356,0.452,14,1
2024-11-27 15:31:06,Active,0.372,0.461,14,1
2024-11-27 15:31:06,Active,0.251,0.435,14,1
2024-11-27 15:31:06,Active,0.283,0.343,14,1
2024-11-27 15:31:06,Active,0.354,0.452,14,1
2024-11-27 15:31:06,Active,0.321,0.305,14,1
2024-11-27 15:31:06,Active,0.219,0.417,14,1
2024-11-27 15:31:06,Active,0.356,0.461,14,1
2024-11-27 15:31:06,Active,0.255,0.441,14,1
2024-11-27 15:31:06,Active,0.302,0.359,14,1
2024-11-27 15:31:06,Active,0.373,0.425,14,1
2024-11-27 15:31:06,Active,0.261,0.458,14,1
2024-11-27 15:31:06,Active,0.237,0.478,14,1
2024-11-27 15:31:06,Active,0.351,0.444,14,1
2024-11-27 15:31:06,Active,0.379,0.472,14,1
2024-11-27 15:31:06,Active,0.282,0.500,14,1
2024-11-27 15:31:06,Active,0.374,0.472,14,1
2024-11-27 15:31:06,Active,0.219,0.523,14,1
2024-11-27 15:31:06,Active,0.349,0.453,14,1
2024-11-27 15:31:06,Active,0.386,0.472,14,1
2024-11-27 15:31:06,Active,0.260,0.435,14,1
2024-11-27 15:31:06,Active,0.385,0.473,14,1
2024-11-27 15:31:06,Active,0.243,0.435,14,1
2024-11-27 15:31:06,Active,0.365,0.473,14,1
2024-11-27 15:31:06,Active,0.278,0.430,14,1
2024-11-27 15:31:06,Active,0.346,0.464,14,1
2024-11-27 15:31:06,Active,0.283,0.477,14,1
2024-11-27 15:31:06,Active,0.345,0.464,14,1
2024-11-27 15:31:06,Active,0.265,0.455,14,1
2024-11-27 15:31:07,Active,0.386,0.464,14,1
2024-11-27 15:31:07,Active,0.255,0.432,14,1
2024-11-27 15:31:07,Active,0.357,0.464,14,1
2024-11-27 15:31:07,Active,0.282,0.432,14,1
2024-11-27 15:31:07,Active,0.357,0.509,14,1
2024-11-27 15:31:07,Active,0.254,0.428,14,1
2024-11-27 15:31:07,Active,0.269,0.409,14,1
2024-11-27 15:31:07,Active,0.355,0.490,14,1
2024-11-27 15:31:07,Active,0.279,0.502,14,1
2024-11-27 15:31:07,Active,0.364,0.438,14,1
2024-11-27 15:31:07,Active,0.377,0.501,14,1
2024-11-27 15:31:07,Active,0.274,0.545,14,1
2024-11-27 15:31:07,Active,0.360,0.509,14,1
2024-11-27 15:31:07,Active,0.302,0.547,14,1
2024-11-27 15:31:07,Active,0.351,0.501,14,1
2024-11-27 15:31:07,Active,0.269,0.596,14,1
2024-11-27 15:31:07,Active,0.315,0.549,14,1
2024-11-27 15:31:07,Active,0.358,0.492,14,1
2024-11-27 15:31:07,Active,0.368,0.520,14,1
2024-11-27 15:31:07,Active,0.267,0.454,14,1
2024-11-27 15:31:07,Active,0.417,0.502,14,1
2024-11-27 15:31:07,Active,0.320,0.456,14,1
2024-11-27 15:31:07,Active,0.417,0.501,14,1
2024-11-27 15:31:07,Active,0.282,0.410,14,1
2024-11-27 15:31:07,Active,0.407,0.482,14,1
2024-11-27 15:31:07,Active,0.285,0.364,14,1
2024-11-27 15:31:07,Active,0.393,0.500,14,1
2024-11-27 15:31:07,Active,0.256,0.320,14,1
2024-11-27 15:31:07,Active,0.399,0.482,14,1
2024-11-27 15:31:07,Active,0.284,0.477,14,1
2024-11-27 15:31:07,Active,0.401,0.491,14,1
2024-11-27 15:31:07,Active,0.344,0.452,14,1
2024-11-27 15:31:07,Active,0.373,0.455,14,1
2024-11-27 15:31:07,Active,0.299,0.452,14,1
2024-11-27 15:31:07,Active,0.404,0.491,14,1
2024-11-27 15:31:07,Active,0.315,0.429,14,1
2024-11-27 15:31:07,Active,0.410,0.492,14,1
2024-11-27 15:31:07,Active,0.323,0.430,14,1
2024-11-27 15:31:07,Active,0.383,0.491,14,1
2024-11-27 15:31:07,Active,0.300,0.453,14,1
2024-11-27 15:31:07,Active,0.383,0.482,14,1
2024-11-27 15:31:07,Active,0.319,0.478,14,1
2024-11-27 15:31:07,Active,0.383,0.501,14,1
2024-11-27 15:31:07,Active,0.279,0.477,14,1
2024-11-27 15:31:07,Active,0.382,0.492,14,1
2024-11-27 15:31:07,Active,0.278,0.476,14,1
2024-11-27 15:31:07,Active,0.374,0.491,14,1
2024-11-27 15:31:07,Active,0.336,0.525,14,1
2024-11-27 15:31:07,Active,0.391,0.511,14,1
2024-11-27 15:31:07,Active,0.315,0.698,14,1
2024-11-27 15:31:07,Active,0.391,0.491,14,1
2024-11-27 15:31:07,Active,0.318,0.746,14,1
2024-11-27 15:31:07,Active,0.399,0.491,14,1
2024-11-27 15:31:07,Active,0.277,0.739,14,1
2024-11-27 15:31:07,Active,0.285,0.709,14,1
2024-11-27 15:31:07,Active,0.372,0.510,14,1
2024-11-27 15:31:07,Active,0.251,0.664,14,1
2024-11-27 15:31:07,Active,0.382,0.491,14,1
2024-11-27 15:31:07,Active,0.302,0.657,14,1
2024-11-27 15:31:07,Active,0.382,0.472,14,1
2024-11-27 15:31:08,Active,0.263,0.613,14,1
2024-11-27 15:31:08,Active,0.370,0.491,14,1
2024-11-27 15:31:08,Active,0.364,0.519,14,1
2024-11-27 15:31:08,Active,0.301,0.590,14,1
2024-11-27 15:31:08,Active,0.372,0.511,14,1
2024-11-27 15:31:08,Active,0.254,0.612,14,1
2024-11-27 15:31:08,Active,0.368,0.501,14,1
2024-11-27 15:31:08,Active,0.248,0.593,14,1
2024-11-27 15:31:08,Active,0.373,0.492,14,1
2024-11-27 15:31:08,Active,0.296,0.592,14,1
2024-11-27 15:31:08,Active,0.367,0.510,14,1
2024-11-27 15:31:08,Active,0.340,0.570,14,1
2024-11-27 15:31:08,Active,0.362,0.483,14,1
2024-11-27 15:31:08,Active,0.321,0.593,14,1
2024-11-27 15:31:08,Active,0.378,0.501,14,1
2024-11-27 15:31:08,Active,0.289,0.570,14,1
2024-11-27 15:31:08,Active,0.370,0.492,14,1
2024-11-27 15:31:08,Active,0.326,0.545,14,1
2024-11-27 15:31:08,Active,0.336,0.570,14,1
2024-11-27 15:31:08,Active,0.380,0.511,14,1
2024-11-27 15:31:08,Active,0.379,0.521,14,1
2024-11-27 15:31:08,Active,0.387,0.546,14,1
2024-11-27 15:31:08,Active,0.369,0.491,14,1
2024-11-27 15:31:08,Active,0.319,0.481,14,1
2024-11-27 15:31:08,Active,0.327,0.491,14,1
2024-11-27 15:31:08,Active,0.343,0.458,14,1
2024-11-27 15:31:08,Active,0.278,0.501,14,1
2024-11-27 15:31:08,Active,0.347,0.477,14,1
2024-11-27 15:31:08,Active,0.268,0.481,14,1
2024-11-27 15:31:08,Active,0.171,0.424,14,1
2024-11-27 15:31:08,Active,0.274,0.454,14,1
2024-11-27 15:31:08,Active,0.092,0.425,14,1
2024-11-27 15:31:08,Active,0.083,0.434,14,1
2024-11-27 15:31:08,Active,0.261,0.455,14,1
2024-11-27 15:31:08,Active,0.087,0.422,14,1
2024-11-27 15:31:08,Active,0.249,0.478,14,1
2024-11-27 15:31:08,SLEEPING !!!,0.080,0.441,14,1
2024-11-27 15:31:08,SLEEPING !!!,0.238,0.455,14,1
2024-11-27 15:31:08,SLEEPING !!!,0.078,0.432,14,1
2024-11-27 15:31:08,SLEEPING !!!,0.212,0.475,14,1
2024-11-27 15:31:08,SLEEPING !!!,0.089,0.431,14,1
2024-11-27 15:31:08,SLEEPING !!!,0.195,0.479,14,1
2024-11-27 15:31:08,SLEEPING !!!,0.087,0.414,14,1
2024-11-27 15:31:08,SLEEPING !!!,0.227,0.524,14,1
2024-11-27 15:31:08,SLEEPING !!!,0.096,0.403,14,1
2024-11-27 15:31:08,Active,0.275,0.479,15,1
2024-11-27 15:31:08,Active,0.056,0.424,15,1
2024-11-27 15:31:08,Active,0.189,0.306,15,1
2024-11-27 15:31:08,SLEEPING !!!,0.073,0.422,15,1
2024-11-27 15:31:08,SLEEPING !!!,0.103,0.425,15,1
2024-11-27 15:31:08,SLEEPING !!!,0.139,0.425,15,1
2024-11-27 15:31:08,SLEEPING !!!,0.192,0.443,15,1
2024-11-27 15:31:08,Active,0.274,0.569,16,1
2024-11-27 15:31:08,Active,0.255,0.453,16,1
2024-11-27 15:31:08,Active,0.261,0.477,16,1
2024-11-27 15:31:08,Active,0.284,0.451,16,1
2024-11-27 15:31:08,Active,0.324,0.523,16,1
2024-11-27 15:31:09,Active,0.302,0.425,16,1
2024-11-27 15:31:09,Active,0.293,0.501,16,1
2024-11-27 15:31:09,Active,0.217,0.501,16,1
2024-11-27 15:31:09,Active,0.290,0.414,16,1
2024-11-27 15:31:09,Active,0.294,0.501,16,1
2024-11-27 15:31:09,Active,0.309,0.424,16,1
2024-11-27 15:31:09,Active,0.238,0.547,16,1
2024-11-27 15:31:09,Active,0.323,0.403,16,1
2024-11-27 15:31:09,Active,0.329,0.424,16,1
2024-11-27 15:31:09,Active,0.293,0.525,16,1
2024-11-27 15:31:09,Active,0.338,0.461,16,1
2024-11-27 15:31:09,Active,0.294,0.501,16,1
2024-11-27 15:31:09,Active,0.311,0.490,16,1
2024-11-27 15:31:09,Active,0.275,0.456,16,1
2024-11-27 15:31:09,Active,0.334,0.450,16,1
2024-11-27 15:31:09,Active,0.304,0.502,16,1
2024-11-27 15:31:09,Active,0.329,0.443,16,1
2024-11-27 15:31:09,Active,0.261,0.456,16,1
2024-11-27 15:31:09,Active,0.320,0.435,16,1
2024-11-27 15:31:09,Active,0.260,0.501,16,1
2024-11-27 15:31:09,Active,0.319,0.434,16,1
2024-11-27 15:31:09,Active,0.226,0.524,16,1
2024-11-27 15:31:09,Active,0.308,0.432,16,1
2024-11-27 15:31:09,Active,0.249,0.500,16,1
2024-11-27 15:31:09,Active,0.319,0.404,16,1
2024-11-27 15:31:09,Active,0.227,0.499,16,1
2024-11-27 15:31:09,Active,0.337,0.433,16,1
2024-11-27 15:31:09,Active,0.308,0.522,16,1
2024-11-27 15:31:09,Active,0.327,0.423,16,1
2024-11-27 15:31:09,Active,0.262,0.522,16,1
2024-11-27 15:31:09,Active,0.315,0.433,16,1
2024-11-27 15:31:09,Active,0.344,0.431,16,1
2024-11-27 15:31:09,Active,0.289,0.521,16,1
2024-11-27 15:31:09,Active,0.324,0.451,16,1
2024-11-27 15:31:09,Active,0.303,0.573,16,1
2024-11-27 15:31:09,Active,0.347,0.471,16,1
2024-11-27 15:31:09,Active,0.381,0.571,16,1
2024-11-27 15:31:09,Active,0.330,0.470,16,1
2024-11-27 15:31:09,Active,0.334,0.491,16,1
2024-11-27 15:31:09,Active,0.308,0.547,16,1
2024-11-27 15:31:09,Active,0.353,0.500,16,1
2024-11-27 15:31:09,Active,0.332,0.571,16,1
2024-11-27 15:31:09,Active,0.340,0.490,16,1
2024-11-27 15:31:09,Active,0.268,0.522,16,1
2024-11-27 15:31:09,Active,0.357,0.471,16,1
2024-11-27 15:31:09,Active,0.318,0.569,16,1
2024-11-27 15:31:09,Active,0.348,0.480,16,1
2024-11-27 15:31:09,Active,0.364,0.573,16,1
2024-11-27 15:31:09,Active,0.342,0.462,16,1
2024-11-27 15:31:09,Active,0.351,0.461,16,1
2024-11-27 15:31:09,Active,0.299,0.500,16,1
2024-11-27 15:31:09,Active,0.348,0.480,16,1
2024-11-27 15:31:09,Active,0.256,0.546,16,1
2024-11-27 15:31:09,Active,0.340,0.462,16,1
2024-11-27 15:31:09,Active,0.219,0.524,16,1
2024-11-27 15:31:09,Active,0.338,0.453,16,1
2024-11-27 15:31:09,Active,0.256,0.548,16,1
2024-11-27 15:31:10,Active,0.328,0.452,16,1
2024-11-27 15:31:10,Active,0.353,0.460,16,1
2024-11-27 15:31:10,Active,0.286,0.598,16,1
2024-11-27 15:31:10,Active,0.337,0.481,16,1
2024-11-27 15:31:10,Active,0.261,0.501,16,1
2024-11-27 15:31:10,Active,0.341,0.480,16,1
2024-11-27 15:31:10,Active,0.306,0.572,16,1
2024-11-27 15:31:10,Active,0.318,0.470,16,1
2024-11-27 15:31:10,Active,0.347,0.481,16,1
2024-11-27 15:31:10,Active,0.322,0.642,16,1
2024-11-27 15:31:10,Active,0.338,0.471,16,1
2024-11-27 15:31:10,Active,0.261,0.590,16,1
2024-11-27 15:31:10,Active,0.317,0.480,16,1
2024-11-27 15:31:10,Active,0.286,0.583,16,1
2024-11-27 15:31:10,Active,0.317,0.471,16,1
2024-11-27 15:31:10,Active,0.348,0.521,16,1
2024-11-27 15:31:10,Active,0.324,0.461,16,1
2024-11-27 15:31:10,Active,0.356,0.500,16,1
2024-11-27 15:31:10,Active,0.327,0.490,16,1
2024-11-27 15:31:10,Active,0.167,0.459,16,1
2024-11-27 15:31:10,Active,0.324,0.491,16,1
2024-11-27 15:31:10,Active,0.316,0.521,16,1
2024-11-27 15:31:10,Active,0.261,0.500,16,1
2024-11-27 15:31:10,Active,0.347,0.432,16,1
2024-11-27 15:31:10,Active,0.291,0.371,16,1
2024-11-27 15:31:10,Active,0.317,0.470,16,1
2024-11-27 15:31:10,Active,0.320,0.523,16,1
2024-11-27 15:31:10,Active,0.225,0.427,16,1
2024-11-27 15:31:10,Active,0.329,0.480,16,1
2024-11-27 15:31:10,Active,0.312,0.478,16,1
2024-11-27 15:31:10,Active,0.261,0.405,16,1
2024-11-27 15:31:10,Active,0.344,0.452,16,1
2024-11-27 15:31:10,Active,0.320,0.458,16,1
2024-11-27 15:31:10,Active,0.302,0.348,16,1
2024-11-27 15:31:10,Active,0.319,0.471,16,1
2024-11-27 15:31:10,Active,0.312,0.478,16,1
2024-11-27 15:31:10,Active,0.318,0.461,16,1
2024-11-27 15:31:10,Active,0.291,0.478,16,1
2024-11-27 15:31:10,Active,0.255,0.427,16,1
2024-11-27 15:31:10,Active,0.314,0.480,16,1
2024-11-27 15:31:10,Active,0.348,0.479,16,1
2024-11-27 15:31:10,Active,0.238,0.502,16,1
2024-11-27 15:31:10,Active,0.324,0.480,16,1
2024-11-27 15:31:10,Active,0.350,0.571,16,1
2024-11-27 15:31:10,Active,0.289,0.497,16,1
2024-11-27 15:31:10,Active,0.335,0.471,16,1
2024-11-27 15:31:10,Active,0.351,0.545,16,1
2024-11-27 15:31:10,Active,0.323,0.524,16,1
2024-11-27 15:31:10,Active,0.317,0.452,16,1
2024-11-27 15:31:10,Active,0.321,0.546,16,1
2024-11-27 15:31:10,Active,0.259,0.523,16,1
2024-11-27 15:31:10,Active,0.323,0.461,16,1
2024-11-27 15:31:10,Active,0.348,0.499,16,1
2024-11-27 15:31:10,Active,0.313,0.470,16,1
2024-11-27 15:31:10,Active,0.351,0.499,16,1
2024-11-27 15:31:10,Active,0.311,0.461,16,1
2024-11-27 15:31:10,Active,0.335,0.499,16,1
2024-11-27 15:31:10,Active,0.312,0.490,16,1
2024-11-27 15:31:10,Active,0.309,0.523,16,1
2024-11-27 15:31:10,Active,0.292,0.453,16,1
2024-11-27 15:31:10,Active,0.315,0.501,16,1
2024-11-27 15:31:10,Active,0.369,0.500,16,1
2024-11-27 15:31:10,Active,0.324,0.471,16,1
2024-11-27 15:31:10,Active,0.348,0.478,16,1
2024-11-27 15:31:10,Active,0.318,0.490,16,1
2024-11-27 15:31:10,Active,0.304,0.478,16,1
2024-11-27 15:31:10,Active,0.313,0.481,16,1
2024-11-27 15:31:10,Active,0.300,0.458,16,1
2024-11-27 15:31:11,Active,0.251,0.477,16,1
2024-11-27 15:31:11,Active,0.303,0.480,16,1
2024-11-27 15:31:11,Active,0.284,0.523,16,1
2024-11-27 15:31:11,Active,0.308,0.462,16,1
2024-11-27 15:31:11,Active,0.351,0.526,16,1
2024-11-27 15:31:11,Active,0.315,0.461,16,1
2024-11-27 15:31:11,Active,0.250,0.522,16,1
2024-11-27 15:31:11,Active,0.299,0.470,16,1
2024-11-27 15:31:11,Active,0.284,0.500,16,1
2024-11-27 15:31:11,Active,0.294,0.471,16,1
2024-11-27 15:31:11,Active,0.271,0.542,16,1
2024-11-27 15:31:11,Active,0.305,0.471,16,1
2024-11-27 15:31:11,Active,0.275,0.480,16,1
2024-11-27 15:31:11,Active,0.325,0.480,16,1
2024-11-27 15:31:11,Active,0.250,0.461,16,1
2024-11-27 15:31:11,Active,0.311,0.470,16,1
2024-11-27 15:31:11,Active,0.261,0.424,16,1
2024-11-27 15:31:11,Active,0.314,0.451,16,1
2024-11-27 15:31:11,Active,0.306,0.423,16,1
2024-11-27 15:31:11,Active,0.302,0.471,16,1
2024-11-27 15:31:11,Active,0.271,0.423,16,1
2024-11-27 15:31:11,Active,0.305,0.451,16,1
2024-11-27 15:31:11,Active,0.247,0.423,16,1
2024-11-27 15:31:11,Active,0.290,0.440,16,1
2024-11-27 15:31:11,Active,0.263,0.407,16,1
2024-11-27 15:31:11,Active,0.311,0.431,16,1
2024-11-27 15:31:11,Active,0.319,0.433,16,1
2024-11-27 15:31:11,Active,0.255,0.444,16,1
2024-11-27 15:31:11,Active,0.337,0.429,16,1
2024-11-27 15:31:11,Active,0.311,0.431,16,1
2024-11-27 15:31:11,Active,0.317,0.442,16,1
2024-11-27 15:31:11,Active,0.305,0.463,16,1
2024-11-27 15:31:11,Active,0.321,0.470,16,1
2024-11-27 15:31:11,Active,0.264,0.429,16,1
2024-11-27 15:31:11,Active,0.251,0.444,16,1
2024-11-27 15:31:11,Active,0.301,0.490,16,1
2024-11-27 15:31:11,Active,0.272,0.471,16,1
2024-11-27 15:31:11,Active,0.260,0.445,16,1
2024-11-27 15:31:11,Active,0.297,0.491,16,1
2024-11-27 15:31:11,Active,0.250,0.408,16,1
2024-11-27 15:31:11,Active,0.312,0.461,16,1
2024-11-27 15:31:11,Active,0.300,0.401,16,1
2024-11-27 15:31:11,Active,0.311,0.490,16,1
2024-11-27 15:31:11,Active,0.275,0.385,16,1
2024-11-27 15:31:11,Active,0.291,0.442,16,1
2024-11-27 15:31:11,Active,0.278,0.366,16,1
2024-11-27 15:31:11,Active,0.335,0.458,16,1
2024-11-27 15:31:11,Active,0.321,0.490,16,1
2024-11-27 15:31:11,Active,0.291,0.460,16,1
2024-11-27 15:31:11,Active,0.314,0.479,16,1
2024-11-27 15:31:11,Active,0.283,0.458,16,1
2024-11-27 15:31:11,Active,0.310,0.490,16,1
2024-11-27 15:31:11,Active,0.322,0.459,16,1
2024-11-27 15:31:11,Active,0.334,0.462,16,1
2024-11-27 15:31:11,Active,0.314,0.460,16,1
2024-11-27 15:31:11,Active,0.321,0.461,16,1
2024-11-27 15:31:11,Active,0.322,0.438,16,1
2024-11-27 15:31:11,Active,0.320,0.490,16,1
2024-11-27 15:31:11,Active,0.301,0.469,16,1
2024-11-27 15:31:11,Active,0.271,0.458,16,1
2024-11-27 15:31:11,Active,0.339,0.451,16,1
2024-11-27 15:31:12,Active,0.301,0.459,16,1
2024-11-27 15:31:12,Active,0.334,0.452,16,1
2024-11-27 15:31:12,Active,0.264,0.480,16,1
2024-11-27 15:31:12,Active,0.259,0.500,16,1
2024-11-27 15:31:12,Active,0.344,0.480,16,1
2024-11-27 15:31:12,Active,0.261,0.543,16,1
2024-11-27 15:31:12,Active,0.344,0.501,16,1
2024-11-27 15:31:12,Active,0.283,0.609,16,1
2024-11-27 15:31:12,Active,0.356,0.511,16,1
2024-11-27 15:31:12,Active,0.330,0.520,16,1
2024-11-27 15:31:12,Active,0.337,0.511,16,1
2024-11-27 15:31:12,Active,0.306,0.416,16,1
2024-11-27 15:31:12,Active,0.371,0.521,16,1
2024-11-27 15:31:12,Active,0.302,0.420,16,1
2024-11-27 15:31:12,Active,0.353,0.510,16,1
2024-11-27 15:31:12,Active,0.301,0.400,16,1
2024-11-27 15:31:12,Active,0.308,0.470,16,1
2024-11-27 15:31:12,Active,0.322,0.439,16,1
2024-11-27 15:31:12,Active,0.159,0.461,16,1
2024-11-27 15:31:12,Active,0.258,0.442,16,1
2024-11-27 15:31:12,Active,0.129,0.501,16,1
2024-11-27 15:31:12,Active,0.281,0.499,16,1
2024-11-27 15:31:12,Active,0.170,0.481,16,1
2024-11-27 15:31:12,Active,0.307,0.519,16,1
2024-11-27 15:31:12,Active,0.223,0.490,16,1
2024-11-27 15:31:12,Active,0.289,0.536,16,1
2024-11-27 15:31:12,Active,0.263,0.490,16,1
2024-11-27 15:31:12,Active,0.273,0.512,16,1
2024-11-27 15:31:12,Active,0.184,0.574,16,1
2024-11-27 15:31:12,Active,0.262,0.500,16,1
2024-11-27 15:31:12,Active,0.303,0.491,16,1
2024-11-27 15:31:12,Active,0.247,0.482,16,1
2024-11-27 15:31:12,Active,0.286,0.490,16,1
2024-11-27 15:31:12,Active,0.280,0.406,16,1
2024-11-27 15:31:12,Active,0.297,0.451,16,1
2024-11-27 15:31:12,Active,0.305,0.365,16,1
2024-11-27 15:31:12,Active,0.290,0.460,16,1
2024-11-27 15:31:12,Active,0.258,0.399,16,1
2024-11-27 15:31:12,Active,0.281,0.439,16,1
2024-11-27 15:31:12,Active,0.285,0.429,16,1
2024-11-27 15:31:12,Active,0.309,0.476,16,1
2024-11-27 15:31:12,Active,0.300,0.448,16,1
2024-11-27 15:31:12,Active,0.307,0.541,16,1
2024-11-27 15:31:12,Active,0.283,0.604,16,1
2024-11-27 15:31:12,Active,0.301,0.419,16,1
2024-11-27 15:31:12,Active,0.307,0.419,16,1
2024-11-27 15:31:12,Active,0.290,0.521,16,1
2024-11-27 15:31:12,Active,0.297,0.413,16,1
2024-11-27 15:31:12,Active,0.261,0.520,16,1
2024-11-27 15:31:12,Active,0.293,0.408,16,1
2024-11-27 15:31:12,Active,0.244,0.480,16,1
2024-11-27 15:31:12,Active,0.306,0.401,16,1
2024-11-27 15:31:12,Active,0.200,0.519,16,1
2024-11-27 15:31:12,Active,0.335,0.401,16,1
2024-11-27 15:31:12,Active,0.311,0.437,16,1
2024-11-27 15:31:12,Active,0.337,0.420,16,1
2024-11-27 15:31:12,Active,0.290,0.542,16,1
2024-11-27 15:31:12,Active,0.290,0.430,16,1
2024-11-27 15:31:12,Active,0.274,0.480,16,1
2024-11-27 15:31:12,Active,0.306,0.401,16,1
2024-11-27 15:31:13,Active,0.327,0.544,16,1
2024-11-27 15:31:13,Active,0.293,0.409,16,1
2024-11-27 15:31:13,Active,0.274,0.524,16,1
2024-11-27 15:31:13,Active,0.286,0.388,16,1
2024-11-27 15:31:13,Active,0.240,0.586,16,1
2024-11-27 15:31:13,Active,0.345,0.566,16,1
2024-11-27 15:31:13,Active,0.323,0.379,16,1
2024-11-27 15:31:13,Active,0.264,0.522,16,1
2024-11-27 15:31:13,Active,0.287,0.418,16,1
2024-11-27 15:31:13,Active,0.330,0.521,16,1
2024-11-27 15:31:13,Active,0.302,0.438,16,1
2024-11-27 15:31:13,Active,0.278,0.520,16,1
2024-11-27 15:31:13,Active,0.303,0.399,16,1
2024-11-27 15:31:13,Active,0.314,0.521,16,1
2024-11-27 15:31:13,Active,0.293,0.429,16,1
2024-11-27 15:31:13,Active,0.334,0.480,16,1
2024-11-27 15:31:13,Active,0.277,0.449,16,1
2024-11-27 15:31:13,Active,0.256,0.490,16,1
2024-11-27 15:31:13,Active,0.274,0.542,16,1
2024-11-27 15:31:13,Active,0.305,0.483,16,1
2024-11-27 15:31:13,Active,0.293,0.479,16,1
2024-11-27 15:31:13,Active,0.279,0.501,16,1
2024-11-27 15:31:13,Active,0.271,0.500,16,1
2024-11-27 15:31:13,Active,0.290,0.481,16,1
2024-11-27 15:31:13,Active,0.267,0.533,16,1
2024-11-27 15:31:13,Active,0.264,0.542,16,1
2024-11-27 15:31:13,Active,0.296,0.501,16,1
2024-11-27 15:31:13,Active,0.261,0.566,16,1
2024-11-27 15:31:13,Active,0.298,0.448,16,1
2024-11-27 15:31:13,Active,0.278,0.482,16,1
2024-11-27 15:31:13,Active,0.267,0.501,16,1
2024-11-27 15:31:13,Active,0.278,0.542,16,1
2024-11-27 15:31:13,Active,0.306,0.467,16,1
2024-11-27 15:31:13,Active,0.275,0.523,16,1
2024-11-27 15:31:13,Active,0.310,0.414,16,1
2024-11-27 15:31:13,Active,0.306,0.524,16,1
2024-11-27 15:31:13,Active,0.277,0.437,16,1
2024-11-27 15:31:13,Active,0.264,0.500,16,1
2024-11-27 15:31:13,Active,0.292,0.501,16,1
2024-11-27 15:31:13,Active,0.267,0.441,16,1
2024-11-27 15:31:13,Active,0.278,0.459,16,1
2024-11-27 15:31:13,Active,0.284,0.439,16,1
2024-11-27 15:31:13,Active,0.267,0.480,16,1
2024-11-27 15:31:13,Active,0.271,0.504,16,1
2024-11-27 15:31:13,Active,0.285,0.429,16,1
2024-11-27 15:31:13,Active,0.258,0.394,16,1
2024-11-27 15:31:13,Active,0.315,0.521,16,1
2024-11-27 15:31:13,Active,0.320,0.391,16,1
2024-11-27 15:31:13,Active,0.246,0.355,16,1
2024-11-27 15:31:13,Active,0.249,0.542,16,1
2024-11-27 15:31:13,Active,0.283,0.345,16,1
2024-11-27 15:31:13,Active,0.302,0.542,16,1
2024-11-27 15:31:13,Active,0.275,0.523,16,1
2024-11-27 15:31:13,Active,0.277,0.459,16,1
2024-11-27 15:31:13,Active,0.196,0.521,16,1
2024-11-27 15:31:13,Active,0.275,0.451,16,1
2024-11-27 15:31:13,Active,0.296,0.561,16,1
2024-11-27 15:31:13,Active,0.250,0.460,16,1
2024-11-27 15:31:13,Active,0.327,0.500,16,1
2024-11-27 15:31:13,Active,0.241,0.451,16,1
2024-11-27 15:31:13,Active,0.166,0.424,16,1
2024-11-27 15:31:13,SLEEPING !!!,0.213,0.480,16,1
2024-11-27 15:31:14,SLEEPING !!!,0.129,0.456,16,1
2024-11-27 15:31:14,Active,0.255,0.462,17,1
2024-11-27 15:31:14,Active,0.141,0.492,17,1
2024-11-27 15:31:14,Active,0.281,0.539,17,1
2024-11-27 15:31:14,Active,0.170,0.492,17,1
2024-11-27 15:31:14,Active,0.240,0.481,17,1
2024-11-27 15:31:14,SLEEPING !!!,0.194,0.347,17,1
2024-11-27 15:31:14,Active,0.291,0.401,17,1
2024-11-27 15:31:14,Active,0.185,0.355,17,1
2024-11-27 15:31:14,Active,0.252,0.443,17,1
2024-11-27 15:31:14,Active,0.158,0.341,17,1
2024-11-27 15:31:14,Active,0.164,0.376,17,1
2024-11-27 15:31:14,SLEEPING !!!,0.240,0.425,17,1
2024-11-27 15:31:14,SLEEPING !!!,0.161,0.339,17,1
2024-11-27 15:31:14,Active,0.327,0.426,18,1
2024-11-27 15:31:14,Active,0.170,0.415,18,1
2024-11-27 15:31:14,Active,0.270,0.500,18,1
2024-11-27 15:31:14,Active,0.196,0.514,18,1
2024-11-27 15:31:14,Active,0.283,0.499,18,1
2024-11-27 15:31:14,Active,0.309,0.461,18,1
2024-11-27 15:31:14,Active,0.227,0.540,18,1
2024-11-27 15:31:14,Active,0.235,0.480,18,1
2024-11-27 15:31:14,Active,0.326,0.425,18,1
2024-11-27 15:31:14,Active,0.227,0.546,18,1
2024-11-27 15:31:14,Active,0.258,0.448,18,1
2024-11-27 15:31:14,Active,0.296,0.443,18,1
2024-11-27 15:31:14,Active,0.240,0.475,18,1
2024-11-27 15:31:14,Active,0.249,0.466,18,1
2024-11-27 15:31:14,SLEEPING !!!,0.219,0.457,18,1
2024-11-27 15:31:14,Active,0.299,0.408,19,1
2024-11-27 15:31:14,Active,0.209,0.494,19,1
2024-11-27 15:31:14,Active,0.219,0.437,19,1
2024-11-27 15:31:14,SLEEPING !!!,0.218,0.423,19,1
2024-11-27 15:31:14,SLEEPING !!!,0.247,0.394,19,1
2024-11-27 15:31:14,SLEEPING !!!,0.224,0.500,19,1
2024-11-27 15:31:14,SLEEPING !!!,0.247,0.500,19,1
2024-11-27 15:31:14,SLEEPING !!!,0.218,0.480,19,1
2024-11-27 15:31:14,Active,0.312,0.400,20,1
2024-11-27 15:31:14,Active,0.233,0.436,20,1
2024-11-27 15:31:14,Active,0.309,0.447,20,1
2024-11-27 15:31:14,Active,0.274,0.404,20,1
2024-11-27 15:31:14,Active,0.239,0.435,20,1
2024-11-27 15:31:14,Active,0.282,0.480,20,1
2024-11-27 15:31:14,Active,0.293,0.404,20,1
2024-11-27 15:31:14,Active,0.239,0.426,20,1
2024-11-27 15:31:14,Active,0.256,0.426,20,1
2024-11-27 15:31:14,Active,0.236,0.414,20,1
2024-11-27 15:31:14,Active,0.289,0.371,20,1
2024-11-27 15:31:14,Active,0.243,0.500,20,1
2024-11-27 15:31:14,Active,0.246,0.465,20,1
2024-11-27 15:31:14,Active,0.322,0.440,20,1
2024-11-27 15:31:14,Active,0.235,0.493,20,1
2024-11-27 15:31:14,Active,0.290,0.464,20,1
2024-11-27 15:31:14,Active,0.309,0.441,20,1
2024-11-27 15:31:14,Active,0.236,0.507,20,1
2024-11-27 15:31:14,Active,0.287,0.483,20,1
2024-11-27 15:31:14,Active,0.282,0.440,20,1
2024-11-27 15:31:14,Active,0.246,0.478,20,1
2024-11-27 15:31:14,Active,0.232,0.483,20,1
2024-11-27 15:31:14,Active,0.323,0.422,20,1
2024-11-27 15:31:14,Active,0.242,0.478,20,1
2024-11-27 15:31:14,Active,0.292,0.501,20,1
2024-11-27 15:31:14,Active,0.227,0.478,20,1
2024-11-27 15:31:14,Active,0.297,0.464,20,1
2024-11-27 15:31:14,Active,0.307,0.402,20,1
2024-11-27 15:31:15,Active,0.256,0.470,20,1
2024-11-27 15:31:15,Active,0.303,0.500,20,1
2024-11-27 15:31:15,Active,0.281,0.405,20,1
2024-11-27 15:31:15,Active,0.251,0.470,20,1
2024-11-27 15:31:15,Active,0.232,0.465,20,1
2024-11-27 15:31:15,Active,0.299,0.402,20,1
2024-11-27 15:31:15,Active,0.258,0.478,20,1
2024-11-27 15:31:15,Active,0.268,0.415,20,1
2024-11-27 15:31:15,Active,0.215,0.478,20,1
2024-11-27 15:31:15,Active,0.301,0.446,20,1
2024-11-27 15:31:15,Active,0.254,0.455,20,1
2024-11-27 15:31:15,Active,0.250,0.465,20,1
2024-11-27 15:31:15,Active,0.230,0.463,20,1
2024-11-27 15:31:15,Active,0.267,0.501,20,1
2024-11-27 15:31:15,Active,0.219,0.387,20,1
2024-11-27 15:31:15,Active,0.259,0.352,20,1
2024-11-27 15:31:15,Active,0.210,0.357,20,1
2024-11-27 15:31:15,Active,0.213,0.297,20,1
2024-11-27 15:31:15,SLEEPING !!!,0.169,0.266,20,1
2024-11-27 15:31:15,SLEEPING !!!,0.172,0.286,20,1
2024-11-27 15:31:15,SLEEPING !!!,0.156,0.331,20,1
2024-11-27 15:31:15,Active,0.251,0.224,21,1
2024-11-27 15:31:15,Active,0.242,0.365,21,1
2024-11-27 15:31:15,Active,0.207,0.461,21,1
2024-11-27 15:31:15,SLEEPING !!!,0.234,0.492,21,1
2024-11-27 15:31:15,SLEEPING !!!,0.233,0.461,21,1
2024-11-27 15:31:15,SLEEPING !!!,0.230,0.413,21,1
2024-11-27 15:31:15,Active,0.269,0.266,22,1
2024-11-27 15:31:15,Active,0.222,0.262,22,1
2024-11-27 15:31:15,Active,0.196,0.328,22,1
2024-11-27 15:31:15,SLEEPING !!!,0.200,0.305,22,1
2024-11-27 15:31:15,Active,0.254,0.167,23,1
2024-11-27 15:31:15,Active,0.237,0.333,23,1
2024-11-27 15:31:15,Active,0.233,0.381,23,1
2024-11-27 15:31:15,SLEEPING !!!,0.234,0.355,23,1
2024-11-27 15:31:15,SLEEPING !!!,0.226,0.230,23,1
2024-11-27 15:31:15,SLEEPING !!!,0.192,0.285,23,1
2024-11-27 15:31:15,SLEEPING !!!,0.213,0.306,23,1
2024-11-27 15:31:16,SLEEPING !!!,0.205,0.288,23,1
2024-11-27 15:31:16,SLEEPING !!!,0.242,0.226,23,1
2024-11-27 15:31:16,SLEEPING !!!,0.239,0.262,23,1
2024-11-27 15:31:16,Active,0.259,0.339,24,1
2024-11-27 15:31:16,Active,0.250,0.350,24,1
2024-11-27 15:31:16,Active,0.259,0.223,24,1
2024-11-27 15:31:16,Active,0.259,0.254,24,1
2024-11-27 15:31:16,Active,0.249,0.215,24,1
2024-11-27 15:31:16,Active,0.259,0.309,24,1
2024-11-27 15:31:16,Active,0.239,0.313,24,1
2024-11-27 15:31:16,Active,0.235,0.370,24,1
2024-11-27 15:31:16,SLEEPING !!!,0.247,0.383,24,1
2024-11-27 15:31:16,SLEEPING !!!,0.234,0.446,24,1
2024-11-27 15:31:16,Active,0.252,0.363,25,1
2024-11-27 15:31:16,Active,0.232,0.438,25,1
2024-11-27 15:31:16,Active,0.243,0.469,25,1
2024-11-27 15:31:16,Active,0.286,0.308,25,1
2024-11-27 15:31:16,Active,0.242,0.425,25,1
2024-11-27 15:31:16,Active,0.282,0.444,25,1
2024-11-27 15:31:16,Active,0.232,0.448,25,1
2024-11-27 15:31:16,Active,0.293,0.442,25,1
2024-11-27 15:31:16,Active,0.226,0.447,25,1
2024-11-27 15:31:16,Active,0.250,0.447,25,1
2024-11-27 15:31:16,SLEEPING !!!,0.235,0.463,25,1
2024-11-27 15:31:16,Active,0.290,0.445,26,1
2024-11-27 15:31:16,Active,0.250,0.462,26,1
2024-11-27 15:31:16,Active,0.312,0.408,26,1
2024-11-27 15:31:16,Active,0.231,0.455,26,1
2024-11-27 15:31:16,Active,0.253,0.446,26,1
2024-11-27 15:31:16,Active,0.246,0.463,26,1
2024-11-27 15:31:16,Active,0.250,0.536,26,1
2024-11-27 15:31:16,SLEEPING !!!,0.203,0.141,26,1
2024-11-27 15:31:16,Active,0.251,0.448,27,1
2024-11-27 15:31:16,Active,0.264,0.555,27,1
2024-11-27 15:31:16,Active,0.207,0.194,27,1
2024-11-27 15:31:16,Active,0.251,0.463,27,1
2024-11-27 15:31:16,Active,0.267,0.536,27,1
2024-11-27 15:31:16,Active,0.233,0.205,27,1
2024-11-27 15:31:16,Active,0.248,0.455,27,1
2024-11-27 15:31:16,SLEEPING !!!,0.250,0.500,27,1
2024-11-27 15:31:16,SLEEPING !!!,0.248,0.463,27,1
2024-11-27 15:31:16,Active,0.265,0.537,28,1
2024-11-27 15:31:16,Active,0.233,0.470,28,1
2024-11-27 15:31:16,Active,0.323,0.520,28,1
2024-11-27 15:31:16,Active,0.247,0.463,28,1
2024-11-27 15:31:16,Active,0.316,0.499,28,1
2024-11-27 15:31:16,Active,0.263,0.463,28,1
2024-11-27 15:31:16,Active,0.309,0.443,28,1
2024-11-27 15:31:16,Active,0.263,0.462,28,1
2024-11-27 15:31:16,Active,0.256,0.443,28,1
2024-11-27 15:31:16,Active,0.219,0.328,28,1
2024-11-27 15:31:17,Active,0.244,0.477,28,1
2024-11-27 15:31:17,Active,0.300,0.480,28,1
2024-11-27 15:31:17,Active,0.263,0.470,28,1
2024-11-27 15:31:17,Active,0.273,0.481,28,1
2024-11-27 15:31:17,Active,0.259,0.470,28,1
2024-11-27 15:31:17,Active,0.256,0.480,28,1
2024-11-27 15:31:17,Active,0.248,0.463,28,1
2024-11-27 15:31:17,Active,0.266,0.480,28,1
2024-11-27 15:31:17,Active,0.251,0.471,28,1
2024-11-27 15:31:17,Active,0.208,0.499,28,1
2024-11-27 15:31:17,Active,0.234,0.308,28,1
2024-11-27 15:31:17,Active,0.259,0.478,28,1
2024-11-27 15:31:17,Active,0.255,0.519,28,1
2024-11-27 15:31:17,Active,0.285,0.471,28,1
2024-11-27 15:31:17,Active,0.322,0.558,28,1
2024-11-27 15:31:17,Active,0.274,0.478,28,1
2024-11-27 15:31:17,Active,0.316,0.539,28,1
2024-11-27 15:31:17,Active,0.302,0.493,28,1
2024-11-27 15:31:17,Active,0.316,0.518,28,1
2024-11-27 15:31:17,Active,0.264,0.310,28,1
2024-11-27 15:31:17,Active,0.295,0.478,28,1
2024-11-27 15:31:17,Active,0.307,0.539,28,1
2024-11-27 15:31:17,Active,0.299,0.492,28,1
2024-11-27 15:31:17,Active,0.332,0.555,28,1
2024-11-27 15:31:17,Active,0.266,0.341,28,1
2024-11-27 15:31:17,Active,0.314,0.485,28,1
2024-11-27 15:31:17,Active,0.278,0.537,28,1
2024-11-27 15:31:17,Active,0.263,0.348,28,1
2024-11-27 15:31:17,Active,0.282,0.555,28,1
2024-11-27 15:31:17,Active,0.303,0.485,28,1
2024-11-27 15:31:17,Active,0.338,0.519,28,1
2024-11-27 15:31:17,Active,0.316,0.485,28,1
2024-11-27 15:31:17,Active,0.286,0.368,28,1
2024-11-27 15:31:17,Active,0.314,0.485,28,1
2024-11-27 15:31:17,Active,0.307,0.554,28,1
2024-11-27 15:31:17,Active,0.320,0.341,28,1
2024-11-27 15:31:17,Active,0.306,0.518,28,1
2024-11-27 15:31:17,Active,0.310,0.500,28,1
2024-11-27 15:31:17,Active,0.340,0.365,28,1
2024-11-27 15:31:17,Active,0.261,0.498,28,1
2024-11-27 15:31:17,Active,0.310,0.508,28,1
2024-11-27 15:31:17,Active,0.276,0.364,28,1
2024-11-27 15:31:17,Active,0.319,0.499,28,1
2024-11-27 15:31:17,Active,0.310,0.478,28,1
2024-11-27 15:31:17,Active,0.300,0.361,28,1
2024-11-27 15:31:17,Active,0.322,0.478,28,1
2024-11-27 15:31:17,Active,0.324,0.499,28,1
2024-11-27 15:31:17,Active,0.288,0.348,28,1
2024-11-27 15:31:17,Active,0.286,0.518,28,1
2024-11-27 15:31:17,Active,0.319,0.493,28,1
2024-11-27 15:31:17,Active,0.293,0.342,28,1
2024-11-27 15:31:17,Active,0.324,0.485,28,1
2024-11-27 15:31:17,Active,0.321,0.499,28,1
2024-11-27 15:31:17,Active,0.307,0.351,28,1
2024-11-27 15:31:17,Active,0.311,0.485,28,1
2024-11-27 15:31:17,Active,0.259,0.518,28,1
2024-11-27 15:31:17,Active,0.307,0.347,28,1
2024-11-27 15:31:17,Active,0.289,0.477,28,1
2024-11-27 15:31:17,Active,0.337,0.518,28,1
2024-11-27 15:31:17,Active,0.322,0.348,28,1
2024-11-27 15:31:17,Active,0.303,0.501,28,1
2024-11-27 15:31:17,Active,0.312,0.535,28,1
2024-11-27 15:31:17,Active,0.322,0.366,28,1
2024-11-27 15:31:17,Active,0.290,0.470,28,1
2024-11-27 15:31:17,Active,0.258,0.555,28,1
2024-11-27 15:31:17,Active,0.310,0.334,28,1
2024-11-27 15:31:17,Active,0.313,0.433,28,1
2024-11-27 15:31:17,Active,0.289,0.498,28,1
2024-11-27 15:31:17,Active,0.307,0.349,28,1
2024-11-27 15:31:17,Active,0.327,0.500,28,1
2024-11-27 15:31:17,Active,0.273,0.518,28,1
2024-11-27 15:31:17,Active,0.310,0.335,28,1
2024-11-27 15:31:17,Active,0.318,0.508,28,1
2024-11-27 15:31:17,Active,0.279,0.534,28,1
2024-11-27 15:31:17,Active,0.303,0.348,28,1
2024-11-27 15:31:17,Active,0.303,0.440,28,1
2024-11-27 15:31:17,Active,0.275,0.536,28,1
2024-11-27 15:31:17,Active,0.307,0.335,28,1
2024-11-27 15:31:17,Active,0.297,0.448,28,1
2024-11-27 15:31:17,Active,0.265,0.516,28,1
2024-11-27 15:31:17,Active,0.307,0.329,28,1
2024-11-27 15:31:18,Active,0.270,0.456,28,1
2024-11-27 15:31:18,Active,0.301,0.351,28,1
2024-11-27 15:31:18,Active,0.280,0.518,28,1
2024-11-27 15:31:18,Active,0.258,0.455,28,1
2024-11-27 15:31:18,Active,0.254,0.557,28,1
2024-11-27 15:31:18,Active,0.281,0.347,28,1
2024-11-27 15:31:18,Active,0.266,0.454,28,1
2024-11-27 15:31:18,Active,0.291,0.535,28,1
2024-11-27 15:31:18,Active,0.325,0.329,28,1
2024-11-27 15:31:18,Active,0.269,0.439,28,1
2024-11-27 15:31:18,Active,0.309,0.554,28,1
2024-11-27 15:31:18,Active,0.302,0.335,28,1
2024-11-27 15:31:18,Active,0.254,0.447,28,1
2024-11-27 15:31:18,Active,0.326,0.556,28,1
2024-11-27 15:31:18,Active,0.307,0.341,28,1
2024-11-27 15:31:18,Active,0.282,0.462,28,1
2024-11-27 15:31:18,Active,0.274,0.555,28,1
2024-11-27 15:31:18,Active,0.268,0.367,28,1
2024-11-27 15:31:18,Active,0.256,0.493,28,1
2024-11-27 15:31:18,Active,0.242,0.555,28,1
2024-11-27 15:31:18,Active,0.280,0.317,28,1
2024-11-27 15:31:18,Active,0.282,0.523,28,1
2024-11-27 15:31:18,Active,0.271,0.518,28,1
2024-11-27 15:31:18,Active,0.278,0.317,28,1
2024-11-27 15:31:18,Active,0.273,0.523,28,1
2024-11-27 15:31:18,Active,0.282,0.559,28,1
2024-11-27 15:31:18,Active,0.272,0.328,28,1
2024-11-27 15:31:18,Active,0.270,0.500,28,1
2024-11-27 15:31:18,Active,0.319,0.310,28,1
2024-11-27 15:31:18,Active,0.268,0.536,28,1
2024-11-27 15:31:18,Active,0.278,0.477,28,1
2024-11-27 15:31:18,Active,0.273,0.576,28,1
2024-11-27 15:31:18,Active,0.320,0.313,28,1
2024-11-27 15:31:18,Active,0.290,0.462,28,1
2024-11-27 15:31:18,Active,0.257,0.555,28,1
2024-11-27 15:31:18,Active,0.334,0.283,28,1
2024-11-27 15:31:18,Active,0.259,0.439,28,1
2024-11-27 15:31:18,Active,0.279,0.536,28,1
2024-11-27 15:31:18,Active,0.247,0.438,28,1
2024-11-27 15:31:18,Active,0.322,0.518,28,1
2024-11-27 15:31:18,Active,0.262,0.453,28,1
2024-11-27 15:31:18,Active,0.281,0.554,28,1
2024-11-27 15:31:18,Active,0.266,0.446,28,1
2024-11-27 15:31:18,Active,0.283,0.536,28,1
2024-11-27 15:31:18,Active,0.250,0.431,28,1
2024-11-27 15:31:18,Active,0.316,0.573,28,1
2024-11-27 15:31:18,Active,0.254,0.431,28,1
2024-11-27 15:31:18,Active,0.211,0.574,28,1
2024-11-27 15:31:18,Active,0.246,0.432,28,1
2024-11-27 15:31:18,Active,0.314,0.518,28,1
2024-11-27 15:31:18,Active,0.273,0.424,28,1
2024-11-27 15:31:18,Active,0.283,0.516,28,1
2024-11-27 15:31:18,Active,0.274,0.417,28,1
2024-11-27 15:31:18,Active,0.336,0.536,28,1
2024-11-27 15:31:18,Active,0.258,0.430,28,1
2024-11-27 15:31:18,Active,0.312,0.557,28,1
2024-11-27 15:31:18,Active,0.285,0.462,28,1
2024-11-27 15:31:18,Active,0.272,0.538,28,1
2024-11-27 15:31:18,Active,0.274,0.456,28,1
2024-11-27 15:31:18,Active,0.253,0.536,28,1
2024-11-27 15:31:18,Active,0.254,0.485,28,1
2024-11-27 15:31:18,Active,0.254,0.518,28,1
2024-11-27 15:31:18,Active,0.258,0.492,28,1
2024-11-27 15:31:18,Active,0.291,0.554,28,1
2024-11-27 15:31:18,Active,0.259,0.492,28,1
2024-11-27 15:31:18,Active,0.340,0.555,28,1
2024-11-27 15:31:18,Active,0.327,0.345,28,1
2024-11-27 15:31:18,Active,0.287,0.485,28,1
2024-11-27 15:31:18,Active,0.297,0.574,28,1
2024-11-27 15:31:18,Active,0.278,0.317,28,1
2024-11-27 15:31:18,Active,0.272,0.441,28,1
2024-11-27 15:31:18,Active,0.286,0.399,28,1
2024-11-27 15:31:19,Active,0.283,0.500,28,1
2024-11-27 15:31:19,Active,0.304,0.537,28,1
2024-11-27 15:31:19,Active,0.274,0.516,28,1
2024-11-27 15:31:19,Active,0.302,0.518,28,1
2024-11-27 15:31:19,Active,0.263,0.476,28,1
2024-11-27 15:31:19,Active,0.327,0.460,28,1
2024-11-27 15:31:19,Active,0.278,0.468,28,1
2024-11-27 15:31:19,Active,0.338,0.376,28,1
2024-11-27 15:31:19,Active,0.276,0.492,28,1
2024-11-27 15:31:19,Active,0.318,0.341,28,1
2024-11-27 15:31:19,Active,0.284,0.444,28,1
2024-11-27 15:31:19,Active,0.331,0.384,28,1
2024-11-27 15:31:19,Active,0.279,0.452,28,1
2024-11-27 15:31:19,Active,0.316,0.428,28,1
2024-11-27 15:31:19,Active,0.297,0.420,28,1
2024-11-27 15:31:19,Active,0.314,0.443,28,1
2024-11-27 15:31:19,Active,0.275,0.434,28,1
2024-11-27 15:31:19,Active,0.280,0.481,28,1
2024-11-27 15:31:19,Active,0.292,0.431,28,1
2024-11-27 15:31:19,Active,0.318,0.464,28,1
2024-11-27 15:31:19,Active,0.330,0.435,28,1
2024-11-27 15:31:19,Active,0.256,0.445,28,1
2024-11-27 15:31:19,Active,0.352,0.347,28,1
2024-11-27 15:31:19,Active,0.273,0.443,28,1
2024-11-27 15:31:19,Active,0.295,0.442,28,1
2024-11-27 15:31:19,Active,0.369,0.360,28,1
2024-11-27 15:31:19,Active,0.280,0.480,28,1
2024-11-27 15:31:19,Active,0.381,0.362,28,1
2024-11-27 15:31:19,Active,0.255,0.556,28,1
2024-11-27 15:31:19,Active,0.362,0.356,28,1
2024-11-27 15:31:19,Active,0.294,0.518,28,1
2024-11-27 15:31:19,Active,0.370,0.381,28,1
2024-11-27 15:31:19,Active,0.250,0.499,28,1
2024-11-27 15:31:19,Active,0.389,0.406,28,1
2024-11-27 15:31:19,Active,0.263,0.392,28,1
2024-11-27 15:31:19,Active,0.347,0.398,28,1
2024-11-27 15:31:19,Active,0.247,0.374,28,1
2024-11-27 15:31:19,Active,0.410,0.389,28,1
2024-11-27 15:31:19,Active,0.262,0.396,28,1
2024-11-27 15:31:19,Active,0.375,0.406,28,1
2024-11-27 15:31:19,Active,0.289,0.445,28,1
2024-11-27 15:31:19,Active,0.404,0.404,28,1
2024-11-27 15:31:19,Active,0.281,0.432,28,1
2024-11-27 15:31:19,Active,0.383,0.476,28,1
2024-11-27 15:31:19,Active,0.373,0.454,28,1
2024-11-27 15:31:19,Active,0.270,0.417,28,1
2024-11-27 15:31:19,Active,0.370,0.445,28,1
2024-11-27 15:31:19,Active,0.281,0.451,28,1
2024-11-27 15:31:19,Active,0.232,0.532,28,1
2024-11-27 15:31:19,Active,0.373,0.447,28,1
2024-11-27 15:31:19,Active,0.235,0.531,28,1
2024-11-27 15:31:19,Active,0.407,0.439,28,1
2024-11-27 15:31:19,Active,0.225,0.517,28,1
2024-11-27 15:31:19,Active,0.406,0.385,28,1
2024-11-27 15:31:19,Active,0.363,0.408,28,1
2024-11-27 15:31:19,Active,0.300,0.470,28,1
2024-11-27 15:31:19,Active,0.373,0.423,28,1
2024-11-27 15:31:19,Active,0.252,0.454,28,1
2024-11-27 15:31:19,Active,0.385,0.402,28,1
2024-11-27 15:31:19,Active,0.249,0.435,28,1
2024-11-27 15:31:20,Active,0.215,0.420,28,1
2024-11-27 15:31:20,Active,0.346,0.400,28,1
2024-11-27 15:31:20,Active,0.255,0.407,28,1
2024-11-27 15:31:20,Active,0.371,0.478,28,1
2024-11-27 15:31:20,Active,0.250,0.450,28,1
2024-11-27 15:31:20,Active,0.365,0.406,28,1
2024-11-27 15:31:20,Active,0.326,0.418,28,1
2024-11-27 15:31:20,Active,0.380,0.332,28,1
2024-11-27 15:31:20,Active,0.267,0.436,28,1
2024-11-27 15:31:20,Active,0.392,0.376,28,1
2024-11-27 15:31:20,Active,0.224,0.450,28,1
2024-11-27 15:31:20,Active,0.381,0.352,28,1
2024-11-27 15:31:20,Active,0.255,0.467,28,1
2024-11-27 15:31:20,Active,0.366,0.321,28,1
2024-11-27 15:31:20,Active,0.250,0.434,28,1
2024-11-27 15:31:20,Active,0.348,0.252,28,1
2024-11-27 15:31:20,Active,0.249,0.419,28,1
2024-11-27 15:31:20,Active,0.363,0.305,28,1
2024-11-27 15:31:20,Active,0.301,0.466,28,1
2024-11-27 15:31:20,Active,0.318,0.359,28,1
2024-11-27 15:31:20,Active,0.320,0.434,28,1
2024-11-27 15:31:20,Active,0.327,0.324,28,1
2024-11-27 15:31:20,Active,0.318,0.500,28,1
2024-11-27 15:31:20,Active,0.327,0.327,28,1
2024-11-27 15:31:20,Active,0.273,0.567,28,1
2024-11-27 15:31:20,Active,0.345,0.338,28,1
2024-11-27 15:31:20,Active,0.287,0.517,28,1
2024-11-27 15:31:20,Active,0.320,0.351,28,1
2024-11-27 15:31:20,Active,0.309,0.534,28,1
2024-11-27 15:31:20,Active,0.330,0.322,28,1
2024-11-27 15:31:20,Active,0.259,0.501,28,1
2024-11-27 15:31:20,Active,0.297,0.315,28,1
2024-11-27 15:31:20,Active,0.318,0.466,28,1
2024-11-27 15:31:20,Active,0.290,0.344,28,1
2024-11-27 15:31:20,Active,0.307,0.448,28,1
2024-11-27 15:31:20,Active,0.297,0.368,28,1
2024-11-27 15:31:20,Active,0.316,0.434,28,1
2024-11-27 15:31:20,Active,0.280,0.364,28,1
2024-11-27 15:31:20,Active,0.270,0.518,28,1
2024-11-27 15:31:20,Active,0.302,0.381,28,1
2024-11-27 15:31:20,Active,0.280,0.501,28,1
2024-11-27 15:31:20,Active,0.302,0.410,28,1
2024-11-27 15:31:20,Active,0.253,0.467,28,1
2024-11-27 15:31:20,Active,0.298,0.397,28,1
2024-11-27 15:31:20,Active,0.282,0.484,28,1
2024-11-27 15:31:20,Active,0.299,0.408,28,1
2024-11-27 15:31:20,Active,0.256,0.483,28,1
2024-11-27 15:31:20,Active,0.314,0.418,28,1
2024-11-27 15:31:20,Active,0.283,0.516,28,1
2024-11-27 15:31:20,Active,0.306,0.348,28,1
2024-11-27 15:31:20,Active,0.270,0.500,28,1
2024-11-27 15:31:20,Active,0.303,0.416,28,1
2024-11-27 15:31:20,Active,0.273,0.467,28,1
2024-11-27 15:31:20,Active,0.287,0.432,28,1
2024-11-27 15:31:20,Active,0.270,0.451,28,1
2024-11-27 15:31:20,Active,0.324,0.424,28,1
2024-11-27 15:31:20,Active,0.241,0.452,28,1
2024-11-27 15:31:20,Active,0.294,0.414,28,1
2024-11-27 15:31:20,Active,0.286,0.420,28,1
2024-11-27 15:31:20,Active,0.292,0.436,28,1
2024-11-27 15:31:21,Active,0.227,0.450,28,1
2024-11-27 15:31:21,Active,0.266,0.415,28,1
2024-11-27 15:31:21,Active,0.241,0.484,28,1
2024-11-27 15:31:21,Active,0.304,0.448,28,1
2024-11-27 15:31:21,Active,0.232,0.453,28,1
2024-11-27 15:31:21,Active,0.326,0.427,28,1
2024-11-27 15:31:21,Active,0.305,0.427,28,1
2024-11-27 15:31:21,Active,0.235,0.453,28,1
2024-11-27 15:31:21,Active,0.302,0.421,28,1
2024-11-27 15:31:21,Active,0.274,0.500,28,1
2024-11-27 15:31:21,Active,0.311,0.421,28,1
2024-11-27 15:31:21,Active,0.231,0.533,28,1
2024-11-27 15:31:21,Active,0.323,0.421,28,1
2024-11-27 15:31:21,Active,0.235,0.567,28,1
2024-11-27 15:31:21,Active,0.322,0.422,28,1
2024-11-27 15:31:21,Active,0.294,0.581,28,1
2024-11-27 15:31:21,Active,0.339,0.421,28,1
2024-11-27 15:31:21,Active,0.250,0.635,28,1
2024-11-27 15:31:21,Active,0.253,0.613,28,1
2024-11-27 15:31:21,Active,0.319,0.414,28,1
2024-11-27 15:31:21,Active,0.241,0.584,28,1
2024-11-27 15:31:21,Active,0.313,0.414,28,1
2024-11-27 15:31:21,Active,0.346,0.421,28,1
2024-11-27 15:31:21,Active,0.235,0.597,28,1
2024-11-27 15:31:21,Active,0.316,0.415,28,1
2024-11-27 15:31:21,Active,0.195,0.517,28,1
2024-11-27 15:31:21,Active,0.258,0.484,28,1
2024-11-27 15:31:21,Active,0.339,0.413,28,1
2024-11-27 15:31:21,Active,0.311,0.420,28,1
2024-11-27 15:31:21,Active,0.296,0.484,28,1
2024-11-27 15:31:21,Active,0.323,0.421,28,1
2024-11-27 15:31:21,Active,0.318,0.484,28,1
2024-11-27 15:31:21,Active,0.332,0.415,28,1
2024-11-27 15:31:21,Active,0.384,0.516,28,1
2024-11-27 15:31:21,Active,0.327,0.422,28,1
2024-11-27 15:31:21,Active,0.357,0.556,28,1
2024-11-27 15:31:21,Active,0.324,0.435,28,1
2024-11-27 15:31:21,Active,0.276,0.593,28,1
2024-11-27 15:31:21,Active,0.308,0.616,28,1
2024-11-27 15:31:21,Active,0.324,0.427,28,1
2024-11-27 15:31:21,Active,0.350,0.616,28,1
2024-11-27 15:31:21,Active,0.339,0.413,28,1
2024-11-27 15:31:21,Active,0.318,0.406,28,1
2024-11-27 15:31:21,Active,0.321,0.537,28,1
2024-11-27 15:31:21,Active,0.302,0.421,28,1
2024-11-27 15:31:21,Active,0.377,0.461,28,1
2024-11-27 15:31:21,Active,0.327,0.413,28,1
2024-11-27 15:31:21,Active,0.372,0.420,28,1
2024-11-27 15:31:21,Active,0.313,0.406,28,1
2024-11-27 15:31:21,Active,0.372,0.407,28,1
2024-11-27 15:31:21,Active,0.310,0.426,28,1
2024-11-27 15:31:21,Active,0.338,0.499,28,1
2024-11-27 15:31:21,Active,0.377,0.558,28,1
2024-11-27 15:31:21,Active,0.319,0.406,28,1
2024-11-27 15:31:21,Active,0.376,0.536,28,1
2024-11-27 15:31:21,Active,0.311,0.420,28,1
2024-11-27 15:31:21,Active,0.302,0.420,28,1
2024-11-27 15:31:21,Active,0.384,0.499,28,1
2024-11-27 15:31:21,Active,0.312,0.427,28,1
2024-11-27 15:31:21,Active,0.354,0.478,28,1
2024-11-27 15:31:22,Active,0.310,0.420,28,1
2024-11-27 15:31:22,Active,0.354,0.442,28,1
2024-11-27 15:31:22,Active,0.313,0.420,28,1
2024-11-27 15:31:22,Active,0.350,0.443,28,1
2024-11-27 15:31:22,Active,0.318,0.406,28,1
2024-11-27 15:31:22,Active,0.368,0.404,28,1
2024-11-27 15:31:22,Active,0.327,0.420,28,1
2024-11-27 15:31:22,Active,0.398,0.426,28,1
2024-11-27 15:31:22,Active,0.313,0.404,28,1
2024-11-27 15:31:22,Active,0.399,0.426,28,1
2024-11-27 15:31:22,Active,0.320,0.420,28,1
2024-11-27 15:31:22,Active,0.355,0.408,28,1
2024-11-27 15:31:22,Active,0.386,0.408,28,1
2024-11-27 15:31:22,Active,0.310,0.421,28,1
2024-11-27 15:31:22,Active,0.355,0.407,28,1
2024-11-27 15:31:22,Active,0.308,0.413,28,1
2024-11-27 15:31:22,Active,0.323,0.441,28,1
2024-11-27 15:31:22,Active,0.313,0.393,28,1
2024-11-27 15:31:22,Active,0.309,0.441,28,1
2024-11-27 15:31:22,Active,0.267,0.429,28,1
2024-11-27 15:31:22,Active,0.290,0.503,28,1
2024-11-27 15:31:22,Active,0.325,0.428,28,1
2024-11-27 15:31:22,Active,0.319,0.537,28,1
2024-11-27 15:31:22,Active,0.331,0.441,28,1
2024-11-27 15:31:22,Active,0.404,0.536,28,1
2024-11-27 15:31:22,Active,0.324,0.449,28,1
2024-11-27 15:31:22,Active,0.338,0.428,28,1
2024-11-27 15:31:22,Active,0.312,0.482,28,1
2024-11-27 15:31:22,Active,0.339,0.421,28,1
2024-11-27 15:31:22,Active,0.311,0.463,28,1
2024-11-27 15:31:22,Active,0.338,0.419,28,1
2024-11-27 15:31:22,Active,0.255,0.482,28,1
2024-11-27 15:31:22,Active,0.326,0.420,28,1
2024-11-27 15:31:22,Active,0.246,0.448,28,1
2024-11-27 15:31:22,Active,0.319,0.428,28,1
2024-11-27 15:31:22,Active,0.265,0.443,28,1
2024-11-27 15:31:22,Active,0.325,0.414,28,1
2024-11-27 15:31:22,Active,0.311,0.465,28,1
2024-11-27 15:31:22,Active,0.329,0.413,28,1
2024-11-27 15:31:22,Active,0.232,0.483,28,1
2024-11-27 15:31:22,Active,0.315,0.434,28,1
2024-11-27 15:31:22,Active,0.235,0.482,28,1
2024-11-27 15:31:22,Active,0.324,0.406,28,1
2024-11-27 15:31:22,Active,0.291,0.485,28,1
2024-11-27 15:31:22,Active,0.263,0.419,28,1
2024-11-27 15:31:22,Active,0.304,0.465,28,1
2024-11-27 15:31:22,Active,0.172,0.412,28,1
2024-11-27 15:31:22,Active,0.298,0.432,28,1
2024-11-27 15:31:22,Active,0.189,0.420,28,1
2024-11-27 15:31:22,Active,0.348,0.429,28,1
2024-11-27 15:31:22,Active,0.283,0.463,28,1
2024-11-27 15:31:22,Active,0.258,0.414,28,1
2024-11-27 15:31:22,Active,0.190,0.420,28,1
2024-11-27 15:31:22,Active,0.369,0.445,28,1
2024-11-27 15:31:22,Active,0.153,0.406,28,1
2024-11-27 15:31:22,Active,0.427,0.445,28,1
2024-11-27 15:31:22,Active,0.180,0.411,28,1
2024-11-27 15:31:22,Active,0.322,0.412,28,1
2024-11-27 15:31:22,Active,0.195,0.412,28,1
2024-11-27 15:31:22,Active,0.311,0.412,28,1
2024-11-27 15:31:23,Active,0.221,0.418,28,1
2024-11-27 15:31:23,Active,0.268,0.429,28,1
2024-11-27 15:31:23,Active,0.254,0.427,28,1
2024-11-27 15:31:23,Active,0.301,0.451,28,1
2024-11-27 15:31:23,Active,0.240,0.434,28,1
2024-11-27 15:31:23,Active,0.276,0.467,28,1
2024-11-27 15:31:23,Active,0.283,0.503,28,1
2024-11-27 15:31:23,Active,0.262,0.399,28,1
2024-11-27 15:31:23,Active,0.251,0.422,28,1
2024-11-27 15:31:23,Active,0.264,0.422,28,1
2024-11-27 15:31:23,Active,0.247,0.426,28,1
2024-11-27 15:31:23,Active,0.271,0.466,28,1
2024-11-27 15:31:23,Active,0.247,0.405,28,1
2024-11-27 15:31:23,Active,0.322,0.468,28,1
2024-11-27 15:31:23,Active,0.270,0.420,28,1
2024-11-27 15:31:23,Active,0.281,0.453,28,1
2024-11-27 15:31:23,Active,0.263,0.427,28,1
2024-11-27 15:31:23,Active,0.293,0.451,28,1
2024-11-27 15:31:23,Active,0.280,0.433,28,1
2024-11-27 15:31:23,Active,0.256,0.452,28,1
2024-11-27 15:31:23,Active,0.277,0.404,28,1
2024-11-27 15:31:23,Active,0.232,0.483,28,1
2024-11-27 15:31:23,Active,0.254,0.435,28,1
2024-11-27 15:31:23,Active,0.243,0.469,28,1
2024-11-27 15:31:23,Active,0.262,0.441,28,1
2024-11-27 15:31:23,Active,0.238,0.468,28,1
2024-11-27 15:31:23,Active,0.274,0.456,28,1
2024-11-27 15:31:23,Active,0.269,0.518,28,1
2024-11-27 15:31:23,Active,0.269,0.464,28,1
2024-11-27 15:31:23,Active,0.258,0.501,28,1
2024-11-27 15:31:23,Active,0.291,0.457,28,1
2024-11-27 15:31:23,Active,0.288,0.500,28,1
2024-11-27 15:31:23,Active,0.280,0.493,28,1
2024-11-27 15:31:23,Active,0.230,0.520,28,1
2024-11-27 15:31:23,Active,0.287,0.500,28,1
2024-11-27 15:31:23,Active,0.305,0.486,28,1
2024-11-27 15:31:23,Active,0.292,0.530,28,1
2024-11-27 15:31:23,Active,0.246,0.484,28,1
2024-11-27 15:31:23,Active,0.294,0.529,28,1
2024-11-27 15:31:23,Active,0.249,0.520,28,1
2024-11-27 15:31:23,Active,0.291,0.552,28,1
2024-11-27 15:31:23,Active,0.249,0.501,28,1
2024-11-27 15:31:23,Active,0.273,0.590,28,1
2024-11-27 15:31:23,Active,0.265,0.519,28,1
2024-11-27 15:31:23,Active,0.299,0.597,28,1
2024-11-27 15:31:23,Active,0.243,0.503,28,1
2024-11-27 15:31:23,Active,0.314,0.554,28,1
2024-11-27 15:31:23,Active,0.227,0.501,28,1
2024-11-27 15:31:23,Active,0.295,0.554,28,1
2024-11-27 15:31:23,Active,0.243,0.501,28,1
2024-11-27 15:31:23,Active,0.302,0.546,28,1
2024-11-27 15:31:23,Active,0.240,0.520,28,1
2024-11-27 15:31:23,Active,0.287,0.597,28,1
2024-11-27 15:31:23,Active,0.246,0.501,28,1
2024-11-27 15:31:23,Active,0.295,0.637,28,1
2024-11-27 15:31:23,Active,0.222,0.501,28,1
2024-11-27 15:31:23,Active,0.299,0.627,28,1
2024-11-27 15:31:23,Active,0.263,0.501,28,1
2024-11-27 15:31:23,Active,0.298,0.612,28,1
2024-11-27 15:31:23,Active,0.232,0.517,28,1
2024-11-27 15:31:24,Active,0.306,0.624,28,1
2024-11-27 15:31:24,Active,0.276,0.518,28,1
2024-11-27 15:31:24,Active,0.295,0.597,28,1
2024-11-27 15:31:24,Active,0.234,0.484,28,1
2024-11-27 15:31:24,Active,0.316,0.576,28,1
2024-11-27 15:31:24,Active,0.241,0.451,28,1
2024-11-27 15:31:24,Active,0.295,0.621,28,1
2024-11-27 15:31:24,Active,0.266,0.451,28,1
2024-11-27 15:31:24,Active,0.279,0.642,28,1
2024-11-27 15:31:24,Active,0.250,0.466,28,1
2024-11-27 15:31:24,Active,0.295,0.575,28,1
2024-11-27 15:31:24,Active,0.362,0.449,28,1
2024-11-27 15:31:24,Active,0.314,0.622,28,1
2024-11-27 15:31:24,Active,0.353,0.446,28,1
2024-11-27 15:31:24,Active,0.309,0.575,28,1
2024-11-27 15:31:24,Active,0.318,0.483,28,1
2024-11-27 15:31:24,Active,0.302,0.627,28,1
2024-11-27 15:31:24,Active,0.338,0.485,28,1
2024-11-27 15:31:24,Active,0.302,0.629,28,1
2024-11-27 15:31:24,Active,0.393,0.465,28,1
2024-11-27 15:31:24,Active,0.302,0.597,28,1
2024-11-27 15:31:24,Active,0.379,0.501,28,1
2024-11-27 15:31:24,Active,0.314,0.622,28,1
2024-11-27 15:31:24,Active,0.329,0.481,28,1
2024-11-27 15:31:24,Active,0.303,0.652,28,1
2024-11-27 15:31:24,Active,0.378,0.465,28,1
2024-11-27 15:31:24,Active,0.306,0.591,28,1
2024-11-27 15:31:24,Active,0.361,0.465,28,1
2024-11-27 15:31:24,Active,0.294,0.601,28,1
2024-11-27 15:31:24,Active,0.344,0.465,28,1
2024-11-27 15:31:24,Active,0.300,0.627,28,1
2024-11-27 15:31:24,Active,0.377,0.483,28,1
2024-11-27 15:31:24,Active,0.297,0.621,28,1
2024-11-27 15:31:24,Active,0.345,0.482,28,1
2024-11-27 15:31:24,Active,0.291,0.596,28,1
2024-11-27 15:31:24,Active,0.329,0.483,28,1
2024-11-27 15:31:24,Active,0.317,0.612,28,1
2024-11-27 15:31:24,Active,0.282,0.465,28,1
2024-11-27 15:31:24,Active,0.326,0.447,28,1
2024-11-27 15:31:24,Active,0.299,0.612,28,1
2024-11-27 15:31:24,Active,0.329,0.639,28,1
2024-11-27 15:31:24,Active,0.335,0.465,28,1
2024-11-27 15:31:24,Active,0.297,0.567,28,1
2024-11-27 15:31:24,Active,0.316,0.501,28,1
2024-11-27 15:31:24,Active,0.308,0.635,28,1
2024-11-27 15:31:24,Active,0.275,0.501,28,1
2024-11-27 15:31:24,Active,0.308,0.637,28,1
2024-11-27 15:31:24,Active,0.323,0.465,28,1
2024-11-27 15:31:24,Active,0.305,0.622,28,1
2024-11-27 15:31:24,Active,0.337,0.465,28,1
2024-11-27 15:31:24,Active,0.313,0.567,28,1
2024-11-27 15:31:24,Active,0.340,0.466,28,1
2024-11-27 15:31:24,Active,0.312,0.589,28,1
2024-11-27 15:31:24,Active,0.325,0.483,28,1
2024-11-27 15:31:24,Active,0.313,0.582,28,1
2024-11-27 15:31:24,Active,0.314,0.501,28,1
2024-11-27 15:31:24,Active,0.296,0.605,28,1
2024-11-27 15:31:24,Active,0.358,0.501,28,1
2024-11-27 15:31:24,Active,0.305,0.618,28,1
2024-11-27 15:31:24,Active,0.340,0.483,28,1
2024-11-27 15:31:25,Active,0.312,0.606,28,1
2024-11-27 15:31:25,Active,0.342,0.503,28,1
2024-11-27 15:31:25,Active,0.332,0.606,28,1
2024-11-27 15:31:25,Active,0.284,0.501,28,1
2024-11-27 15:31:25,Active,0.322,0.599,28,1
2024-11-27 15:31:25,Active,0.291,0.483,28,1
2024-11-27 15:31:25,Active,0.339,0.612,28,1
2024-11-27 15:31:25,Active,0.332,0.500,28,1
2024-11-27 15:31:25,Active,0.327,0.620,28,1
2024-11-27 15:31:25,Active,0.346,0.483,28,1
2024-11-27 15:31:25,Active,0.317,0.599,28,1
2024-11-27 15:31:25,Active,0.294,0.538,28,1
2024-11-27 15:31:25,Active,0.327,0.590,28,1
2024-11-27 15:31:25,Active,0.335,0.520,28,1
2024-11-27 15:31:25,Active,0.333,0.560,28,1
2024-11-27 15:31:25,Active,0.327,0.483,28,1
2024-11-27 15:31:25,Active,0.334,0.625,28,1
2024-11-27 15:31:25,Active,0.357,0.482,28,1
2024-11-27 15:31:25,Active,0.327,0.629,28,1
2024-11-27 15:31:25,Active,0.323,0.465,28,1
2024-11-27 15:31:25,Active,0.340,0.590,28,1
2024-11-27 15:31:25,Active,0.340,0.447,28,1
2024-11-27 15:31:25,Active,0.321,0.659,28,1
2024-11-27 15:31:25,Active,0.368,0.445,28,1
2024-11-27 15:31:25,Active,0.336,0.634,28,1
2024-11-27 15:31:25,Active,0.379,0.444,28,1
2024-11-27 15:31:25,Active,0.345,0.633,28,1
2024-11-27 15:31:25,Active,0.315,0.407,28,1
2024-11-27 15:31:25,Active,0.345,0.647,28,1
2024-11-27 15:31:25,Active,0.341,0.371,28,1
2024-11-27 15:31:25,Active,0.353,0.659,28,1
2024-11-27 15:31:25,Active,0.302,0.384,28,1
2024-11-27 15:31:25,Active,0.339,0.614,28,1
2024-11-27 15:31:25,Active,0.299,0.366,28,1
2024-11-27 15:31:25,Active,0.346,0.652,28,1
2024-11-27 15:31:25,Active,0.299,0.375,28,1
2024-11-27 15:31:25,Active,0.342,0.627,28,1
2024-11-27 15:31:25,Active,0.214,0.389,28,1
2024-11-27 15:31:25,Active,0.336,0.682,28,1
2024-11-27 15:31:25,Active,0.250,0.424,28,1
2024-11-27 15:31:25,Active,0.336,0.629,28,1
2024-11-27 15:31:25,Active,0.277,0.439,28,1
2024-11-27 15:31:25,Active,0.331,0.715,28,1
2024-11-27 15:31:25,Active,0.291,0.405,28,1
2024-11-27 15:31:25,Active,0.351,0.644,28,1
2024-11-27 15:31:25,Active,0.297,0.351,28,1
2024-11-27 15:31:25,Active,0.350,0.647,28,1
2024-11-27 15:31:25,Active,0.305,0.356,28,1
2024-11-27 15:31:25,Active,0.345,0.682,28,1
2024-11-27 15:31:25,Active,0.299,0.340,28,1
2024-11-27 15:31:25,Active,0.329,0.720,28,1
2024-11-27 15:31:25,Active,0.341,0.370,28,1
2024-11-27 15:31:25,Active,0.340,0.715,28,1
2024-11-27 15:31:25,Active,0.335,0.358,28,1
2024-11-27 15:31:25,Active,0.325,0.738,28,1
2024-11-27 15:31:25,Active,0.355,0.408,28,1
2024-11-27 15:31:25,Active,0.325,0.739,28,1
2024-11-27 15:31:25,Active,0.301,0.394,28,1
2024-11-27 15:31:25,Active,0.325,0.771,28,1
2024-11-27 15:31:25,Active,0.303,0.410,28,1
2024-11-27 15:31:26,Active,0.330,0.779,28,1
2024-11-27 15:31:26,Active,0.341,0.397,28,1
2024-11-27 15:31:26,Active,0.329,0.766,28,1
2024-11-27 15:31:26,Active,0.321,0.378,28,1
2024-11-27 15:31:26,Active,0.319,0.775,28,1
2024-11-27 15:31:26,Active,0.357,0.414,28,1
2024-11-27 15:31:26,Active,0.335,0.699,28,1
2024-11-27 15:31:26,Active,0.336,0.380,28,1
2024-11-27 15:31:26,Active,0.339,0.796,28,1
2024-11-27 15:31:26,Active,0.339,0.393,28,1
2024-11-27 15:31:26,Active,0.306,0.803,28,1
2024-11-27 15:31:26,Active,0.341,0.411,28,1
2024-11-27 15:31:26,Active,0.317,0.767,28,1
2024-11-27 15:31:26,Active,0.310,0.393,28,1
2024-11-27 15:31:26,Active,0.304,0.757,28,1
2024-11-27 15:31:26,Active,0.327,0.393,28,1
2024-11-27 15:31:26,Active,0.315,0.670,28,1
2024-11-27 15:31:26,Active,0.305,0.393,28,1
2024-11-27 15:31:26,Active,0.305,0.714,28,1
2024-11-27 15:31:26,Active,0.358,0.376,28,1
2024-11-27 15:31:26,Active,0.324,0.692,28,1
2024-11-27 15:31:26,Active,0.330,0.368,28,1
2024-11-27 15:31:26,Active,0.325,0.709,28,1
2024-11-27 15:31:26,Active,0.305,0.380,28,1
2024-11-27 15:31:26,Active,0.331,0.710,28,1
2024-11-27 15:31:26,Active,0.303,0.393,28,1
2024-11-27 15:31:26,Active,0.310,0.708,28,1
2024-11-27 15:31:26,Active,0.304,0.379,28,1
2024-11-27 15:31:26,Active,0.329,0.675,28,1
2024-11-27 15:31:26,Active,0.306,0.375,28,1
2024-11-27 15:31:26,Active,0.329,0.667,28,1
2024-11-27 15:31:26,Active,0.297,0.444,28,1
2024-11-27 15:31:26,Active,0.322,0.689,28,1
2024-11-27 15:31:26,Active,0.323,0.376,28,1
2024-11-27 15:31:26,Active,0.336,0.684,28,1
2024-11-27 15:31:26,Active,0.357,0.379,28,1
2024-11-27 15:31:26,Active,0.331,0.635,28,1
2024-11-27 15:31:26,Active,0.321,0.380,28,1
2024-11-27 15:31:26,Active,0.302,0.701,28,1
2024-11-27 15:31:26,Active,0.304,0.393,28,1
2024-11-27 15:31:26,Active,0.230,0.735,28,1
2024-11-27 15:31:26,Active,0.352,0.394,28,1
2024-11-27 15:31:26,Active,0.210,0.730,28,1
2024-11-27 15:31:26,Active,0.309,0.381,28,1
2024-11-27 15:31:26,Active,0.204,0.706,28,1
2024-11-27 15:31:26,Active,0.327,0.394,28,1
2024-11-27 15:31:26,Active,0.207,0.712,28,1
2024-11-27 15:31:26,Active,0.304,0.358,28,1
2024-11-27 15:31:26,Active,0.222,0.713,28,1
2024-11-27 15:31:26,Active,0.285,0.375,28,1
2024-11-27 15:31:26,Active,0.188,0.745,28,1
2024-11-27 15:31:26,Active,0.339,0.393,28,1
2024-11-27 15:31:26,Active,0.188,0.742,28,1
2024-11-27 15:31:26,Active,0.325,0.333,28,1
2024-11-27 15:31:26,Active,0.194,0.792,28,1
2024-11-27 15:31:26,Active,0.305,0.352,28,1
2024-11-27 15:31:26,Active,0.224,0.734,28,1
2024-11-27 15:31:26,Active,0.329,0.394,28,1
2024-11-27 15:31:26,Active,0.197,0.723,28,1
2024-11-27 15:31:26,Active,0.345,0.367,28,1
2024-11-27 15:31:26,Active,0.230,0.665,28,1
2024-11-27 15:31:27,Active,0.314,0.380,28,1
2024-11-27 15:31:27,Active,0.247,0.634,28,1
2024-11-27 15:31:27,Active,0.317,0.367,28,1
2024-11-27 15:31:27,Active,0.268,0.602,28,1
2024-11-27 15:31:27,Active,0.321,0.363,28,1
2024-11-27 15:31:27,Active,0.258,0.589,28,1
2024-11-27 15:31:27,Active,0.334,0.357,28,1
2024-11-27 15:31:27,Active,0.266,0.523,28,1
2024-11-27 15:31:27,Active,0.293,0.384,28,1
2024-11-27 15:31:27,Active,0.257,0.516,28,1
2024-11-27 15:31:27,Active,0.285,0.379,28,1
2024-11-27 15:31:27,Active,0.261,0.523,28,1
2024-11-27 15:31:27,Active,0.321,0.367,28,1
2024-11-27 15:31:27,Active,0.251,0.500,28,1
2024-11-27 15:31:27,Active,0.292,0.368,28,1
2024-11-27 15:31:27,Active,0.254,0.472,28,1
2024-11-27 15:31:27,Active,0.286,0.355,28,1
2024-11-27 15:31:27,Active,0.254,0.444,28,1
2024-11-27 15:31:27,Active,0.349,0.380,28,1
2024-11-27 15:31:27,Active,0.270,0.437,28,1
2024-11-27 15:31:27,Active,0.283,0.363,28,1
2024-11-27 15:31:27,Active,0.258,0.416,28,1
2024-11-27 15:31:27,Active,0.308,0.412,28,1
2024-11-27 15:31:27,Active,0.281,0.416,28,1
2024-11-27 15:31:27,Active,0.288,0.411,28,1
2024-11-27 15:31:27,Active,0.274,0.418,28,1
2024-11-27 15:31:27,Active,0.315,0.394,28,1
2024-11-27 15:31:27,Active,0.255,0.409,28,1
2024-11-27 15:31:27,Active,0.296,0.357,28,1
2024-11-27 15:31:27,Active,0.262,0.410,28,1
2024-11-27 15:31:27,Active,0.228,0.340,28,1
2024-11-27 15:31:27,Active,0.192,0.382,28,1
2024-11-27 15:31:27,Active,0.320,0.347,28,1
2024-11-27 15:31:27,Active,0.169,0.397,28,1
2024-11-27 15:31:27,Active,0.282,0.386,28,1
2024-11-27 15:31:27,Active,0.182,0.387,28,1
2024-11-27 15:31:27,Active,0.286,0.405,28,1
2024-11-27 15:31:27,Active,0.196,0.372,28,1
2024-11-27 15:31:27,Active,0.325,0.357,28,1
2024-11-27 15:31:27,Active,0.211,0.378,28,1
2024-11-27 15:31:27,Active,0.324,0.327,28,1
2024-11-27 15:31:27,Active,0.127,0.366,28,1
2024-11-27 15:31:27,Active,0.341,0.335,28,1
2024-11-27 15:31:27,Active,0.180,0.379,28,1
2024-11-27 15:31:27,Active,0.386,0.327,28,1
2024-11-27 15:31:27,Active,0.211,0.398,28,1
2024-11-27 15:31:27,Active,0.372,0.271,28,1
2024-11-27 15:31:27,Active,0.235,0.454,28,1
2024-11-27 15:31:27,Active,0.409,0.250,28,1
2024-11-27 15:31:27,Active,0.262,0.417,28,1
2024-11-27 15:31:27,Active,0.259,0.398,28,1
2024-11-27 15:31:27,Active,0.319,0.328,28,1
2024-11-27 15:31:27,Active,0.248,0.377,28,1
2024-11-27 15:31:27,Active,0.339,0.287,28,1
2024-11-27 15:31:27,Active,0.265,0.384,28,1
2024-11-27 15:31:27,Active,0.345,0.297,28,1
2024-11-27 15:31:27,Active,0.192,0.372,28,1
2024-11-27 15:31:27,Active,0.343,0.313,28,1
2024-11-27 15:31:27,Active,0.144,0.391,28,1
2024-11-27 15:31:27,Active,0.341,0.354,28,1
2024-11-27 15:31:28,Active,0.131,0.391,28,1
2024-11-27 15:31:28,Active,0.144,0.396,28,1
2024-11-27 15:31:28,Active,0.303,0.163,28,1
2024-11-27 15:31:28,Active,0.175,0.389,28,1
2024-11-27 15:31:28,Active,0.253,0.081,28,1
2024-11-27 15:31:28,Active,0.168,0.383,28,1
2024-11-27 15:31:28,Active,0.104,0.370,28,1
2024-11-27 15:31:28,SLEEPING !!!,0.089,0.358,28,1
2024-11-27 15:31:28,SLEEPING !!!,0.180,0.365,28,1
2024-11-27 15:31:28,Active,0.269,0.347,29,1
2024-11-27 15:31:28,Active,0.302,0.367,29,1
2024-11-27 15:31:28,Active,0.347,0.349,29,1
2024-11-27 15:31:28,Active,0.367,0.378,29,1
2024-11-27 15:31:28,Active,0.331,0.373,29,1
2024-11-27 15:31:28,Active,0.406,0.380,29,1
2024-11-27 15:31:28,Active,0.405,0.391,29,1
2024-11-27 15:31:28,Active,0.388,0.384,29,1
2024-11-27 15:31:28,Active,0.360,0.382,29,1
2024-11-27 15:31:28,Active,0.345,0.387,29,1
2024-11-27 15:31:28,Active,0.361,0.387,29,1
2024-11-27 15:31:28,Active,0.421,0.404,29,1
2024-11-27 15:31:28,Active,0.413,0.406,29,1
2024-11-27 15:31:28,Active,0.401,0.419,29,1
2024-11-27 15:31:28,Active,0.397,0.388,29,1
2024-11-27 15:31:28,Active,0.336,0.383,29,1
2024-11-27 15:31:28,Active,0.209,0.352,29,1
2024-11-27 15:31:28,Active,0.130,0.341,29,1
2024-11-27 15:31:28,SLEEPING !!!,0.097,0.355,29,1
2024-11-27 15:31:28,SLEEPING !!!,0.102,0.383,29,1
2024-11-27 15:31:28,SLEEPING !!!,0.125,0.357,29,1
2024-11-27 15:31:28,Active,0.310,0.571,30,1
2024-11-27 15:31:28,Active,0.180,0.370,30,1
2024-11-27 15:31:28,Active,0.352,0.553,30,1
2024-11-27 15:31:28,Active,0.148,0.371,30,1
2024-11-27 15:31:28,Active,0.288,0.519,30,1
2024-11-27 15:31:29,Active,0.112,0.347,30,1
2024-11-27 15:31:29,Active,0.308,0.519,30,1
2024-11-27 15:31:29,Active,0.301,0.519,30,1
2024-11-27 15:31:29,Active,0.117,0.376,30,1
2024-11-27 15:31:29,Active,0.291,0.464,30,1
2024-11-27 15:31:29,Active,0.096,0.357,30,1
2024-11-27 15:31:29,Active,0.153,0.343,30,1
2024-11-27 15:31:29,Active,0.316,0.445,30,1
2024-11-27 15:31:29,Active,0.229,0.359,30,1
2024-11-27 15:31:29,Active,0.280,0.483,30,1
2024-11-27 15:31:29,Active,0.292,0.384,30,1
2024-11-27 15:31:29,Active,0.253,0.449,30,1
2024-11-27 15:31:29,Active,0.308,0.403,30,1
2024-11-27 15:31:29,Active,0.299,0.430,30,1
2024-11-27 15:31:29,Active,0.314,0.438,30,1
2024-11-27 15:31:29,Active,0.267,0.447,30,1
2024-11-27 15:31:29,Active,0.282,0.466,30,1
2024-11-27 15:31:29,Active,0.333,0.480,30,1
2024-11-27 15:31:29,Active,0.319,0.508,30,1
2024-11-27 15:31:29,Active,0.281,0.483,30,1
2024-11-27 15:31:29,Active,0.320,0.529,30,1
2024-11-27 15:31:29,Active,0.250,0.484,30,1
2024-11-27 15:31:29,Active,0.340,0.508,30,1
2024-11-27 15:31:29,Active,0.261,0.467,30,1
2024-11-27 15:31:29,Active,0.359,0.507,30,1
2024-11-27 15:31:29,Active,0.259,0.467,30,1
2024-11-27 15:31:29,Active,0.349,0.508,30,1
2024-11-27 15:31:29,Active,0.247,0.434,30,1
2024-11-27 15:31:29,Active,0.344,0.515,30,1
2024-11-27 15:31:29,Active,0.297,0.449,30,1
2024-11-27 15:31:29,Active,0.336,0.494,30,1
2024-11-27 15:31:29,Active,0.296,0.449,30,1
2024-11-27 15:31:29,Active,0.180,0.494,30,1
2024-11-27 15:31:29,Active,0.297,0.414,30,1
2024-11-27 15:31:29,Active,0.160,0.508,30,1
2024-11-27 15:31:29,Active,0.299,0.397,30,1
2024-11-27 15:31:29,Active,0.123,0.486,30,1
2024-11-27 15:31:29,Active,0.271,0.351,30,1
2024-11-27 15:31:29,Active,0.145,0.501,30,1
2024-11-27 15:31:29,Active,0.309,0.349,30,1
2024-11-27 15:31:29,Active,0.163,0.508,30,1
2024-11-27 15:31:29,Active,0.276,0.345,30,1
2024-11-27 15:31:29,Active,0.155,0.515,30,1
2024-11-27 15:31:29,Active,0.345,0.345,30,1
2024-11-27 15:31:29,Active,0.195,0.515,30,1
2024-11-27 15:31:29,Active,0.321,0.333,30,1
2024-11-27 15:31:29,Active,0.236,0.508,30,1
2024-11-27 15:31:29,Active,0.345,0.362,30,1
2024-11-27 15:31:29,Active,0.247,0.508,30,1
2024-11-27 15:31:29,Active,0.358,0.317,30,1
2024-11-27 15:31:29,Active,0.278,0.501,30,1
2024-11-27 15:31:29,Active,0.363,0.328,30,1
2024-11-27 15:31:29,Active,0.292,0.508,30,1
2024-11-27 15:31:29,Active,0.335,0.317,30,1
2024-11-27 15:31:29,Active,0.250,0.500,30,1
2024-11-27 15:31:29,Active,0.336,0.333,30,1
2024-11-27 15:31:29,Active,0.279,0.515,30,1
2024-11-27 15:31:29,Active,0.347,0.300,30,1
2024-11-27 15:31:29,Active,0.240,0.508,30,1
2024-11-27 15:31:29,Active,0.338,0.301,30,1
2024-11-27 15:31:30,Active,0.265,0.515,30,1
2024-11-27 15:31:30,Active,0.290,0.317,30,1
2024-11-27 15:31:30,Active,0.208,0.501,30,1
2024-11-27 15:31:30,Active,0.276,0.328,30,1
2024-11-27 15:31:30,Active,0.226,0.500,30,1
2024-11-27 15:31:30,Active,0.286,0.311,30,1
2024-11-27 15:31:30,Active,0.226,0.486,30,1
2024-11-27 15:31:30,Active,0.261,0.317,30,1
2024-11-27 15:31:30,Active,0.181,0.493,30,1
2024-11-27 15:31:30,Active,0.255,0.346,30,1
2024-11-27 15:31:30,Active,0.144,0.479,30,1
2024-11-27 15:31:30,Active,0.292,0.318,30,1
2024-11-27 15:31:30,Active,0.155,0.421,30,1
2024-11-27 15:31:30,Active,0.314,0.328,30,1
2024-11-27 15:31:30,Active,0.209,0.471,30,1
2024-11-27 15:31:30,Active,0.309,0.331,30,1
2024-11-27 15:31:30,Active,0.224,0.464,30,1
2024-11-27 15:31:30,Active,0.314,0.299,30,1
2024-11-27 15:31:30,Active,0.276,0.471,30,1
2024-11-27 15:31:30,Active,0.295,0.345,30,1
2024-11-27 15:31:30,Active,0.282,0.471,30,1
2024-11-27 15:31:30,Active,0.357,0.328,30,1
2024-11-27 15:31:30,Active,0.289,0.464,30,1
2024-11-27 15:31:30,Active,0.306,0.328,30,1
2024-11-27 15:31:30,Active,0.290,0.472,30,1
2024-11-27 15:31:30,Active,0.364,0.328,30,1
2024-11-27 15:31:30,Active,0.316,0.471,30,1
2024-11-27 15:31:30,Active,0.337,0.329,30,1
2024-11-27 15:31:30,Active,0.302,0.443,30,1
2024-11-27 15:31:30,Active,0.298,0.346,30,1
2024-11-27 15:31:30,Active,0.321,0.363,30,1
2024-11-27 15:31:30,Active,0.319,0.471,30,1
2024-11-27 15:31:30,Active,0.311,0.479,30,1
2024-11-27 15:31:30,Active,0.318,0.345,30,1
2024-11-27 15:31:30,Active,0.177,0.358,30,1
2024-11-27 15:31:30,Active,0.359,0.465,30,1
2024-11-27 15:31:30,Active,0.335,0.471,30,1
2024-11-27 15:31:30,Active,0.196,0.370,30,1
2024-11-27 15:31:30,Active,0.331,0.493,30,1
2024-11-27 15:31:30,Active,0.253,0.357,30,1
2024-11-27 15:31:30,Active,0.319,0.478,30,1
2024-11-27 15:31:30,Active,0.233,0.414,30,1
2024-11-27 15:31:30,Active,0.278,0.458,30,1
2024-11-27 15:31:30,Active,0.342,0.398,30,1
2024-11-27 15:31:30,Active,0.225,0.457,30,1
2024-11-27 15:31:30,Active,0.332,0.414,30,1
2024-11-27 15:31:30,Active,0.139,0.450,30,1
2024-11-27 15:31:30,Active,0.324,0.415,30,1
2024-11-27 15:31:30,Active,0.131,0.464,30,1
2024-11-27 15:31:30,Active,0.275,0.450,30,1
2024-11-27 15:31:30,Active,0.138,0.459,30,1
2024-11-27 15:31:30,Active,0.321,0.453,30,1
2024-11-27 15:31:30,Active,0.156,0.472,30,1
2024-11-27 15:31:30,Active,0.257,0.408,30,1
2024-11-27 15:31:30,Active,0.190,0.451,30,1
2024-11-27 15:31:30,Active,0.241,0.466,30,1
2024-11-27 15:31:30,SLEEPING !!!,0.146,0.444,30,1
2024-11-27 15:31:30,Active,0.280,0.426,31,1
2024-11-27 15:31:30,Active,0.199,0.479,31,1
2024-11-27 15:31:30,Active,0.270,0.425,31,1
2024-11-27 15:31:31,Active,0.177,0.458,31,1
2024-11-27 15:31:31,Active,0.213,0.405,31,1
2024-11-27 15:31:31,SLEEPING !!!,0.175,0.472,31,1
2024-11-27 15:31:31,SLEEPING !!!,0.229,0.386,31,1
2024-11-27 15:31:31,SLEEPING !!!,0.202,0.472,31,1
2024-11-27 15:31:31,SLEEPING !!!,0.223,0.384,31,1
2024-11-27 15:31:31,SLEEPING !!!,0.135,0.458,31,1
2024-11-27 15:31:31,SLEEPING !!!,0.120,0.340,31,1
2024-11-27 15:31:31,SLEEPING !!!,0.167,0.465,31,1
2024-11-27 15:31:31,SLEEPING !!!,0.213,0.355,31,1
2024-11-27 15:31:31,SLEEPING !!!,0.157,0.464,31,1
2024-11-27 15:31:31,Active,0.256,0.389,32,1
2024-11-27 15:31:31,Active,0.150,0.443,32,1
2024-11-27 15:31:31,Active,0.219,0.390,32,1
2024-11-27 15:31:31,SLEEPING !!!,0.206,0.441,32,1
2024-11-27 15:31:31,Active,0.306,0.426,32,1
2024-11-27 15:31:31,Active,0.233,0.449,32,1
2024-11-27 15:31:31,Active,0.274,0.391,32,1
2024-11-27 15:31:31,Active,0.276,0.449,32,1
2024-11-27 15:31:31,Active,0.193,0.407,32,1
2024-11-27 15:31:31,Active,0.276,0.420,32,1
2024-11-27 15:31:31,Active,0.224,0.362,32,1
2024-11-27 15:31:31,Active,0.279,0.422,32,1
2024-11-27 15:31:31,Active,0.264,0.426,32,1
2024-11-27 15:31:31,Active,0.272,0.443,32,1
2024-11-27 15:31:31,Active,0.286,0.426,32,1
2024-11-27 15:31:31,Active,0.272,0.442,32,1
2024-11-27 15:31:31,Active,0.229,0.391,32,1
2024-11-27 15:31:31,Active,0.286,0.458,32,1
2024-11-27 15:31:31,Active,0.304,0.408,32,1
2024-11-27 15:31:31,Active,0.286,0.457,32,1
2024-11-27 15:31:31,Active,0.248,0.367,32,1
2024-11-27 15:31:31,Active,0.286,0.457,32,1
2024-11-27 15:31:31,Active,0.251,0.426,32,1
2024-11-27 15:31:31,Active,0.287,0.472,32,1
2024-11-27 15:31:31,Active,0.243,0.421,32,1
2024-11-27 15:31:31,Active,0.289,0.486,32,1
2024-11-27 15:31:31,Active,0.270,0.381,32,1
2024-11-27 15:31:31,Active,0.291,0.451,32,1
2024-11-27 15:31:31,Active,0.282,0.387,32,1
2024-11-27 15:31:31,Active,0.286,0.472,32,1
2024-11-27 15:31:31,Active,0.345,0.362,32,1
2024-11-27 15:31:31,Active,0.277,0.443,32,1
2024-11-27 15:31:31,Active,0.326,0.349,32,1
2024-11-27 15:31:31,Active,0.250,0.436,32,1
2024-11-27 15:31:31,Active,0.366,0.140,32,1
2024-11-27 15:31:31,Active,0.276,0.429,32,1
2024-11-27 15:31:31,Active,0.254,0.185,32,1
2024-11-27 15:31:31,Active,0.257,0.437,32,1
2024-11-27 15:31:31,Active,0.320,0.131,32,1
2024-11-27 15:31:31,Active,0.294,0.442,32,1
2024-11-27 15:31:31,Active,0.358,0.250,32,1
2024-11-27 15:31:31,Active,0.277,0.457,32,1
2024-11-27 15:31:31,Active,0.281,0.464,32,1
2024-11-27 15:31:31,Active,0.285,0.479,32,1
2024-11-27 15:31:31,Active,0.282,0.464,32,1
2024-11-27 15:31:32,Active,0.287,0.479,32,1
2024-11-27 15:31:32,Active,0.165,0.407,32,1
2024-11-27 15:31:32,Active,0.290,0.479,32,1
2024-11-27 15:31:32,Active,0.212,0.296,32,1
2024-11-27 15:31:32,Active,0.277,0.508,32,1
2024-11-27 15:31:32,Active,0.203,0.412,32,1
2024-11-27 15:31:32,Active,0.276,0.486,32,1
2024-11-27 15:31:32,Active,0.213,0.328,32,1
2024-11-27 15:31:32,Active,0.287,0.478,32,1
2024-11-27 15:31:32,Active,0.206,0.323,32,1
2024-11-27 15:31:32,Active,0.284,0.494,32,1
2024-11-27 15:31:32,Active,0.198,0.079,32,1
2024-11-27 15:31:32,Active,0.287,0.494,32,1
2024-11-27 15:31:32,Active,0.211,0.234,32,1
2024-11-27 15:31:32,Active,0.288,0.500,32,1
2024-11-27 15:31:32,Active,0.239,0.089,32,1
2024-11-27 15:31:32,Active,0.268,0.486,32,1
2024-11-27 15:31:32,Active,0.262,0.386,32,1
2024-11-27 15:31:32,Active,0.277,0.479,32,1
2024-11-27 15:31:32,Active,0.269,0.486,32,1
2024-11-27 15:31:32,Active,0.273,0.493,32,1
2024-11-27 15:31:32,Active,0.269,0.457,32,1
2024-11-27 15:31:32,Active,0.184,0.417,32,1
2024-11-27 15:31:32,Active,0.152,0.392,32,1
2024-11-27 15:31:32,SLEEPING !!!,0.123,0.380,32,1
2024-11-27 15:31:32,SLEEPING !!!,0.140,0.378,32,1
2024-11-27 15:31:32,SLEEPING !!!,0.157,0.378,32,1
2024-11-27 15:31:32,SLEEPING !!!,0.193,0.383,32,1
2024-11-27 15:31:32,SLEEPING !!!,0.227,0.397,32,1
2024-11-27 15:31:32,SLEEPING !!!,0.240,0.366,32,1
2024-11-27 15:31:32,SLEEPING !!!,0.232,0.372,32,1
2024-11-27 15:31:32,Active,0.254,0.385,33,1
2024-11-27 15:31:32,Active,0.251,0.378,33,1
2024-11-27 15:31:32,Active,0.243,0.384,33,1
2024-11-27 15:31:32,Active,0.239,0.397,33,1
2024-11-27 15:31:32,SLEEPING !!!,0.244,0.403,33,1
2024-11-27 15:31:32,Active,0.257,0.389,34,1
2024-11-27 15:31:32,Active,0.265,0.411,34,1
2024-11-27 15:31:32,Active,0.262,0.417,34,1
2024-11-27 15:31:33,Active,0.262,0.408,34,1
2024-11-27 15:31:33,Active,0.285,0.408,34,1
2024-11-27 15:31:33,Active,0.278,0.395,34,1
2024-11-27 15:31:33,Active,0.281,0.395,34,1
2024-11-27 15:31:33,Active,0.273,0.384,34,1
2024-11-27 15:31:33,Active,0.273,0.395,34,1
2024-11-27 15:31:33,Active,0.253,0.127,34,1
2024-11-27 15:31:33,Active,0.265,0.400,34,1
2024-11-27 15:31:33,Active,0.218,0.159,34,1
2024-11-27 15:31:33,Active,0.273,0.414,34,1
2024-11-27 15:31:33,Active,0.252,0.159,34,1
2024-11-27 15:31:33,Active,0.258,0.408,34,1
2024-11-27 15:31:33,Active,0.226,0.147,34,1
2024-11-27 15:31:33,Active,0.287,0.409,34,1
2024-11-27 15:31:33,Active,0.205,0.171,34,1
2024-11-27 15:31:33,Active,0.273,0.415,34,1
2024-11-27 15:31:33,Active,0.216,0.194,34,1
2024-11-27 15:31:33,Active,0.284,0.401,34,1
2024-11-27 15:31:33,Active,0.223,0.213,34,1
2024-11-27 15:31:33,Active,0.302,0.422,34,1
2024-11-27 15:31:33,Active,0.182,0.171,34,1
2024-11-27 15:31:33,Active,0.290,0.407,34,1
2024-11-27 15:31:33,Active,0.214,0.186,34,1
2024-11-27 15:31:33,Active,0.283,0.408,34,1
2024-11-27 15:31:33,Active,0.207,0.147,34,1
2024-11-27 15:31:33,Active,0.301,0.403,34,1
2024-11-27 15:31:33,Active,0.231,0.167,34,1
2024-11-27 15:31:33,Active,0.302,0.429,34,1
2024-11-27 15:31:33,Active,0.260,0.138,34,1
2024-11-27 15:31:33,Active,0.279,0.409,34,1
2024-11-27 15:31:33,Active,0.259,0.087,34,1
2024-11-27 15:31:33,Active,0.280,0.416,34,1
2024-11-27 15:31:33,Active,0.232,0.154,34,1
2024-11-27 15:31:33,Active,0.287,0.436,34,1
2024-11-27 15:31:33,Active,0.248,0.203,34,1
2024-11-27 15:31:33,Active,0.301,0.408,34,1
2024-11-27 15:31:33,Active,0.250,0.146,34,1
2024-11-27 15:31:33,Active,0.294,0.415,34,1
2024-11-27 15:31:33,Active,0.264,0.138,34,1
2024-11-27 15:31:33,Active,0.284,0.409,34,1
2024-11-27 15:31:33,Active,0.231,0.187,34,1
2024-11-27 15:31:33,Active,0.272,0.421,34,1
2024-11-27 15:31:33,Active,0.224,0.167,34,1
2024-11-27 15:31:33,Active,0.280,0.414,34,1
2024-11-27 15:31:33,Active,0.212,0.144,34,1
2024-11-27 15:31:33,Active,0.252,0.420,34,1
2024-11-27 15:31:33,Active,0.218,0.195,34,1
2024-11-27 15:31:33,Active,0.242,0.414,34,1
2024-11-27 15:31:33,Active,0.253,0.173,34,1
2024-11-27 15:31:33,Active,0.193,0.416,34,1
2024-11-27 15:31:33,Active,0.212,0.178,34,1
2024-11-27 15:31:33,SLEEPING !!!,0.115,0.400,34,1
2024-11-27 15:31:33,Active,0.253,0.190,35,1
2024-11-27 15:31:33,Active,0.110,0.393,35,1
2024-11-27 15:31:33,Active,0.231,0.097,35,1
2024-11-27 15:31:34,SLEEPING !!!,0.146,0.407,35,1
2024-11-27 15:31:34,SLEEPING !!!,0.248,0.186,35,1
2024-11-27 15:31:34,SLEEPING !!!,0.192,0.400,35,1
2024-11-27 15:31:34,SLEEPING !!!,0.175,0.218,35,1
2024-11-27 15:31:34,SLEEPING !!!,0.243,0.416,35,1
2024-11-27 15:31:34,SLEEPING !!!,0.214,0.158,35,1
2024-11-27 15:31:34,Active,0.254,0.396,36,1
2024-11-27 15:31:34,Active,0.262,0.118,36,1
2024-11-27 15:31:34,Active,0.279,0.422,36,1
2024-11-27 15:31:34,Active,0.265,0.416,36,1
2024-11-27 15:31:34,Active,0.241,0.283,36,1
2024-11-27 15:31:34,Active,0.293,0.424,36,1
2024-11-27 15:31:34,Active,0.306,0.158,36,1
2024-11-27 15:31:34,Active,0.290,0.412,36,1
2024-11-27 15:31:34,Active,0.217,0.154,36,1
2024-11-27 15:31:34,Active,0.289,0.414,36,1
2024-11-27 15:31:34,Active,0.260,0.133,36,1
2024-11-27 15:31:34,Active,0.314,0.414,36,1
2024-11-27 15:31:34,Active,0.220,0.186,36,1
2024-11-27 15:31:34,Active,0.301,0.390,36,1
2024-11-27 15:31:34,Active,0.312,0.377,36,1
2024-11-27 15:31:34,Active,0.305,0.428,36,1
2024-11-27 15:31:34,Active,0.237,0.239,36,1
2024-11-27 15:31:34,Active,0.307,0.415,36,1
2024-11-27 15:31:34,Active,0.238,0.215,36,1
2024-11-27 15:31:34,Active,0.332,0.382,36,1
2024-11-27 15:31:34,Active,0.330,0.205,36,1
2024-11-27 15:31:34,Active,0.337,0.127,36,1
2024-11-27 15:31:34,Active,0.283,0.295,36,1
2024-11-27 15:31:34,Active,0.261,0.270,36,1
2024-11-27 15:31:34,Active,0.252,0.220,36,1
2024-11-27 15:31:34,Active,0.238,0.235,36,1
2024-11-27 15:31:34,Active,0.243,0.266,36,1
2024-11-27 15:31:34,Active,0.253,0.272,36,1
2024-11-27 15:31:34,Active,0.251,0.293,36,1
2024-11-27 15:31:34,Active,0.238,0.313,36,1
2024-11-27 15:31:34,Active,0.233,0.303,36,1
2024-11-27 15:31:34,SLEEPING !!!,0.233,0.105,36,1
2024-11-27 15:31:34,SLEEPING !!!,0.216,0.291,36,1
2024-11-27 15:31:34,SLEEPING !!!,0.203,0.321,36,1
2024-11-27 15:31:34,SLEEPING !!!,0.217,0.348,36,1
2024-11-27 15:31:34,SLEEPING !!!,0.247,0.359,36,1
2024-11-27 15:31:35,SLEEPING !!!,0.236,0.396,36,1
2024-11-27 15:31:35,SLEEPING !!!,0.242,0.410,36,1
2024-11-27 15:31:35,SLEEPING !!!,0.235,0.398,36,1
2024-11-27 15:31:35,Active,0.305,0.302,37,1
2024-11-27 15:31:35,Active,0.244,0.415,37,1
2024-11-27 15:31:35,Active,0.219,0.328,37,1
2024-11-27 15:31:35,Active,0.254,0.420,37,1
2024-11-27 15:31:35,Active,0.293,0.346,37,1
2024-11-27 15:31:35,Active,0.251,0.408,37,1
2024-11-27 15:31:35,Active,0.248,0.427,37,1
2024-11-27 15:31:35,Active,0.264,0.420,37,1
2024-11-27 15:31:35,Active,0.245,0.426,37,1
2024-11-27 15:31:35,Active,0.272,0.427,37,1
2024-11-27 15:31:35,Active,0.264,0.419,37,1
2024-11-27 15:31:35,Active,0.251,0.419,37,1
2024-11-27 15:31:35,Active,0.261,0.406,37,1
2024-11-27 15:31:35,Active,0.276,0.431,37,1
2024-11-27 15:31:35,Active,0.283,0.432,37,1
2024-11-27 15:31:35,Active,0.330,0.501,37,1
2024-11-27 15:31:35,Active,0.290,0.444,37,1
2024-11-27 15:31:35,Active,0.266,0.431,37,1
2024-11-27 15:31:35,Active,0.296,0.431,37,1
2024-11-27 15:31:35,Active,0.259,0.431,37,1
2024-11-27 15:31:35,Active,0.269,0.445,37,1
2024-11-27 15:31:35,Active,0.262,0.430,37,1
2024-11-27 15:31:35,Active,0.262,0.417,37,1
2024-11-27 15:31:35,Active,0.192,0.298,37,1
2024-11-27 15:31:35,Active,0.280,0.437,37,1
2024-11-27 15:31:35,Active,0.215,0.287,37,1
2024-11-27 15:31:35,Active,0.247,0.430,37,1
2024-11-27 15:31:35,SLEEPING !!!,0.208,0.302,37,1
2024-11-27 15:31:35,Active,0.266,0.423,38,1
2024-11-27 15:31:35,Active,0.180,0.313,38,1
2024-11-27 15:31:35,Active,0.240,0.423,38,1
2024-11-27 15:31:35,SLEEPING !!!,0.239,0.436,38,1
2024-11-27 15:31:35,SLEEPING !!!,0.218,0.443,38,1
2024-11-27 15:31:35,SLEEPING !!!,0.236,0.430,38,1
2024-11-27 15:31:35,SLEEPING !!!,0.233,0.422,38,1
2024-11-27 15:31:36,SLEEPING !!!,0.236,0.436,38,1
2024-11-27 15:31:36,SLEEPING !!!,0.247,0.429,38,1
2024-11-27 15:31:36,SLEEPING !!!,0.235,0.429,38,1
2024-11-27 15:31:36,SLEEPING !!!,0.193,0.428,38,1
2024-11-27 15:31:36,SLEEPING !!!,0.208,0.420,38,1
2024-11-27 15:31:36,SLEEPING !!!,0.236,0.398,38,1
2024-11-27 15:31:36,Active,0.251,0.219,39,1
2024-11-27 15:31:36,Active,0.270,0.079,39,1
2024-11-27 15:31:36,Active,0.232,0.201,39,1
2024-11-27 15:31:36,Active,0.210,0.314,39,1
2024-11-27 15:31:36,SLEEPING !!!,0.209,0.299,39,1
2024-11-27 15:31:36,SLEEPING !!!,0.247,0.227,39,1
2024-11-27 15:31:36,SLEEPING !!!,0.212,0.157,39,1
2024-11-27 15:31:36,SLEEPING !!!,0.211,0.323,39,1
2024-11-27 15:31:36,SLEEPING !!!,0.191,0.394,39,1
2024-11-27 15:31:36,SLEEPING !!!,0.202,0.378,39,1
2024-11-27 15:31:36,SLEEPING !!!,0.200,0.328,39,1
2024-11-27 15:31:36,SLEEPING !!!,0.211,0.096,39,1
2024-11-27 15:31:36,SLEEPING !!!,0.185,0.232,39,1
2024-11-27 15:31:36,SLEEPING !!!,0.226,0.259,39,1
2024-11-27 15:31:36,SLEEPING !!!,0.166,0.144,39,1
2024-11-27 15:31:36,SLEEPING !!!,0.193,0.239,39,1
2024-11-27 15:31:36,SLEEPING !!!,0.154,0.265,39,1
2024-11-27 15:31:36,SLEEPING !!!,0.196,0.158,39,1
2024-11-27 15:31:36,SLEEPING !!!,0.201,0.224,39,1
2024-11-27 15:31:36,SLEEPING !!!,0.172,0.132,39,1
2024-11-27 15:31:36,SLEEPING !!!,0.228,0.184,39,1
2024-11-27 15:31:36,SLEEPING !!!,0.215,0.162,39,1
2024-11-27 15:31:36,SLEEPING !!!,0.216,0.169,39,1
2024-11-27 15:31:37,SLEEPING !!!,0.250,0.172,39,1
2024-11-27 15:31:37,Active,0.254,0.296,40,1
2024-11-27 15:31:37,Active,0.262,0.296,40,1
2024-11-27 15:31:37,Active,0.260,0.318,40,1
2024-11-27 15:31:37,Active,0.259,0.299,40,1
2024-11-27 15:31:37,Active,0.289,0.267,40,1
2024-11-27 15:31:37,Active,0.290,0.331,40,1
2024-11-27 15:31:37,Active,0.302,0.301,40,1
2024-11-27 15:31:37,Active,0.301,0.345,40,1
2024-11-27 15:31:37,Active,0.313,0.251,40,1
2024-11-27 15:31:37,Active,0.297,0.299,40,1
2024-11-27 15:31:37,Active,0.267,0.254,40,1
2024-11-27 15:31:37,Active,0.271,0.272,40,1
2024-11-27 15:31:37,Active,0.287,0.299,40,1
2024-11-27 15:31:37,Active,0.267,0.278,40,1
2024-11-27 15:31:37,Active,0.300,0.283,40,1
2024-11-27 15:31:37,Active,0.287,0.251,40,1
2024-11-27 15:31:37,Active,0.250,0.308,40,1
2024-11-27 15:31:37,Active,0.255,0.311,40,1
2024-11-27 15:31:37,Active,0.247,0.311,40,1
2024-11-27 15:31:37,Active,0.250,0.329,40,1
2024-11-27 15:31:37,SLEEPING !!!,0.246,0.353,40,1
2024-11-27 15:31:37,Active,0.267,0.334,41,1
2024-11-27 15:31:37,Active,0.231,0.318,41,1
2024-11-27 15:31:37,Active,0.215,0.316,41,1
2024-11-27 15:31:37,SLEEPING !!!,0.248,0.323,41,1
2024-11-27 15:31:37,SLEEPING !!!,0.239,0.311,41,1
2024-11-27 15:31:37,SLEEPING !!!,0.242,0.323,41,1
2024-11-27 15:31:37,SLEEPING !!!,0.230,0.333,41,1
2024-11-27 15:31:37,SLEEPING !!!,0.230,0.287,41,1
2024-11-27 15:31:38,SLEEPING !!!,0.231,0.299,41,1
2024-11-27 15:31:38,SLEEPING !!!,0.227,0.321,41,1
2024-11-27 15:31:38,SLEEPING !!!,0.206,0.258,41,1
2024-11-27 15:31:38,Active,0.276,0.109,42,1
2024-11-27 15:31:38,Active,0.281,0.123,42,1
2024-11-27 15:31:38,Active,0.260,0.120,42,1
2024-11-27 15:31:38,Active,0.246,0.336,42,1
2024-11-27 15:31:38,Active,0.251,0.333,42,1
2024-11-27 15:31:38,Active,0.238,0.357,42,1
2024-11-27 15:31:38,Active,0.231,0.361,42,1
2024-11-27 15:31:38,SLEEPING !!!,0.242,0.347,42,1
2024-11-27 15:31:38,SLEEPING !!!,0.226,0.322,42,1
2024-11-27 15:31:38,SLEEPING !!!,0.230,0.333,42,1
2024-11-27 15:31:38,SLEEPING !!!,0.235,0.333,42,1
2024-11-27 15:31:38,SLEEPING !!!,0.243,0.352,42,1
2024-11-27 15:31:38,SLEEPING !!!,0.238,0.344,42,1
2024-11-27 15:31:38,SLEEPING !!!,0.233,0.274,42,1
2024-11-27 15:31:38,SLEEPING !!!,0.221,0.308,42,1
2024-11-27 15:31:38,SLEEPING !!!,0.246,0.310,42,1
2024-11-27 15:31:38,Active,0.273,0.317,43,1
2024-11-27 15:31:38,Active,0.268,0.361,43,1
2024-11-27 15:31:38,Active,0.264,0.317,43,1
2024-11-27 15:31:38,Active,0.269,0.290,43,1
2024-11-27 15:31:38,Active,0.235,0.318,43,1
2024-11-27 15:31:38,Active,0.226,0.302,43,1
2024-11-27 15:31:38,Active,0.251,0.305,43,1
2024-11-27 15:31:38,Active,0.276,0.169,43,1
2024-11-27 15:31:38,Active,0.268,0.233,43,1
2024-11-27 15:31:38,Active,0.269,0.250,43,1
2024-11-27 15:31:38,Active,0.284,0.204,43,1
2024-11-27 15:31:39,Active,0.264,0.182,43,1
2024-11-27 15:31:39,Active,0.255,0.161,43,1
2024-11-27 15:31:39,Active,0.229,0.315,43,1
2024-11-27 15:31:39,Active,0.276,0.237,43,1
2024-11-27 15:31:39,Active,0.281,0.251,43,1
2024-11-27 15:31:39,Active,0.263,0.361,43,1
2024-11-27 15:31:39,Active,0.288,0.345,43,1
2024-11-27 15:31:39,Active,0.288,0.295,43,1
2024-11-27 15:31:39,Active,0.280,0.355,43,1
2024-11-27 15:31:39,Active,0.275,0.367,43,1
2024-11-27 15:31:39,Active,0.293,0.358,43,1
2024-11-27 15:31:39,Active,0.283,0.300,43,1
2024-11-27 15:31:39,Active,0.283,0.323,43,1
2024-11-27 15:31:39,Active,0.272,0.312,43,1
2024-11-27 15:31:39,Active,0.280,0.345,43,1
2024-11-27 15:31:39,Active,0.225,0.325,43,1
2024-11-27 15:31:39,Active,0.222,0.345,43,1
2024-11-27 15:31:39,Active,0.283,0.334,43,1
2024-11-27 15:31:39,Active,0.267,0.323,43,1
2024-11-27 15:31:39,Active,0.204,0.342,43,1
2024-11-27 15:31:39,Active,0.204,0.353,43,1
2024-11-27 15:31:39,SLEEPING !!!,0.230,0.279,43,1
2024-11-27 15:31:39,SLEEPING !!!,0.242,0.271,43,1
2024-11-27 15:31:39,SLEEPING !!!,0.230,0.361,43,1
2024-11-27 15:31:39,Active,0.259,0.279,44,1
2024-11-27 15:31:39,Active,0.226,0.309,44,1
2024-11-27 15:31:39,Active,0.247,0.220,44,1
2024-11-27 15:31:39,SLEEPING !!!,0.246,0.217,44,1
2024-11-27 15:31:39,Active,0.259,0.279,45,1
2024-11-27 15:31:39,Active,0.217,0.322,45,1
2024-11-27 15:31:40,Active,0.248,0.365,45,1
2024-11-27 15:31:40,Active,0.265,0.355,45,1
2024-11-27 15:31:40,Active,0.264,0.387,45,1
2024-11-27 15:31:40,Active,0.254,0.307,45,1
2024-11-27 15:31:40,Active,0.256,0.284,45,1
2024-11-27 15:31:40,Active,0.246,0.250,45,1
2024-11-27 15:31:40,Active,0.242,0.229,45,1
2024-11-27 15:31:40,SLEEPING !!!,0.242,0.241,45,1
2024-11-27 15:31:40,Active,0.251,0.328,46,1
2024-11-27 15:31:40,Active,0.238,0.355,46,1
2024-11-27 15:31:40,Active,0.258,0.355,46,1
2024-11-27 15:31:40,Active,0.247,0.361,46,1
2024-11-27 15:31:40,Active,0.268,0.323,46,1
2024-11-27 15:31:40,Active,0.259,0.317,46,1
2024-11-27 15:31:40,Active,0.264,0.295,46,1
2024-11-27 15:31:40,Active,0.251,0.280,46,1
2024-11-27 15:31:40,Active,0.242,0.272,46,1
2024-11-27 15:31:40,Active,0.230,0.272,46,1
2024-11-27 15:31:40,Active,0.251,0.281,46,1
2024-11-27 15:31:40,Active,0.238,0.224,46,1
2024-11-27 15:31:40,Active,0.233,0.258,46,1
2024-11-27 15:31:40,SLEEPING !!!,0.226,0.237,46,1
2024-11-27 15:31:40,SLEEPING !!!,0.235,0.331,46,1
2024-11-27 15:31:40,SLEEPING !!!,0.197,0.323,46,1
2024-11-27 15:31:40,SLEEPING !!!,0.198,0.336,46,1
2024-11-27 15:31:40,SLEEPING !!!,0.182,0.318,46,1
2024-11-27 15:31:40,SLEEPING !!!,0.208,0.341,46,1
2024-11-27 15:31:40,SLEEPING !!!,0.205,0.326,46,1
2024-11-27 15:31:40,SLEEPING !!!,0.226,0.326,46,1
2024-11-27 15:31:40,SLEEPING !!!,0.211,0.309,46,1
2024-11-27 15:31:41,SLEEPING !!!,0.210,0.336,46,1
2024-11-27 15:31:41,SLEEPING !!!,0.213,0.297,46,1
2024-11-27 15:31:41,SLEEPING !!!,0.219,0.323,46,1
2024-11-27 15:31:41,SLEEPING !!!,0.203,0.346,46,1
2024-11-27 15:31:41,SLEEPING !!!,0.211,0.323,46,1
2024-11-27 15:31:41,SLEEPING !!!,0.226,0.328,46,1
2024-11-27 15:31:41,SLEEPING !!!,0.227,0.328,46,1
2024-11-27 15:31:41,SLEEPING !!!,0.210,0.328,46,1
2024-11-27 15:31:41,SLEEPING !!!,0.199,0.302,46,1
2024-11-27 15:31:41,SLEEPING !!!,0.211,0.275,46,1
2024-11-27 15:31:41,SLEEPING !!!,0.213,0.287,46,1
2024-11-27 15:31:41,SLEEPING !!!,0.216,0.267,46,1
2024-11-27 15:31:41,SLEEPING !!!,0.235,0.284,46,1
2024-11-27 15:31:41,Active,0.251,0.268,47,1
2024-11-27 15:31:41,Active,0.235,0.250,47,1
2024-11-27 15:31:41,Active,0.211,0.226,47,1
2024-11-27 15:31:41,SLEEPING !!!,0.236,0.239,47,1
2024-11-27 15:31:41,SLEEPING !!!,0.211,0.216,47,1
2024-11-27 15:31:41,Active,0.254,0.197,48,1
2024-11-27 15:31:41,Active,0.219,0.206,48,1
2024-11-27 15:31:41,Active,0.224,0.173,48,1
2024-11-27 15:31:41,SLEEPING !!!,0.208,0.212,48,1
2024-11-27 15:31:41,SLEEPING !!!,0.223,0.179,48,1
2024-11-27 15:31:41,SLEEPING !!!,0.211,0.174,48,1
2024-11-27 15:31:41,Active,0.259,0.247,49,1
2024-11-27 15:31:41,Active,0.244,0.238,49,1
2024-11-27 15:31:41,Active,0.223,0.157,49,1
2024-11-27 15:31:41,SLEEPING !!!,0.199,0.191,49,1
2024-11-27 15:31:41,SLEEPING !!!,0.235,0.228,49,1
2024-11-27 15:31:41,SLEEPING !!!,0.219,0.180,49,1
2024-11-27 15:31:41,SLEEPING !!!,0.225,0.225,49,1
2024-11-27 15:31:42,SLEEPING !!!,0.226,0.183,49,1
2024-11-27 15:31:42,SLEEPING !!!,0.235,0.141,49,1
2024-11-27 15:31:42,SLEEPING !!!,0.203,0.197,49,1
2024-11-27 15:31:42,SLEEPING !!!,0.215,0.177,49,1
2024-11-27 15:31:42,SLEEPING !!!,0.196,0.164,49,1
2024-11-27 15:31:42,SLEEPING !!!,0.219,0.170,49,1
2024-11-27 15:31:42,SLEEPING !!!,0.224,0.163,49,1
2024-11-27 15:31:42,SLEEPING !!!,0.216,0.183,49,1
2024-11-27 15:31:42,SLEEPING !!!,0.219,0.111,49,1
2024-11-27 15:31:42,SLEEPING !!!,0.219,0.207,49,1
2024-11-27 15:31:42,SLEEPING !!!,0.217,0.110,49,1
2024-11-27 15:31:42,SLEEPING !!!,0.240,0.185,49,1
2024-11-27 15:31:42,SLEEPING !!!,0.248,0.263,49,1
2024-11-27 15:31:42,SLEEPING !!!,0.219,0.156,49,1
2024-11-27 15:31:42,SLEEPING !!!,0.224,0.254,49,1
2024-11-27 15:31:42,Active,0.259,0.179,50,1
2024-11-27 15:31:42,Active,0.252,0.202,50,1
2024-11-27 15:31:42,Active,0.249,0.246,50,1
2024-11-27 15:31:42,Active,0.244,0.179,50,1
2024-11-27 15:31:42,SLEEPING !!!,0.232,0.215,50,1
2024-11-27 15:31:42,SLEEPING !!!,0.234,0.179,50,1
2024-11-27 15:31:42,SLEEPING !!!,0.224,0.176,50,1
2024-11-27 15:31:42,Active,0.254,0.210,51,1
2024-11-27 15:31:42,Active,0.231,0.155,51,1
2024-11-27 15:31:42,Active,0.248,0.188,51,1
2024-11-27 15:31:42,Active,0.252,0.161,51,1
2024-11-27 15:31:42,Active,0.227,0.159,51,1
2024-11-27 15:31:42,Active,0.220,0.161,51,1
2024-11-27 15:31:42,Active,0.256,0.232,51,1
2024-11-27 15:31:42,Active,0.252,0.233,51,1
2024-11-27 15:31:43,Active,0.232,0.170,51,1
2024-11-27 15:31:43,Active,0.228,0.163,51,1
2024-11-27 15:31:43,SLEEPING !!!,0.231,0.193,51,1
2024-11-27 15:31:43,SLEEPING !!!,0.235,0.202,51,1
2024-11-27 15:31:43,SLEEPING !!!,0.235,0.188,51,1
2024-11-27 15:31:43,SLEEPING !!!,0.248,0.201,51,1
2024-11-27 15:31:43,SLEEPING !!!,0.243,0.158,51,1
2024-11-27 15:31:43,Active,0.251,0.220,52,1
2024-11-27 15:31:43,Active,0.251,0.179,52,1
2024-11-27 15:31:43,Active,0.236,0.246,52,1
2024-11-27 15:31:43,Active,0.244,0.181,52,1
2024-11-27 15:31:43,Active,0.255,0.224,52,1
2024-11-27 15:31:43,Active,0.235,0.185,52,1
2024-11-27 15:31:43,Active,0.234,0.211,52,1
2024-11-27 15:31:43,Active,0.270,0.228,52,1
2024-11-27 15:31:43,Active,0.251,0.259,52,1
2024-11-27 15:31:43,Active,0.252,0.167,52,1
2024-11-27 15:31:43,Active,0.235,0.189,52,1
2024-11-27 15:31:43,Active,0.250,0.179,52,1
2024-11-27 15:31:43,Active,0.239,0.180,52,1
2024-11-27 15:31:43,Active,0.245,0.229,52,1
2024-11-27 15:31:43,SLEEPING !!!,0.248,0.170,52,1
2024-11-27 15:31:43,Active,0.256,0.158,53,1
2024-11-27 15:31:43,Active,0.253,0.263,53,1
2024-11-27 15:31:43,Active,0.244,0.263,53,1
2024-11-27 15:31:43,Active,0.235,0.185,53,1
2024-11-27 15:31:43,SLEEPING !!!,0.248,0.169,53,1
2024-11-27 15:31:43,SLEEPING !!!,0.225,0.159,53,1
2024-11-27 15:31:43,SLEEPING !!!,0.213,0.329,53,1
2024-11-27 15:31:43,SLEEPING !!!,0.214,0.334,53,1
2024-11-27 15:31:44,SLEEPING !!!,0.229,0.339,53,1
2024-11-27 15:31:44,SLEEPING !!!,0.239,0.358,53,1
2024-11-27 15:31:44,SLEEPING !!!,0.222,0.351,53,1
2024-11-27 15:31:44,Active,0.251,0.184,54,1
2024-11-27 15:31:44,Active,0.231,0.187,54,1
2024-11-27 15:31:44,Active,0.233,0.164,54,1
2024-11-27 15:31:44,SLEEPING !!!,0.243,0.136,54,1
2024-11-27 15:31:44,Active,0.256,0.272,55,1
2024-11-27 15:31:44,Active,0.243,0.165,55,1
2024-11-27 15:31:44,Active,0.216,0.185,55,1
2024-11-27 15:31:44,SLEEPING !!!,0.180,0.170,55,1
2024-11-27 15:31:44,SLEEPING !!!,0.197,0.209,55,1
2024-11-27 15:31:44,SLEEPING !!!,0.094,0.132,55,1
2024-11-27 15:31:44,SLEEPING !!!,0.141,0.144,55,1
2024-11-27 15:31:44,SLEEPING !!!,0.125,0.197,55,1
2024-11-27 15:31:44,SLEEPING !!!,0.141,0.195,55,1
2024-11-27 15:31:44,SLEEPING !!!,0.154,0.211,55,1
2024-11-27 15:31:44,SLEEPING !!!,0.149,0.226,55,1
2024-11-27 15:31:44,SLEEPING !!!,0.152,0.217,55,1
2024-11-27 15:31:44,SLEEPING !!!,0.183,0.217,55,1
2024-11-27 15:31:44,SLEEPING !!!,0.152,0.235,55,1
2024-11-27 15:31:44,SLEEPING !!!,0.138,0.160,55,1
2024-11-27 15:31:44,SLEEPING !!!,0.200,0.197,55,1
2024-11-27 15:31:44,SLEEPING !!!,0.145,0.182,55,1
2024-11-27 15:31:44,SLEEPING !!!,0.174,0.199,55,1
2024-11-27 15:31:44,SLEEPING !!!,0.189,0.156,55,1
2024-11-27 15:31:44,SLEEPING !!!,0.198,0.168,55,1
2024-11-27 15:31:44,SLEEPING !!!,0.200,0.136,55,1
2024-11-27 15:31:44,SLEEPING !!!,0.209,0.187,55,1
2024-11-27 15:31:44,SLEEPING !!!,0.212,0.157,55,1
2024-11-27 15:31:45,SLEEPING !!!,0.216,0.225,55,1
2024-11-27 15:31:45,SLEEPING !!!,0.212,0.183,55,1
2024-11-27 15:31:45,SLEEPING !!!,0.219,0.208,55,1
2024-11-27 15:31:45,SLEEPING !!!,0.239,0.226,55,1
2024-11-27 15:31:45,SLEEPING !!!,0.231,0.212,55,1
2024-11-27 15:31:45,SLEEPING !!!,0.217,0.170,55,1
2024-11-27 15:31:45,SLEEPING !!!,0.220,0.185,55,1
2024-11-27 15:31:45,SLEEPING !!!,0.236,0.228,55,1
2024-11-27 15:31:45,SLEEPING !!!,0.235,0.216,55,1
2024-11-27 15:31:45,SLEEPING !!!,0.212,0.145,55,1
2024-11-27 15:31:45,SLEEPING !!!,0.208,0.200,55,1
2024-11-27 15:31:45,SLEEPING !!!,0.239,0.208,55,1
2024-11-27 15:31:45,SLEEPING !!!,0.235,0.180,55,1
2024-11-27 15:31:45,Active,0.280,0.199,56,1
2024-11-27 15:31:45,Active,0.319,0.156,56,1
2024-11-27 15:31:45,Active,0.331,0.138,56,1
2024-11-27 15:31:45,Active,0.335,0.152,56,1
2024-11-27 15:31:45,Active,0.323,0.170,56,1
2024-11-27 15:31:45,Active,0.335,0.216,56,1
2024-11-27 15:31:45,Active,0.334,0.164,56,1
2024-11-27 15:31:45,Active,0.341,0.259,56,1
2024-11-27 15:31:45,Active,0.312,0.263,56,1
2024-11-27 15:31:46,Active,0.303,0.275,56,1
2024-11-27 15:31:46,Active,0.282,0.272,56,1
2024-11-27 15:31:46,Active,0.332,0.078,56,1
2024-11-27 15:31:46,Active,0.300,0.272,56,1
2024-11-27 15:31:46,Active,0.282,0.285,56,1
2024-11-27 15:31:46,Active,0.289,0.299,56,1
2024-11-27 15:31:46,Active,0.296,0.334,56,1
2024-11-27 15:31:46,Active,0.309,0.347,56,1
2024-11-27 15:31:46,Active,0.276,0.329,56,1
2024-11-27 15:31:46,Active,0.284,0.292,56,1
2024-11-27 15:31:46,Active,0.282,0.273,56,1
2024-11-27 15:31:46,Active,0.274,0.344,56,1
2024-11-27 15:31:46,Active,0.246,0.346,56,1
2024-11-27 15:31:46,Active,0.295,0.299,56,1
2024-11-27 15:31:46,Active,0.310,0.384,56,1
2024-11-27 15:31:46,Active,0.299,0.159,56,1
2024-11-27 15:31:46,Active,0.266,0.309,56,1
2024-11-27 15:31:46,Active,0.259,0.331,56,1
2024-11-27 15:31:46,Active,0.288,0.349,56,1
2024-11-27 15:31:46,Active,0.263,0.316,56,1
2024-11-27 15:31:46,Active,0.273,0.271,56,1
2024-11-27 15:31:46,Active,0.299,0.343,56,1
2024-11-27 15:31:46,Active,0.293,0.425,56,1
2024-11-27 15:31:46,Active,0.305,0.387,56,1
2024-11-27 15:31:46,Active,0.293,0.418,56,1
2024-11-27 15:31:46,Active,0.288,0.396,56,1
2024-11-27 15:31:46,Active,0.304,0.427,56,1
2024-11-27 15:31:46,Active,0.301,0.410,56,1
2024-11-27 15:31:47,Active,0.301,0.434,56,1
2024-11-27 15:31:47,Active,0.291,0.405,56,1
2024-11-27 15:31:47,Active,0.280,0.418,56,1
2024-11-27 15:31:47,Active,0.306,0.410,56,1
2024-11-27 15:31:47,Active,0.291,0.427,56,1
2024-11-27 15:31:47,Active,0.304,0.428,56,1
2024-11-27 15:31:47,Active,0.305,0.411,56,1
2024-11-27 15:31:47,Active,0.283,0.427,56,1
2024-11-27 15:31:47,Active,0.337,0.424,56,1
2024-11-27 15:31:47,Active,0.307,0.436,56,1
2024-11-27 15:31:47,Active,0.295,0.413,56,1
2024-11-27 15:31:47,Active,0.307,0.411,56,1
2024-11-27 15:31:47,Active,0.300,0.419,56,1
2024-11-27 15:31:47,Active,0.315,0.410,56,1
2024-11-27 15:31:47,Active,0.291,0.420,56,1
2024-11-27 15:31:47,Active,0.296,0.426,56,1
2024-11-27 15:31:47,Active,0.304,0.435,56,1
2024-11-27 15:31:47,Active,0.276,0.420,56,1
2024-11-27 15:31:47,Active,0.179,0.426,56,1
2024-11-27 15:31:47,Active,0.167,0.433,56,1
2024-11-27 15:31:47,SLEEPING !!!,0.165,0.426,56,1
2024-11-27 15:31:47,SLEEPING !!!,0.163,0.426,56,1
2024-11-27 15:31:47,SLEEPING !!!,0.129,0.426,56,1
2024-11-27 15:31:47,SLEEPING !!!,0.157,0.417,56,1
2024-11-27 15:31:47,SLEEPING !!!,0.198,0.417,56,1
2024-11-27 15:31:47,SLEEPING !!!,0.221,0.424,56,1
2024-11-27 15:31:47,Active,0.258,0.425,57,1
2024-11-27 15:31:47,Active,0.268,0.440,57,1
2024-11-27 15:31:47,Active,0.293,0.432,57,1
2024-11-27 15:31:47,Active,0.289,0.431,57,1
2024-11-27 15:31:47,Active,0.284,0.440,57,1
2024-11-27 15:31:47,Active,0.323,0.440,57,1
2024-11-27 15:31:48,Active,0.308,0.439,57,1
2024-11-27 15:31:48,Active,0.303,0.447,57,1
2024-11-27 15:31:48,Active,0.321,0.439,57,1
2024-11-27 15:31:48,Active,0.289,0.431,57,1
2024-11-27 15:31:48,Active,0.285,0.430,57,1
2024-11-27 15:31:48,Active,0.295,0.423,57,1
2024-11-27 15:31:48,Active,0.292,0.457,57,1
2024-11-27 15:31:48,Active,0.318,0.440,57,1
2024-11-27 15:31:48,Active,0.303,0.417,57,1
2024-11-27 15:31:48,Active,0.307,0.447,57,1
2024-11-27 15:31:48,Active,0.290,0.439,57,1
2024-11-27 15:31:48,Active,0.309,0.448,57,1
2024-11-27 15:31:48,Active,0.289,0.447,57,1
2024-11-27 15:31:48,Active,0.291,0.439,57,1
2024-11-27 15:31:48,Active,0.304,0.441,57,1
2024-11-27 15:31:48,Active,0.318,0.447,57,1
2024-11-27 15:31:48,Active,0.307,0.448,57,1
2024-11-27 15:31:48,Active,0.297,0.439,57,1
2024-11-27 15:31:48,Active,0.310,0.440,57,1
2024-11-27 15:31:48,Active,0.304,0.431,57,1
2024-11-27 15:31:48,Active,0.318,0.415,57,1
2024-11-27 15:31:48,Active,0.314,0.440,57,1
2024-11-27 15:31:48,Active,0.318,0.440,57,1
2024-11-27 15:31:48,Active,0.323,0.449,57,1
2024-11-27 15:31:48,Active,0.291,0.449,57,1
2024-11-27 15:31:48,Active,0.318,0.449,57,1
2024-11-27 15:31:48,Active,0.317,0.449,57,1
2024-11-27 15:31:48,Active,0.329,0.449,57,1
2024-11-27 15:31:48,Active,0.291,0.441,57,1
2024-11-27 15:31:48,Active,0.293,0.457,57,1
2024-11-27 15:31:49,Active,0.169,0.458,57,1
2024-11-27 15:31:49,Active,0.123,0.500,57,1
2024-11-27 15:31:49,SLEEPING !!!,0.161,0.517,57,1
2024-11-27 15:31:49,SLEEPING !!!,0.140,0.509,57,1
2024-11-27 15:31:49,SLEEPING !!!,0.183,0.500,57,1
2024-11-27 15:31:49,SLEEPING !!!,0.194,0.526,57,1
2024-11-27 15:31:49,SLEEPING !!!,0.223,0.518,57,1
2024-11-27 15:31:49,SLEEPING !!!,0.228,0.517,57,1
2024-11-27 15:31:49,SLEEPING !!!,0.218,0.492,57,1
2024-11-27 15:31:49,SLEEPING !!!,0.236,0.554,57,1
2024-11-27 15:31:49,SLEEPING !!!,0.222,0.457,57,1
2024-11-27 15:31:49,SLEEPING !!!,0.240,0.473,57,1
2024-11-27 15:31:49,SLEEPING !!!,0.241,0.423,57,1
2024-11-27 15:31:49,SLEEPING !!!,0.212,0.433,57,1
2024-11-27 15:31:49,SLEEPING !!!,0.234,0.535,57,1
2024-11-27 15:31:49,SLEEPING !!!,0.227,0.340,57,1
2024-11-27 15:31:49,SLEEPING !!!,0.232,0.465,57,1
2024-11-27 15:31:49,Active,0.266,0.499,58,1
2024-11-27 15:31:49,Active,0.233,0.533,58,1
2024-11-27 15:31:49,Active,0.232,0.461,58,1
2024-11-27 15:31:49,SLEEPING !!!,0.220,0.483,58,1
2024-11-27 15:31:49,SLEEPING !!!,0.226,0.389,58,1
2024-11-27 15:31:49,SLEEPING !!!,0.233,0.499,58,1
2024-11-27 15:31:49,SLEEPING !!!,0.247,0.492,58,1
2024-11-27 15:31:49,Active,0.265,0.396,59,1
2024-11-27 15:31:49,Active,0.234,0.483,59,1
2024-11-27 15:31:49,Active,0.295,0.425,59,1
2024-11-27 15:31:49,Active,0.228,0.500,59,1
2024-11-27 15:31:49,Active,0.249,0.474,59,1
2024-11-27 15:31:49,SLEEPING !!!,0.210,0.449,59,1
2024-11-27 15:31:49,SLEEPING !!!,0.206,0.433,59,1
2024-11-27 15:31:49,SLEEPING !!!,0.243,0.509,59,1
2024-11-27 15:31:49,SLEEPING !!!,0.227,0.492,59,1
2024-11-27 15:31:49,SLEEPING !!!,0.246,0.476,59,1
2024-11-27 15:31:49,SLEEPING !!!,0.233,0.509,59,1
2024-11-27 15:31:49,Active,0.274,0.422,60,1
2024-11-27 15:31:49,Active,0.237,0.467,60,1
2024-11-27 15:31:50,Active,0.255,0.441,60,1
2024-11-27 15:31:50,Active,0.233,0.424,60,1
2024-11-27 15:31:50,Active,0.273,0.348,60,1
2024-11-27 15:31:50,Active,0.230,0.417,60,1
2024-11-27 15:31:50,Active,0.271,0.361,60,1
2024-11-27 15:31:50,Active,0.255,0.408,60,1
2024-11-27 15:31:50,Active,0.259,0.397,60,1
2024-11-27 15:31:50,Active,0.237,0.417,60,1
2024-11-27 15:31:50,Active,0.253,0.374,60,1
2024-11-27 15:31:50,Active,0.237,0.432,60,1
2024-11-27 15:31:50,Active,0.297,0.320,60,1
2024-11-27 15:31:50,Active,0.224,0.433,60,1
2024-11-27 15:31:50,Active,0.297,0.376,60,1
2024-11-27 15:31:50,Active,0.220,0.459,60,1
2024-11-27 15:31:50,Active,0.283,0.349,60,1
2024-11-27 15:31:50,Active,0.237,0.509,60,1
2024-11-27 15:31:50,Active,0.266,0.361,60,1
2024-11-27 15:31:50,Active,0.246,0.517,60,1
2024-11-27 15:31:50,Active,0.318,0.348,60,1
2024-11-27 15:31:50,Active,0.231,0.526,60,1
2024-11-27 15:31:50,Active,0.293,0.378,60,1
2024-11-27 15:31:50,Active,0.251,0.559,60,1
2024-11-27 15:31:50,Active,0.318,0.371,60,1
2024-11-27 15:31:50,Active,0.252,0.550,60,1
2024-11-27 15:31:50,Active,0.305,0.360,60,1
2024-11-27 15:31:50,Active,0.241,0.526,60,1
2024-11-27 15:31:50,Active,0.317,0.374,60,1
2024-11-27 15:31:50,Active,0.251,0.476,60,1
2024-11-27 15:31:50,Active,0.307,0.407,60,1
2024-11-27 15:31:50,Active,0.246,0.500,60,1
2024-11-27 15:31:50,Active,0.323,0.332,60,1
2024-11-27 15:31:50,Active,0.264,0.508,60,1
2024-11-27 15:31:50,Active,0.300,0.318,60,1
2024-11-27 15:31:50,Active,0.269,0.492,60,1
2024-11-27 15:31:50,Active,0.260,0.392,60,1
2024-11-27 15:31:50,Active,0.260,0.492,60,1
2024-11-27 15:31:50,Active,0.279,0.459,60,1
2024-11-27 15:31:50,Active,0.260,0.508,60,1
2024-11-27 15:31:50,Active,0.279,0.416,60,1
2024-11-27 15:31:50,Active,0.251,0.475,60,1
2024-11-27 15:31:50,Active,0.284,0.461,60,1
2024-11-27 15:31:50,Active,0.258,0.500,60,1
2024-11-27 15:31:50,Active,0.336,0.369,60,1
2024-11-27 15:31:50,Active,0.233,0.458,60,1
2024-11-27 15:31:50,Active,0.312,0.359,60,1
2024-11-27 15:31:50,Active,0.273,0.458,60,1
2024-11-27 15:31:50,Active,0.303,0.414,60,1
2024-11-27 15:31:50,Active,0.260,0.525,60,1
2024-11-27 15:31:50,Active,0.300,0.376,60,1
2024-11-27 15:31:50,Active,0.269,0.449,60,1
2024-11-27 15:31:50,Active,0.273,0.374,60,1
2024-11-27 15:31:50,Active,0.242,0.459,60,1
2024-11-27 15:31:50,Active,0.290,0.355,60,1
2024-11-27 15:31:50,Active,0.255,0.484,60,1
2024-11-27 15:31:50,Active,0.356,0.379,60,1
2024-11-27 15:31:51,Active,0.233,0.451,60,1
2024-11-27 15:31:51,Active,0.305,0.349,60,1
2024-11-27 15:31:51,Active,0.237,0.440,60,1
2024-11-27 15:31:51,Active,0.325,0.400,60,1
2024-11-27 15:31:51,Active,0.245,0.456,60,1
2024-11-27 15:31:51,Active,0.284,0.347,60,1
2024-11-27 15:31:51,Active,0.241,0.457,60,1
2024-11-27 15:31:51,Active,0.291,0.406,60,1
2024-11-27 15:31:51,Active,0.339,0.371,60,1
2024-11-27 15:31:51,Active,0.251,0.466,60,1
2024-11-27 15:31:51,Active,0.282,0.333,60,1
2024-11-27 15:31:51,Active,0.264,0.435,60,1
2024-11-27 15:31:51,Active,0.310,0.436,60,1
2024-11-27 15:31:51,Active,0.281,0.274,60,1
2024-11-27 15:31:51,Active,0.251,0.427,60,1
2024-11-27 15:31:51,Active,0.339,0.147,60,1
2024-11-27 15:31:51,Active,0.294,0.506,60,1
2024-11-27 15:31:51,Active,0.260,0.475,60,1
2024-11-27 15:31:51,Active,0.313,0.204,60,1
2024-11-27 15:31:51,Active,0.276,0.526,60,1
2024-11-27 15:31:51,Active,0.256,0.451,60,1
2024-11-27 15:31:51,Active,0.316,0.203,60,1
2024-11-27 15:31:51,Active,0.243,0.492,60,1
2024-11-27 15:31:51,Active,0.295,0.266,60,1
2024-11-27 15:31:51,Active,0.291,0.376,60,1
2024-11-27 15:31:51,Active,0.252,0.484,60,1
2024-11-27 15:31:51,Active,0.248,0.286,60,1
2024-11-27 15:31:51,Active,0.260,0.492,60,1
2024-11-27 15:31:51,Active,0.246,0.301,60,1
2024-11-27 15:31:51,Active,0.312,0.356,60,1
2024-11-27 15:31:51,Active,0.261,0.451,60,1
2024-11-27 15:31:51,Active,0.252,0.298,60,1
2024-11-27 15:31:51,Active,0.290,0.523,60,1
2024-11-27 15:31:51,Active,0.250,0.476,60,1
2024-11-27 15:31:51,Active,0.243,0.313,60,1
2024-11-27 15:31:51,Active,0.266,0.461,60,1
2024-11-27 15:31:51,Active,0.259,0.460,60,1
2024-11-27 15:31:51,Active,0.279,0.313,60,1
2024-11-27 15:31:51,Active,0.326,0.522,60,1
2024-11-27 15:31:51,Active,0.287,0.324,60,1
2024-11-27 15:31:51,Active,0.251,0.484,60,1
2024-11-27 15:31:51,Active,0.256,0.323,60,1
2024-11-27 15:31:51,Active,0.270,0.503,60,1
2024-11-27 15:31:51,Active,0.288,0.301,60,1
2024-11-27 15:31:51,Active,0.268,0.460,60,1
2024-11-27 15:31:51,Active,0.242,0.358,60,1
2024-11-27 15:31:51,Active,0.312,0.481,60,1
2024-11-27 15:31:51,Active,0.258,0.312,60,1
2024-11-27 15:31:51,Active,0.268,0.460,60,1
2024-11-27 15:31:51,Active,0.243,0.407,60,1
2024-11-27 15:31:51,Active,0.286,0.524,60,1
2024-11-27 15:31:51,Active,0.272,0.475,60,1
2024-11-27 15:31:51,Active,0.242,0.410,60,1
2024-11-27 15:31:51,Active,0.255,0.520,60,1
2024-11-27 15:31:51,Active,0.281,0.323,60,1
2024-11-27 15:31:51,Active,0.276,0.468,60,1
2024-11-27 15:31:51,Active,0.233,0.401,60,1
2024-11-27 15:31:51,Active,0.317,0.544,60,1
2024-11-27 15:31:51,Active,0.276,0.468,60,1
2024-11-27 15:31:51,Active,0.246,0.363,60,1
2024-11-27 15:31:51,Active,0.290,0.353,60,1
2024-11-27 15:31:51,Active,0.284,0.541,60,1
2024-11-27 15:31:51,Active,0.276,0.476,60,1
2024-11-27 15:31:51,Active,0.232,0.431,60,1
2024-11-27 15:31:51,Active,0.252,0.546,60,1
2024-11-27 15:31:51,Active,0.273,0.334,60,1
2024-11-27 15:31:51,Active,0.281,0.476,60,1
2024-11-27 15:31:51,Active,0.198,0.368,60,1
2024-11-27 15:31:51,Active,0.290,0.387,60,1
2024-11-27 15:31:51,Active,0.335,0.546,60,1
2024-11-27 15:31:51,Active,0.273,0.476,60,1
2024-11-27 15:31:51,Active,0.206,0.361,60,1
2024-11-27 15:31:51,Active,0.307,0.387,60,1
2024-11-27 15:31:51,Active,0.332,0.541,60,1
2024-11-27 15:31:51,Active,0.305,0.484,60,1
2024-11-27 15:31:51,Active,0.308,0.371,60,1
2024-11-27 15:31:51,Active,0.318,0.560,60,1
2024-11-27 15:31:51,Active,0.206,0.362,60,1
2024-11-27 15:31:51,Active,0.267,0.468,60,1
2024-11-27 15:31:51,Active,0.223,0.333,60,1
2024-11-27 15:31:51,Active,0.312,0.518,60,1
2024-11-27 15:31:51,Active,0.183,0.476,60,1
2024-11-27 15:31:51,Active,0.240,0.538,60,1
2024-11-27 15:31:51,Active,0.288,0.483,60,1
2024-11-27 15:31:51,Active,0.143,0.476,60,1
2024-11-27 15:31:51,Active,0.270,0.519,60,1
2024-11-27 15:31:51,Active,0.239,0.277,60,1
2024-11-27 15:31:52,Active,0.270,0.519,60,1
2024-11-27 15:31:52,Active,0.119,0.468,60,1
2024-11-27 15:31:52,Active,0.233,0.559,60,1
2024-11-27 15:31:52,Active,0.288,0.482,60,1
2024-11-27 15:31:52,Active,0.109,0.475,60,1
2024-11-27 15:31:52,Active,0.286,0.482,60,1
2024-11-27 15:31:52,Active,0.237,0.538,60,1
2024-11-27 15:31:52,Active,0.119,0.467,60,1
2024-11-27 15:31:52,SLEEPING !!!,0.249,0.520,60,1
2024-11-27 15:31:52,Active,0.288,0.482,61,1
2024-11-27 15:31:52,Active,0.126,0.459,61,1
2024-11-27 15:31:52,Active,0.214,0.480,61,1
2024-11-27 15:31:52,Active,0.286,0.518,61,1
2024-11-27 15:31:52,Active,0.098,0.444,61,1
2024-11-27 15:31:52,Active,0.263,0.501,61,1
2024-11-27 15:31:52,Active,0.296,0.519,61,1
2024-11-27 15:31:52,Active,0.109,0.442,61,1
2024-11-27 15:31:52,Active,0.251,0.518,61,1
2024-11-27 15:31:52,Active,0.127,0.428,61,1
2024-11-27 15:31:52,Active,0.224,0.500,61,1
2024-11-27 15:31:52,Active,0.331,0.501,61,1
2024-11-27 15:31:52,Active,0.108,0.452,61,1
2024-11-27 15:31:52,Active,0.277,0.440,61,1
2024-11-27 15:31:52,Active,0.312,0.449,61,1
2024-11-27 15:31:52,Active,0.107,0.419,61,1
2024-11-27 15:31:52,Active,0.283,0.441,61,1
2024-11-27 15:31:52,Active,0.324,0.482,61,1
2024-11-27 15:31:52,Active,0.278,0.247,61,1
2024-11-27 15:31:52,Active,0.105,0.443,61,1
2024-11-27 15:31:52,Active,0.284,0.478,61,1
2024-11-27 15:31:52,Active,0.323,0.465,61,1
2024-11-27 15:31:52,Active,0.112,0.460,61,1
2024-11-27 15:31:52,Active,0.291,0.518,61,1
2024-11-27 15:31:52,Active,0.296,0.465,61,1
2024-11-27 15:31:52,Active,0.320,0.267,61,1
2024-11-27 15:31:52,Active,0.143,0.459,61,1
2024-11-27 15:31:52,Active,0.306,0.540,61,1
2024-11-27 15:31:52,Active,0.288,0.447,61,1
2024-11-27 15:31:52,Active,0.313,0.281,61,1
2024-11-27 15:31:52,Active,0.196,0.452,61,1
2024-11-27 15:31:52,Active,0.240,0.558,61,1
2024-11-27 15:31:52,Active,0.283,0.465,61,1
2024-11-27 15:31:52,Active,0.262,0.424,61,1
2024-11-27 15:31:52,Active,0.215,0.445,61,1
2024-11-27 15:31:52,Active,0.270,0.557,61,1
2024-11-27 15:31:52,Active,0.277,0.329,61,1
2024-11-27 15:31:52,Active,0.334,0.482,61,1
2024-11-27 15:31:52,Active,0.214,0.484,61,1
2024-11-27 15:31:52,Active,0.264,0.558,61,1
2024-11-27 15:31:52,Active,0.296,0.445,61,1
2024-11-27 15:31:52,Active,0.286,0.321,61,1
2024-11-27 15:31:52,Active,0.234,0.468,61,1
2024-11-27 15:31:52,Active,0.316,0.537,61,1
2024-11-27 15:31:52,Active,0.280,0.445,61,1
2024-11-27 15:31:52,Active,0.267,0.391,61,1
2024-11-27 15:31:52,Active,0.237,0.445,61,1
2024-11-27 15:31:52,Active,0.261,0.601,61,1
2024-11-27 15:31:52,Active,0.264,0.471,61,1
2024-11-27 15:31:52,Active,0.266,0.466,61,1
2024-11-27 15:31:52,Active,0.216,0.452,61,1
2024-11-27 15:31:52,Active,0.306,0.538,61,1
2024-11-27 15:31:52,Active,0.361,0.483,61,1
2024-11-27 15:31:52,Active,0.245,0.453,61,1
2024-11-27 15:31:52,Active,0.224,0.444,61,1
2024-11-27 15:31:52,Active,0.283,0.580,61,1
2024-11-27 15:31:52,Active,0.339,0.482,61,1
2024-11-27 15:31:52,Active,0.231,0.486,61,1
2024-11-27 15:31:52,Active,0.272,0.427,61,1
2024-11-27 15:31:52,Active,0.261,0.486,61,1
2024-11-27 15:31:52,Active,0.328,0.538,61,1
2024-11-27 15:31:52,Active,0.308,0.501,61,1
2024-11-27 15:31:52,Active,0.242,0.427,61,1
2024-11-27 15:31:52,Active,0.296,0.537,61,1
2024-11-27 15:31:52,Active,0.325,0.483,61,1
2024-11-27 15:31:52,Active,0.222,0.485,61,1
2024-11-27 15:31:52,Active,0.242,0.444,61,1
2024-11-27 15:31:52,SLEEPING !!!,0.219,0.500,61,1
2024-11-27 15:31:52,Active,0.307,0.520,62,1
2024-11-27 15:31:52,Active,0.307,0.445,62,1
2024-11-27 15:31:52,Active,0.259,0.451,62,1
2024-11-27 15:31:52,Active,0.244,0.528,62,1
2024-11-27 15:31:52,Active,0.249,0.538,62,1
2024-11-27 15:31:52,Active,0.316,0.430,62,1
2024-11-27 15:31:52,Active,0.255,0.468,62,1
2024-11-27 15:31:52,Active,0.210,0.405,62,1
2024-11-27 15:31:52,Active,0.323,0.519,62,1
2024-11-27 15:31:52,Active,0.310,0.446,62,1
2024-11-27 15:31:52,Active,0.250,0.460,62,1
2024-11-27 15:31:52,Active,0.234,0.461,62,1
2024-11-27 15:31:52,Active,0.280,0.518,62,1
2024-11-27 15:31:52,Active,0.305,0.483,62,1
2024-11-27 15:31:52,Active,0.242,0.476,62,1
2024-11-27 15:31:52,Active,0.253,0.561,62,1
2024-11-27 15:31:52,Active,0.274,0.386,62,1
2024-11-27 15:31:52,Active,0.292,0.430,62,1
2024-11-27 15:31:52,Active,0.246,0.475,62,1
2024-11-27 15:31:52,Active,0.286,0.540,62,1
2024-11-27 15:31:52,Active,0.314,0.446,62,1
2024-11-27 15:31:52,Active,0.216,0.497,62,1
2024-11-27 15:31:52,Active,0.255,0.468,62,1
2024-11-27 15:31:52,Active,0.298,0.521,62,1
2024-11-27 15:31:52,Active,0.257,0.463,62,1
2024-11-27 15:31:52,Active,0.307,0.462,62,1
2024-11-27 15:31:52,Active,0.267,0.475,62,1
2024-11-27 15:31:52,Active,0.267,0.340,62,1
2024-11-27 15:31:52,Active,0.308,0.446,62,1
2024-11-27 15:31:52,Active,0.264,0.520,62,1
2024-11-27 15:31:53,Active,0.255,0.460,62,1
2024-11-27 15:31:53,Active,0.369,0.541,62,1
2024-11-27 15:31:53,Active,0.299,0.463,62,1
2024-11-27 15:31:53,Active,0.264,0.275,62,1
2024-11-27 15:31:53,Active,0.263,0.519,62,1
2024-11-27 15:31:53,Active,0.259,0.475,62,1
2024-11-27 15:31:53,Active,0.296,0.462,62,1
2024-11-27 15:31:53,Active,0.255,0.520,62,1
2024-11-27 15:31:53,Active,0.268,0.449,62,1
2024-11-27 15:31:53,Active,0.268,0.444,62,1
2024-11-27 15:31:53,Active,0.297,0.410,62,1
2024-11-27 15:31:53,Active,0.256,0.500,62,1
2024-11-27 15:31:53,Active,0.250,0.450,62,1
2024-11-27 15:31:53,Active,0.287,0.336,62,1
2024-11-27 15:31:53,Active,0.258,0.408,62,1
2024-11-27 15:31:53,Active,0.287,0.542,62,1
2024-11-27 15:31:53,Active,0.246,0.451,62,1
2024-11-27 15:31:53,Active,0.306,0.444,62,1
2024-11-27 15:31:53,Active,0.285,0.373,62,1
2024-11-27 15:31:53,Active,0.284,0.480,62,1
2024-11-27 15:31:53,Active,0.255,0.534,62,1
2024-11-27 15:31:53,Active,0.278,0.408,62,1
2024-11-27 15:31:53,Active,0.258,0.500,62,1
2024-11-27 15:31:53,Active,0.252,0.549,62,1
2024-11-27 15:31:53,Active,0.253,0.405,62,1
2024-11-27 15:31:53,Active,0.280,0.521,62,1
2024-11-27 15:31:53,Active,0.242,0.500,62,1
2024-11-27 15:31:53,Active,0.251,0.500,62,1
2024-11-27 15:31:53,Active,0.201,0.493,62,1
2024-11-27 15:31:53,Active,0.321,0.426,62,1
2024-11-27 15:31:53,Active,0.348,0.500,62,1
2024-11-27 15:31:53,Active,0.165,0.508,62,1
2024-11-27 15:31:53,Active,0.334,0.545,62,1
2024-11-27 15:31:53,Active,0.127,0.493,62,1
2024-11-27 15:31:53,Active,0.337,0.500,62,1
2024-11-27 15:31:53,Active,0.128,0.486,62,1
2024-11-27 15:31:53,Active,0.268,0.425,62,1
2024-11-27 15:31:53,Active,0.277,0.544,62,1
2024-11-27 15:31:53,Active,0.137,0.462,62,1
2024-11-27 15:31:53,Active,0.285,0.461,62,1
2024-11-27 15:31:53,Active,0.299,0.544,62,1
2024-11-27 15:31:53,Active,0.135,0.470,62,1
2024-11-27 15:31:53,Active,0.300,0.482,62,1
2024-11-27 15:31:53,Active,0.280,0.501,62,1
2024-11-27 15:31:53,Active,0.164,0.486,62,1
2024-11-27 15:31:53,Active,0.275,0.423,62,1
2024-11-27 15:31:53,Active,0.267,0.425,62,1
2024-11-27 15:31:53,Active,0.272,0.524,62,1
2024-11-27 15:31:53,Active,0.178,0.508,62,1
2024-11-27 15:31:53,Active,0.258,0.502,62,1
2024-11-27 15:31:53,Active,0.199,0.461,62,1
2024-11-27 15:31:53,Active,0.276,0.444,62,1
2024-11-27 15:31:53,Active,0.215,0.469,62,1
2024-11-27 15:31:53,Active,0.303,0.505,62,1
2024-11-27 15:31:53,Active,0.264,0.404,62,1
2024-11-27 15:31:53,Active,0.321,0.504,62,1
2024-11-27 15:31:53,Active,0.210,0.492,62,1
2024-11-27 15:31:53,Active,0.289,0.462,62,1
2024-11-27 15:31:53,Active,0.269,0.429,62,1
2024-11-27 15:31:53,Active,0.304,0.481,62,1
2024-11-27 15:31:53,Active,0.218,0.459,62,1
2024-11-27 15:31:53,Active,0.314,0.444,62,1
2024-11-27 15:31:53,Active,0.272,0.419,62,1
2024-11-27 15:31:53,Active,0.310,0.505,62,1
2024-11-27 15:31:53,Active,0.212,0.452,62,1
2024-11-27 15:31:53,Active,0.309,0.501,62,1
2024-11-27 15:31:53,Active,0.247,0.425,62,1
2024-11-27 15:31:53,Active,0.297,0.529,62,1
2024-11-27 15:31:53,Active,0.243,0.460,62,1
2024-11-27 15:31:53,Active,0.325,0.461,62,1
2024-11-27 15:31:53,Active,0.242,0.426,62,1
2024-11-27 15:31:53,Active,0.236,0.461,62,1
2024-11-27 15:31:53,SLEEPING !!!,0.221,0.460,62,1
2024-11-27 15:31:53,Active,0.287,0.401,63,1
2024-11-27 15:31:53,Active,0.299,0.482,63,1
2024-11-27 15:31:53,Active,0.295,0.500,63,1
2024-11-27 15:31:53,Active,0.234,0.469,63,1
2024-11-27 15:31:53,Active,0.292,0.463,63,1
2024-11-27 15:31:53,Active,0.270,0.439,63,1
2024-11-27 15:31:53,Active,0.297,0.505,63,1
2024-11-27 15:31:53,Active,0.234,0.476,63,1
2024-11-27 15:31:53,Active,0.273,0.462,63,1
2024-11-27 15:31:53,Active,0.285,0.405,63,1
2024-11-27 15:31:53,Active,0.310,0.505,63,1
2024-11-27 15:31:53,Active,0.242,0.468,63,1
2024-11-27 15:31:53,Active,0.297,0.438,63,1
2024-11-27 15:31:53,Active,0.287,0.426,63,1
2024-11-27 15:31:53,Active,0.272,0.503,63,1
2024-11-27 15:31:53,Active,0.234,0.469,63,1
2024-11-27 15:31:53,Active,0.268,0.465,63,1
2024-11-27 15:31:53,Active,0.238,0.460,63,1
2024-11-27 15:31:53,Active,0.242,0.503,63,1
2024-11-27 15:31:53,SLEEPING !!!,0.233,0.444,63,1
2024-11-27 15:31:53,SLEEPING !!!,0.246,0.404,63,1
2024-11-27 15:31:53,Active,0.267,0.506,64,1
2024-11-27 15:31:53,Active,0.249,0.478,64,1
2024-11-27 15:31:53,Active,0.260,0.484,64,1
2024-11-27 15:31:53,Active,0.254,0.402,64,1
2024-11-27 15:31:53,Active,0.220,0.482,64,1
2024-11-27 15:31:54,Active,0.242,0.413,64,1
2024-11-27 15:31:54,Active,0.268,0.465,64,1
2024-11-27 15:31:54,Active,0.213,0.447,64,1
2024-11-27 15:31:54,Active,0.247,0.342,64,1
2024-11-27 15:31:54,Active,0.270,0.443,64,1
2024-11-27 15:31:54,Active,0.225,0.468,64,1
2024-11-27 15:31:54,Active,0.273,0.386,64,1
2024-11-27 15:31:54,Active,0.220,0.445,64,1
2024-11-27 15:31:54,Active,0.255,0.373,64,1
2024-11-27 15:31:54,Active,0.246,0.339,64,1
2024-11-27 15:31:54,Active,0.213,0.431,64,1
2024-11-27 15:31:54,Active,0.259,0.169,64,1
2024-11-27 15:31:54,Active,0.287,0.404,64,1
2024-11-27 15:31:54,Active,0.241,0.341,64,1
2024-11-27 15:31:54,Active,0.216,0.478,64,1
2024-11-27 15:31:54,Active,0.286,0.251,64,1
2024-11-27 15:31:54,Active,0.282,0.424,64,1
2024-11-27 15:31:54,Active,0.255,0.355,64,1
2024-11-27 15:31:54,Active,0.254,0.425,64,1
2024-11-27 15:31:54,Active,0.227,0.289,64,1
2024-11-27 15:31:54,Active,0.275,0.363,64,1
2024-11-27 15:31:54,Active,0.258,0.464,64,1
2024-11-27 15:31:54,Active,0.252,0.277,64,1
2024-11-27 15:31:54,Active,0.287,0.481,64,1
2024-11-27 15:31:54,Active,0.267,0.342,64,1
2024-11-27 15:31:54,Active,0.228,0.448,64,1
2024-11-27 15:31:54,Active,0.312,0.250,64,1
2024-11-27 15:31:54,Active,0.290,0.462,64,1
2024-11-27 15:31:54,Active,0.259,0.350,64,1
2024-11-27 15:31:54,Active,0.228,0.466,64,1
2024-11-27 15:31:54,Active,0.245,0.238,64,1
2024-11-27 15:31:54,Active,0.264,0.339,64,1
2024-11-27 15:31:54,Active,0.258,0.482,64,1
2024-11-27 15:31:54,Active,0.259,0.281,64,1
2024-11-27 15:31:54,Active,0.270,0.426,64,1
2024-11-27 15:31:54,Active,0.267,0.334,64,1
2024-11-27 15:31:54,Active,0.218,0.486,64,1
2024-11-27 15:31:54,Active,0.262,0.259,64,1
2024-11-27 15:31:54,Active,0.273,0.382,64,1
2024-11-27 15:31:54,Active,0.294,0.464,64,1
2024-11-27 15:31:54,Active,0.282,0.222,64,1
2024-11-27 15:31:54,Active,0.271,0.414,64,1
2024-11-27 15:31:54,Active,0.219,0.310,64,1
2024-11-27 15:31:54,Active,0.247,0.482,64,1
2024-11-27 15:31:54,Active,0.287,0.424,64,1
2024-11-27 15:31:54,Active,0.272,0.358,64,1
2024-11-27 15:31:54,Active,0.242,0.468,64,1
2024-11-27 15:31:54,Active,0.229,0.314,64,1
2024-11-27 15:31:54,Active,0.263,0.404,64,1
2024-11-27 15:31:54,Active,0.270,0.279,64,1
2024-11-27 15:31:54,Active,0.270,0.464,64,1
2024-11-27 15:31:54,Active,0.287,0.424,64,1
2024-11-27 15:31:54,Active,0.250,0.374,64,1
2024-11-27 15:31:54,Active,0.287,0.428,64,1
2024-11-27 15:31:54,Active,0.218,0.242,64,1
2024-11-27 15:31:54,Active,0.268,0.374,64,1
2024-11-27 15:31:54,Active,0.282,0.480,64,1
2024-11-27 15:31:54,Active,0.274,0.225,64,1
2024-11-27 15:31:54,Active,0.250,0.344,64,1
2024-11-27 15:31:54,Active,0.231,0.244,64,1
2024-11-27 15:31:54,Active,0.268,0.524,64,1
2024-11-27 15:31:54,Active,0.278,0.425,64,1
2024-11-27 15:31:54,Active,0.258,0.383,64,1
2024-11-27 15:31:54,Active,0.252,0.254,64,1
2024-11-27 15:31:54,Active,0.222,0.484,64,1
2024-11-27 15:31:54,Active,0.255,0.352,64,1
2024-11-27 15:31:54,Active,0.262,0.356,64,1
2024-11-27 15:31:54,Active,0.291,0.482,64,1
2024-11-27 15:31:54,Active,0.250,0.397,64,1
2024-11-27 15:31:54,Active,0.262,0.258,64,1
2024-11-27 15:31:54,Active,0.289,0.485,64,1
2024-11-27 15:31:54,Active,0.268,0.409,64,1
2024-11-27 15:31:54,Active,0.251,0.367,64,1
2024-11-27 15:31:54,Active,0.284,0.308,64,1
2024-11-27 15:31:54,Active,0.300,0.503,64,1
2024-11-27 15:31:54,Active,0.290,0.409,64,1
2024-11-27 15:31:54,Active,0.267,0.437,64,1
2024-11-27 15:31:54,Active,0.254,0.286,64,1
2024-11-27 15:31:54,Active,0.272,0.486,64,1
2024-11-27 15:31:54,Active,0.276,0.411,64,1
2024-11-27 15:31:54,Active,0.247,0.415,64,1
2024-11-27 15:31:54,Active,0.278,0.355,64,1
2024-11-27 15:31:54,Active,0.230,0.483,64,1
2024-11-27 15:31:54,Active,0.251,0.416,64,1
2024-11-27 15:31:54,Active,0.235,0.311,64,1
2024-11-27 15:31:54,Active,0.246,0.472,64,1
2024-11-27 15:31:54,SLEEPING !!!,0.246,0.415,64,1
2024-11-27 15:31:54,SLEEPING !!!,0.247,0.482,64,1
2024-11-27 15:31:54,SLEEPING !!!,0.232,0.372,64,1
2024-11-27 15:31:54,Active,0.276,0.422,65,1
2024-11-27 15:31:54,Active,0.231,0.465,65,1
2024-11-27 15:31:54,Active,0.231,0.324,65,1
2024-11-27 15:31:54,Active,0.309,0.388,65,1
2024-11-27 15:31:54,Active,0.246,0.422,65,1
2024-11-27 15:31:54,Active,0.235,0.299,65,1
2024-11-27 15:31:54,SLEEPING !!!,0.215,0.507,65,1
2024-11-27 15:31:54,Active,0.259,0.452,65,1
2024-11-27 15:31:54,Active,0.243,0.307,65,1
2024-11-27 15:31:54,Active,0.270,0.485,65,1
2024-11-27 15:31:54,Active,0.325,0.421,65,1
2024-11-27 15:31:55,Active,0.241,0.406,65,1
2024-11-27 15:31:55,Active,0.206,0.279,65,1
2024-11-27 15:31:55,Active,0.299,0.482,65,1
2024-11-27 15:31:55,Active,0.267,0.461,65,1
2024-11-27 15:31:55,Active,0.302,0.459,65,1
2024-11-27 15:31:55,Active,0.278,0.407,65,1
2024-11-27 15:31:55,Active,0.272,0.452,65,1
2024-11-27 15:31:55,Active,0.245,0.261,65,1
2024-11-27 15:31:55,Active,0.265,0.482,65,1
2024-11-27 15:31:55,Active,0.285,0.429,65,1
2024-11-27 15:31:55,Active,0.276,0.389,65,1
2024-11-27 15:31:55,Active,0.250,0.391,65,1
2024-11-27 15:31:55,Active,0.300,0.478,65,1
2024-11-27 15:31:55,Active,0.268,0.420,65,1
2024-11-27 15:31:55,Active,0.264,0.326,65,1
2024-11-27 15:31:55,Active,0.275,0.477,65,1
2024-11-27 15:31:55,Active,0.264,0.421,65,1
2024-11-27 15:31:55,Active,0.302,0.482,65,1
2024-11-27 15:31:55,Active,0.235,0.274,65,1
2024-11-27 15:31:55,Active,0.255,0.412,65,1
2024-11-27 15:31:55,Active,0.243,0.263,65,1
2024-11-27 15:31:55,Active,0.287,0.482,65,1
2024-11-27 15:31:55,Active,0.315,0.429,65,1
2024-11-27 15:31:55,Active,0.267,0.442,65,1
2024-11-27 15:31:55,Active,0.323,0.219,65,1
2024-11-27 15:31:55,Active,0.301,0.485,65,1
2024-11-27 15:31:55,Active,0.326,0.427,65,1
2024-11-27 15:31:55,Active,0.268,0.409,65,1
2024-11-27 15:31:55,Active,0.275,0.263,65,1
2024-11-27 15:31:55,Active,0.268,0.482,65,1
2024-11-27 15:31:55,Active,0.285,0.464,65,1
2024-11-27 15:31:55,Active,0.250,0.404,65,1
2024-11-27 15:31:55,Active,0.277,0.243,65,1
2024-11-27 15:31:55,Active,0.308,0.462,65,1
2024-11-27 15:31:55,Active,0.286,0.462,65,1
2024-11-27 15:31:55,Active,0.267,0.452,65,1
2024-11-27 15:31:55,Active,0.286,0.466,65,1
2024-11-27 15:31:55,Active,0.315,0.481,65,1
2024-11-27 15:31:55,Active,0.264,0.281,65,1
2024-11-27 15:31:55,Active,0.251,0.398,65,1
2024-11-27 15:31:55,Active,0.299,0.481,65,1
2024-11-27 15:31:55,Active,0.306,0.484,65,1
2024-11-27 15:31:55,Active,0.256,0.248,65,1
2024-11-27 15:31:55,Active,0.255,0.404,65,1
2024-11-27 15:31:55,Active,0.299,0.462,65,1
2024-11-27 15:31:55,Active,0.281,0.277,65,1
2024-11-27 15:31:55,Active,0.323,0.504,65,1
2024-11-27 15:31:55,Active,0.266,0.420,65,1
2024-11-27 15:31:55,Active,0.304,0.482,65,1
2024-11-27 15:31:55,Active,0.301,0.325,65,1
2024-11-27 15:31:55,Active,0.283,0.520,65,1
2024-11-27 15:31:55,Active,0.254,0.412,65,1
2024-11-27 15:31:55,Active,0.262,0.317,65,1
2024-11-27 15:31:55,Active,0.302,0.463,65,1
2024-11-27 15:31:55,Active,0.288,0.522,65,1
2024-11-27 15:31:55,Active,0.246,0.402,65,1
2024-11-27 15:31:55,Active,0.276,0.375,65,1
2024-11-27 15:31:55,Active,0.270,0.478,65,1
2024-11-27 15:31:55,Active,0.290,0.503,65,1
2024-11-27 15:31:55,Active,0.254,0.418,65,1
2024-11-27 15:31:55,Active,0.300,0.444,65,1
2024-11-27 15:31:55,Active,0.273,0.266,65,1
2024-11-27 15:31:55,Active,0.323,0.520,65,1
2024-11-27 15:31:55,Active,0.246,0.396,65,1
2024-11-27 15:31:55,Active,0.323,0.520,65,1
2024-11-27 15:31:55,Active,0.326,0.500,65,1
2024-11-27 15:31:55,Active,0.286,0.383,65,1
2024-11-27 15:31:55,Active,0.238,0.404,65,1
2024-11-27 15:31:55,Active,0.332,0.503,65,1
2024-11-27 15:31:55,Active,0.279,0.466,65,1
2024-11-27 15:31:55,Active,0.282,0.299,65,1
2024-11-27 15:31:55,Active,0.243,0.469,65,1
2024-11-27 15:31:55,Active,0.300,0.504,65,1
2024-11-27 15:31:55,Active,0.321,0.500,65,1
2024-11-27 15:31:55,Active,0.321,0.320,65,1
2024-11-27 15:31:55,Active,0.272,0.493,65,1
2024-11-27 15:31:55,Active,0.303,0.484,65,1
2024-11-27 15:31:55,Active,0.297,0.523,65,1
2024-11-27 15:31:55,Active,0.341,0.373,65,1
2024-11-27 15:31:55,Active,0.263,0.524,65,1
2024-11-27 15:31:55,Active,0.348,0.481,65,1
2024-11-27 15:31:55,Active,0.204,0.502,65,1
2024-11-27 15:31:55,Active,0.254,0.367,65,1
2024-11-27 15:31:55,Active,0.271,0.508,65,1
2024-11-27 15:31:55,Active,0.235,0.483,65,1
2024-11-27 15:31:55,Active,0.322,0.520,65,1
2024-11-27 15:31:55,Active,0.292,0.311,65,1
2024-11-27 15:31:55,Active,0.259,0.493,65,1
2024-11-27 15:31:55,Active,0.219,0.483,65,1
2024-11-27 15:31:55,Active,0.243,0.458,65,1
2024-11-27 15:31:55,Active,0.301,0.391,65,1
2024-11-27 15:31:55,Active,0.238,0.439,65,1
2024-11-27 15:31:55,Active,0.311,0.443,65,1
2024-11-27 15:31:55,Active,0.275,0.483,65,1
2024-11-27 15:31:55,Active,0.255,0.325,65,1
2024-11-27 15:31:56,Active,0.255,0.423,65,1
2024-11-27 15:31:56,Active,0.316,0.441,65,1
2024-11-27 15:31:56,Active,0.192,0.464,65,1
2024-11-27 15:31:56,Active,0.292,0.289,65,1
2024-11-27 15:31:56,Active,0.245,0.469,65,1
2024-11-27 15:31:56,Active,0.279,0.497,65,1
2024-11-27 15:31:56,Active,0.207,0.483,65,1
2024-11-27 15:31:56,Active,0.250,0.394,65,1
2024-11-27 15:31:56,Active,0.255,0.493,65,1
2024-11-27 15:31:56,Active,0.326,0.447,65,1
2024-11-27 15:31:56,Active,0.220,0.446,65,1
2024-11-27 15:31:56,Active,0.257,0.313,65,1
2024-11-27 15:31:56,Active,0.250,0.470,65,1
2024-11-27 15:31:56,Active,0.299,0.464,65,1
2024-11-27 15:31:56,Active,0.273,0.309,65,1
2024-11-27 15:31:56,Active,0.297,0.465,65,1
2024-11-27 15:31:56,Active,0.242,0.476,65,1
2024-11-27 15:31:56,Active,0.281,0.468,65,1
2024-11-27 15:31:56,Active,0.241,0.445,65,1
2024-11-27 15:31:56,Active,0.273,0.410,65,1
2024-11-27 15:31:56,Active,0.263,0.375,65,1
2024-11-27 15:31:56,Active,0.266,0.465,65,1
2024-11-27 15:31:56,Active,0.242,0.330,65,1
2024-11-27 15:31:56,Active,0.255,0.396,65,1
2024-11-27 15:31:56,Active,0.262,0.472,65,1
2024-11-27 15:31:56,Active,0.273,0.288,65,1
2024-11-27 15:31:56,Active,0.263,0.382,65,1
2024-11-27 15:31:56,Active,0.257,0.468,65,1
2024-11-27 15:31:56,Active,0.273,0.308,65,1
2024-11-27 15:31:56,Active,0.255,0.381,65,1
2024-11-27 15:31:56,Active,0.282,0.456,65,1
2024-11-27 15:31:56,Active,0.266,0.278,65,1
2024-11-27 15:31:56,Active,0.279,0.391,65,1
2024-11-27 15:31:56,Active,0.259,0.350,65,1
2024-11-27 15:31:56,Active,0.299,0.453,65,1
2024-11-27 15:31:56,Active,0.261,0.307,65,1
2024-11-27 15:31:56,Active,0.283,0.390,65,1
2024-11-27 15:31:56,Active,0.263,0.380,65,1
2024-11-27 15:31:56,Active,0.278,0.435,65,1
2024-11-27 15:31:56,Active,0.273,0.372,65,1
2024-11-27 15:31:56,Active,0.263,0.380,65,1
2024-11-27 15:31:56,Active,0.269,0.472,65,1
2024-11-27 15:31:56,Active,0.229,0.345,65,1
2024-11-27 15:31:56,Active,0.268,0.390,65,1
2024-11-27 15:31:56,Active,0.248,0.433,65,1
2024-11-27 15:31:56,Active,0.273,0.364,65,1
2024-11-27 15:31:56,Active,0.284,0.425,65,1
2024-11-27 15:31:56,Active,0.241,0.382,65,1
2024-11-27 15:31:56,Active,0.246,0.497,65,1
2024-11-27 15:31:56,Active,0.319,0.387,65,1
2024-11-27 15:31:56,Active,0.306,0.387,65,1
2024-11-27 15:31:56,Active,0.246,0.375,65,1
2024-11-27 15:31:56,Active,0.220,0.465,65,1
2024-11-27 15:31:56,Active,0.272,0.330,65,1
2024-11-27 15:31:56,Active,0.283,0.406,65,1
2024-11-27 15:31:56,Active,0.264,0.390,65,1
2024-11-27 15:31:56,Active,0.243,0.503,65,1
2024-11-27 15:31:56,Active,0.297,0.364,65,1
2024-11-27 15:31:56,Active,0.238,0.388,65,1
2024-11-27 15:31:56,Active,0.242,0.505,65,1
2024-11-27 15:31:56,Active,0.299,0.372,65,1
2024-11-27 15:31:56,Active,0.267,0.406,65,1
2024-11-27 15:31:56,Active,0.272,0.382,65,1
2024-11-27 15:31:56,Active,0.240,0.477,65,1
2024-11-27 15:31:56,Active,0.256,0.256,65,1
2024-11-27 15:31:56,Active,0.315,0.387,65,1
2024-11-27 15:31:56,Active,0.250,0.382,65,1
2024-11-27 15:31:56,Active,0.260,0.487,65,1
2024-11-27 15:31:56,Active,0.274,0.229,65,1
2024-11-27 15:31:56,Active,0.289,0.456,65,1
2024-11-27 15:31:56,Active,0.263,0.382,65,1
2024-11-27 15:31:56,Active,0.287,0.238,65,1
2024-11-27 15:31:56,Active,0.323,0.408,65,1
2024-11-27 15:31:56,Active,0.265,0.470,65,1
2024-11-27 15:31:56,Active,0.238,0.388,65,1
2024-11-27 15:31:56,Active,0.269,0.384,65,1
2024-11-27 15:31:56,Active,0.288,0.405,65,1
2024-11-27 15:31:56,Active,0.271,0.384,65,1
2024-11-27 15:31:56,Active,0.245,0.504,65,1
2024-11-27 15:31:56,Active,0.270,0.316,65,1
2024-11-27 15:31:56,Active,0.288,0.406,65,1
2024-11-27 15:31:56,Active,0.246,0.388,65,1
2024-11-27 15:31:56,Active,0.203,0.504,65,1
2024-11-27 15:31:56,Active,0.257,0.236,65,1
2024-11-27 15:31:56,Active,0.330,0.422,65,1
2024-11-27 15:31:56,Active,0.151,0.390,65,1
2024-11-27 15:31:56,Active,0.263,0.371,65,1
2024-11-27 15:31:56,Active,0.277,0.513,65,1
2024-11-27 15:31:56,Active,0.298,0.422,65,1
2024-11-27 15:31:56,Active,0.256,0.419,65,1
2024-11-27 15:31:56,Active,0.125,0.389,65,1
2024-11-27 15:31:56,Active,0.198,0.492,65,1
2024-11-27 15:31:56,Active,0.313,0.402,65,1
2024-11-27 15:31:57,Active,0.212,0.399,65,1
2024-11-27 15:31:57,Active,0.122,0.382,65,1
2024-11-27 15:31:57,SLEEPING !!!,0.212,0.452,65,1
2024-11-27 15:31:57,Active,0.279,0.425,66,1
2024-11-27 15:31:57,Active,0.151,0.360,66,1
2024-11-27 15:31:57,Active,0.274,0.469,66,1
2024-11-27 15:31:57,Active,0.226,0.476,66,1
2024-11-27 15:31:57,Active,0.281,0.425,66,1
2024-11-27 15:31:57,Active,0.189,0.397,66,1
2024-11-27 15:31:57,Active,0.253,0.478,66,1
2024-11-27 15:31:57,Active,0.295,0.444,66,1
2024-11-27 15:31:57,Active,0.327,0.415,66,1
2024-11-27 15:31:57,Active,0.190,0.389,66,1
2024-11-27 15:31:57,Active,0.276,0.496,66,1
2024-11-27 15:31:57,Active,0.322,0.403,66,1
2024-11-27 15:31:57,Active,0.189,0.389,66,1
2024-11-27 15:31:57,Active,0.309,0.478,66,1
2024-11-27 15:31:57,Active,0.303,0.400,66,1
2024-11-27 15:31:57,Active,0.207,0.405,66,1
2024-11-27 15:31:57,Active,0.348,0.461,66,1
2024-11-27 15:31:57,Active,0.297,0.385,66,1
2024-11-27 15:31:57,Active,0.198,0.398,66,1
2024-11-27 15:31:57,Active,0.356,0.462,66,1
2024-11-27 15:31:57,Active,0.325,0.404,66,1
2024-11-27 15:31:57,Active,0.204,0.389,66,1
2024-11-27 15:31:57,Active,0.329,0.460,66,1
2024-11-27 15:31:57,Active,0.350,0.388,66,1
2024-11-27 15:31:57,Active,0.205,0.382,66,1
2024-11-27 15:31:57,Active,0.320,0.479,66,1
2024-11-27 15:31:57,Active,0.325,0.422,66,1
2024-11-27 15:31:57,Active,0.209,0.419,66,1
2024-11-27 15:31:57,Active,0.270,0.463,66,1
2024-11-27 15:31:57,Active,0.299,0.444,66,1
2024-11-27 15:31:57,Active,0.203,0.419,66,1
2024-11-27 15:31:57,Active,0.316,0.498,66,1
2024-11-27 15:31:57,Active,0.287,0.390,66,1
2024-11-27 15:31:57,Active,0.229,0.437,66,1
2024-11-27 15:31:57,Active,0.278,0.480,66,1
2024-11-27 15:31:57,Active,0.319,0.386,66,1
2024-11-27 15:31:57,Active,0.216,0.445,66,1
2024-11-27 15:31:57,Active,0.264,0.516,66,1
2024-11-27 15:31:57,Active,0.283,0.403,66,1
2024-11-27 15:31:57,Active,0.215,0.454,66,1
2024-11-27 15:31:57,Active,0.299,0.462,66,1
2024-11-27 15:31:57,Active,0.225,0.461,66,1
2024-11-27 15:31:57,Active,0.260,0.516,66,1
2024-11-27 15:31:57,Active,0.295,0.364,66,1
2024-11-27 15:31:57,Active,0.225,0.461,66,1
2024-11-27 15:31:57,Active,0.245,0.480,66,1
2024-11-27 15:31:57,SLEEPING !!!,0.225,0.461,66,1
2024-11-27 15:31:57,SLEEPING !!!,0.225,0.517,66,1
2024-11-27 15:31:57,Active,0.289,0.389,67,1
2024-11-27 15:31:57,Active,0.218,0.468,67,1
2024-11-27 15:31:57,Active,0.282,0.478,67,1
2024-11-27 15:31:57,Active,0.309,0.400,67,1
2024-11-27 15:31:57,Active,0.224,0.445,67,1
2024-11-27 15:31:57,Active,0.253,0.458,67,1
2024-11-27 15:31:57,Active,0.300,0.408,67,1
2024-11-27 15:31:57,Active,0.242,0.476,67,1
2024-11-27 15:31:57,Active,0.295,0.438,67,1
2024-11-27 15:31:57,Active,0.234,0.469,67,1
2024-11-27 15:31:57,Active,0.284,0.440,67,1
2024-11-27 15:31:57,Active,0.207,0.469,67,1
2024-11-27 15:31:57,Active,0.251,0.480,67,1
2024-11-27 15:31:57,Active,0.311,0.330,67,1
2024-11-27 15:31:57,Active,0.207,0.468,67,1
2024-11-27 15:31:57,Active,0.271,0.498,67,1
2024-11-27 15:31:57,Active,0.255,0.367,67,1
2024-11-27 15:31:57,Active,0.217,0.476,67,1
2024-11-27 15:31:57,Active,0.247,0.439,67,1
2024-11-27 15:31:57,SLEEPING !!!,0.213,0.492,67,1
2024-11-27 15:31:57,Active,0.270,0.458,68,1
2024-11-27 15:31:57,Active,0.276,0.422,68,1
2024-11-27 15:31:57,Active,0.222,0.500,68,1
2024-11-27 15:31:57,Active,0.259,0.478,68,1
2024-11-27 15:31:57,Active,0.260,0.395,68,1
2024-11-27 15:31:57,Active,0.224,0.468,68,1
2024-11-27 15:31:57,Active,0.294,0.440,68,1
2024-11-27 15:31:57,Active,0.249,0.473,68,1
2024-11-27 15:31:57,Active,0.232,0.461,68,1
2024-11-27 15:31:57,SLEEPING !!!,0.240,0.441,68,1
2024-11-27 15:31:57,Active,0.298,0.411,68,1
2024-11-27 15:31:57,Active,0.316,0.405,68,1
2024-11-27 15:31:57,Active,0.215,0.459,68,1
2024-11-27 15:31:57,Active,0.260,0.459,68,1
2024-11-27 15:31:57,Active,0.271,0.411,68,1
2024-11-27 15:31:57,Active,0.293,0.405,68,1
2024-11-27 15:31:57,Active,0.214,0.444,68,1
2024-11-27 15:31:57,Active,0.271,0.480,68,1
2024-11-27 15:31:57,Active,0.320,0.443,68,1
2024-11-27 15:31:58,Active,0.237,0.429,68,1
2024-11-27 15:31:58,Active,0.265,0.460,68,1
2024-11-27 15:31:58,Active,0.254,0.426,68,1
2024-11-27 15:31:58,Active,0.219,0.420,68,1
2024-11-27 15:31:58,Active,0.306,0.461,68,1
2024-11-27 15:31:58,Active,0.243,0.427,68,1
2024-11-27 15:31:58,Active,0.224,0.413,68,1
2024-11-27 15:31:58,SLEEPING !!!,0.250,0.480,68,1
2024-11-27 15:31:58,Active,0.253,0.401,69,1
2024-11-27 15:31:58,Active,0.207,0.405,69,1
2024-11-27 15:31:58,Active,0.261,0.461,69,1
2024-11-27 15:31:58,Active,0.246,0.443,69,1
2024-11-27 15:31:58,Active,0.205,0.405,69,1
2024-11-27 15:31:58,SLEEPING !!!,0.243,0.481,69,1
2024-11-27 15:31:58,Active,0.264,0.462,69,1
2024-11-27 15:31:58,Active,0.332,0.405,69,1
2024-11-27 15:31:58,Active,0.207,0.405,69,1
2024-11-27 15:31:58,Active,0.274,0.500,69,1
2024-11-27 15:31:58,Active,0.228,0.398,69,1
2024-11-27 15:31:58,Active,0.330,0.405,69,1
2024-11-27 15:31:58,Active,0.232,0.403,69,1
2024-11-27 15:31:58,Active,0.255,0.518,69,1
2024-11-27 15:31:58,Active,0.255,0.417,69,1
2024-11-27 15:31:58,Active,0.315,0.405,69,1
2024-11-27 15:31:58,Active,0.207,0.403,69,1
2024-11-27 15:31:58,Active,0.251,0.518,69,1
2024-11-27 15:31:58,Active,0.259,0.369,69,1
2024-11-27 15:31:58,Active,0.323,0.422,69,1
2024-11-27 15:31:58,Active,0.207,0.403,69,1
2024-11-27 15:31:58,Active,0.329,0.558,69,1
2024-11-27 15:31:58,Active,0.283,0.399,69,1
2024-11-27 15:31:58,Active,0.288,0.368,69,1
2024-11-27 15:31:58,Active,0.217,0.411,69,1
2024-11-27 15:31:58,Active,0.250,0.538,69,1
2024-11-27 15:31:58,Active,0.253,0.382,69,1
2024-11-27 15:31:58,Active,0.307,0.402,69,1
2024-11-27 15:31:58,Active,0.208,0.419,69,1
2024-11-27 15:31:58,Active,0.242,0.537,69,1
2024-11-27 15:31:58,Active,0.281,0.415,69,1
2024-11-27 15:31:58,Active,0.288,0.357,69,1
2024-11-27 15:31:58,Active,0.233,0.419,69,1
2024-11-27 15:31:58,Active,0.247,0.556,69,1
2024-11-27 15:31:58,SLEEPING !!!,0.245,0.419,69,1
2024-11-27 15:31:58,SLEEPING !!!,0.208,0.419,69,1
2024-11-27 15:31:58,Active,0.285,0.499,70,1
2024-11-27 15:31:58,Active,0.231,0.379,70,1
2024-11-27 15:31:58,Active,0.207,0.421,70,1
2024-11-27 15:31:58,Active,0.283,0.499,70,1
2024-11-27 15:31:58,Active,0.263,0.450,70,1
2024-11-27 15:31:58,Active,0.210,0.413,70,1
2024-11-27 15:31:58,Active,0.234,0.540,70,1
2024-11-27 15:31:58,SLEEPING !!!,0.244,0.465,70,1
2024-11-27 15:31:58,Active,0.327,0.427,70,1
2024-11-27 15:31:58,Active,0.207,0.421,70,1
2024-11-27 15:31:58,Active,0.296,0.538,70,1
2024-11-27 15:31:58,Active,0.222,0.401,70,1
2024-11-27 15:31:58,Active,0.287,0.422,70,1
2024-11-27 15:31:58,Active,0.221,0.428,70,1
2024-11-27 15:31:58,Active,0.304,0.518,70,1
2024-11-27 15:31:58,Active,0.237,0.367,70,1
2024-11-27 15:31:58,Active,0.315,0.442,70,1
2024-11-27 15:31:58,Active,0.216,0.420,70,1
2024-11-27 15:31:58,Active,0.247,0.518,70,1
2024-11-27 15:31:58,SLEEPING !!!,0.231,0.394,70,1
2024-11-27 15:31:58,Active,0.290,0.439,71,1
2024-11-27 15:31:58,Active,0.217,0.429,71,1
2024-11-27 15:31:58,Active,0.283,0.518,71,1
2024-11-27 15:31:58,Active,0.303,0.434,71,1
2024-11-27 15:31:58,Active,0.226,0.444,71,1
2024-11-27 15:31:58,Active,0.296,0.499,71,1
2024-11-27 15:31:58,Active,0.256,0.391,71,1
2024-11-27 15:31:58,Active,0.288,0.383,71,1
2024-11-27 15:31:58,Active,0.219,0.437,71,1
2024-11-27 15:31:58,Active,0.304,0.500,71,1
2024-11-27 15:31:58,Active,0.201,0.411,71,1
2024-11-27 15:31:58,Active,0.218,0.436,71,1
2024-11-27 15:31:58,Active,0.272,0.460,71,1
2024-11-27 15:31:58,Active,0.228,0.381,71,1
2024-11-27 15:31:58,Active,0.206,0.445,71,1
2024-11-27 15:31:58,Active,0.318,0.460,71,1
2024-11-27 15:31:58,Active,0.242,0.416,71,1
2024-11-27 15:31:58,Active,0.238,0.468,71,1
2024-11-27 15:31:58,Active,0.301,0.478,71,1
2024-11-27 15:31:58,Active,0.221,0.428,71,1
2024-11-27 15:31:58,Active,0.197,0.453,71,1
2024-11-27 15:31:58,Active,0.306,0.448,71,1
2024-11-27 15:31:58,Active,0.259,0.460,71,1
2024-11-27 15:31:58,Active,0.234,0.477,71,1
2024-11-27 15:31:58,Active,0.243,0.479,71,1
2024-11-27 15:31:58,Active,0.252,0.397,71,1
2024-11-27 15:31:58,Active,0.213,0.462,71,1
2024-11-27 15:31:58,Active,0.303,0.480,71,1
2024-11-27 15:31:58,Active,0.222,0.419,71,1
2024-11-27 15:31:58,Active,0.276,0.388,71,1
2024-11-27 15:31:58,Active,0.206,0.485,71,1
2024-11-27 15:31:58,Active,0.307,0.479,71,1
2024-11-27 15:31:58,Active,0.263,0.466,71,1
2024-11-27 15:31:58,Active,0.323,0.388,71,1
2024-11-27 15:31:58,Active,0.205,0.484,71,1
2024-11-27 15:31:58,Active,0.258,0.416,71,1
2024-11-27 15:31:58,Active,0.259,0.500,71,1
2024-11-27 15:31:58,Active,0.288,0.390,71,1
2024-11-27 15:31:59,Active,0.229,0.485,71,1
2024-11-27 15:31:59,Active,0.268,0.468,71,1
2024-11-27 15:31:59,Active,0.287,0.500,71,1
2024-11-27 15:31:59,Active,0.316,0.410,71,1
2024-11-27 15:31:59,Active,0.209,0.485,71,1
2024-11-27 15:31:59,Active,0.283,0.420,71,1
2024-11-27 15:31:59,Active,0.307,0.461,71,1
2024-11-27 15:31:59,Active,0.314,0.403,71,1
2024-11-27 15:31:59,Active,0.234,0.492,71,1
2024-11-27 15:31:59,Active,0.218,0.425,71,1
2024-11-27 15:31:59,Active,0.263,0.520,71,1
2024-11-27 15:31:59,Active,0.208,0.484,71,1
2024-11-27 15:31:59,Active,0.223,0.417,71,1
2024-11-27 15:31:59,Active,0.282,0.518,71,1
2024-11-27 15:31:59,Active,0.229,0.493,71,1
2024-11-27 15:31:59,Active,0.240,0.414,71,1
2024-11-27 15:31:59,Active,0.282,0.462,71,1
2024-11-27 15:31:59,Active,0.336,0.392,71,1
2024-11-27 15:31:59,Active,0.210,0.477,71,1
2024-11-27 15:31:59,Active,0.250,0.400,71,1
2024-11-27 15:31:59,SLEEPING !!!,0.193,0.479,71,1
2024-11-27 15:31:59,SLEEPING !!!,0.215,0.501,71,1
2024-11-27 15:31:59,SLEEPING !!!,0.225,0.431,71,1
2024-11-27 15:31:59,Active,0.280,0.499,72,1
2024-11-27 15:31:59,Active,0.223,0.460,72,1
2024-11-27 15:31:59,Active,0.259,0.411,72,1
2024-11-27 15:31:59,Active,0.277,0.479,72,1
2024-11-27 15:31:59,Active,0.287,0.390,72,1
2024-11-27 15:31:59,Active,0.226,0.451,72,1
2024-11-27 15:31:59,Active,0.244,0.384,72,1
2024-11-27 15:31:59,SLEEPING !!!,0.240,0.519,72,1
2024-11-27 15:31:59,SLEEPING !!!,0.234,0.459,72,1
2024-11-27 15:31:59,SLEEPING !!!,0.240,0.404,72,1
2024-11-27 15:31:59,Active,0.303,0.480,73,1
2024-11-27 15:31:59,Active,0.230,0.453,73,1
2024-11-27 15:31:59,Active,0.277,0.481,73,1
2024-11-27 15:31:59,Active,0.232,0.400,73,1
2024-11-27 15:31:59,Active,0.230,0.461,73,1
2024-11-27 15:31:59,SLEEPING !!!,0.233,0.417,73,1
2024-11-27 15:31:59,Active,0.321,0.480,73,1
2024-11-27 15:31:59,Active,0.227,0.476,73,1
2024-11-27 15:31:59,Active,0.303,0.498,73,1
2024-11-27 15:31:59,Active,0.223,0.448,73,1
2024-11-27 15:31:59,Active,0.218,0.460,73,1
2024-11-27 15:31:59,Active,0.254,0.413,73,1
2024-11-27 15:31:59,Active,0.312,0.520,73,1
2024-11-27 15:31:59,Active,0.308,0.374,73,1
2024-11-27 15:31:59,Active,0.234,0.468,73,1
2024-11-27 15:31:59,Active,0.284,0.398,73,1
2024-11-27 15:31:59,Active,0.260,0.521,73,1
2024-11-27 15:31:59,Active,0.247,0.468,73,1
2024-11-27 15:31:59,Active,0.262,0.432,73,1
2024-11-27 15:31:59,Active,0.273,0.500,73,1
2024-11-27 15:31:59,Active,0.333,0.356,73,1
2024-11-27 15:31:59,Active,0.254,0.452,73,1
2024-11-27 15:31:59,Active,0.223,0.410,73,1
2024-11-27 15:31:59,Active,0.270,0.500,73,1
2024-11-27 15:31:59,Active,0.250,0.445,73,1
2024-11-27 15:31:59,Active,0.220,0.378,73,1
2024-11-27 15:31:59,Active,0.283,0.562,73,1
2024-11-27 15:31:59,Active,0.263,0.429,73,1
2024-11-27 15:31:59,Active,0.262,0.428,73,1
2024-11-27 15:31:59,Active,0.232,0.561,73,1
2024-11-27 15:31:59,Active,0.242,0.429,73,1
2024-11-27 15:31:59,SLEEPING !!!,0.239,0.434,73,1
2024-11-27 15:31:59,Active,0.301,0.520,74,1
2024-11-27 15:31:59,Active,0.323,0.369,74,1
2024-11-27 15:31:59,Active,0.239,0.428,74,1
2024-11-27 15:31:59,Active,0.237,0.411,74,1
2024-11-27 15:31:59,Active,0.265,0.565,74,1
2024-11-27 15:31:59,Active,0.306,0.390,74,1
2024-11-27 15:31:59,Active,0.255,0.429,74,1
2024-11-27 15:31:59,Active,0.261,0.433,74,1
2024-11-27 15:31:59,Active,0.312,0.500,74,1
2024-11-27 15:31:59,Active,0.255,0.421,74,1
2024-11-27 15:31:59,Active,0.295,0.413,74,1
2024-11-27 15:31:59,Active,0.312,0.522,74,1
2024-11-27 15:31:59,Active,0.323,0.386,74,1
2024-11-27 15:31:59,Active,0.247,0.421,74,1
2024-11-27 15:31:59,Active,0.277,0.413,74,1
2024-11-27 15:31:59,Active,0.252,0.500,74,1
2024-11-27 15:31:59,Active,0.258,0.389,74,1
2024-11-27 15:31:59,Active,0.216,0.428,74,1
2024-11-27 15:31:59,Active,0.292,0.542,74,1
2024-11-27 15:31:59,Active,0.317,0.403,74,1
2024-11-27 15:31:59,Active,0.263,0.404,74,1
2024-11-27 15:31:59,Active,0.239,0.413,74,1
2024-11-27 15:31:59,Active,0.272,0.522,74,1
2024-11-27 15:31:59,Active,0.238,0.399,74,1
2024-11-27 15:31:59,Active,0.256,0.410,74,1
2024-11-27 15:31:59,Active,0.245,0.543,74,1
2024-11-27 15:31:59,Active,0.320,0.350,74,1
2024-11-27 15:31:59,Active,0.254,0.420,74,1
2024-11-27 15:31:59,Active,0.253,0.376,74,1
2024-11-27 15:31:59,Active,0.314,0.479,74,1
2024-11-27 15:32:00,Active,0.263,0.413,74,1
2024-11-27 15:32:00,Active,0.225,0.410,74,1
2024-11-27 15:32:00,Active,0.261,0.522,74,1
2024-11-27 15:32:00,Active,0.334,0.367,74,1
2024-11-27 15:32:00,Active,0.247,0.398,74,1
2024-11-27 15:32:00,Active,0.285,0.397,74,1
2024-11-27 15:32:00,Active,0.291,0.500,74,1
2024-11-27 15:32:00,Active,0.317,0.364,74,1
2024-11-27 15:32:00,Active,0.258,0.391,74,1
2024-11-27 15:32:00,Active,0.252,0.430,74,1
2024-11-27 15:32:00,Active,0.315,0.481,74,1
2024-11-27 15:32:00,Active,0.258,0.398,74,1
2024-11-27 15:32:00,Active,0.236,0.413,74,1
2024-11-27 15:32:00,Active,0.338,0.501,74,1
2024-11-27 15:32:00,Active,0.231,0.399,74,1
2024-11-27 15:32:00,Active,0.242,0.417,74,1
2024-11-27 15:32:00,Active,0.338,0.500,74,1
2024-11-27 15:32:00,Active,0.235,0.398,74,1
2024-11-27 15:32:00,Active,0.260,0.410,74,1
2024-11-27 15:32:00,Active,0.294,0.480,74,1
2024-11-27 15:32:00,Active,0.254,0.404,74,1
2024-11-27 15:32:00,Active,0.272,0.501,74,1
2024-11-27 15:32:00,Active,0.262,0.411,74,1
2024-11-27 15:32:00,Active,0.255,0.428,74,1
2024-11-27 15:32:00,Active,0.308,0.522,74,1
2024-11-27 15:32:00,Active,0.276,0.446,74,1
2024-11-27 15:32:00,Active,0.239,0.429,74,1
2024-11-27 15:32:00,Active,0.312,0.459,74,1
2024-11-27 15:32:00,Active,0.283,0.484,74,1
2024-11-27 15:32:00,Active,0.246,0.422,74,1
2024-11-27 15:32:00,Active,0.270,0.502,74,1
2024-11-27 15:32:00,Active,0.246,0.443,74,1
2024-11-27 15:32:00,Active,0.246,0.438,74,1
2024-11-27 15:32:00,Active,0.306,0.478,74,1
2024-11-27 15:32:00,Active,0.244,0.449,74,1
2024-11-27 15:32:00,Active,0.247,0.461,74,1
2024-11-27 15:32:00,Active,0.272,0.463,74,1
2024-11-27 15:32:00,Active,0.312,0.479,74,1
2024-11-27 15:32:00,Active,0.205,0.492,74,1
2024-11-27 15:32:00,Active,0.287,0.524,74,1
2024-11-27 15:32:00,Active,0.273,0.482,74,1
2024-11-27 15:32:00,Active,0.118,0.485,74,1
2024-11-27 15:32:00,Active,0.335,0.501,74,1
2024-11-27 15:32:00,Active,0.228,0.452,74,1
2024-11-27 15:32:00,Active,0.305,0.378,74,1
2024-11-27 15:32:00,Active,0.105,0.500,74,1
2024-11-27 15:32:00,Active,0.338,0.500,74,1
2024-11-27 15:32:00,Active,0.291,0.430,74,1
2024-11-27 15:32:00,Active,0.107,0.508,74,1
2024-11-27 15:32:00,Active,0.314,0.502,74,1
2024-11-27 15:32:00,Active,0.274,0.433,74,1
2024-11-27 15:32:00,Active,0.135,0.501,74,1
2024-11-27 15:32:00,Active,0.313,0.522,74,1
2024-11-27 15:32:00,Active,0.300,0.446,74,1
2024-11-27 15:32:00,Active,0.293,0.383,74,1
2024-11-27 15:32:00,Active,0.169,0.501,74,1
2024-11-27 15:32:00,Active,0.269,0.500,74,1
2024-11-27 15:32:00,Active,0.293,0.413,74,1
2024-11-27 15:32:00,Active,0.199,0.508,74,1
2024-11-27 15:32:00,Active,0.312,0.501,74,1
2024-11-27 15:32:00,Active,0.260,0.407,74,1
2024-11-27 15:32:00,Active,0.369,0.378,74,1
2024-11-27 15:32:00,Active,0.203,0.542,74,1
2024-11-27 15:32:00,Active,0.315,0.501,74,1
2024-11-27 15:32:00,Active,0.258,0.381,74,1
2024-11-27 15:32:00,Active,0.201,0.567,74,1
2024-11-27 15:32:00,Active,0.315,0.502,74,1
2024-11-27 15:32:00,Active,0.239,0.339,74,1
2024-11-27 15:32:00,Active,0.205,0.574,74,1
2024-11-27 15:32:00,Active,0.306,0.542,74,1
2024-11-27 15:32:00,Active,0.278,0.358,74,1
2024-11-27 15:32:00,Active,0.230,0.584,74,1
2024-11-27 15:32:00,Active,0.325,0.524,74,1
2024-11-27 15:32:00,Active,0.257,0.378,74,1
2024-11-27 15:32:00,Active,0.221,0.460,74,1
2024-11-27 15:32:00,Active,0.320,0.500,74,1
2024-11-27 15:32:00,Active,0.254,0.379,74,1
2024-11-27 15:32:00,Active,0.228,0.466,74,1
2024-11-27 15:32:00,Active,0.282,0.502,74,1
2024-11-27 15:32:00,Active,0.276,0.373,74,1
2024-11-27 15:32:01,Active,0.218,0.459,74,1
2024-11-27 15:32:01,Active,0.290,0.501,74,1
2024-11-27 15:32:01,Active,0.280,0.312,74,1
2024-11-27 15:32:01,Active,0.225,0.484,74,1
2024-11-27 15:32:01,Active,0.272,0.545,74,1
2024-11-27 15:32:01,Active,0.301,0.320,74,1
2024-11-27 15:32:01,Active,0.234,0.501,74,1
2024-11-27 15:32:01,Active,0.297,0.543,74,1
2024-11-27 15:32:01,Active,0.281,0.341,74,1
2024-11-27 15:32:01,Active,0.242,0.526,74,1
2024-11-27 15:32:01,Active,0.299,0.543,74,1
2024-11-27 15:32:01,Active,0.283,0.358,74,1
2024-11-27 15:32:01,Active,0.230,0.517,74,1
2024-11-27 15:32:01,Active,0.314,0.542,74,1
2024-11-27 15:32:01,Active,0.278,0.341,74,1
2024-11-27 15:32:01,Active,0.303,0.369,74,1
2024-11-27 15:32:01,Active,0.243,0.543,74,1
2024-11-27 15:32:01,Active,0.297,0.502,74,1
2024-11-27 15:32:01,Active,0.255,0.358,74,1
2024-11-27 15:32:01,Active,0.234,0.566,74,1
2024-11-27 15:32:01,Active,0.270,0.543,74,1
2024-11-27 15:32:01,Active,0.259,0.324,74,1
2024-11-27 15:32:01,Active,0.220,0.549,74,1
2024-11-27 15:32:01,Active,0.239,0.358,74,1
2024-11-27 15:32:01,Active,0.266,0.521,74,1
2024-11-27 15:32:01,Active,0.212,0.533,74,1
2024-11-27 15:32:01,Active,0.269,0.521,74,1
2024-11-27 15:32:01,Active,0.278,0.358,74,1
2024-11-27 15:32:01,Active,0.204,0.525,74,1
2024-11-27 15:32:01,Active,0.245,0.564,74,1
2024-11-27 15:32:01,Active,0.269,0.449,74,1
2024-11-27 15:32:01,Active,0.217,0.508,74,1
2024-11-27 15:32:01,Active,0.299,0.500,74,1
2024-11-27 15:32:01,Active,0.245,0.449,74,1
2024-11-27 15:32:01,Active,0.217,0.492,74,1
2024-11-27 15:32:01,Active,0.297,0.500,74,1
2024-11-27 15:32:01,Active,0.259,0.417,74,1
2024-11-27 15:32:01,Active,0.336,0.379,74,1
2024-11-27 15:32:01,Active,0.210,0.492,74,1
2024-11-27 15:32:01,Active,0.283,0.501,74,1
2024-11-27 15:32:01,Active,0.243,0.411,74,1
2024-11-27 15:32:01,Active,0.217,0.484,74,1
2024-11-27 15:32:01,Active,0.255,0.542,74,1
2024-11-27 15:32:01,Active,0.259,0.416,74,1
2024-11-27 15:32:01,Active,0.225,0.484,74,1
2024-11-27 15:32:01,Active,0.276,0.522,74,1
2024-11-27 15:32:01,Active,0.277,0.413,74,1
2024-11-27 15:32:01,Active,0.295,0.403,74,1
2024-11-27 15:32:01,Active,0.225,0.468,74,1
2024-11-27 15:32:01,Active,0.295,0.501,74,1
2024-11-27 15:32:01,Active,0.242,0.402,74,1
2024-11-27 15:32:01,Active,0.386,0.379,74,1
2024-11-27 15:32:01,Active,0.225,0.459,74,1
2024-11-27 15:32:01,Active,0.255,0.397,74,1
2024-11-27 15:32:01,Active,0.271,0.584,74,1
2024-11-27 15:32:01,Active,0.207,0.459,74,1
2024-11-27 15:32:01,Active,0.263,0.522,74,1
2024-11-27 15:32:01,Active,0.301,0.392,74,1
2024-11-27 15:32:01,Active,0.316,0.421,74,1
2024-11-27 15:32:01,Active,0.208,0.475,74,1
2024-11-27 15:32:01,Active,0.272,0.521,74,1
2024-11-27 15:32:01,Active,0.194,0.417,74,1
2024-11-27 15:32:01,Active,0.203,0.525,74,1
2024-11-27 15:32:01,SLEEPING !!!,0.237,0.520,74,1
2024-11-27 15:32:01,SLEEPING !!!,0.194,0.401,74,1
2024-11-27 15:32:01,SLEEPING !!!,0.216,0.542,74,1
2024-11-27 15:32:01,Active,0.274,0.542,75,1
2024-11-27 15:32:01,Active,0.222,0.432,75,1
2024-11-27 15:32:01,Active,0.209,0.476,75,1
2024-11-27 15:32:01,SLEEPING !!!,0.237,0.415,75,1
2024-11-27 15:32:01,Active,0.251,0.520,75,1
2024-11-27 15:32:01,Active,0.225,0.524,75,1
2024-11-27 15:32:01,Active,0.214,0.416,75,1
2024-11-27 15:32:01,Active,0.253,0.543,75,1
2024-11-27 15:32:01,Active,0.209,0.467,75,1
2024-11-27 15:32:01,Active,0.226,0.416,75,1
2024-11-27 15:32:01,Active,0.335,0.543,75,1
2024-11-27 15:32:01,Active,0.208,0.492,75,1
2024-11-27 15:32:01,Active,0.246,0.435,75,1
2024-11-27 15:32:01,Active,0.276,0.521,75,1
2024-11-27 15:32:01,Active,0.208,0.470,75,1
2024-11-27 15:32:01,Active,0.260,0.447,75,1
2024-11-27 15:32:01,Active,0.279,0.520,75,1
2024-11-27 15:32:01,Active,0.216,0.455,75,1
2024-11-27 15:32:01,Active,0.251,0.503,75,1
2024-11-27 15:32:01,Active,0.225,0.451,75,1
2024-11-27 15:32:01,Active,0.330,0.419,75,1
2024-11-27 15:32:02,Active,0.242,0.508,75,1
2024-11-27 15:32:02,Active,0.264,0.433,75,1
2024-11-27 15:32:02,Active,0.313,0.480,75,1
2024-11-27 15:32:02,Active,0.298,0.356,75,1
2024-11-27 15:32:02,Active,0.280,0.477,75,1
2024-11-27 15:32:02,Active,0.252,0.428,75,1
2024-11-27 15:32:02,Active,0.256,0.520,75,1
2024-11-27 15:32:02,Active,0.335,0.403,75,1
2024-11-27 15:32:02,Active,0.336,0.468,75,1
2024-11-27 15:32:02,Active,0.239,0.447,75,1
2024-11-27 15:32:02,Active,0.293,0.543,75,1
2024-11-27 15:32:02,Active,0.357,0.484,75,1
2024-11-27 15:32:02,Active,0.258,0.466,75,1
2024-11-27 15:32:02,Active,0.269,0.543,75,1
2024-11-27 15:32:02,Active,0.371,0.508,75,1
2024-11-27 15:32:02,Active,0.259,0.449,75,1
2024-11-27 15:32:02,Active,0.282,0.543,75,1
2024-11-27 15:32:02,Active,0.248,0.445,75,1
2024-11-27 15:32:02,Active,0.356,0.580,75,1
2024-11-27 15:32:02,Active,0.284,0.543,75,1
2024-11-27 15:32:02,Active,0.327,0.382,75,1
2024-11-27 15:32:02,Active,0.240,0.413,75,1
2024-11-27 15:32:02,Active,0.391,0.580,75,1
2024-11-27 15:32:02,Active,0.308,0.523,75,1
2024-11-27 15:32:02,Active,0.336,0.383,75,1
2024-11-27 15:32:02,Active,0.245,0.430,75,1
2024-11-27 15:32:02,Active,0.376,0.564,75,1
2024-11-27 15:32:02,Active,0.300,0.564,75,1
2024-11-27 15:32:02,Active,0.274,0.398,75,1
2024-11-27 15:32:02,Active,0.365,0.564,75,1
2024-11-27 15:32:02,Active,0.321,0.503,75,1
2024-11-27 15:32:02,Active,0.294,0.364,75,1
2024-11-27 15:32:02,Active,0.260,0.434,75,1
2024-11-27 15:32:02,Active,0.314,0.563,75,1
2024-11-27 15:32:02,Active,0.310,0.542,75,1
2024-11-27 15:32:02,Active,0.288,0.369,75,1
2024-11-27 15:32:02,Active,0.229,0.398,75,1
2024-11-27 15:32:02,Active,0.347,0.549,75,1
2024-11-27 15:32:02,Active,0.276,0.503,75,1
2024-11-27 15:32:02,Active,0.318,0.382,75,1
2024-11-27 15:32:02,Active,0.246,0.445,75,1
2024-11-27 15:32:02,Active,0.342,0.524,75,1
2024-11-27 15:32:02,Active,0.276,0.524,75,1
2024-11-27 15:32:02,Active,0.333,0.508,75,1
2024-11-27 15:32:02,Active,0.246,0.433,75,1
2024-11-27 15:32:02,Active,0.273,0.521,75,1
2024-11-27 15:32:02,Active,0.326,0.500,75,1
2024-11-27 15:32:02,Active,0.241,0.430,75,1
2024-11-27 15:32:02,Active,0.311,0.566,75,1
2024-11-27 15:32:02,Active,0.340,0.422,75,1
2024-11-27 15:32:02,Active,0.318,0.484,75,1
2024-11-27 15:32:02,Active,0.223,0.416,75,1
2024-11-27 15:32:02,Active,0.284,0.543,75,1
2024-11-27 15:32:02,Active,0.333,0.403,75,1
2024-11-27 15:32:02,Active,0.335,0.460,75,1
2024-11-27 15:32:02,Active,0.257,0.445,75,1
2024-11-27 15:32:02,Active,0.294,0.542,75,1
2024-11-27 15:32:02,Active,0.305,0.378,75,1
2024-11-27 15:32:02,Active,0.328,0.445,75,1
2024-11-27 15:32:02,Active,0.276,0.416,75,1
2024-11-27 15:32:02,Active,0.274,0.500,75,1
2024-11-27 15:32:02,Active,0.324,0.401,75,1
2024-11-27 15:32:02,Active,0.297,0.437,75,1
2024-11-27 15:32:02,Active,0.246,0.432,75,1
2024-11-27 15:32:02,Active,0.248,0.584,75,1
2024-11-27 15:32:02,Active,0.316,0.403,75,1
2024-11-27 15:32:02,Active,0.315,0.403,75,1
2024-11-27 15:32:02,Active,0.255,0.430,75,1
2024-11-27 15:32:02,Active,0.227,0.566,75,1
2024-11-27 15:32:02,Active,0.300,0.405,75,1
2024-11-27 15:32:02,Active,0.307,0.460,75,1
2024-11-27 15:32:02,Active,0.256,0.413,75,1
2024-11-27 15:32:02,Active,0.240,0.544,75,1
2024-11-27 15:32:02,Active,0.305,0.397,75,1
2024-11-27 15:32:02,Active,0.291,0.404,75,1
2024-11-27 15:32:02,Active,0.239,0.392,75,1
2024-11-27 15:32:02,Active,0.245,0.542,75,1
2024-11-27 15:32:02,Active,0.292,0.405,75,1
2024-11-27 15:32:02,Active,0.290,0.362,75,1
2024-11-27 15:32:02,Active,0.222,0.411,75,1
2024-11-27 15:32:02,Active,0.292,0.543,75,1
2024-11-27 15:32:02,Active,0.293,0.401,75,1
2024-11-27 15:32:02,Active,0.298,0.367,75,1
2024-11-27 15:32:02,Active,0.237,0.411,75,1
2024-11-27 15:32:02,Active,0.275,0.522,75,1
2024-11-27 15:32:02,Active,0.294,0.405,75,1
2024-11-27 15:32:02,Active,0.287,0.352,75,1
2024-11-27 15:32:02,Active,0.239,0.430,75,1
2024-11-27 15:32:02,Active,0.292,0.521,75,1
2024-11-27 15:32:02,Active,0.275,0.338,75,1
2024-11-27 15:32:02,Active,0.237,0.413,75,1
2024-11-27 15:32:02,Active,0.308,0.541,75,1
2024-11-27 15:32:02,Active,0.220,0.282,75,1
2024-11-27 15:32:02,Active,0.184,0.414,75,1
2024-11-27 15:32:02,SLEEPING !!!,0.240,0.522,75,1
2024-11-27 15:32:02,Active,0.282,0.417,76,1
2024-11-27 15:32:02,Active,0.161,0.264,76,1
2024-11-27 15:32:02,Active,0.255,0.395,76,1
2024-11-27 15:32:02,Active,0.259,0.542,76,1
2024-11-27 15:32:02,Active,0.364,0.388,76,1
2024-11-27 15:32:02,Active,0.154,0.238,76,1
2024-11-27 15:32:02,Active,0.247,0.400,76,1
2024-11-27 15:32:02,Active,0.321,0.545,76,1
2024-11-27 15:32:03,Active,0.303,0.410,76,1
2024-11-27 15:32:03,Active,0.134,0.308,76,1
2024-11-27 15:32:03,Active,0.240,0.413,76,1
2024-11-27 15:32:03,Active,0.275,0.545,76,1
2024-11-27 15:32:03,Active,0.317,0.383,76,1
2024-11-27 15:32:03,Active,0.125,0.371,76,1
2024-11-27 15:32:03,Active,0.290,0.436,76,1
2024-11-27 15:32:03,Active,0.322,0.367,76,1
2024-11-27 15:32:03,Active,0.248,0.521,76,1
2024-11-27 15:32:03,Active,0.127,0.446,76,1
2024-11-27 15:32:03,SLEEPING !!!,0.242,0.435,76,1
2024-11-27 15:32:03,SLEEPING !!!,0.250,0.545,76,1
2024-11-27 15:32:03,Active,0.303,0.401,77,1
2024-11-27 15:32:03,Active,0.144,0.476,77,1
2024-11-27 15:32:03,Active,0.237,0.418,77,1
2024-11-27 15:32:03,Active,0.271,0.543,77,1
2024-11-27 15:32:03,Active,0.296,0.421,77,1
2024-11-27 15:32:03,Active,0.168,0.460,77,1
2024-11-27 15:32:03,Active,0.296,0.402,77,1
2024-11-27 15:32:03,Active,0.262,0.543,77,1
2024-11-27 15:32:03,Active,0.288,0.386,77,1
2024-11-27 15:32:03,Active,0.181,0.462,77,1
2024-11-27 15:32:03,Active,0.251,0.401,77,1
2024-11-27 15:32:03,Active,0.264,0.543,77,1
2024-11-27 15:32:03,Active,0.364,0.367,77,1
2024-11-27 15:32:03,Active,0.185,0.443,77,1
2024-11-27 15:32:03,Active,0.241,0.413,77,1
2024-11-27 15:32:03,Active,0.264,0.561,77,1
2024-11-27 15:32:03,Active,0.326,0.373,77,1
2024-11-27 15:32:03,Active,0.202,0.383,77,1
2024-11-27 15:32:03,Active,0.279,0.414,77,1
2024-11-27 15:32:03,Active,0.242,0.501,77,1
2024-11-27 15:32:03,Active,0.170,0.400,77,1
2024-11-27 15:32:03,Active,0.283,0.413,77,1
2024-11-27 15:32:03,Active,0.268,0.543,77,1
2024-11-27 15:32:03,Active,0.201,0.351,77,1
2024-11-27 15:32:03,Active,0.262,0.543,77,1
2024-11-27 15:32:03,Active,0.209,0.400,77,1
2024-11-27 15:32:03,Active,0.319,0.383,77,1
2024-11-27 15:32:03,Active,0.195,0.404,77,1
2024-11-27 15:32:03,Active,0.223,0.433,77,1
2024-11-27 15:32:03,Active,0.255,0.540,77,1
2024-11-27 15:32:03,Active,0.319,0.378,77,1
2024-11-27 15:32:03,Active,0.182,0.446,77,1
2024-11-27 15:32:03,Active,0.201,0.416,77,1
2024-11-27 15:32:03,Active,0.292,0.502,77,1
2024-11-27 15:32:03,Active,0.292,0.441,77,1
2024-11-27 15:32:03,Active,0.170,0.476,77,1
2024-11-27 15:32:03,Active,0.256,0.432,77,1
2024-11-27 15:32:03,Active,0.252,0.561,77,1
2024-11-27 15:32:03,Active,0.140,0.435,77,1
2024-11-27 15:32:03,Active,0.256,0.418,77,1
2024-11-27 15:32:03,Active,0.231,0.521,77,1
2024-11-27 15:32:03,Active,0.123,0.445,77,1
2024-11-27 15:32:03,SLEEPING !!!,0.239,0.400,77,1
2024-11-27 15:32:03,Active,0.260,0.564,78,1
2024-11-27 15:32:03,Active,0.286,0.398,78,1
2024-11-27 15:32:03,Active,0.120,0.468,78,1
2024-11-27 15:32:03,Active,0.275,0.402,78,1
2024-11-27 15:32:03,Active,0.272,0.584,78,1
2024-11-27 15:32:03,Active,0.145,0.492,78,1
2024-11-27 15:32:03,Active,0.242,0.433,78,1
2024-11-27 15:32:03,Active,0.252,0.503,78,1
2024-11-27 15:32:03,Active,0.162,0.484,78,1
2024-11-27 15:32:03,Active,0.253,0.402,78,1
2024-11-27 15:32:03,Active,0.208,0.543,78,1
2024-11-27 15:32:03,Active,0.271,0.406,78,1
2024-11-27 15:32:03,Active,0.162,0.484,78,1
2024-11-27 15:32:03,Active,0.224,0.426,78,1
2024-11-27 15:32:03,Active,0.272,0.522,78,1
2024-11-27 15:32:03,Active,0.163,0.492,78,1
2024-11-27 15:32:03,Active,0.219,0.398,78,1
2024-11-27 15:32:03,SLEEPING !!!,0.244,0.566,78,1
2024-11-27 15:32:03,SLEEPING !!!,0.199,0.492,78,1
2024-11-27 15:32:03,Active,0.265,0.416,79,1
2024-11-27 15:32:03,Active,0.239,0.500,79,1
2024-11-27 15:32:03,Active,0.181,0.451,79,1
2024-11-27 15:32:03,SLEEPING !!!,0.240,0.400,79,1
2024-11-27 15:32:03,Active,0.252,0.501,79,1
2024-11-27 15:32:03,Active,0.182,0.484,79,1
2024-11-27 15:32:03,Active,0.288,0.400,79,1
2024-11-27 15:32:03,Active,0.207,0.500,79,1
2024-11-27 15:32:03,Active,0.179,0.468,79,1
2024-11-27 15:32:03,SLEEPING !!!,0.241,0.398,79,1
2024-11-27 15:32:03,Active,0.252,0.584,80,1
2024-11-27 15:32:03,Active,0.188,0.467,80,1
2024-11-27 15:32:03,Active,0.274,0.400,80,1
2024-11-27 15:32:03,Active,0.246,0.566,80,1
2024-11-27 15:32:03,Active,0.220,0.394,80,1
2024-11-27 15:32:03,Active,0.258,0.433,80,1
2024-11-27 15:32:03,Active,0.262,0.542,80,1
2024-11-27 15:32:03,Active,0.199,0.412,80,1
2024-11-27 15:32:03,Active,0.243,0.419,80,1
2024-11-27 15:32:03,SLEEPING !!!,0.234,0.543,80,1
2024-11-27 15:32:03,Active,0.293,0.369,81,1
2024-11-27 15:32:03,Active,0.206,0.391,81,1
2024-11-27 15:32:03,Active,0.246,0.400,81,1
2024-11-27 15:32:04,Active,0.271,0.542,81,1
2024-11-27 15:32:04,Active,0.213,0.370,81,1
2024-11-27 15:32:04,Active,0.250,0.413,81,1
2024-11-27 15:32:04,Active,0.231,0.520,81,1
2024-11-27 15:32:04,Active,0.202,0.355,81,1
2024-11-27 15:32:04,Active,0.291,0.522,81,1
2024-11-27 15:32:04,Active,0.243,0.449,81,1
2024-11-27 15:32:04,Active,0.202,0.334,81,1
2024-11-27 15:32:04,Active,0.287,0.543,81,1
2024-11-27 15:32:04,Active,0.243,0.416,81,1
2024-11-27 15:32:04,Active,0.319,0.364,81,1
2024-11-27 15:32:04,Active,0.193,0.334,81,1
2024-11-27 15:32:04,Active,0.248,0.522,81,1
2024-11-27 15:32:04,SLEEPING !!!,0.238,0.475,81,1
2024-11-27 15:32:04,SLEEPING !!!,0.205,0.303,81,1
2024-11-27 15:32:04,Active,0.290,0.463,82,1
2024-11-27 15:32:04,Active,0.234,0.522,82,1
2024-11-27 15:32:04,Active,0.216,0.339,82,1
2024-11-27 15:32:04,Active,0.271,0.541,82,1
2024-11-27 15:32:04,Active,0.281,0.478,82,1
2024-11-27 15:32:04,Active,0.296,0.382,82,1
2024-11-27 15:32:04,Active,0.212,0.339,82,1
2024-11-27 15:32:04,Active,0.269,0.520,82,1
2024-11-27 15:32:04,Active,0.183,0.481,82,1
2024-11-27 15:32:04,Active,0.309,0.393,82,1
2024-11-27 15:32:04,Active,0.186,0.312,82,1
2024-11-27 15:32:04,Active,0.233,0.515,82,1
2024-11-27 15:32:04,SLEEPING !!!,0.234,0.566,82,1
2024-11-27 15:32:04,Active,0.291,0.585,83,1
2024-11-27 15:32:04,Active,0.187,0.296,83,1
2024-11-27 15:32:04,Active,0.242,0.517,83,1
2024-11-27 15:32:04,SLEEPING !!!,0.193,0.274,83,1
2024-11-27 15:32:04,Active,0.293,0.465,83,1
2024-11-27 15:32:04,Active,0.232,0.560,83,1
2024-11-27 15:32:04,Active,0.346,0.397,83,1
2024-11-27 15:32:04,Active,0.197,0.288,83,1
2024-11-27 15:32:04,Active,0.277,0.478,83,1
2024-11-27 15:32:04,Active,0.243,0.521,83,1
2024-11-27 15:32:04,Active,0.200,0.323,83,1
2024-11-27 15:32:04,SLEEPING !!!,0.243,0.464,83,1
2024-11-27 15:32:04,Active,0.302,0.523,84,1
2024-11-27 15:32:04,Active,0.192,0.311,84,1
2024-11-27 15:32:04,Active,0.299,0.463,84,1
2024-11-27 15:32:04,Active,0.242,0.543,84,1
2024-11-27 15:32:04,Active,0.200,0.344,84,1
2024-11-27 15:32:04,Active,0.294,0.520,84,1
2024-11-27 15:32:04,Active,0.240,0.518,84,1
2024-11-27 15:32:04,Active,0.215,0.398,84,1
2024-11-27 15:32:04,Active,0.268,0.542,84,1
2024-11-27 15:32:04,Active,0.295,0.515,84,1
2024-11-27 15:32:04,Active,0.194,0.422,84,1
2024-11-27 15:32:04,Active,0.292,0.542,84,1
2024-11-27 15:32:04,Active,0.260,0.517,84,1
2024-11-27 15:32:04,Active,0.205,0.407,84,1
2024-11-27 15:32:04,Active,0.239,0.566,84,1
2024-11-27 15:32:04,Active,0.276,0.542,84,1
2024-11-27 15:32:04,Active,0.319,0.403,84,1
2024-11-27 15:32:04,Active,0.197,0.429,84,1
2024-11-27 15:32:04,Active,0.255,0.532,84,1
2024-11-27 15:32:04,Active,0.270,0.542,84,1
2024-11-27 15:32:04,Active,0.203,0.469,84,1
2024-11-27 15:32:04,Active,0.268,0.542,84,1
2024-11-27 15:32:04,Active,0.260,0.464,84,1
2024-11-27 15:32:04,Active,0.311,0.383,84,1
2024-11-27 15:32:04,Active,0.220,0.477,84,1
2024-11-27 15:32:04,Active,0.263,0.518,84,1
2024-11-27 15:32:04,Active,0.239,0.501,84,1
2024-11-27 15:32:04,Active,0.335,0.414,84,1
2024-11-27 15:32:04,Active,0.202,0.469,84,1
2024-11-27 15:32:04,Active,0.283,0.467,84,1
2024-11-27 15:32:04,Active,0.259,0.584,84,1
2024-11-27 15:32:04,Active,0.299,0.393,84,1
2024-11-27 15:32:04,Active,0.215,0.426,84,1
2024-11-27 15:32:04,Active,0.259,0.541,84,1
2024-11-27 15:32:04,Active,0.284,0.500,84,1
2024-11-27 15:32:04,Active,0.291,0.374,84,1
2024-11-27 15:32:04,Active,0.232,0.419,84,1
2024-11-27 15:32:04,Active,0.294,0.500,84,1
2024-11-27 15:32:04,Active,0.219,0.542,84,1
2024-11-27 15:32:04,Active,0.322,0.364,84,1
2024-11-27 15:32:04,Active,0.210,0.493,84,1
2024-11-27 15:32:04,Active,0.259,0.481,84,1
2024-11-27 15:32:04,Active,0.253,0.585,84,1
2024-11-27 15:32:04,Active,0.306,0.395,84,1
2024-11-27 15:32:04,Active,0.220,0.500,84,1
2024-11-27 15:32:04,Active,0.326,0.460,84,1
2024-11-27 15:32:04,Active,0.258,0.563,84,1
2024-11-27 15:32:04,Active,0.313,0.402,84,1
2024-11-27 15:32:04,Active,0.215,0.476,84,1
2024-11-27 15:32:04,Active,0.312,0.479,84,1
2024-11-27 15:32:04,Active,0.268,0.564,84,1
2024-11-27 15:32:04,Active,0.225,0.469,84,1
2024-11-27 15:32:04,Active,0.273,0.561,84,1
2024-11-27 15:32:04,Active,0.298,0.535,84,1
2024-11-27 15:32:04,Active,0.220,0.517,84,1
2024-11-27 15:32:04,Active,0.252,0.543,84,1
2024-11-27 15:32:04,Active,0.294,0.500,84,1
2024-11-27 15:32:04,Active,0.237,0.508,84,1
2024-11-27 15:32:05,Active,0.280,0.535,84,1
2024-11-27 15:32:05,Active,0.271,0.542,84,1
2024-11-27 15:32:05,Active,0.314,0.399,84,1
2024-11-27 15:32:05,Active,0.232,0.468,84,1
2024-11-27 15:32:05,Active,0.272,0.500,84,1
2024-11-27 15:32:05,Active,0.276,0.478,84,1
2024-11-27 15:32:05,Active,0.221,0.500,84,1
2024-11-27 15:32:05,Active,0.277,0.484,84,1
2024-11-27 15:32:05,Active,0.239,0.521,84,1
2024-11-27 15:32:05,Active,0.303,0.367,84,1
2024-11-27 15:32:05,Active,0.215,0.469,84,1
2024-11-27 15:32:05,Active,0.312,0.428,84,1
2024-11-27 15:32:05,Active,0.248,0.521,84,1
2024-11-27 15:32:05,Active,0.301,0.364,84,1
2024-11-27 15:32:05,Active,0.237,0.484,84,1
2024-11-27 15:32:05,Active,0.304,0.530,84,1
2024-11-27 15:32:05,Active,0.231,0.522,84,1
2024-11-27 15:32:05,Active,0.322,0.405,84,1
2024-11-27 15:32:05,Active,0.234,0.452,84,1
2024-11-27 15:32:05,Active,0.223,0.522,84,1
2024-11-27 15:32:05,Active,0.259,0.498,84,1
2024-11-27 15:32:05,Active,0.323,0.386,84,1
2024-11-27 15:32:05,Active,0.221,0.484,84,1
2024-11-27 15:32:05,Active,0.239,0.485,84,1
2024-11-27 15:32:05,SLEEPING !!!,0.248,0.522,84,1
2024-11-27 15:32:05,Active,0.313,0.382,85,1
2024-11-27 15:32:05,Active,0.238,0.467,85,1
2024-11-27 15:32:05,Active,0.252,0.498,85,1
2024-11-27 15:32:05,Active,0.271,0.521,85,1
2024-11-27 15:32:05,Active,0.331,0.367,85,1
2024-11-27 15:32:05,Active,0.246,0.450,85,1
2024-11-27 15:32:05,Active,0.240,0.532,85,1
2024-11-27 15:32:05,Active,0.272,0.522,85,1
2024-11-27 15:32:05,Active,0.326,0.426,85,1
2024-11-27 15:32:05,Active,0.260,0.442,85,1
2024-11-27 15:32:05,Active,0.275,0.522,85,1
2024-11-27 15:32:05,Active,0.276,0.467,85,1
2024-11-27 15:32:05,Active,0.319,0.364,85,1
2024-11-27 15:32:05,Active,0.233,0.452,85,1
2024-11-27 15:32:05,Active,0.273,0.435,85,1
2024-11-27 15:32:05,Active,0.207,0.522,85,1
2024-11-27 15:32:05,Active,0.315,0.382,85,1
2024-11-27 15:32:05,Active,0.220,0.516,85,1
2024-11-27 15:32:05,Active,0.289,0.514,85,1
2024-11-27 15:32:05,Active,0.242,0.522,85,1
2024-11-27 15:32:05,Active,0.282,0.401,85,1
2024-11-27 15:32:05,Active,0.250,0.508,85,1
2024-11-27 15:32:05,Active,0.231,0.442,85,1
2024-11-27 15:32:05,Active,0.223,0.521,85,1
2024-11-27 15:32:05,Active,0.299,0.381,85,1
2024-11-27 15:32:05,Active,0.242,0.500,85,1
2024-11-27 15:32:05,Active,0.234,0.497,85,1
2024-11-27 15:32:05,Active,0.272,0.522,85,1
2024-11-27 15:32:05,Active,0.324,0.403,85,1
2024-11-27 15:32:05,Active,0.234,0.508,85,1
2024-11-27 15:32:05,Active,0.226,0.514,85,1
2024-11-27 15:32:05,SLEEPING !!!,0.250,0.522,85,1
2024-11-27 15:32:05,SLEEPING !!!,0.226,0.493,85,1
2024-11-27 15:32:05,SLEEPING !!!,0.234,0.462,85,1
2024-11-27 15:32:05,Active,0.251,0.502,86,1
2024-11-27 15:32:05,Active,0.258,0.508,86,1
2024-11-27 15:32:05,Active,0.263,0.500,86,1
2024-11-27 15:32:05,Active,0.250,0.543,86,1
2024-11-27 15:32:05,Active,0.246,0.485,86,1
2024-11-27 15:32:05,Active,0.278,0.467,86,1
2024-11-27 15:32:05,Active,0.239,0.521,86,1
2024-11-27 15:32:05,Active,0.251,0.493,86,1
2024-11-27 15:32:05,Active,0.236,0.532,86,1
2024-11-27 15:32:05,Active,0.262,0.543,86,1
2024-11-27 15:32:05,Active,0.223,0.470,86,1
2024-11-27 15:32:05,Active,0.227,0.464,86,1
2024-11-27 15:32:05,SLEEPING !!!,0.242,0.584,86,1
2024-11-27 15:32:05,Active,0.345,0.400,87,1
2024-11-27 15:32:05,Active,0.258,0.470,87,1
2024-11-27 15:32:05,Active,0.228,0.464,87,1
2024-11-27 15:32:05,Active,0.240,0.542,87,1
2024-11-27 15:32:05,Active,0.305,0.400,87,1
2024-11-27 15:32:05,Active,0.230,0.477,87,1
2024-11-27 15:32:05,Active,0.237,0.445,87,1
2024-11-27 15:32:05,SLEEPING !!!,0.242,0.541,87,1
2024-11-27 15:32:05,Active,0.259,0.470,88,1
2024-11-27 15:32:05,Active,0.244,0.465,88,1
2024-11-27 15:32:05,Active,0.240,0.584,88,1
2024-11-27 15:32:05,SLEEPING !!!,0.247,0.493,88,1
2024-11-27 15:32:05,Active,0.256,0.483,88,1
2024-11-27 15:32:05,Active,0.240,0.584,88,1
2024-11-27 15:32:05,Active,0.243,0.485,88,1
2024-11-27 15:32:05,Active,0.265,0.498,88,1
2024-11-27 15:32:05,Active,0.241,0.581,88,1
2024-11-27 15:32:05,Active,0.258,0.470,88,1
2024-11-27 15:32:05,Active,0.222,0.480,88,1
2024-11-27 15:32:05,Active,0.261,0.580,88,1
2024-11-27 15:32:05,Active,0.317,0.405,88,1
2024-11-27 15:32:06,Active,0.258,0.478,88,1
2024-11-27 15:32:06,Active,0.284,0.540,88,1
2024-11-27 15:32:06,Active,0.243,0.457,88,1
2024-11-27 15:32:06,Active,0.296,0.362,88,1
2024-11-27 15:32:06,Active,0.266,0.463,88,1
2024-11-27 15:32:06,Active,0.227,0.496,88,1
2024-11-27 15:32:06,Active,0.261,0.542,88,1
2024-11-27 15:32:06,Active,0.342,0.401,88,1
2024-11-27 15:32:06,Active,0.251,0.470,88,1
2024-11-27 15:32:06,Active,0.251,0.521,88,1
2024-11-27 15:32:06,Active,0.224,0.480,88,1
2024-11-27 15:32:06,Active,0.309,0.382,88,1
2024-11-27 15:32:06,Active,0.267,0.463,88,1
2024-11-27 15:32:06,Active,0.229,0.496,88,1
2024-11-27 15:32:06,Active,0.264,0.500,88,1
2024-11-27 15:32:06,Active,0.334,0.421,88,1
2024-11-27 15:32:06,Active,0.274,0.455,88,1
2024-11-27 15:32:06,Active,0.284,0.524,88,1
2024-11-27 15:32:06,Active,0.231,0.426,88,1
2024-11-27 15:32:06,Active,0.270,0.455,88,1
2024-11-27 15:32:06,Active,0.327,0.523,88,1
2024-11-27 15:32:06,Active,0.280,0.447,88,1
2024-11-27 15:32:06,Active,0.266,0.471,88,1
2024-11-27 15:32:06,Active,0.294,0.502,88,1
2024-11-27 15:32:06,Active,0.220,0.447,88,1
2024-11-27 15:32:06,Active,0.275,0.470,88,1
2024-11-27 15:32:06,Active,0.283,0.481,88,1
2024-11-27 15:32:06,Active,0.286,0.497,88,1
2024-11-27 15:32:06,Active,0.282,0.463,88,1
2024-11-27 15:32:06,Active,0.219,0.497,88,1
2024-11-27 15:32:06,Active,0.302,0.581,88,1
2024-11-27 15:32:06,Active,0.266,0.470,88,1
2024-11-27 15:32:06,Active,0.262,0.466,88,1
2024-11-27 15:32:06,Active,0.261,0.640,88,1
2024-11-27 15:32:06,Active,0.291,0.447,88,1
2024-11-27 15:32:06,Active,0.220,0.481,88,1
2024-11-27 15:32:06,Active,0.281,0.655,88,1
2024-11-27 15:32:06,Active,0.278,0.455,88,1
2024-11-27 15:32:06,Active,0.240,0.479,88,1
2024-11-27 15:32:06,Active,0.253,0.630,88,1
2024-11-27 15:32:06,Active,0.267,0.461,88,1
2024-11-27 15:32:06,Active,0.282,0.500,88,1
2024-11-27 15:32:06,Active,0.250,0.574,88,1
2024-11-27 15:32:06,Active,0.287,0.462,88,1
2024-11-27 15:32:06,Active,0.259,0.498,88,1
2024-11-27 15:32:06,Active,0.235,0.483,88,1
2024-11-27 15:32:06,Active,0.266,0.446,88,1
2024-11-27 15:32:06,Active,0.246,0.462,88,1
2024-11-27 15:32:06,Active,0.200,0.501,88,1
2024-11-27 15:32:06,Active,0.262,0.462,88,1
2024-11-27 15:32:06,Active,0.243,0.519,88,1
2024-11-27 15:32:06,Active,0.247,0.498,88,1
2024-11-27 15:32:06,Active,0.278,0.462,88,1
2024-11-27 15:32:06,Active,0.195,0.519,88,1
2024-11-27 15:32:06,Active,0.264,0.498,88,1
2024-11-27 15:32:06,Active,0.282,0.454,88,1
2024-11-27 15:32:06,Active,0.208,0.520,88,1
2024-11-27 15:32:06,Active,0.259,0.498,88,1
2024-11-27 15:32:06,Active,0.283,0.462,88,1
2024-11-27 15:32:06,Active,0.254,0.482,88,1
2024-11-27 15:32:06,Active,0.249,0.481,88,1
2024-11-27 15:32:06,Active,0.279,0.469,88,1
2024-11-27 15:32:06,Active,0.250,0.519,88,1
2024-11-27 15:32:06,Active,0.225,0.515,88,1
2024-11-27 15:32:06,Active,0.262,0.447,88,1
2024-11-27 15:32:06,Active,0.249,0.482,88,1
2024-11-27 15:32:06,Active,0.240,0.552,88,1
2024-11-27 15:32:06,Active,0.278,0.446,88,1
2024-11-27 15:32:06,Active,0.283,0.465,88,1
2024-11-27 15:32:06,Active,0.272,0.498,88,1
2024-11-27 15:32:06,Active,0.271,0.446,88,1
2024-11-27 15:32:06,Active,0.245,0.503,88,1
2024-11-27 15:32:06,Active,0.264,0.481,88,1
2024-11-27 15:32:06,Active,0.262,0.454,88,1
2024-11-27 15:32:06,Active,0.250,0.500,88,1
2024-11-27 15:32:06,Active,0.264,0.501,88,1
2024-11-27 15:32:06,Active,0.323,0.364,88,1
2024-11-27 15:32:06,Active,0.254,0.462,88,1
2024-11-27 15:32:06,Active,0.251,0.464,88,1
2024-11-27 15:32:06,Active,0.278,0.535,88,1
2024-11-27 15:32:06,Active,0.303,0.424,88,1
2024-11-27 15:32:06,Active,0.274,0.447,88,1
2024-11-27 15:32:06,Active,0.217,0.427,88,1
2024-11-27 15:32:06,Active,0.260,0.568,88,1
2024-11-27 15:32:06,Active,0.271,0.439,88,1
2024-11-27 15:32:06,Active,0.242,0.462,88,1
2024-11-27 15:32:06,Active,0.285,0.549,88,1
2024-11-27 15:32:06,Active,0.254,0.440,88,1
2024-11-27 15:32:06,Active,0.207,0.443,88,1
2024-11-27 15:32:06,Active,0.235,0.551,88,1
2024-11-27 15:32:06,Active,0.301,0.386,88,1
2024-11-27 15:32:07,Active,0.274,0.446,88,1
2024-11-27 15:32:07,Active,0.242,0.531,88,1
2024-11-27 15:32:07,Active,0.266,0.463,88,1
2024-11-27 15:32:07,Active,0.282,0.446,88,1
2024-11-27 15:32:07,Active,0.230,0.464,88,1
2024-11-27 15:32:07,Active,0.239,0.534,88,1
2024-11-27 15:32:07,Active,0.286,0.438,88,1
2024-11-27 15:32:07,Active,0.219,0.520,88,1
2024-11-27 15:32:07,Active,0.246,0.533,88,1
2024-11-27 15:32:07,Active,0.275,0.438,88,1
2024-11-27 15:32:07,Active,0.239,0.483,88,1
2024-11-27 15:32:07,Active,0.258,0.515,88,1
2024-11-27 15:32:07,Active,0.270,0.438,88,1
2024-11-27 15:32:07,Active,0.243,0.483,88,1
2024-11-27 15:32:07,Active,0.259,0.515,88,1
2024-11-27 15:32:07,Active,0.255,0.439,88,1
2024-11-27 15:32:07,Active,0.240,0.517,88,1
2024-11-27 15:32:07,Active,0.234,0.549,88,1
2024-11-27 15:32:07,Active,0.333,0.403,88,1
2024-11-27 15:32:07,Active,0.271,0.430,88,1
2024-11-27 15:32:07,Active,0.245,0.484,88,1
2024-11-27 15:32:07,Active,0.280,0.530,88,1
2024-11-27 15:32:07,Active,0.287,0.400,88,1
2024-11-27 15:32:07,Active,0.270,0.438,88,1
2024-11-27 15:32:07,Active,0.208,0.467,88,1
2024-11-27 15:32:07,Active,0.243,0.533,88,1
2024-11-27 15:32:07,Active,0.259,0.445,88,1
2024-11-27 15:32:07,Active,0.197,0.451,88,1
2024-11-27 15:32:07,Active,0.237,0.516,88,1
2024-11-27 15:32:07,Active,0.270,0.438,88,1
2024-11-27 15:32:07,Active,0.192,0.449,88,1
2024-11-27 15:32:07,Active,0.277,0.444,88,1
2024-11-27 15:32:07,Active,0.278,0.431,88,1
2024-11-27 15:32:07,Active,0.194,0.452,88,1
2024-11-27 15:32:07,Active,0.280,0.463,88,1
2024-11-27 15:32:07,Active,0.285,0.402,88,1
2024-11-27 15:32:07,Active,0.267,0.461,88,1
2024-11-27 15:32:07,Active,0.166,0.468,88,1
2024-11-27 15:32:07,Active,0.236,0.445,88,1
2024-11-27 15:32:07,Active,0.271,0.453,88,1
2024-11-27 15:32:07,Active,0.208,0.468,88,1
2024-11-27 15:32:07,Active,0.222,0.428,88,1
2024-11-27 15:32:07,Active,0.290,0.447,88,1
2024-11-27 15:32:07,Active,0.243,0.483,88,1
2024-11-27 15:32:07,Active,0.220,0.447,88,1
2024-11-27 15:32:07,Active,0.274,0.461,88,1
2024-11-27 15:32:07,Active,0.250,0.468,88,1
2024-11-27 15:32:07,Active,0.226,0.518,88,1
2024-11-27 15:32:07,Active,0.263,0.469,88,1
2024-11-27 15:32:07,Active,0.194,0.469,88,1
2024-11-27 15:32:07,Active,0.224,0.480,88,1
2024-11-27 15:32:07,Active,0.317,0.399,88,1
2024-11-27 15:32:07,Active,0.255,0.454,88,1
2024-11-27 15:32:07,Active,0.194,0.467,88,1
2024-11-27 15:32:07,Active,0.240,0.447,88,1
2024-11-27 15:32:07,Active,0.278,0.446,88,1
2024-11-27 15:32:07,Active,0.183,0.450,88,1
2024-11-27 15:32:07,Active,0.240,0.515,88,1
2024-11-27 15:32:07,Active,0.282,0.462,88,1
2024-11-27 15:32:07,Active,0.195,0.436,88,1
2024-11-27 15:32:07,Active,0.287,0.518,88,1
2024-11-27 15:32:07,Active,0.282,0.461,88,1
2024-11-27 15:32:07,Active,0.163,0.436,88,1
2024-11-27 15:32:07,Active,0.205,0.549,88,1
2024-11-27 15:32:07,Active,0.290,0.454,88,1
2024-11-27 15:32:07,Active,0.173,0.417,88,1
2024-11-27 15:32:07,Active,0.233,0.478,88,1
2024-11-27 15:32:07,Active,0.282,0.454,88,1
2024-11-27 15:32:07,Active,0.195,0.422,88,1
2024-11-27 15:32:07,Active,0.234,0.532,88,1
2024-11-27 15:32:07,Active,0.281,0.454,88,1
2024-11-27 15:32:07,Active,0.193,0.403,88,1
2024-11-27 15:32:07,Active,0.246,0.568,88,1
2024-11-27 15:32:07,Active,0.319,0.386,88,1
2024-11-27 15:32:07,Active,0.282,0.469,88,1
2024-11-27 15:32:07,Active,0.206,0.420,88,1
2024-11-27 15:32:07,Active,0.226,0.498,88,1
2024-11-27 15:32:07,Active,0.298,0.381,88,1
2024-11-27 15:32:07,Active,0.282,0.454,88,1
2024-11-27 15:32:07,Active,0.208,0.401,88,1
2024-11-27 15:32:07,Active,0.278,0.428,88,1
2024-11-27 15:32:07,Active,0.295,0.368,88,1
2024-11-27 15:32:07,Active,0.289,0.462,88,1
2024-11-27 15:32:07,Active,0.216,0.420,88,1
2024-11-27 15:32:07,Active,0.252,0.479,88,1
2024-11-27 15:32:07,Active,0.289,0.381,88,1
2024-11-27 15:32:07,Active,0.297,0.432,88,1
2024-11-27 15:32:07,Active,0.210,0.434,88,1
2024-11-27 15:32:07,Active,0.264,0.447,88,1
2024-11-27 15:32:07,Active,0.288,0.366,88,1
2024-11-27 15:32:07,Active,0.282,0.454,88,1
2024-11-27 15:32:07,Active,0.223,0.404,88,1
2024-11-27 15:32:07,Active,0.222,0.480,88,1
2024-11-27 15:32:07,Active,0.290,0.462,88,1
2024-11-27 15:32:07,Active,0.199,0.420,88,1
2024-11-27 15:32:07,Active,0.238,0.483,88,1
2024-11-27 15:32:07,Active,0.294,0.447,88,1
2024-11-27 15:32:07,Active,0.243,0.400,88,1
2024-11-27 15:32:07,Active,0.248,0.480,88,1
2024-11-27 15:32:07,Active,0.303,0.401,88,1
2024-11-27 15:32:08,Active,0.289,0.454,88,1
2024-11-27 15:32:08,Active,0.199,0.384,88,1
2024-11-27 15:32:08,Active,0.259,0.464,88,1
2024-11-27 15:32:08,Active,0.284,0.384,88,1
2024-11-27 15:32:08,Active,0.294,0.461,88,1
2024-11-27 15:32:08,Active,0.221,0.384,88,1
2024-11-27 15:32:08,Active,0.250,0.464,88,1
2024-11-27 15:32:08,Active,0.289,0.382,88,1
2024-11-27 15:32:08,Active,0.297,0.447,88,1
2024-11-27 15:32:08,Active,0.197,0.403,88,1
2024-11-27 15:32:08,Active,0.293,0.479,88,1
2024-11-27 15:32:08,Active,0.293,0.461,88,1
2024-11-27 15:32:08,Active,0.195,0.401,88,1
2024-11-27 15:32:08,Active,0.228,0.479,88,1
2024-11-27 15:32:08,Active,0.282,0.469,88,1
2024-11-27 15:32:08,Active,0.207,0.401,88,1
2024-11-27 15:32:08,Active,0.289,0.497,88,1
2024-11-27 15:32:08,Active,0.317,0.398,88,1
2024-11-27 15:32:08,Active,0.303,0.462,88,1
2024-11-27 15:32:08,Active,0.187,0.388,88,1
2024-11-27 15:32:08,Active,0.270,0.460,88,1
2024-11-27 15:32:08,Active,0.289,0.401,88,1
2024-11-27 15:32:08,Active,0.290,0.462,88,1
2024-11-27 15:32:08,Active,0.238,0.415,88,1
2024-11-27 15:32:08,Active,0.232,0.481,88,1
2024-11-27 15:32:08,Active,0.300,0.381,88,1
2024-11-27 15:32:08,Active,0.290,0.439,88,1
2024-11-27 15:32:08,Active,0.238,0.415,88,1
2024-11-27 15:32:08,Active,0.242,0.497,88,1
2024-11-27 15:32:08,Active,0.289,0.364,88,1
2024-11-27 15:32:08,Active,0.297,0.454,88,1
2024-11-27 15:32:08,Active,0.238,0.400,88,1
2024-11-27 15:32:08,Active,0.285,0.446,88,1
2024-11-27 15:32:08,Active,0.288,0.403,88,1
2024-11-27 15:32:08,Active,0.305,0.446,88,1
2024-11-27 15:32:08,Active,0.261,0.401,88,1
2024-11-27 15:32:08,Active,0.251,0.534,88,1
2024-11-27 15:32:08,Active,0.298,0.381,88,1
2024-11-27 15:32:08,Active,0.282,0.461,88,1
2024-11-27 15:32:08,Active,0.208,0.420,88,1
2024-11-27 15:32:08,Active,0.234,0.514,88,1
2024-11-27 15:32:08,Active,0.278,0.364,88,1
2024-11-27 15:32:08,Active,0.297,0.447,88,1
2024-11-27 15:32:08,Active,0.256,0.400,88,1
2024-11-27 15:32:08,Active,0.270,0.500,88,1
2024-11-27 15:32:08,Active,0.273,0.361,88,1
2024-11-27 15:32:08,Active,0.290,0.453,88,1
2024-11-27 15:32:08,Active,0.259,0.434,88,1
2024-11-27 15:32:08,Active,0.210,0.517,88,1
2024-11-27 15:32:08,Active,0.289,0.382,88,1
2024-11-27 15:32:08,Active,0.282,0.446,88,1
2024-11-27 15:32:08,Active,0.259,0.467,88,1
2024-11-27 15:32:08,Active,0.242,0.483,88,1
2024-11-27 15:32:08,Active,0.287,0.364,88,1
2024-11-27 15:32:08,Active,0.251,0.446,88,1
2024-11-27 15:32:08,Active,0.207,0.502,88,1
2024-11-27 15:32:08,Active,0.297,0.462,88,1
2024-11-27 15:32:08,Active,0.250,0.382,88,1
2024-11-27 15:32:08,Active,0.242,0.431,88,1
2024-11-27 15:32:08,SLEEPING !!!,0.183,0.534,88,1
2024-11-27 15:32:08,SLEEPING !!!,0.236,0.532,88,1
2024-11-27 15:32:08,SLEEPING !!!,0.234,0.422,88,1
2024-11-27 15:32:08,SLEEPING !!!,0.178,0.549,88,1
2024-11-27 15:32:08,SLEEPING !!!,0.231,0.479,88,1
2024-11-27 15:32:08,SLEEPING !!!,0.209,0.597,88,1
2024-11-27 15:32:08,Active,0.254,0.445,89,1
2024-11-27 15:32:08,Active,0.254,0.497,89,1
2024-11-27 15:32:08,Active,0.239,0.445,89,1
2024-11-27 15:32:08,Active,0.223,0.494,89,1
2024-11-27 15:32:08,SLEEPING !!!,0.174,0.595,89,1
2024-11-27 15:32:08,Active,0.301,0.256,89,1
2024-11-27 15:32:08,Active,0.256,0.452,89,1
2024-11-27 15:32:08,Active,0.313,0.410,89,1
2024-11-27 15:32:08,Active,0.238,0.667,89,1
2024-11-27 15:32:08,Active,0.243,0.476,89,1
2024-11-27 15:32:08,Active,0.275,0.497,89,1
2024-11-27 15:32:08,Active,0.252,0.699,89,1
2024-11-27 15:32:08,Active,0.217,0.437,89,1
2024-11-27 15:32:08,Active,0.250,0.479,89,1
2024-11-27 15:32:08,Active,0.290,0.666,89,1
2024-11-27 15:32:08,Active,0.249,0.370,89,1
2024-11-27 15:32:08,Active,0.252,0.451,89,1
2024-11-27 15:32:08,Active,0.259,0.428,89,1
2024-11-27 15:32:08,Active,0.266,0.696,89,1
2024-11-27 15:32:08,Active,0.221,0.442,89,1
2024-11-27 15:32:08,Active,0.240,0.475,89,1
2024-11-27 15:32:08,Active,0.302,0.741,89,1
2024-11-27 15:32:08,Active,0.225,0.467,89,1
2024-11-27 15:32:08,Active,0.228,0.498,89,1
2024-11-27 15:32:08,Active,0.295,0.661,89,1
2024-11-27 15:32:08,Active,0.231,0.451,89,1
2024-11-27 15:32:08,Active,0.228,0.535,89,1
2024-11-27 15:32:08,Active,0.273,0.661,89,1
2024-11-27 15:32:08,Active,0.210,0.451,89,1
2024-11-27 15:32:08,Active,0.206,0.517,89,1
2024-11-27 15:32:08,Active,0.322,0.682,89,1
2024-11-27 15:32:08,Active,0.232,0.468,89,1
2024-11-27 15:32:08,Active,0.180,0.498,89,1
2024-11-27 15:32:08,Active,0.315,0.664,89,1
2024-11-27 15:32:08,Active,0.216,0.458,89,1
2024-11-27 15:32:08,Active,0.186,0.464,89,1
2024-11-27 15:32:08,Active,0.335,0.682,89,1
2024-11-27 15:32:08,Active,0.244,0.459,89,1
2024-11-27 15:32:08,Active,0.256,0.393,89,1
2024-11-27 15:32:08,Active,0.316,0.651,89,1
2024-11-27 15:32:09,Active,0.255,0.484,89,1
2024-11-27 15:32:09,Active,0.263,0.446,89,1
2024-11-27 15:32:09,Active,0.325,0.651,89,1
2024-11-27 15:32:09,Active,0.245,0.457,89,1
2024-11-27 15:32:09,Active,0.243,0.515,89,1
2024-11-27 15:32:09,Active,0.287,0.672,89,1
2024-11-27 15:32:09,Active,0.253,0.466,89,1
2024-11-27 15:32:09,Active,0.271,0.498,89,1
2024-11-27 15:32:09,Active,0.353,0.692,89,1
2024-11-27 15:32:09,Active,0.217,0.484,89,1
2024-11-27 15:32:09,Active,0.264,0.551,89,1
2024-11-27 15:32:09,Active,0.297,0.741,89,1
2024-11-27 15:32:09,Active,0.237,0.458,89,1
2024-11-27 15:32:09,Active,0.295,0.498,89,1
2024-11-27 15:32:09,Active,0.292,0.809,89,1
2024-11-27 15:32:09,Active,0.247,0.466,89,1
2024-11-27 15:32:09,Active,0.298,0.432,89,1
2024-11-27 15:32:09,Active,0.312,0.697,89,1
2024-11-27 15:32:09,Active,0.237,0.369,89,1
2024-11-27 15:32:09,Active,0.247,0.387,89,1
2024-11-27 15:32:09,SLEEPING !!!,0.247,0.404,89,1
2024-11-27 15:32:09,Active,0.338,0.483,90,1
2024-11-27 15:32:09,Active,0.331,0.149,90,1
2024-11-27 15:32:09,Active,0.236,0.457,90,1
2024-11-27 15:32:09,Active,0.358,0.561,90,1
2024-11-27 15:32:09,Active,0.317,0.154,90,1
2024-11-27 15:32:09,Active,0.221,0.457,90,1
2024-11-27 15:32:09,Active,0.297,0.448,90,1
2024-11-27 15:32:09,Active,0.355,0.227,90,1
2024-11-27 15:32:09,Active,0.221,0.464,90,1
2024-11-27 15:32:09,Active,0.344,0.519,90,1
2024-11-27 15:32:09,Active,0.385,0.366,90,1
2024-11-27 15:32:09,Active,0.214,0.474,90,1
2024-11-27 15:32:09,Active,0.299,0.402,90,1
2024-11-27 15:32:09,Active,0.321,0.626,90,1
2024-11-27 15:32:09,Active,0.323,0.732,90,1
2024-11-27 15:32:09,Active,0.222,0.500,90,1
2024-11-27 15:32:09,Active,0.330,0.467,90,1
2024-11-27 15:32:09,Active,0.198,0.432,90,1
2024-11-27 15:32:09,Active,0.333,0.715,90,1
2024-11-27 15:32:09,Active,0.216,0.392,90,1
2024-11-27 15:32:09,Active,0.307,0.533,90,1
2024-11-27 15:32:09,Active,0.212,0.389,90,1
2024-11-27 15:32:09,Active,0.194,0.417,90,1
2024-11-27 15:32:09,Active,0.303,0.276,90,1
2024-11-27 15:32:09,Active,0.214,0.440,90,1
2024-11-27 15:32:09,Active,0.240,0.252,90,1
2024-11-27 15:32:09,SLEEPING !!!,0.207,0.457,90,1
2024-11-27 15:32:09,Active,0.294,0.386,91,1
2024-11-27 15:32:09,Active,0.240,0.456,91,1
2024-11-27 15:32:09,Active,0.312,0.401,91,1
2024-11-27 15:32:09,Active,0.223,0.442,91,1
2024-11-27 15:32:09,Active,0.320,0.518,91,1
2024-11-27 15:32:09,Active,0.244,0.425,91,1
2024-11-27 15:32:09,Active,0.371,0.553,91,1
2024-11-27 15:32:09,Active,0.289,0.407,91,1
2024-11-27 15:32:09,Active,0.205,0.433,91,1
2024-11-27 15:32:09,Active,0.367,0.588,91,1
2024-11-27 15:32:09,Active,0.312,0.401,91,1
2024-11-27 15:32:09,Active,0.211,0.409,91,1
2024-11-27 15:32:09,Active,0.384,0.500,91,1
2024-11-27 15:32:09,Active,0.252,0.422,91,1
2024-11-27 15:32:09,Active,0.344,0.463,91,1
2024-11-27 15:32:09,Active,0.250,0.441,91,1
2024-11-27 15:32:09,Active,0.343,0.414,91,1
2024-11-27 15:32:09,Active,0.254,0.432,91,1
2024-11-27 15:32:09,Active,0.264,0.064,91,1
2024-11-27 15:32:09,Active,0.242,0.456,91,1
2024-11-27 15:32:09,Active,0.369,0.420,91,1
2024-11-27 15:32:09,Active,0.226,0.431,91,1
2024-11-27 15:32:09,Active,0.229,0.456,91,1
2024-11-27 15:32:09,Active,0.314,0.342,91,1
2024-11-27 15:32:09,Active,0.224,0.449,91,1
2024-11-27 15:32:09,Active,0.350,0.500,91,1
2024-11-27 15:32:09,Active,0.232,0.448,91,1
2024-11-27 15:32:10,Active,0.283,0.181,91,1
2024-11-27 15:32:10,Active,0.219,0.368,91,1
2024-11-27 15:32:10,Active,0.310,0.064,91,1
2024-11-27 15:32:10,Active,0.227,0.362,91,1
2024-11-27 15:32:10,Active,0.348,0.414,91,1
2024-11-27 15:32:10,Active,0.316,0.386,91,1
2024-11-27 15:32:10,Active,0.249,0.245,91,1
2024-11-27 15:32:10,Active,0.238,0.302,91,1
2024-11-27 15:32:10,Active,0.302,0.381,91,1
2024-11-27 15:32:10,Active,0.222,0.154,91,1
2024-11-27 15:32:10,Active,0.315,0.366,91,1
2024-11-27 15:32:10,Active,0.342,0.389,91,1
2024-11-27 15:32:10,Active,0.212,0.056,91,1
2024-11-27 15:32:10,Active,0.387,0.397,91,1
2024-11-27 15:32:10,Active,0.299,0.387,91,1
2024-11-27 15:32:10,Active,0.208,0.196,91,1
2024-11-27 15:32:10,Active,0.317,0.363,91,1
2024-11-27 15:32:10,Active,0.261,0.128,91,1
2024-11-27 15:32:10,Active,0.229,0.320,91,1
2024-11-27 15:32:10,Active,0.305,0.321,91,1
2024-11-27 15:32:10,Active,0.209,0.326,91,1
2024-11-27 15:32:10,Active,0.342,0.364,91,1
2024-11-27 15:32:10,Active,0.216,0.118,91,1
2024-11-27 15:32:10,Active,0.308,0.361,91,1
2024-11-27 15:32:10,Active,0.300,0.361,91,1
2024-11-27 15:32:10,Active,0.361,0.387,91,1
2024-11-27 15:32:10,Active,0.353,0.368,91,1
2024-11-27 15:32:51,Active,0.119,0.323,91,1
2024-11-27 15:32:51,Active,0.174,0.327,91,1
2024-11-27 15:32:51,SLEEPING !!!,0.187,0.253,91,1
2024-11-27 15:32:52,SLEEPING !!!,0.233,0.385,91,1
2024-11-27 15:32:52,Active,0.254,0.346,92,1
2024-11-27 15:32:52,Active,0.258,0.351,92,1
2024-11-27 15:32:53,Active,0.243,0.144,92,1
2024-11-27 15:32:53,Active,0.250,0.134,92,1
2024-11-27 15:32:53,Active,0.236,0.312,92,1
2024-11-27 15:32:53,Active,0.254,0.237,92,1
2024-11-27 15:32:53,Active,0.248,0.416,92,1
2024-11-27 15:32:53,Active,0.222,0.400,92,1
2024-11-27 15:32:53,SLEEPING !!!,0.220,0.418,92,1
2024-11-27 15:32:53,SLEEPING !!!,0.224,0.321,92,1
2024-11-27 15:32:53,SLEEPING !!!,0.245,0.273,92,1
2024-11-27 15:32:53,SLEEPING !!!,0.247,0.222,92,1
2024-11-27 15:32:53,Active,0.255,0.268,93,1
2024-11-27 15:32:53,Active,0.257,0.228,93,1
2024-11-27 15:32:53,Active,0.265,0.290,93,1
2024-11-27 15:32:53,Active,0.258,0.274,93,1
2024-11-27 15:32:53,Active,0.287,0.232,93,1
2024-11-27 15:32:53,Active,0.279,0.259,93,1
2024-11-27 15:32:53,Active,0.302,0.268,93,1
2024-11-27 15:32:53,Active,0.300,0.257,93,1
2024-11-27 15:32:54,Active,0.275,0.242,93,1
2024-11-27 15:32:54,Active,0.192,0.278,93,1
2024-11-27 15:32:54,Active,0.285,0.253,93,1
2024-11-27 15:32:54,Active,0.145,0.317,93,1
2024-11-27 15:32:54,Active,0.222,0.303,93,1
2024-11-27 15:32:54,SLEEPING !!!,0.216,0.314,93,1
2024-11-27 15:32:56,SLEEPING !!!,0.203,0.291,93,1
2024-11-27 15:32:56,SLEEPING !!!,0.203,0.284,93,1
2024-11-27 15:32:56,SLEEPING !!!,0.212,0.275,93,1
2024-11-27 15:32:56,SLEEPING !!!,0.244,0.244,93,1
2024-11-27 15:32:56,Active,0.251,0.281,94,1
2024-11-27 15:32:56,Active,0.235,0.271,94,1
2024-11-27 15:32:56,Active,0.190,0.332,94,1
2024-11-27 15:32:59,Active,0.283,0.326,94,1
2024-11-27 15:32:59,Active,0.266,0.344,94,1
2024-11-27 15:32:59,Active,0.270,0.508,94,1
2024-11-27 15:32:59,Active,0.254,0.365,94,1
2024-11-27 15:32:59,Active,0.247,0.394,94,1
2024-11-27 15:32:59,Active,0.247,0.204,94,1
2024-11-27 15:32:59,Active,0.277,0.254,94,1
2024-11-27 15:32:59,Active,0.284,0.071,94,1
2024-11-27 15:32:59,Active,0.315,0.132,94,1
2024-11-27 15:32:59,Active,0.367,0.222,94,1
2024-11-27 15:32:59,Active,0.396,0.231,94,1
2024-11-27 15:32:59,Active,0.391,0.290,94,1
2024-11-27 15:32:59,Active,0.426,0.393,94,1
2024-11-27 15:32:59,Active,0.378,0.425,94,1
2024-11-27 15:32:59,Active,0.384,0.432,94,1
2024-11-27 15:32:59,Active,0.368,0.441,94,1
2024-11-27 15:32:59,Active,0.332,0.420,94,1
2024-11-27 15:33:00,Active,0.346,0.405,94,1
2024-11-27 15:33:00,Active,0.329,0.397,94,1
2024-11-27 15:33:00,Active,0.414,0.447,94,1
2024-11-27 15:33:00,Active,0.405,0.439,94,1
2024-11-27 15:33:00,Active,0.389,0.431,94,1
2024-11-27 15:33:00,Active,0.342,0.375,94,1
2024-11-27 15:33:00,Active,0.375,0.405,94,1
2024-11-27 15:33:00,Active,0.343,0.397,94,1
2024-11-27 15:33:00,Active,0.352,0.405,94,1
2024-11-27 15:33:00,Active,0.327,0.400,94,1
2024-11-27 15:33:00,Active,0.331,0.401,94,1
2024-11-27 15:33:00,Active,0.324,0.384,94,1
2024-11-27 15:33:00,Active,0.360,0.414,94,1
2024-11-27 15:33:00,Active,0.391,0.416,94,1
2024-11-27 15:33:00,Active,0.337,0.419,94,1
2024-11-27 15:33:00,Active,0.354,0.394,94,1
2024-11-27 15:33:00,Active,0.403,0.398,94,1
2024-11-27 15:33:00,Active,0.392,0.359,94,1
2024-11-27 15:33:00,Active,0.363,0.348,94,1
2024-11-27 15:33:00,Active,0.395,0.294,94,1
2024-11-27 15:33:00,Active,0.382,0.186,94,1
2024-11-27 15:33:00,Active,0.400,0.186,94,1
2024-11-27 15:33:00,Active,0.390,0.328,94,1
2024-11-27 15:33:00,Active,0.371,0.204,94,1
2024-11-27 15:33:00,Active,0.378,0.131,94,1
2024-11-27 15:33:00,Active,0.379,0.150,94,1
2024-11-27 15:33:01,Active,0.347,0.301,94,1
2024-11-27 15:33:01,Active,0.377,0.353,94,1
2024-11-27 15:33:01,Active,0.378,0.320,94,1
2024-11-27 15:33:01,Active,0.385,0.319,94,1
2024-11-27 15:33:01,Active,0.381,0.328,94,1
2024-11-27 15:33:01,Active,0.368,0.332,94,1
2024-11-27 15:33:01,Active,0.368,0.349,94,1
2024-11-27 15:33:01,Active,0.370,0.172,94,1
2024-11-27 15:33:01,Active,0.354,0.112,94,1
2024-11-27 15:33:01,Active,0.355,0.125,94,1
2024-11-27 15:33:01,Active,0.350,0.336,94,1
2024-11-27 15:33:01,Active,0.330,0.338,94,1
2024-11-27 15:33:01,Active,0.339,0.346,94,1
2024-11-27 15:33:01,Active,0.328,0.325,94,1
2024-11-27 15:33:01,Active,0.362,0.170,94,1
2024-11-27 15:33:01,Active,0.367,0.213,94,1
2024-11-27 15:33:01,Active,0.359,0.234,94,1
2024-11-27 15:33:01,Active,0.341,0.301,94,1
2024-11-27 15:33:02,Active,0.358,0.241,94,1
2024-11-27 15:33:02,Active,0.362,0.146,94,1
2024-11-27 15:33:02,Active,0.361,0.253,94,1
2024-11-27 15:33:02,Active,0.348,0.378,94,1
2024-11-27 15:33:02,Active,0.346,0.366,94,1
2024-11-27 15:33:02,Active,0.351,0.381,94,1
2024-11-27 15:33:02,Active,0.339,0.400,94,1
2024-11-27 15:33:02,Active,0.346,0.401,94,1
2024-11-27 15:33:02,Active,0.351,0.396,94,1
2024-11-27 15:33:02,Active,0.371,0.389,94,1
2024-11-27 15:33:02,Active,0.362,0.365,94,1
2024-11-27 15:33:02,Active,0.370,0.383,94,1
2024-11-27 15:33:02,Active,0.371,0.383,94,1
2024-11-27 15:33:02,Active,0.356,0.354,94,1
2024-11-27 15:33:02,Active,0.362,0.409,94,1
2024-11-27 15:33:02,Active,0.359,0.426,94,1
2024-11-27 15:33:02,Active,0.299,0.351,94,1
2024-11-27 15:33:02,Active,0.356,0.425,94,1
2024-11-27 15:33:02,Active,0.215,0.434,94,1
2024-11-27 15:33:02,Active,0.356,0.450,94,1
2024-11-27 15:33:02,Active,0.179,0.413,94,1
2024-11-27 15:33:02,Active,0.366,0.425,94,1
2024-11-27 15:33:02,Active,0.190,0.381,94,1
2024-11-27 15:33:02,Active,0.255,0.353,94,1
2024-11-27 15:33:02,Active,0.363,0.421,94,1
2024-11-27 15:33:02,Active,0.363,0.419,94,1
2024-11-27 15:33:02,Active,0.271,0.360,94,1
2024-11-27 15:33:02,Active,0.355,0.432,94,1
2024-11-27 15:33:02,Active,0.253,0.333,94,1
2024-11-27 15:33:02,Active,0.365,0.425,94,1
2024-11-27 15:33:02,Active,0.260,0.357,94,1
2024-11-27 15:33:02,Active,0.348,0.419,94,1
2024-11-27 15:33:02,Active,0.236,0.390,94,1
2024-11-27 15:33:02,Active,0.351,0.415,94,1
2024-11-27 15:33:02,Active,0.321,0.400,94,1
2024-11-27 15:33:02,Active,0.340,0.411,94,1
2024-11-27 15:33:02,Active,0.344,0.381,94,1
2024-11-27 15:33:02,Active,0.350,0.431,94,1
2024-11-27 15:33:02,Active,0.346,0.360,94,1
2024-11-27 15:33:02,Active,0.346,0.388,94,1
2024-11-27 15:33:02,Active,0.298,0.327,94,1
2024-11-27 15:33:02,Active,0.333,0.405,94,1
2024-11-27 15:33:02,Active,0.343,0.406,94,1
2024-11-27 15:33:03,Active,0.357,0.347,94,1
2024-11-27 15:33:03,Active,0.373,0.323,94,1
2024-11-27 15:33:03,Active,0.385,0.332,94,1
2024-11-27 15:33:03,Active,0.364,0.404,94,1
2024-11-27 15:33:03,Active,0.379,0.409,94,1
2024-11-27 15:33:03,Active,0.348,0.377,94,1
2024-11-27 15:33:03,Active,0.370,0.383,94,1
2024-11-27 15:33:03,Active,0.366,0.448,94,1
2024-11-27 15:33:03,Active,0.321,0.348,94,1
2024-11-27 15:33:03,Active,0.357,0.399,94,1
2024-11-27 15:33:03,Active,0.382,0.382,94,1
2024-11-27 15:33:03,Active,0.372,0.418,94,1
2024-11-27 15:33:03,Active,0.312,0.310,94,1
2024-11-27 15:33:03,Active,0.378,0.431,94,1
2024-11-27 15:33:03,Active,0.373,0.410,94,1
2024-11-27 15:33:03,Active,0.384,0.432,94,1
2024-11-27 15:33:03,Active,0.379,0.444,94,1
2024-11-27 15:33:03,Active,0.286,0.387,94,1
2024-11-27 15:33:03,Active,0.379,0.427,94,1
2024-11-27 15:33:03,Active,0.383,0.446,94,1
2024-11-27 15:33:03,Active,0.395,0.451,94,1
2024-11-27 15:33:03,Active,0.356,0.321,94,1
2024-11-27 15:33:03,Active,0.343,0.458,94,1
2024-11-27 15:33:03,Active,0.370,0.470,94,1
2024-11-27 15:33:03,Active,0.346,0.457,94,1
2024-11-27 15:33:03,Active,0.289,0.378,94,1
2024-11-27 15:33:03,Active,0.360,0.451,94,1
2024-11-27 15:33:03,Active,0.332,0.434,94,1
2024-11-27 15:33:03,Active,0.368,0.439,94,1
2024-11-27 15:33:03,Active,0.271,0.365,94,1
2024-11-27 15:33:03,Active,0.383,0.457,94,1
2024-11-27 15:33:03,Active,0.278,0.397,94,1
2024-11-27 15:33:03,Active,0.393,0.457,94,1
2024-11-27 15:33:03,Active,0.308,0.392,94,1
2024-11-27 15:33:03,Active,0.391,0.463,94,1
2024-11-27 15:33:03,Active,0.276,0.399,94,1
2024-11-27 15:33:03,Active,0.397,0.469,94,1
2024-11-27 15:33:03,Active,0.275,0.383,94,1
2024-11-27 15:33:03,Active,0.388,0.439,94,1
2024-11-27 15:33:03,Active,0.299,0.339,94,1
2024-11-27 15:33:03,Active,0.378,0.469,94,1
2024-11-27 15:33:04,Active,0.407,0.463,94,1
2024-11-27 15:33:04,Active,0.264,0.397,94,1
2024-11-27 15:33:04,Active,0.385,0.463,94,1
2024-11-27 15:33:04,Active,0.272,0.358,94,1
2024-11-27 15:33:04,Active,0.397,0.457,94,1
2024-11-27 15:33:04,Active,0.323,0.356,94,1
2024-11-27 15:33:04,Active,0.397,0.445,94,1
2024-11-27 15:33:04,Active,0.290,0.384,94,1
2024-11-27 15:33:04,Active,0.399,0.463,94,1
2024-11-27 15:33:04,Active,0.344,0.404,94,1
2024-11-27 15:33:04,Active,0.384,0.469,94,1
2024-11-27 15:33:04,Active,0.294,0.398,94,1
2024-11-27 15:33:04,Active,0.376,0.463,94,1
2024-11-27 15:33:04,Active,0.307,0.443,94,1
2024-11-27 15:33:04,Active,0.392,0.451,94,1
2024-11-27 15:33:04,Active,0.383,0.463,94,1
2024-11-27 15:33:04,Active,0.274,0.424,94,1
2024-11-27 15:33:04,Active,0.386,0.463,94,1
2024-11-27 15:33:04,Active,0.286,0.427,94,1
2024-11-27 15:33:04,Active,0.389,0.457,94,1
2024-11-27 15:33:04,Active,0.272,0.425,94,1
2024-11-27 15:33:04,Active,0.402,0.462,94,1
2024-11-27 15:33:04,Active,0.320,0.411,94,1
2024-11-27 15:33:04,Active,0.388,0.463,94,1
2024-11-27 15:33:04,Active,0.264,0.427,94,1
2024-11-27 15:33:04,Active,0.385,0.464,94,1
2024-11-27 15:33:04,Active,0.261,0.386,94,1
2024-11-27 15:33:04,Active,0.384,0.463,94,1
2024-11-27 15:33:04,Active,0.242,0.427,94,1
2024-11-27 15:33:04,Active,0.395,0.469,94,1
2024-11-27 15:33:04,Active,0.242,0.430,94,1
2024-11-27 15:33:04,Active,0.392,0.469,94,1
2024-11-27 15:33:04,Active,0.256,0.405,94,1
2024-11-27 15:33:04,Active,0.387,0.452,94,1
2024-11-27 15:33:04,Active,0.260,0.411,94,1
2024-11-27 15:33:04,Active,0.395,0.457,94,1
2024-11-27 15:33:04,Active,0.256,0.401,94,1
2024-11-27 15:33:04,Active,0.380,0.457,94,1
2024-11-27 15:33:04,Active,0.301,0.389,94,1
2024-11-27 15:33:04,Active,0.386,0.470,94,1
2024-11-27 15:33:04,Active,0.284,0.391,94,1
2024-11-27 15:33:04,Active,0.385,0.457,94,1
2024-11-27 15:33:04,Active,0.256,0.444,94,1
2024-11-27 15:33:04,Active,0.398,0.457,94,1
2024-11-27 15:33:04,Active,0.273,0.424,94,1
2024-11-27 15:33:04,Active,0.397,0.482,94,1
2024-11-27 15:33:04,Active,0.284,0.446,94,1
2024-11-27 15:33:04,Active,0.407,0.494,94,1
2024-11-27 15:33:04,Active,0.261,0.444,94,1
2024-11-27 15:33:04,Active,0.414,0.500,94,1
2024-11-27 15:33:04,Active,0.243,0.441,94,1
2024-11-27 15:33:04,Active,0.441,0.512,94,1
2024-11-27 15:33:04,Active,0.315,0.411,94,1
2024-11-27 15:33:04,Active,0.419,0.518,94,1
2024-11-27 15:33:04,Active,0.216,0.449,94,1
2024-11-27 15:33:04,Active,0.430,0.549,94,1
2024-11-27 15:33:04,Active,0.268,0.432,94,1
2024-11-27 15:33:04,Active,0.418,0.560,94,1
2024-11-27 15:33:04,Active,0.242,0.427,94,1
2024-11-27 15:33:05,Active,0.415,0.595,94,1
2024-11-27 15:33:05,Active,0.264,0.464,94,1
2024-11-27 15:33:05,Active,0.426,0.640,94,1
2024-11-27 15:33:05,Active,0.261,0.446,94,1
2024-11-27 15:33:05,Active,0.430,0.654,94,1
2024-11-27 15:33:05,Active,0.256,0.465,94,1
2024-11-27 15:33:05,Active,0.431,0.694,94,1
2024-11-27 15:33:05,Active,0.271,0.444,94,1
2024-11-27 15:33:05,Active,0.427,0.662,94,1
2024-11-27 15:33:05,Active,0.253,0.463,94,1
2024-11-27 15:33:05,Active,0.426,0.746,94,1
2024-11-27 15:33:05,Active,0.295,0.466,94,1
2024-11-27 15:33:05,Active,0.419,0.773,94,1
2024-11-27 15:33:05,Active,0.261,0.429,94,1
2024-11-27 15:33:05,Active,0.405,0.757,94,1
2024-11-27 15:33:05,Active,0.284,0.464,94,1
2024-11-27 15:33:05,Active,0.413,0.760,94,1
2024-11-27 15:33:05,Active,0.261,0.464,94,1
2024-11-27 15:33:05,Active,0.416,0.811,94,1
2024-11-27 15:33:05,Active,0.274,0.521,94,1
2024-11-27 15:33:05,Active,0.379,0.792,94,1
2024-11-27 15:33:05,Active,0.291,0.521,94,1
2024-11-27 15:33:05,Active,0.438,0.813,94,1
2024-11-27 15:33:05,Active,0.276,0.521,94,1
2024-11-27 15:33:05,Active,0.444,0.863,94,1
2024-11-27 15:33:05,Active,0.304,0.461,94,1
2024-11-27 15:33:05,Active,0.415,0.812,94,1
2024-11-27 15:33:05,Active,0.295,0.382,94,1
2024-11-27 15:33:05,Active,0.415,0.805,94,1
2024-11-27 15:33:05,Active,0.270,0.428,94,1
2024-11-27 15:33:05,Active,0.390,0.870,94,1
2024-11-27 15:33:05,Active,0.300,0.431,94,1
2024-11-27 15:33:05,Active,0.368,0.814,94,1
2024-11-27 15:33:05,Active,0.308,0.414,94,1
2024-11-27 15:33:05,Active,0.362,0.880,94,1
2024-11-27 15:33:05,Active,0.264,0.435,94,1
2024-11-27 15:33:05,Active,0.416,0.818,94,1
2024-11-27 15:33:05,Active,0.270,0.480,94,1
2024-11-27 15:33:05,Active,0.386,0.803,94,1
2024-11-27 15:33:05,Active,0.291,0.481,94,1
2024-11-27 15:33:05,Active,0.425,0.841,94,1
2024-11-27 15:33:05,Active,0.264,0.501,94,1
2024-11-27 15:33:05,Active,0.409,0.767,94,1
2024-11-27 15:33:05,Active,0.260,0.523,94,1
2024-11-27 15:33:05,Active,0.410,0.845,94,1
2024-11-27 15:33:05,Active,0.276,0.545,94,1
2024-11-27 15:33:05,Active,0.390,0.744,94,1
2024-11-27 15:33:05,Active,0.235,0.461,94,1
2024-11-27 15:33:05,Active,0.373,0.732,94,1
2024-11-27 15:33:05,Active,0.277,0.502,94,1
2024-11-27 15:33:05,Active,0.369,0.706,94,1
2024-11-27 15:33:05,Active,0.226,0.481,94,1
2024-11-27 15:33:05,Active,0.389,0.661,94,1
2024-11-27 15:33:06,Active,0.294,0.501,94,1
2024-11-27 15:33:06,Active,0.371,0.568,94,1
2024-11-27 15:33:06,Active,0.306,0.480,94,1
2024-11-27 15:33:06,Active,0.361,0.507,94,1
2024-11-27 15:33:06,Active,0.250,0.458,94,1
2024-11-27 15:33:06,Active,0.387,0.543,94,1
2024-11-27 15:33:06,Active,0.280,0.480,94,1
2024-11-27 15:33:06,Active,0.355,0.513,94,1
2024-11-27 15:33:06,Active,0.270,0.524,94,1
2024-11-27 15:33:06,Active,0.333,0.471,94,1
2024-11-27 15:33:06,Active,0.270,0.524,94,1
2024-11-27 15:33:06,Active,0.368,0.477,94,1
2024-11-27 15:33:06,Active,0.249,0.522,94,1
2024-11-27 15:33:06,Active,0.342,0.437,94,1
2024-11-27 15:33:06,Active,0.248,0.521,94,1
2024-11-27 15:33:06,Active,0.342,0.449,94,1
2024-11-27 15:33:06,Active,0.261,0.521,94,1
2024-11-27 15:33:06,Active,0.339,0.420,94,1
2024-11-27 15:33:06,Active,0.253,0.522,94,1
2024-11-27 15:33:06,Active,0.364,0.414,94,1
2024-11-27 15:33:06,Active,0.253,0.520,94,1
2024-11-27 15:33:06,Active,0.356,0.437,94,1
2024-11-27 15:33:06,Active,0.243,0.482,94,1
2024-11-27 15:33:06,Active,0.358,0.438,94,1
2024-11-27 15:33:06,Active,0.249,0.481,94,1
2024-11-27 15:33:06,Active,0.337,0.373,94,1
2024-11-27 15:33:06,Active,0.250,0.406,94,1
2024-11-27 15:33:06,Active,0.325,0.402,94,1
2024-11-27 15:33:06,Active,0.291,0.377,94,1
2024-11-27 15:33:06,Active,0.317,0.380,94,1
2024-11-27 15:33:06,Active,0.269,0.377,94,1
2024-11-27 15:33:06,Active,0.334,0.421,94,1
2024-11-27 15:33:06,Active,0.228,0.394,94,1
2024-11-27 15:33:06,Active,0.319,0.402,94,1
2024-11-27 15:33:06,Active,0.250,0.433,94,1
2024-11-27 15:33:06,Active,0.317,0.443,94,1
2024-11-27 15:33:06,Active,0.302,0.499,94,1
2024-11-27 15:33:06,Active,0.341,0.410,94,1
2024-11-27 15:33:06,Active,0.302,0.451,94,1
2024-11-27 15:33:06,Active,0.330,0.432,94,1
2024-11-27 15:33:06,Active,0.253,0.638,94,1
2024-11-27 15:33:06,Active,0.293,0.415,94,1
2024-11-27 15:33:06,Active,0.291,0.585,94,1
2024-11-27 15:33:06,Active,0.316,0.436,94,1
2024-11-27 15:33:06,Active,0.312,0.550,94,1
2024-11-27 15:33:06,Active,0.324,0.431,94,1
2024-11-27 15:33:06,Active,0.264,0.620,94,1
2024-11-27 15:33:06,Active,0.314,0.419,94,1
2024-11-27 15:33:06,Active,0.291,0.688,94,1
2024-11-27 15:33:06,Active,0.305,0.442,94,1
2024-11-27 15:33:06,Active,0.270,0.613,94,1
2024-11-27 15:33:06,Active,0.315,0.460,94,1
2024-11-27 15:33:06,Active,0.253,0.543,94,1
2024-11-27 15:33:06,Active,0.307,0.471,94,1
2024-11-27 15:33:06,Active,0.260,0.522,94,1
2024-11-27 15:33:06,Active,0.315,0.495,94,1
2024-11-27 15:33:06,Active,0.259,0.463,94,1
2024-11-27 15:33:06,Active,0.312,0.483,94,1
2024-11-27 15:33:06,Active,0.266,0.541,94,1
2024-11-27 15:33:07,Active,0.300,0.477,94,1
2024-11-27 15:33:07,Active,0.249,0.481,94,1
2024-11-27 15:33:07,Active,0.294,0.482,94,1
2024-11-27 15:33:07,Active,0.250,0.460,94,1
2024-11-27 15:33:07,Active,0.293,0.483,94,1
2024-11-27 15:33:07,Active,0.270,0.501,94,1
2024-11-27 15:33:07,Active,0.308,0.476,94,1
2024-11-27 15:33:07,Active,0.294,0.481,94,1
2024-11-27 15:33:07,Active,0.297,0.458,94,1
2024-11-27 15:33:07,Active,0.307,0.501,94,1
2024-11-27 15:33:07,Active,0.294,0.470,94,1
2024-11-27 15:33:07,Active,0.264,0.441,94,1
2024-11-27 15:33:07,Active,0.269,0.458,94,1
2024-11-27 15:33:07,Active,0.261,0.460,94,1
2024-11-27 15:33:07,Active,0.300,0.470,94,1
2024-11-27 15:33:07,Active,0.250,0.459,94,1
2024-11-27 15:33:07,Active,0.260,0.439,94,1
2024-11-27 15:33:07,Active,0.267,0.442,94,1
2024-11-27 15:33:07,Active,0.292,0.451,94,1
2024-11-27 15:33:07,Active,0.265,0.462,94,1
2024-11-27 15:33:07,Active,0.282,0.469,94,1
2024-11-27 15:33:07,Active,0.282,0.501,94,1
2024-11-27 15:33:07,Active,0.296,0.451,94,1
2024-11-27 15:33:07,Active,0.270,0.480,94,1
2024-11-27 15:33:07,Active,0.300,0.444,94,1
2024-11-27 15:33:07,Active,0.282,0.460,94,1
2024-11-27 15:33:07,Active,0.307,0.456,94,1
2024-11-27 15:33:07,Active,0.264,0.501,94,1
2024-11-27 15:33:07,Active,0.284,0.468,94,1
2024-11-27 15:33:07,Active,0.249,0.459,94,1
2024-11-27 15:33:07,Active,0.291,0.461,94,1
2024-11-27 15:33:07,Active,0.250,0.500,94,1
2024-11-27 15:33:07,Active,0.281,0.455,94,1
2024-11-27 15:33:07,Active,0.228,0.480,94,1
2024-11-27 15:33:07,Active,0.281,0.442,94,1
2024-11-27 15:33:07,Active,0.237,0.500,94,1
2024-11-27 15:33:07,Active,0.271,0.448,94,1
2024-11-27 15:33:07,Active,0.248,0.521,94,1
2024-11-27 15:33:07,Active,0.257,0.461,94,1
2024-11-27 15:33:07,Active,0.261,0.459,94,1
2024-11-27 15:33:07,Active,0.254,0.467,94,1
2024-11-27 15:33:07,Active,0.271,0.542,94,1
2024-11-27 15:33:07,Active,0.268,0.473,94,1
2024-11-27 15:33:07,Active,0.237,0.521,94,1
2024-11-27 15:33:07,Active,0.286,0.473,94,1
2024-11-27 15:33:07,Active,0.253,0.501,94,1
2024-11-27 15:33:07,Active,0.282,0.473,94,1
2024-11-27 15:33:07,Active,0.238,0.542,94,1
2024-11-27 15:33:07,Active,0.275,0.459,94,1
2024-11-27 15:33:07,Active,0.253,0.541,94,1
2024-11-27 15:33:07,Active,0.282,0.479,94,1
2024-11-27 15:33:07,Active,0.250,0.481,94,1
2024-11-27 15:33:07,Active,0.282,0.471,94,1
2024-11-27 15:33:07,Active,0.256,0.522,94,1
2024-11-27 15:33:07,Active,0.275,0.465,94,1
2024-11-27 15:33:07,Active,0.273,0.520,94,1
2024-11-27 15:33:07,Active,0.282,0.472,94,1
2024-11-27 15:33:07,Active,0.280,0.521,94,1
2024-11-27 15:33:07,Active,0.247,0.431,94,1
2024-11-27 15:33:07,Active,0.249,0.539,94,1
2024-11-27 15:33:07,Active,0.254,0.467,94,1
2024-11-27 15:33:07,Active,0.284,0.541,94,1
2024-11-27 15:33:07,Active,0.286,0.480,94,1
2024-11-27 15:33:07,Active,0.244,0.564,94,1
2024-11-27 15:33:08,Active,0.275,0.473,94,1
2024-11-27 15:33:08,Active,0.217,0.584,94,1
2024-11-27 15:33:08,Active,0.261,0.473,94,1
2024-11-27 15:33:08,Active,0.277,0.564,94,1
2024-11-27 15:33:08,Active,0.251,0.473,94,1
2024-11-27 15:33:08,Active,0.258,0.578,94,1
2024-11-27 15:33:08,Active,0.254,0.500,94,1
2024-11-27 15:33:08,Active,0.208,0.601,94,1
2024-11-27 15:33:08,Active,0.271,0.472,94,1
2024-11-27 15:33:08,Active,0.232,0.641,94,1
2024-11-27 15:33:08,Active,0.271,0.535,94,1
2024-11-27 15:33:08,Active,0.253,0.603,94,1
2024-11-27 15:33:08,Active,0.278,0.557,94,1
2024-11-27 15:33:08,Active,0.250,0.601,94,1
2024-11-27 15:33:08,Active,0.268,0.577,94,1
2024-11-27 15:33:08,Active,0.230,0.581,94,1
2024-11-27 15:33:08,Active,0.268,0.560,94,1
2024-11-27 15:33:08,Active,0.260,0.578,94,1
2024-11-27 15:33:08,Active,0.261,0.567,94,1
2024-11-27 15:33:08,Active,0.253,0.578,94,1
2024-11-27 15:33:08,Active,0.254,0.507,94,1
2024-11-27 15:33:08,Active,0.254,0.560,94,1
2024-11-27 15:33:08,Active,0.260,0.546,94,1
2024-11-27 15:33:08,Active,0.243,0.538,94,1
2024-11-27 15:33:08,Active,0.247,0.539,94,1
2024-11-27 15:33:08,SLEEPING !!!,0.249,0.561,94,1
2024-11-27 15:33:08,Active,0.258,0.520,95,1
2024-11-27 15:33:08,Active,0.204,0.561,95,1
2024-11-27 15:33:08,Active,0.250,0.519,95,1
2024-11-27 15:33:08,Active,0.280,0.561,95,1
2024-11-27 15:33:08,Active,0.243,0.539,95,1
2024-11-27 15:33:08,Active,0.279,0.558,95,1
2024-11-27 15:33:08,Active,0.273,0.532,95,1
2024-11-27 15:33:08,Active,0.222,0.540,95,1
2024-11-27 15:33:08,Active,0.251,0.559,95,1
2024-11-27 15:33:08,Active,0.248,0.603,95,1
2024-11-27 15:33:08,Active,0.272,0.539,95,1
2024-11-27 15:33:08,Active,0.273,0.482,95,1
2024-11-27 15:33:08,Active,0.244,0.526,95,1
2024-11-27 15:33:08,Active,0.214,0.601,95,1
2024-11-27 15:33:08,SLEEPING !!!,0.240,0.513,95,1
2024-11-27 15:33:08,SLEEPING !!!,0.238,0.578,95,1
2024-11-27 15:33:08,Active,0.262,0.487,96,1
2024-11-27 15:33:08,Active,0.228,0.539,96,1
2024-11-27 15:33:08,Active,0.254,0.460,96,1
2024-11-27 15:33:08,Active,0.229,0.537,96,1
2024-11-27 15:33:08,Active,0.257,0.480,96,1
2024-11-27 15:33:08,Active,0.217,0.578,96,1
2024-11-27 15:33:08,Active,0.268,0.461,96,1
2024-11-27 15:33:08,Active,0.272,0.578,96,1
2024-11-27 15:33:08,Active,0.261,0.442,96,1
2024-11-27 15:33:08,Active,0.249,0.617,96,1
2024-11-27 15:33:08,Active,0.279,0.454,96,1
2024-11-27 15:33:08,Active,0.228,0.617,96,1
2024-11-27 15:33:08,Active,0.272,0.448,96,1
2024-11-27 15:33:08,Active,0.249,0.580,96,1
2024-11-27 15:33:08,Active,0.261,0.448,96,1
2024-11-27 15:33:08,Active,0.249,0.597,96,1
2024-11-27 15:33:08,Active,0.276,0.448,96,1
2024-11-27 15:33:08,Active,0.253,0.617,96,1
2024-11-27 15:33:08,Active,0.264,0.453,96,1
2024-11-27 15:33:08,Active,0.261,0.578,96,1
2024-11-27 15:33:09,Active,0.272,0.435,96,1
2024-11-27 15:33:09,Active,0.253,0.603,96,1
2024-11-27 15:33:09,Active,0.265,0.454,96,1
2024-11-27 15:33:09,Active,0.249,0.621,96,1
2024-11-27 15:33:09,Active,0.251,0.459,96,1
2024-11-27 15:33:09,Active,0.250,0.601,96,1
2024-11-27 15:33:09,Active,0.258,0.454,96,1
2024-11-27 15:33:09,Active,0.268,0.617,96,1
2024-11-27 15:33:09,Active,0.244,0.440,96,1
2024-11-27 15:33:09,Active,0.272,0.601,96,1
2024-11-27 15:33:09,Active,0.267,0.453,96,1
2024-11-27 15:33:09,Active,0.253,0.601,96,1
2024-11-27 15:33:09,Active,0.255,0.434,96,1
2024-11-27 15:33:09,Active,0.255,0.581,96,1
2024-11-27 15:33:09,Active,0.255,0.452,96,1
2024-11-27 15:33:09,Active,0.250,0.603,96,1
2024-11-27 15:33:09,Active,0.258,0.453,96,1
2024-11-27 15:33:09,Active,0.276,0.616,96,1
2024-11-27 15:33:09,Active,0.243,0.445,96,1
2024-11-27 15:33:09,Active,0.264,0.577,96,1
2024-11-27 15:33:09,Active,0.265,0.459,96,1
2024-11-27 15:33:09,Active,0.258,0.578,96,1
2024-11-27 15:33:09,Active,0.265,0.439,96,1
2024-11-27 15:33:09,Active,0.249,0.578,96,1
2024-11-27 15:33:09,Active,0.262,0.451,96,1
2024-11-27 15:33:09,Active,0.268,0.601,96,1
2024-11-27 15:33:09,Active,0.240,0.437,96,1
2024-11-27 15:33:09,Active,0.276,0.578,96,1
2024-11-27 15:33:09,Active,0.262,0.439,96,1
2024-11-27 15:33:09,Active,0.264,0.616,96,1
2024-11-27 15:33:09,Active,0.234,0.444,96,1
2024-11-27 15:33:09,Active,0.250,0.578,96,1
2024-11-27 15:33:09,Active,0.252,0.437,96,1
2024-11-27 15:33:09,Active,0.272,0.578,96,1
2024-11-27 15:33:09,Active,0.262,0.450,96,1
2024-11-27 15:33:09,Active,0.272,0.558,96,1
2024-11-27 15:33:09,Active,0.267,0.451,96,1
2024-11-27 15:33:09,Active,0.258,0.578,96,1
2024-11-27 15:33:09,Active,0.244,0.445,96,1
2024-11-27 15:33:09,Active,0.204,0.616,96,1
2024-11-27 15:33:09,Active,0.255,0.459,96,1
2024-11-27 15:33:09,Active,0.247,0.578,96,1
2024-11-27 15:33:09,Active,0.255,0.458,96,1
2024-11-27 15:33:09,Active,0.229,0.617,96,1
2024-11-27 15:33:09,Active,0.262,0.458,96,1
2024-11-27 15:33:09,Active,0.261,0.616,96,1
2024-11-27 15:33:09,Active,0.291,0.479,96,1
2024-11-27 15:33:09,Active,0.249,0.616,96,1
2024-11-27 15:33:09,Active,0.285,0.465,96,1
2024-11-27 15:33:09,Active,0.272,0.559,96,1
2024-11-27 15:33:09,Active,0.273,0.479,96,1
2024-11-27 15:33:09,Active,0.264,0.617,96,1
2024-11-27 15:33:09,Active,0.284,0.465,96,1
2024-11-27 15:33:09,Active,0.249,0.616,96,1
2024-11-27 15:33:09,Active,0.267,0.479,96,1
2024-11-27 15:33:09,Active,0.238,0.596,96,1
2024-11-27 15:33:09,Active,0.266,0.479,96,1
2024-11-27 15:33:09,Active,0.261,0.655,96,1
2024-11-27 15:33:09,Active,0.270,0.472,96,1
2024-11-27 15:33:09,Active,0.240,0.612,96,1
2024-11-27 15:33:10,Active,0.259,0.458,96,1
2024-11-27 15:33:10,Active,0.270,0.593,96,1
2024-11-27 15:33:10,Active,0.266,0.458,96,1
2024-11-27 15:33:10,Active,0.272,0.616,96,1
2024-11-27 15:33:10,Active,0.247,0.465,96,1
2024-11-27 15:33:10,Active,0.297,0.635,96,1
2024-11-27 15:33:10,Active,0.266,0.472,96,1
2024-11-27 15:33:10,Active,0.272,0.616,96,1
2024-11-27 15:33:10,Active,0.247,0.464,96,1
2024-11-27 15:33:10,Active,0.343,0.620,96,1
2024-11-27 15:33:10,Active,0.270,0.472,96,1
2024-11-27 15:33:10,Active,0.306,0.596,96,1
2024-11-27 15:33:10,Active,0.269,0.472,96,1
2024-11-27 15:33:10,Active,0.306,0.639,96,1
2024-11-27 15:33:10,Active,0.247,0.479,96,1
2024-11-27 15:33:10,Active,0.270,0.616,96,1
2024-11-27 15:33:10,Active,0.274,0.459,96,1
2024-11-27 15:33:10,Active,0.291,0.616,96,1
2024-11-27 15:33:10,Active,0.263,0.458,96,1
2024-11-27 15:33:10,Active,0.216,0.616,96,1
2024-11-27 15:33:10,Active,0.273,0.465,96,1
2024-11-27 15:33:10,Active,0.268,0.630,96,1
2024-11-27 15:33:10,Active,0.251,0.451,96,1
2024-11-27 15:33:10,Active,0.260,0.616,96,1
2024-11-27 15:33:10,Active,0.272,0.450,96,1
2024-11-27 15:33:10,Active,0.260,0.616,96,1
2024-11-27 15:33:10,Active,0.268,0.451,96,1
2024-11-27 15:33:10,Active,0.267,0.593,96,1
2024-11-27 15:33:10,Active,0.281,0.458,96,1
2024-11-27 15:33:10,Active,0.285,0.635,96,1
2024-11-27 15:33:10,Active,0.269,0.465,96,1
2024-11-27 15:33:10,Active,0.274,0.616,96,1
2024-11-27 15:33:10,Active,0.280,0.486,96,1
2024-11-27 15:33:10,Active,0.304,0.593,96,1
2024-11-27 15:33:10,Active,0.269,0.479,96,1
2024-11-27 15:33:10,Active,0.285,0.635,96,1
2024-11-27 15:33:10,Active,0.274,0.500,96,1
2024-11-27 15:33:10,Active,0.260,0.636,96,1
2024-11-27 15:33:10,Active,0.273,0.514,96,1
2024-11-27 15:33:10,Active,0.254,0.612,96,1
2024-11-27 15:33:10,Active,0.254,0.508,96,1
2024-11-27 15:33:10,Active,0.275,0.596,96,1
2024-11-27 15:33:10,Active,0.273,0.515,96,1
2024-11-27 15:33:10,Active,0.260,0.577,96,1
2024-11-27 15:33:10,Active,0.276,0.515,96,1
2024-11-27 15:33:10,Active,0.286,0.578,96,1
2024-11-27 15:33:10,Active,0.216,0.486,96,1
2024-11-27 15:33:10,Active,0.272,0.596,96,1
2024-11-27 15:33:10,Active,0.127,0.472,96,1
2024-11-27 15:33:10,Active,0.258,0.578,96,1
2024-11-27 15:33:11,Active,0.188,0.449,96,1
2024-11-27 15:33:11,Active,0.272,0.617,96,1
2024-11-27 15:33:11,Active,0.239,0.423,96,1
2024-11-27 15:33:11,Active,0.272,0.635,96,1
2024-11-27 15:33:11,Active,0.259,0.421,96,1
2024-11-27 15:33:11,Active,0.318,0.635,96,1
2024-11-27 15:33:11,Active,0.276,0.408,96,1
2024-11-27 15:33:11,Active,0.264,0.538,96,1
2024-11-27 15:33:11,Active,0.285,0.403,96,1
2024-11-27 15:33:11,Active,0.253,0.556,96,1
2024-11-27 15:33:11,Active,0.284,0.397,96,1
2024-11-27 15:33:11,Active,0.275,0.557,96,1
2024-11-27 15:33:11,Active,0.289,0.403,96,1
2024-11-27 15:33:11,Active,0.275,0.539,96,1
2024-11-27 15:33:11,Active,0.284,0.403,96,1
2024-11-27 15:33:11,Active,0.298,0.615,96,1
2024-11-27 15:33:11,Active,0.284,0.404,96,1
2024-11-27 15:33:11,Active,0.274,0.556,96,1
2024-11-27 15:33:11,Active,0.292,0.404,96,1
2024-11-27 15:33:11,Active,0.250,0.635,96,1
2024-11-27 15:33:11,Active,0.281,0.409,96,1
2024-11-27 15:33:11,Active,0.298,0.596,96,1
2024-11-27 15:33:11,Active,0.299,0.410,96,1
2024-11-27 15:33:11,Active,0.261,0.616,96,1
2024-11-27 15:33:11,Active,0.291,0.397,96,1
2024-11-27 15:33:11,Active,0.285,0.560,96,1
2024-11-27 15:33:11,Active,0.280,0.403,96,1
2024-11-27 15:33:11,Active,0.227,0.620,96,1
2024-11-27 15:33:11,Active,0.265,0.403,96,1
2024-11-27 15:33:11,Active,0.272,0.617,96,1
2024-11-27 15:33:11,Active,0.270,0.410,96,1
2024-11-27 15:33:11,Active,0.276,0.616,96,1
2024-11-27 15:33:11,Active,0.292,0.410,96,1
2024-11-27 15:33:11,Active,0.303,0.616,96,1
2024-11-27 15:33:11,Active,0.291,0.411,96,1
2024-11-27 15:33:11,Active,0.261,0.426,96,1
2024-11-27 15:33:11,Active,0.290,0.422,96,1
2024-11-27 15:33:11,Active,0.249,0.616,96,1
2024-11-27 15:33:11,Active,0.291,0.396,96,1
2024-11-27 15:33:11,Active,0.238,0.640,96,1
2024-11-27 15:33:11,Active,0.265,0.417,96,1
2024-11-27 15:33:11,Active,0.272,0.636,96,1
2024-11-27 15:33:11,Active,0.265,0.404,96,1
2024-11-27 15:33:11,Active,0.285,0.596,96,1
2024-11-27 15:33:11,Active,0.262,0.410,96,1
2024-11-27 15:33:11,Active,0.276,0.597,96,1
2024-11-27 15:33:11,Active,0.281,0.389,96,1
2024-11-27 15:33:11,Active,0.257,0.616,96,1
2024-11-27 15:33:11,Active,0.265,0.396,96,1
2024-11-27 15:33:11,Active,0.308,0.481,96,1
2024-11-27 15:33:11,Active,0.261,0.388,96,1
2024-11-27 15:33:11,Active,0.272,0.597,96,1
2024-11-27 15:33:11,Active,0.248,0.390,96,1
2024-11-27 15:33:11,Active,0.285,0.616,96,1
2024-11-27 15:33:11,Active,0.269,0.392,96,1
2024-11-27 15:33:11,Active,0.272,0.597,96,1
2024-11-27 15:33:11,Active,0.255,0.405,96,1
2024-11-27 15:33:11,Active,0.262,0.578,96,1
2024-11-27 15:33:11,Active,0.254,0.445,96,1
2024-11-27 15:33:11,Active,0.227,0.616,96,1
2024-11-27 15:33:12,Active,0.254,0.479,96,1
2024-11-27 15:33:12,Active,0.253,0.635,96,1
2024-11-27 15:33:12,Active,0.243,0.472,96,1
2024-11-27 15:33:12,Active,0.302,0.636,96,1
2024-11-27 15:33:12,Active,0.257,0.492,96,1
2024-11-27 15:33:12,Active,0.280,0.580,96,1
2024-11-27 15:33:12,Active,0.250,0.514,96,1
2024-11-27 15:33:12,Active,0.272,0.578,96,1
2024-11-27 15:33:12,Active,0.265,0.500,96,1
2024-11-27 15:33:12,Active,0.272,0.617,96,1
2024-11-27 15:33:12,Active,0.250,0.540,96,1
2024-11-27 15:33:12,Active,0.272,0.596,96,1
2024-11-27 15:33:12,Active,0.240,0.540,96,1
2024-11-27 15:33:12,Active,0.295,0.597,96,1
2024-11-27 15:33:12,Active,0.247,0.526,96,1
2024-11-27 15:33:12,Active,0.285,0.581,96,1
2024-11-27 15:33:12,Active,0.290,0.513,96,1
2024-11-27 15:33:12,Active,0.272,0.635,96,1
2024-11-27 15:33:12,Active,0.331,0.500,96,1
2024-11-27 15:33:12,Active,0.286,0.635,96,1
2024-11-27 15:33:12,Active,0.341,0.467,96,1
2024-11-27 15:33:12,Active,0.299,0.616,96,1
2024-11-27 15:33:12,Active,0.352,0.461,96,1
2024-11-27 15:33:12,Active,0.227,0.557,96,1
2024-11-27 15:33:12,Active,0.311,0.410,96,1
2024-11-27 15:33:12,Active,0.249,0.581,96,1
2024-11-27 15:33:12,Active,0.318,0.410,96,1
2024-11-27 15:33:12,Active,0.250,0.616,96,1
2024-11-27 15:33:12,Active,0.346,0.431,96,1
2024-11-27 15:33:12,Active,0.262,0.635,96,1
2024-11-27 15:33:12,Active,0.353,0.359,96,1
2024-11-27 15:33:12,Active,0.262,0.577,96,1
2024-11-27 15:33:12,Active,0.375,0.419,96,1
2024-11-27 15:33:12,Active,0.272,0.556,96,1
2024-11-27 15:33:12,Active,0.363,0.346,96,1
2024-11-27 15:33:12,Active,0.227,0.558,96,1
2024-11-27 15:33:12,Active,0.425,0.462,96,1
2024-11-27 15:33:12,Active,0.262,0.616,96,1
2024-11-27 15:33:12,Active,0.432,0.481,96,1
2024-11-27 15:33:12,Active,0.276,0.578,96,1
2024-11-27 15:33:12,Active,0.381,0.470,96,1
2024-11-27 15:33:12,Active,0.299,0.578,96,1
2024-11-27 15:33:12,Active,0.427,0.468,96,1
2024-11-27 15:33:12,Active,0.272,0.597,96,1
2024-11-27 15:33:12,Active,0.395,0.500,96,1
2024-11-27 15:33:12,Active,0.272,0.578,96,1
2024-11-27 15:33:12,Active,0.395,0.506,96,1
2024-11-27 15:33:12,Active,0.272,0.616,96,1
2024-11-27 15:33:12,Active,0.445,0.539,96,1
2024-11-27 15:33:12,Active,0.249,0.616,96,1
2024-11-27 15:33:12,Active,0.431,0.544,96,1
2024-11-27 15:33:12,Active,0.261,0.616,96,1
2024-11-27 15:33:12,Active,0.427,0.513,96,1
2024-11-27 15:33:12,Active,0.282,0.596,96,1
2024-11-27 15:33:12,Active,0.398,0.500,96,1
2024-11-27 15:33:12,Active,0.276,0.616,96,1
2024-11-27 15:33:12,Active,0.391,0.457,96,1
2024-11-27 15:33:12,Active,0.283,0.593,96,1
2024-11-27 15:33:12,Active,0.439,0.488,96,1
2024-11-27 15:33:12,Active,0.249,0.641,96,1
2024-11-27 15:33:12,Active,0.438,0.463,96,1
2024-11-27 15:33:12,Active,0.253,0.616,96,1
2024-11-27 15:33:12,Active,0.432,0.463,96,1
2024-11-27 15:33:12,Active,0.275,0.636,96,1
2024-11-27 15:33:13,Active,0.389,0.436,96,1
2024-11-27 15:33:13,Active,0.295,0.635,96,1
2024-11-27 15:33:13,Active,0.414,0.424,96,1
2024-11-27 15:33:13,Active,0.272,0.575,96,1
2024-11-27 15:33:13,Active,0.382,0.384,96,1
2024-11-27 15:33:13,Active,0.295,0.601,96,1
2024-11-27 15:33:13,Active,0.433,0.404,96,1
2024-11-27 15:33:13,Active,0.284,0.641,96,1
2024-11-27 15:33:13,Active,0.415,0.405,96,1
2024-11-27 15:33:13,Active,0.279,0.641,96,1
2024-11-27 15:33:13,Active,0.425,0.405,96,1
2024-11-27 15:33:13,Active,0.242,0.661,96,1
2024-11-27 15:33:13,Active,0.437,0.416,96,1
2024-11-27 15:33:13,Active,0.277,0.627,96,1
2024-11-27 15:33:13,Active,0.414,0.406,96,1
2024-11-27 15:33:13,Active,0.282,0.605,96,1
2024-11-27 15:33:13,Active,0.360,0.409,96,1
2024-11-27 15:33:13,Active,0.274,0.540,96,1
2024-11-27 15:33:13,Active,0.377,0.401,96,1
2024-11-27 15:33:13,Active,0.220,0.560,96,1
2024-11-27 15:33:13,Active,0.383,0.411,96,1
2024-11-27 15:33:13,Active,0.253,0.561,96,1
2024-11-27 15:33:13,Active,0.383,0.401,96,1
2024-11-27 15:33:13,Active,0.251,0.539,96,1
2024-11-27 15:33:13,Active,0.387,0.401,96,1
2024-11-27 15:33:13,Active,0.240,0.563,96,1
2024-11-27 15:33:13,Active,0.432,0.405,96,1
2024-11-27 15:33:13,Active,0.256,0.541,96,1
2024-11-27 15:33:13,Active,0.380,0.388,96,1
2024-11-27 15:33:13,Active,0.252,0.585,96,1
2024-11-27 15:33:13,Active,0.364,0.395,96,1
2024-11-27 15:33:13,Active,0.291,0.580,96,1
2024-11-27 15:33:13,Active,0.425,0.412,96,1
2024-11-27 15:33:13,Active,0.293,0.561,96,1
2024-11-27 15:33:13,Active,0.375,0.406,96,1
2024-11-27 15:33:13,Active,0.253,0.521,96,1
2024-11-27 15:33:13,Active,0.392,0.389,96,1
2024-11-27 15:33:13,Active,0.280,0.521,96,1
2024-11-27 15:33:13,Active,0.365,0.373,96,1
2024-11-27 15:33:13,Active,0.291,0.540,96,1
2024-11-27 15:33:13,Active,0.371,0.384,96,1
2024-11-27 15:33:13,Active,0.243,0.564,96,1
2024-11-27 15:33:13,Active,0.366,0.372,96,1
2024-11-27 15:33:13,Active,0.250,0.541,96,1
2024-11-27 15:33:13,Active,0.376,0.394,96,1
2024-11-27 15:33:13,Active,0.260,0.520,96,1
2024-11-27 15:33:13,Active,0.427,0.394,96,1
2024-11-27 15:33:13,Active,0.264,0.520,96,1
2024-11-27 15:33:13,Active,0.414,0.413,96,1
2024-11-27 15:33:13,Active,0.250,0.540,96,1
2024-11-27 15:33:13,Active,0.371,0.388,96,1
2024-11-27 15:33:13,Active,0.250,0.540,96,1
2024-11-27 15:33:13,Active,0.389,0.400,96,1
2024-11-27 15:33:13,Active,0.267,0.480,96,1
2024-11-27 15:33:13,Active,0.371,0.383,96,1
2024-11-27 15:33:13,Active,0.256,0.520,96,1
2024-11-27 15:33:13,Active,0.419,0.413,96,1
2024-11-27 15:33:13,Active,0.308,0.539,96,1
2024-11-27 15:33:13,Active,0.356,0.382,96,1
2024-11-27 15:33:13,Active,0.348,0.539,96,1
2024-11-27 15:33:13,Active,0.365,0.383,96,1
2024-11-27 15:33:13,Active,0.250,0.560,96,1
2024-11-27 15:33:14,Active,0.363,0.371,96,1
2024-11-27 15:33:14,Active,0.240,0.541,96,1
2024-11-27 15:33:14,Active,0.395,0.406,96,1
2024-11-27 15:33:14,Active,0.259,0.501,96,1
2024-11-27 15:33:14,Active,0.373,0.413,96,1
2024-11-27 15:33:14,Active,0.259,0.539,96,1
2024-11-27 15:33:14,Active,0.373,0.408,96,1
2024-11-27 15:33:14,Active,0.270,0.520,96,1
2024-11-27 15:33:14,Active,0.368,0.419,96,1
2024-11-27 15:33:14,Active,0.288,0.500,96,1
2024-11-27 15:33:14,Active,0.377,0.427,96,1
2024-11-27 15:33:14,Active,0.250,0.501,96,1
2024-11-27 15:33:14,Active,0.370,0.414,96,1
2024-11-27 15:33:14,Active,0.294,0.540,96,1
2024-11-27 15:33:14,Active,0.356,0.420,96,1
2024-11-27 15:33:14,Active,0.292,0.539,96,1
2024-11-27 15:33:14,Active,0.378,0.425,96,1
2024-11-27 15:33:14,Active,0.274,0.539,96,1
2024-11-27 15:33:14,Active,0.346,0.414,96,1
2024-11-27 15:33:14,Active,0.280,0.561,96,1
2024-11-27 15:33:14,Active,0.386,0.420,96,1
2024-11-27 15:33:14,Active,0.253,0.540,96,1
2024-11-27 15:33:14,Active,0.374,0.418,96,1
2024-11-27 15:33:14,Active,0.260,0.539,96,1
2024-11-27 15:33:14,Active,0.358,0.432,96,1
2024-11-27 15:33:14,Active,0.250,0.520,96,1
2024-11-27 15:33:14,Active,0.371,0.426,96,1
2024-11-27 15:33:14,Active,0.256,0.544,96,1
2024-11-27 15:33:14,Active,0.370,0.413,96,1
2024-11-27 15:33:14,Active,0.267,0.520,96,1
2024-11-27 15:33:14,Active,0.360,0.413,96,1
2024-11-27 15:33:14,Active,0.244,0.559,96,1
2024-11-27 15:33:14,Active,0.390,0.432,96,1
2024-11-27 15:33:14,Active,0.263,0.574,96,1
2024-11-27 15:33:14,Active,0.376,0.424,96,1
2024-11-27 15:33:14,Active,0.268,0.501,96,1
2024-11-27 15:33:14,Active,0.397,0.425,96,1
2024-11-27 15:33:14,Active,0.238,0.483,96,1
2024-11-27 15:33:14,Active,0.367,0.413,96,1
2024-11-27 15:33:14,Active,0.258,0.500,96,1
2024-11-27 15:33:14,Active,0.366,0.419,96,1
2024-11-27 15:33:14,Active,0.253,0.463,96,1
2024-11-27 15:33:14,Active,0.394,0.424,96,1
2024-11-27 15:33:14,Active,0.260,0.463,96,1
2024-11-27 15:33:14,Active,0.377,0.430,96,1
2024-11-27 15:33:14,Active,0.217,0.462,96,1
2024-11-27 15:33:14,Active,0.366,0.426,96,1
2024-11-27 15:33:14,Active,0.208,0.501,96,1
2024-11-27 15:33:14,Active,0.367,0.424,96,1
2024-11-27 15:33:14,Active,0.237,0.446,96,1
2024-11-27 15:33:14,Active,0.366,0.431,96,1
2024-11-27 15:33:14,Active,0.228,0.427,96,1
2024-11-27 15:33:14,Active,0.370,0.431,96,1
2024-11-27 15:33:14,Active,0.232,0.445,96,1
2024-11-27 15:33:14,Active,0.389,0.425,96,1
2024-11-27 15:33:14,Active,0.240,0.409,96,1
2024-11-27 15:33:14,Active,0.363,0.413,96,1
2024-11-27 15:33:14,Active,0.228,0.409,96,1
2024-11-27 15:33:14,Active,0.363,0.424,96,1
2024-11-27 15:33:14,Active,0.230,0.385,96,1
2024-11-27 15:33:15,Active,0.364,0.417,96,1
2024-11-27 15:33:15,Active,0.208,0.384,96,1
2024-11-27 15:33:15,Active,0.417,0.417,96,1
2024-11-27 15:33:15,Active,0.235,0.394,96,1
2024-11-27 15:33:15,Active,0.412,0.430,96,1
2024-11-27 15:33:15,Active,0.249,0.408,96,1
2024-11-27 15:33:15,Active,0.397,0.405,96,1
2024-11-27 15:33:15,Active,0.240,0.408,96,1
2024-11-27 15:33:15,Active,0.382,0.424,96,1
2024-11-27 15:33:15,Active,0.216,0.376,96,1
2024-11-27 15:33:15,Active,0.367,0.424,96,1
2024-11-27 15:33:15,Active,0.241,0.408,96,1
2024-11-27 15:33:15,Active,0.369,0.399,96,1
2024-11-27 15:33:15,Active,0.240,0.370,96,1
2024-11-27 15:33:15,Active,0.315,0.406,96,1
2024-11-27 15:33:15,Active,0.222,0.426,96,1
2024-11-27 15:33:15,Active,0.369,0.397,96,1
2024-11-27 15:33:15,Active,0.248,0.409,96,1
2024-11-27 15:33:15,Active,0.344,0.400,96,1
2024-11-27 15:33:15,Active,0.267,0.407,96,1
2024-11-27 15:33:15,Active,0.375,0.418,96,1
2024-11-27 15:33:15,Active,0.195,0.408,96,1
2024-11-27 15:33:15,Active,0.368,0.406,96,1
2024-11-27 15:33:15,Active,0.208,0.408,96,1
2024-11-27 15:33:15,Active,0.388,0.398,96,1
2024-11-27 15:33:15,Active,0.217,0.407,96,1
2024-11-27 15:33:15,Active,0.336,0.412,96,1
2024-11-27 15:33:15,Active,0.217,0.371,96,1
2024-11-27 15:33:15,Active,0.335,0.405,96,1
2024-11-27 15:33:15,Active,0.217,0.408,96,1
2024-11-27 15:33:15,Active,0.351,0.423,96,1
2024-11-27 15:33:15,Active,0.232,0.424,96,1
2024-11-27 15:33:15,Active,0.353,0.405,96,1
2024-11-27 15:33:15,Active,0.238,0.409,96,1
2024-11-27 15:33:15,Active,0.310,0.405,96,1
2024-11-27 15:33:15,Active,0.228,0.424,96,1
2024-11-27 15:33:15,Active,0.398,0.411,96,1
2024-11-27 15:33:15,Active,0.222,0.425,96,1
2024-11-27 15:33:15,Active,0.373,0.405,96,1
2024-11-27 15:33:15,Active,0.228,0.408,96,1
2024-11-27 15:33:15,Active,0.348,0.411,96,1
2024-11-27 15:33:15,Active,0.240,0.446,96,1
2024-11-27 15:33:15,Active,0.364,0.429,96,1
2024-11-27 15:33:15,Active,0.237,0.408,96,1
2024-11-27 15:33:15,Active,0.377,0.413,96,1
2024-11-27 15:33:15,Active,0.240,0.408,96,1
2024-11-27 15:33:15,Active,0.354,0.416,96,1
2024-11-27 15:33:15,Active,0.222,0.408,96,1
2024-11-27 15:33:15,Active,0.380,0.410,96,1
2024-11-27 15:33:15,Active,0.249,0.408,96,1
2024-11-27 15:33:15,Active,0.391,0.429,96,1
2024-11-27 15:33:16,Active,0.380,0.417,96,1
2024-11-27 15:33:16,Active,0.234,0.424,96,1
2024-11-27 15:33:16,Active,0.361,0.456,96,1
2024-11-27 15:33:16,Active,0.237,0.409,96,1
2024-11-27 15:33:16,Active,0.361,0.469,96,1
2024-11-27 15:33:16,Active,0.226,0.409,96,1
2024-11-27 15:33:16,Active,0.380,0.537,96,1
2024-11-27 15:33:16,Active,0.302,0.462,96,1
2024-11-27 15:33:16,Active,0.374,0.471,96,1
2024-11-27 15:33:16,Active,0.354,0.425,96,1
2024-11-27 15:33:16,Active,0.390,0.520,96,1
2024-11-27 15:33:16,Active,0.302,0.385,96,1
2024-11-27 15:33:16,Active,0.373,0.539,96,1
2024-11-27 15:33:16,Active,0.208,0.408,96,1
2024-11-27 15:33:16,Active,0.363,0.532,96,1
2024-11-27 15:33:16,Active,0.268,0.406,96,1
2024-11-27 15:33:16,Active,0.361,0.545,96,1
2024-11-27 15:33:16,Active,0.220,0.408,96,1
2024-11-27 15:33:16,Active,0.371,0.538,96,1
2024-11-27 15:33:16,Active,0.226,0.462,96,1
2024-11-27 15:33:16,Active,0.387,0.526,96,1
2024-11-27 15:33:16,Active,0.235,0.424,96,1
2024-11-27 15:33:16,Active,0.352,0.513,96,1
2024-11-27 15:33:16,Active,0.272,0.424,96,1
2024-11-27 15:33:16,Active,0.390,0.544,96,1
2024-11-27 15:33:16,Active,0.249,0.408,96,1
2024-11-27 15:33:16,Active,0.372,0.532,96,1
2024-11-27 15:33:16,Active,0.256,0.425,96,1
2024-11-27 15:33:16,Active,0.403,0.444,96,1
2024-11-27 15:33:16,Active,0.251,0.424,96,1
2024-11-27 15:33:16,Active,0.320,0.519,96,1
2024-11-27 15:33:16,Active,0.256,0.406,96,1
2024-11-27 15:33:16,Active,0.362,0.519,96,1
2024-11-27 15:33:16,Active,0.248,0.424,96,1
2024-11-27 15:33:16,Active,0.352,0.525,96,1
2024-11-27 15:33:16,Active,0.216,0.425,96,1
2024-11-27 15:33:16,Active,0.375,0.538,96,1
2024-11-27 15:33:16,Active,0.379,0.519,96,1
2024-11-27 15:33:16,Active,0.251,0.462,96,1
2024-11-27 15:33:16,Active,0.368,0.518,96,1
2024-11-27 15:33:16,Active,0.333,0.512,96,1
2024-11-27 15:33:16,Active,0.216,0.601,96,1
2024-11-27 15:33:16,Active,0.332,0.506,96,1
2024-11-27 15:33:16,Active,0.213,0.500,96,1
2024-11-27 15:33:16,Active,0.397,0.415,96,1
2024-11-27 15:33:16,Active,0.253,0.480,96,1
2024-11-27 15:33:16,Active,0.398,0.506,96,1
2024-11-27 15:33:16,Active,0.224,0.521,96,1
2024-11-27 15:33:16,Active,0.380,0.519,96,1
2024-11-27 15:33:16,Active,0.218,0.462,96,1
2024-11-27 15:33:16,Active,0.385,0.452,96,1
2024-11-27 15:33:16,Active,0.251,0.462,96,1
2024-11-27 15:33:16,Active,0.382,0.415,96,1
2024-11-27 15:33:16,Active,0.260,0.480,96,1
2024-11-27 15:33:16,Active,0.390,0.513,96,1
2024-11-27 15:33:16,Active,0.250,0.446,96,1
2024-11-27 15:33:16,Active,0.373,0.445,96,1
2024-11-27 15:33:16,Active,0.249,0.462,96,1
2024-11-27 15:33:17,Active,0.349,0.494,96,1
2024-11-27 15:33:17,Active,0.232,0.482,96,1
2024-11-27 15:33:17,Active,0.382,0.471,96,1
2024-11-27 15:33:17,Active,0.260,0.462,96,1
2024-11-27 15:33:17,Active,0.373,0.482,96,1
2024-11-27 15:33:17,Active,0.260,0.462,96,1
2024-11-27 15:33:17,Active,0.354,0.428,96,1
2024-11-27 15:33:17,Active,0.238,0.462,96,1
2024-11-27 15:33:17,Active,0.334,0.500,96,1
2024-11-27 15:33:17,Active,0.249,0.445,96,1
2024-11-27 15:33:17,Active,0.379,0.458,96,1
2024-11-27 15:33:17,Active,0.243,0.424,96,1
2024-11-27 15:33:17,Active,0.375,0.477,96,1
2024-11-27 15:33:17,Active,0.316,0.423,96,1
2024-11-27 15:33:17,Active,0.390,0.463,96,1
2024-11-27 15:33:17,Active,0.221,0.370,96,1
2024-11-27 15:33:17,Active,0.340,0.506,96,1
2024-11-27 15:33:17,Active,0.274,0.400,96,1
2024-11-27 15:33:17,Active,0.344,0.500,96,1
2024-11-27 15:33:17,Active,0.287,0.400,96,1
2024-11-27 15:33:17,Active,0.347,0.512,96,1
2024-11-27 15:33:17,Active,0.250,0.401,96,1
2024-11-27 15:33:17,Active,0.380,0.463,96,1
2024-11-27 15:33:17,Active,0.249,0.441,96,1
2024-11-27 15:33:17,Active,0.393,0.538,96,1
2024-11-27 15:33:17,Active,0.270,0.461,96,1
2024-11-27 15:33:17,Active,0.394,0.586,96,1
2024-11-27 15:33:17,Active,0.264,0.461,96,1
2024-11-27 15:33:17,Active,0.402,0.596,96,1
2024-11-27 15:33:17,Active,0.259,0.460,96,1
2024-11-27 15:33:17,Active,0.409,0.631,96,1
2024-11-27 15:33:17,Active,0.240,0.405,96,1
2024-11-27 15:33:17,Active,0.392,0.764,96,1
2024-11-27 15:33:17,Active,0.237,0.424,96,1
2024-11-27 15:33:17,Active,0.396,0.790,96,1
2024-11-27 15:33:17,Active,0.260,0.480,96,1
2024-11-27 15:33:17,Active,0.379,0.800,96,1
2024-11-27 15:33:17,Active,0.286,0.438,96,1
2024-11-27 15:33:17,Active,0.380,0.851,96,1
2024-11-27 15:33:17,Active,0.253,0.441,96,1
2024-11-27 15:33:17,Active,0.351,0.820,96,1
2024-11-27 15:33:17,Active,0.228,0.441,96,1
2024-11-27 15:33:17,Active,0.354,0.845,96,1
2024-11-27 15:33:17,Active,0.260,0.442,96,1
2024-11-27 15:33:17,Active,0.336,0.888,96,1
2024-11-27 15:33:17,Active,0.249,0.409,96,1
2024-11-27 15:33:17,Active,0.336,0.894,96,1
2024-11-27 15:33:17,Active,0.260,0.420,96,1
2024-11-27 15:33:17,Active,0.337,0.854,96,1
2024-11-27 15:33:17,Active,0.261,0.423,96,1
2024-11-27 15:33:17,Active,0.357,0.887,96,1
2024-11-27 15:33:17,Active,0.263,0.423,96,1
2024-11-27 15:33:17,Active,0.360,0.914,96,1
2024-11-27 15:33:17,Active,0.377,0.779,96,1
2024-11-27 15:33:17,Active,0.256,0.423,96,1
2024-11-27 15:33:17,Active,0.353,0.820,96,1
2024-11-27 15:33:17,Active,0.240,0.444,96,1
2024-11-27 15:33:17,Active,0.348,0.957,96,1
2024-11-27 15:33:17,Active,0.249,0.441,96,1
2024-11-27 15:33:17,Active,0.352,0.875,96,1
2024-11-27 15:33:17,Active,0.263,0.463,96,1
2024-11-27 15:33:17,Active,0.346,0.917,96,1
2024-11-27 15:33:18,Active,0.243,0.462,96,1
2024-11-27 15:33:18,Active,0.366,0.943,96,1
2024-11-27 15:33:18,Active,0.243,0.462,96,1
2024-11-27 15:33:18,Active,0.346,0.936,96,1
2024-11-27 15:33:18,Active,0.274,0.463,96,1
2024-11-27 15:33:18,Active,0.351,0.902,96,1
2024-11-27 15:33:18,Active,0.229,0.462,96,1
2024-11-27 15:33:18,Active,0.347,0.979,96,1
2024-11-27 15:33:18,Active,0.246,0.443,96,1
2024-11-27 15:33:18,Active,0.358,0.936,96,1
2024-11-27 15:33:18,Active,0.240,0.463,96,1
2024-11-27 15:33:18,Active,0.347,0.944,96,1
2024-11-27 15:33:18,Active,0.260,0.462,96,1
2024-11-27 15:33:18,Active,0.351,0.908,96,1
2024-11-27 15:33:18,Active,0.262,0.463,96,1
2024-11-27 15:33:18,Active,0.358,0.930,96,1
2024-11-27 15:33:18,Active,0.240,0.463,96,1
2024-11-27 15:33:18,Active,0.358,0.924,96,1
2024-11-27 15:33:18,Active,0.283,0.481,96,1
2024-11-27 15:33:18,Active,0.360,0.876,96,1
2024-11-27 15:33:18,Active,0.264,0.441,96,1
2024-11-27 15:33:18,Active,0.342,0.904,96,1
2024-11-27 15:33:18,Active,0.270,0.463,96,1
2024-11-27 15:33:18,Active,0.336,0.917,96,1
2024-11-27 15:33:18,Active,0.240,0.482,96,1
2024-11-27 15:33:18,Active,0.336,0.917,96,1
2024-11-27 15:33:18,Active,0.283,0.441,96,1
2024-11-27 15:33:18,Active,0.335,0.931,96,1
2024-11-27 15:33:18,Active,0.254,0.424,96,1
2024-11-27 15:33:18,Active,0.334,0.891,96,1
2024-11-27 15:33:18,Active,0.273,0.481,96,1
2024-11-27 15:33:18,Active,0.330,0.897,96,1
2024-11-27 15:33:18,Active,0.251,0.481,96,1
2024-11-27 15:33:18,Active,0.346,0.917,96,1
2024-11-27 15:33:18,Active,0.273,0.481,96,1
2024-11-27 15:33:18,Active,0.343,0.855,96,1
2024-11-27 15:33:18,Active,0.240,0.464,96,1
2024-11-27 15:33:18,Active,0.316,0.880,96,1
2024-11-27 15:33:18,Active,0.250,0.463,96,1
2024-11-27 15:33:18,Active,0.343,0.915,96,1
2024-11-27 15:33:18,Active,0.293,0.480,96,1
2024-11-27 15:33:18,Active,0.318,0.858,96,1
2024-11-27 15:33:18,Active,0.273,0.521,96,1
2024-11-27 15:33:18,Active,0.364,0.879,96,1
2024-11-27 15:33:18,Active,0.243,0.463,96,1
2024-11-27 15:33:18,Active,0.319,0.885,96,1
2024-11-27 15:33:18,Active,0.330,0.463,96,1
2024-11-27 15:33:18,Active,0.332,0.754,96,1
2024-11-27 15:33:18,Active,0.270,0.481,96,1
2024-11-27 15:33:18,Active,0.335,0.819,96,1
2024-11-27 15:33:18,Active,0.270,0.480,96,1
2024-11-27 15:33:18,Active,0.313,0.864,96,1
2024-11-27 15:33:18,Active,0.261,0.482,96,1
2024-11-27 15:33:18,Active,0.315,0.769,96,1
2024-11-27 15:33:18,Active,0.264,0.463,96,1
2024-11-27 15:33:18,Active,0.319,0.919,96,1
2024-11-27 15:33:18,Active,0.249,0.480,96,1
2024-11-27 15:33:18,Active,0.313,0.876,96,1
2024-11-27 15:33:18,Active,0.249,0.482,96,1
2024-11-27 15:33:18,Active,0.312,0.919,96,1
2024-11-27 15:33:18,Active,0.248,0.482,96,1
2024-11-27 15:33:19,Active,0.291,0.896,96,1
2024-11-27 15:33:19,Active,0.264,0.520,96,1
2024-11-27 15:33:19,Active,0.287,0.746,96,1
2024-11-27 15:33:19,Active,0.260,0.481,96,1
2024-11-27 15:33:19,Active,0.294,0.769,96,1
2024-11-27 15:33:19,Active,0.253,0.500,96,1
2024-11-27 15:33:19,Active,0.293,0.887,96,1
2024-11-27 15:33:19,Active,0.260,0.520,96,1
2024-11-27 15:33:19,Active,0.262,0.979,96,1
2024-11-27 15:33:19,Active,0.264,0.500,96,1
2024-11-27 15:33:19,Active,0.294,0.894,96,1
2024-11-27 15:33:19,Active,0.294,0.481,96,1
2024-11-27 15:33:19,Active,0.257,0.923,96,1
2024-11-27 15:33:19,Active,0.256,0.482,96,1
2024-11-27 15:33:19,Active,0.274,0.833,96,1
2024-11-27 15:33:19,Active,0.251,0.463,96,1
2024-11-27 15:33:19,Active,0.277,0.756,96,1
2024-11-27 15:33:19,Active,0.307,0.520,96,1
2024-11-27 15:33:19,Active,0.271,0.714,96,1
2024-11-27 15:33:19,Active,0.264,0.500,96,1
2024-11-27 15:33:19,Active,0.295,0.821,96,1
2024-11-27 15:33:19,Active,0.259,0.520,96,1
2024-11-27 15:33:19,Active,0.277,0.759,96,1
2024-11-27 15:33:19,Active,0.249,0.500,96,1
2024-11-27 15:33:19,Active,0.311,0.746,96,1
2024-11-27 15:33:19,Active,0.229,0.519,96,1
2024-11-27 15:33:19,Active,0.315,0.812,96,1
2024-11-27 15:33:19,Active,0.297,0.795,96,1
2024-11-27 15:33:19,Active,0.240,0.519,96,1
2024-11-27 15:33:19,Active,0.298,0.810,96,1
2024-11-27 15:33:19,Active,0.205,0.500,96,1
2024-11-27 15:33:19,Active,0.279,0.811,96,1
2024-11-27 15:33:19,Active,0.291,0.877,96,1
2024-11-27 15:33:19,Active,0.253,0.500,96,1
2024-11-27 15:33:19,Active,0.277,0.833,96,1
2024-11-27 15:33:19,Active,0.280,0.500,96,1
2024-11-27 15:33:19,Active,0.286,0.757,96,1
2024-11-27 15:33:19,Active,0.233,0.481,96,1
2024-11-27 15:33:19,Active,0.298,0.793,96,1
2024-11-27 15:33:19,Active,0.246,0.501,96,1
2024-11-27 15:33:19,Active,0.287,0.824,96,1
2024-11-27 15:33:19,Active,0.246,0.481,96,1
2024-11-27 15:33:19,Active,0.267,0.826,96,1
2024-11-27 15:33:19,Active,0.281,0.824,96,1
2024-11-27 15:33:19,Active,0.285,0.500,96,1
2024-11-27 15:33:19,Active,0.260,0.739,96,1
2024-11-27 15:33:19,Active,0.291,0.521,96,1
2024-11-27 15:33:19,Active,0.267,0.741,96,1
2024-11-27 15:33:19,Active,0.282,0.500,96,1
2024-11-27 15:33:19,Active,0.276,0.819,96,1
2024-11-27 15:33:19,Active,0.256,0.481,96,1
2024-11-27 15:33:19,Active,0.257,0.826,96,1
2024-11-27 15:33:19,Active,0.261,0.770,96,1
2024-11-27 15:33:19,Active,0.256,0.482,96,1
2024-11-27 15:33:19,Active,0.261,0.764,96,1
2024-11-27 15:33:19,Active,0.273,0.482,96,1
2024-11-27 15:33:20,Active,0.251,0.721,96,1
2024-11-27 15:33:20,Active,0.291,0.520,96,1
2024-11-27 15:33:20,Active,0.247,0.736,96,1
2024-11-27 15:33:20,Active,0.267,0.463,96,1
2024-11-27 15:33:20,Active,0.261,0.751,96,1
2024-11-27 15:33:20,Active,0.253,0.482,96,1
2024-11-27 15:33:20,Active,0.233,0.803,96,1
2024-11-27 15:33:20,Active,0.264,0.462,96,1
2024-11-27 15:33:20,Active,0.226,0.805,96,1
2024-11-27 15:33:20,Active,0.291,0.482,96,1
2024-11-27 15:33:20,Active,0.236,0.795,96,1
2024-11-27 15:33:20,Active,0.190,0.749,96,1
2024-11-27 15:33:20,Active,0.280,0.462,96,1
2024-11-27 15:33:20,Active,0.216,0.738,96,1
2024-11-27 15:33:20,Active,0.253,0.500,96,1
2024-11-27 15:33:20,Active,0.211,0.773,96,1
2024-11-27 15:33:20,Active,0.270,0.462,96,1
2024-11-27 15:33:20,Active,0.203,0.665,96,1
2024-11-27 15:33:20,Active,0.264,0.501,96,1
2024-11-27 15:33:20,Active,0.204,0.658,96,1
2024-11-27 15:33:20,Active,0.249,0.500,96,1
2024-11-27 15:33:20,SLEEPING !!!,0.189,0.642,96,1
2024-11-27 15:33:20,Active,0.264,0.482,97,1
2024-11-27 15:33:20,Active,0.208,0.538,97,1
2024-11-27 15:33:20,Active,0.264,0.462,97,1
2024-11-27 15:33:20,Active,0.226,0.454,97,1
2024-11-27 15:33:20,Active,0.256,0.462,97,1
2024-11-27 15:33:20,Active,0.217,0.409,97,1
2024-11-27 15:33:20,Active,0.301,0.481,97,1
2024-11-27 15:33:20,Active,0.187,0.419,97,1
2024-11-27 15:33:20,Active,0.249,0.464,97,1
2024-11-27 15:33:20,SLEEPING !!!,0.225,0.449,97,1
2024-11-27 15:33:20,Active,0.259,0.443,98,1
2024-11-27 15:33:20,Active,0.224,0.546,98,1
2024-11-27 15:33:20,Active,0.240,0.463,98,1
2024-11-27 15:33:20,SLEEPING !!!,0.226,0.609,98,1
2024-11-27 15:33:20,Active,0.264,0.463,98,1
2024-11-27 15:33:20,Active,0.197,0.598,98,1
2024-11-27 15:33:20,Active,0.267,0.462,98,1
2024-11-27 15:33:20,Active,0.212,0.531,98,1
2024-11-27 15:33:20,Active,0.260,0.481,98,1
2024-11-27 15:33:20,Active,0.210,0.567,98,1
2024-11-27 15:33:20,Active,0.260,0.519,98,1
2024-11-27 15:33:20,Active,0.214,0.538,98,1
2024-11-27 15:33:20,Active,0.237,0.537,98,1
2024-11-27 15:33:20,Active,0.289,0.500,98,1
2024-11-27 15:33:20,Active,0.196,0.511,98,1
2024-11-27 15:33:20,Active,0.222,0.593,98,1
2024-11-27 15:33:20,SLEEPING !!!,0.189,0.489,98,1
2024-11-27 15:33:20,Active,0.260,0.589,99,1
2024-11-27 15:33:20,Active,0.181,0.485,99,1
2024-11-27 15:33:20,Active,0.282,0.615,99,1
2024-11-27 15:33:21,Active,0.197,0.462,99,1
2024-11-27 15:33:21,Active,0.264,0.444,99,1
2024-11-27 15:33:21,Active,0.182,0.461,99,1
2024-11-27 15:33:21,Active,0.260,0.442,99,1
2024-11-27 15:33:21,Active,0.212,0.466,99,1
2024-11-27 15:33:21,Active,0.285,0.482,99,1
2024-11-27 15:33:21,Active,0.193,0.453,99,1
2024-11-27 15:33:21,Active,0.277,0.480,99,1
2024-11-27 15:33:21,Active,0.195,0.441,99,1
2024-11-27 15:33:21,Active,0.228,0.441,99,1
2024-11-27 15:33:21,SLEEPING !!!,0.198,0.402,99,1
2024-11-27 15:33:21,SLEEPING !!!,0.225,0.445,99,1
2024-11-27 15:33:21,SLEEPING !!!,0.211,0.417,99,1
2024-11-27 15:33:21,SLEEPING !!!,0.241,0.446,99,1
2024-11-27 15:33:21,SLEEPING !!!,0.212,0.365,99,1
2024-11-27 15:33:21,Active,0.253,0.482,100,1
2024-11-27 15:33:21,Active,0.191,0.321,100,1
2024-11-27 15:33:21,Active,0.278,0.462,100,1
2024-11-27 15:33:21,Active,0.219,0.306,100,1
2024-11-27 15:33:21,Active,0.260,0.480,100,1
2024-11-27 15:33:21,Active,0.241,0.316,100,1
2024-11-27 15:33:21,Active,0.264,0.460,100,1
2024-11-27 15:33:21,Active,0.268,0.319,100,1
2024-11-27 15:33:21,Active,0.261,0.460,100,1
2024-11-27 15:33:21,Active,0.293,0.334,100,1
2024-11-27 15:33:21,Active,0.286,0.464,100,1
2024-11-27 15:33:21,Active,0.336,0.339,100,1
2024-11-27 15:33:21,Active,0.246,0.481,100,1
2024-11-27 15:33:21,Active,0.334,0.358,100,1
2024-11-27 15:33:21,Active,0.264,0.500,100,1
2024-11-27 15:33:21,Active,0.361,0.358,100,1
2024-11-27 15:33:21,Active,0.267,0.480,100,1
2024-11-27 15:33:21,Active,0.360,0.357,100,1
2024-11-27 15:33:21,Active,0.242,0.445,100,1
2024-11-27 15:33:21,Active,0.374,0.360,100,1
2024-11-27 15:33:21,Active,0.272,0.501,100,1
2024-11-27 15:33:21,Active,0.354,0.349,100,1
2024-11-27 15:33:21,Active,0.208,0.429,100,1
2024-11-27 15:33:21,Active,0.368,0.358,100,1
2024-11-27 15:33:21,Active,0.270,0.423,100,1
2024-11-27 15:33:21,Active,0.364,0.346,100,1
2024-11-27 15:33:21,Active,0.260,0.520,100,1
2024-11-27 15:33:21,Active,0.381,0.344,100,1
2024-11-27 15:33:21,Active,0.275,0.462,100,1
2024-11-27 15:33:21,Active,0.349,0.351,100,1
2024-11-27 15:33:21,Active,0.253,0.462,100,1
2024-11-27 15:33:21,Active,0.376,0.360,100,1
2024-11-27 15:33:21,Active,0.232,0.462,100,1
2024-11-27 15:33:21,Active,0.354,0.354,100,1
2024-11-27 15:33:21,Active,0.279,0.481,100,1
2024-11-27 15:33:21,Active,0.389,0.366,100,1
2024-11-27 15:33:21,Active,0.211,0.411,100,1
2024-11-27 15:33:21,Active,0.365,0.377,100,1
2024-11-27 15:33:21,Active,0.238,0.460,100,1
2024-11-27 15:33:21,Active,0.368,0.374,100,1
2024-11-27 15:33:21,Active,0.264,0.442,100,1
2024-11-27 15:33:21,Active,0.395,0.394,100,1
2024-11-27 15:33:21,Active,0.285,0.461,100,1
2024-11-27 15:33:21,Active,0.397,0.408,100,1
2024-11-27 15:33:21,Active,0.260,0.444,100,1
2024-11-27 15:33:22,Active,0.384,0.403,100,1
2024-11-27 15:33:22,Active,0.282,0.481,100,1
2024-11-27 15:33:22,Active,0.385,0.401,100,1
2024-11-27 15:33:22,Active,0.304,0.480,100,1
2024-11-27 15:33:22,Active,0.388,0.396,100,1
2024-11-27 15:33:22,Active,0.217,0.501,100,1
2024-11-27 15:33:22,Active,0.391,0.396,100,1
2024-11-27 15:33:22,Active,0.285,0.482,100,1
2024-11-27 15:33:22,Active,0.398,0.383,100,1
2024-11-27 15:33:22,Active,0.260,0.501,100,1
2024-11-27 15:33:22,Active,0.372,0.402,100,1
2024-11-27 15:33:22,Active,0.265,0.480,100,1
2024-11-27 15:33:22,Active,0.360,0.426,100,1
2024-11-27 15:33:22,Active,0.283,0.480,100,1
2024-11-27 15:33:22,Active,0.388,0.408,100,1
2024-11-27 15:33:22,Active,0.228,0.429,100,1
2024-11-27 15:33:22,Active,0.388,0.390,100,1
2024-11-27 15:33:22,Active,0.264,0.501,100,1
2024-11-27 15:33:22,Active,0.374,0.391,100,1
2024-11-27 15:33:22,Active,0.258,0.482,100,1
2024-11-27 15:33:22,Active,0.392,0.390,100,1
2024-11-27 15:33:22,Active,0.260,0.482,100,1
2024-11-27 15:33:22,Active,0.386,0.402,100,1
2024-11-27 15:33:22,Active,0.232,0.481,100,1
2024-11-27 15:33:22,Active,0.388,0.392,100,1
2024-11-27 15:33:22,Active,0.249,0.500,100,1
2024-11-27 15:33:22,Active,0.327,0.389,100,1
2024-11-27 15:33:22,Active,0.284,0.501,100,1
2024-11-27 15:33:22,Active,0.202,0.387,100,1
2024-11-27 15:33:22,Active,0.240,0.445,100,1
2024-11-27 15:33:22,SLEEPING !!!,0.204,0.365,100,1
2024-11-27 15:33:22,SLEEPING !!!,0.237,0.445,100,1
2024-11-27 15:33:22,SLEEPING !!!,0.187,0.358,100,1
2024-11-27 15:33:22,SLEEPING !!!,0.208,0.500,100,1
2024-11-27 15:33:22,SLEEPING !!!,0.244,0.378,100,1
2024-11-27 15:33:22,SLEEPING !!!,0.228,0.465,100,1
2024-11-27 15:33:22,Active,0.258,0.358,101,1
2024-11-27 15:33:22,Active,0.253,0.482,101,1
2024-11-27 15:33:22,Active,0.126,0.347,101,1
2024-11-27 15:33:22,Active,0.240,0.445,101,1
2024-11-27 15:33:22,SLEEPING !!!,0.201,0.349,101,1
2024-11-27 15:33:22,SLEEPING !!!,0.249,0.446,101,1
2024-11-27 15:33:22,Active,0.293,0.325,101,1
2024-11-27 15:33:22,Active,0.260,0.445,101,1
2024-11-27 15:33:22,Active,0.298,0.327,101,1
2024-11-27 15:33:22,Active,0.232,0.464,101,1
2024-11-27 15:33:22,Active,0.152,0.345,101,1
2024-11-27 15:33:22,SLEEPING !!!,0.240,0.448,101,1
2024-11-27 15:33:22,SLEEPING !!!,0.165,0.358,101,1
2024-11-27 15:33:22,SLEEPING !!!,0.179,0.466,101,1
2024-11-27 15:33:22,Active,0.295,0.380,102,1
2024-11-27 15:33:22,Active,0.205,0.429,102,1
2024-11-27 15:33:22,Active,0.243,0.382,102,1
2024-11-27 15:33:22,SLEEPING !!!,0.221,0.429,102,1
2024-11-27 15:33:22,SLEEPING !!!,0.230,0.381,102,1
2024-11-27 15:33:22,SLEEPING !!!,0.228,0.415,102,1
2024-11-27 15:33:22,Active,0.250,0.363,102,1
2024-11-27 15:33:22,Active,0.222,0.431,102,1
2024-11-27 15:33:22,Active,0.261,0.377,102,1
2024-11-27 15:33:22,Active,0.217,0.450,102,1
2024-11-27 15:33:22,Active,0.268,0.381,102,1
2024-11-27 15:33:22,Active,0.200,0.449,102,1
2024-11-27 15:33:22,Active,0.275,0.388,102,1
2024-11-27 15:33:22,Active,0.203,0.449,102,1
2024-11-27 15:33:23,Active,0.257,0.415,102,1
2024-11-27 15:33:23,Active,0.240,0.431,102,1
2024-11-27 15:33:23,Active,0.281,0.432,102,1
2024-11-27 15:33:23,Active,0.243,0.449,102,1
2024-11-27 15:33:23,Active,0.278,0.469,102,1
2024-11-27 15:33:23,Active,0.217,0.467,102,1
2024-11-27 15:33:23,Active,0.275,0.506,102,1
2024-11-27 15:33:23,Active,0.166,0.432,102,1
2024-11-27 15:33:23,Active,0.267,0.531,102,1
2024-11-27 15:33:23,Active,0.195,0.401,102,1
2024-11-27 15:33:23,Active,0.274,0.555,102,1
2024-11-27 15:33:23,Active,0.228,0.449,102,1
2024-11-27 15:33:23,Active,0.275,0.568,102,1
2024-11-27 15:33:23,Active,0.174,0.448,102,1
2024-11-27 15:33:23,Active,0.275,0.549,102,1
2024-11-27 15:33:23,Active,0.176,0.449,102,1
2024-11-27 15:33:23,Active,0.293,0.556,102,1
2024-11-27 15:33:23,Active,0.238,0.464,102,1
2024-11-27 15:33:23,Active,0.278,0.500,102,1
2024-11-27 15:33:23,Active,0.166,0.448,102,1
2024-11-27 15:33:23,Active,0.254,0.487,102,1
2024-11-27 15:33:23,Active,0.243,0.433,102,1
2024-11-27 15:33:23,Active,0.236,0.436,102,1
2024-11-27 15:33:23,SLEEPING !!!,0.181,0.482,102,1
2024-11-27 15:33:23,SLEEPING !!!,0.191,0.402,102,1
2024-11-27 15:33:23,SLEEPING !!!,0.208,0.451,102,1
2024-11-27 15:33:23,SLEEPING !!!,0.129,0.436,102,1
2024-11-27 15:33:23,SLEEPING !!!,0.166,0.483,102,1
2024-11-27 15:33:23,SLEEPING !!!,0.086,0.425,102,1
2024-11-27 15:33:23,SLEEPING !!!,0.217,0.468,102,1
2024-11-27 15:33:23,SLEEPING !!!,0.080,0.512,102,1
2024-11-27 15:33:23,SLEEPING !!!,0.195,0.420,102,1
2024-11-27 15:33:23,SLEEPING !!!,0.084,0.493,102,1
2024-11-27 15:33:23,SLEEPING !!!,0.169,0.451,102,1
2024-11-27 15:33:23,SLEEPING !!!,0.096,0.463,102,1
2024-11-27 15:33:23,SLEEPING !!!,0.208,0.438,102,1
2024-11-27 15:33:23,SLEEPING !!!,0.089,0.456,102,1
2024-11-27 15:33:23,SLEEPING !!!,0.191,0.422,102,1
2024-11-27 15:33:23,SLEEPING !!!,0.132,0.455,102,1
2024-11-27 15:33:23,SLEEPING !!!,0.176,0.425,102,1
2024-11-27 15:33:23,SLEEPING !!!,0.172,0.474,102,1
2024-11-27 15:33:23,SLEEPING !!!,0.205,0.424,102,1
2024-11-27 15:33:23,SLEEPING !!!,0.197,0.500,102,1
2024-11-27 15:33:23,SLEEPING !!!,0.179,0.395,102,1
2024-11-27 15:33:23,SLEEPING !!!,0.211,0.506,102,1
2024-11-27 15:33:23,SLEEPING !!!,0.187,0.395,102,1
2024-11-27 15:33:23,SLEEPING !!!,0.215,0.545,102,1
2024-11-27 15:33:23,SLEEPING !!!,0.229,0.395,102,1
2024-11-27 15:33:23,SLEEPING !!!,0.230,0.557,102,1
2024-11-27 15:33:23,SLEEPING !!!,0.166,0.425,102,1
2024-11-27 15:33:23,SLEEPING !!!,0.240,0.531,102,1
2024-11-27 15:33:23,SLEEPING !!!,0.176,0.425,102,1
2024-11-27 15:33:23,SLEEPING !!!,0.240,0.551,102,1
2024-11-27 15:33:23,SLEEPING !!!,0.145,0.394,102,1
2024-11-27 15:33:23,SLEEPING !!!,0.233,0.550,102,1
2024-11-27 15:33:23,SLEEPING !!!,0.166,0.422,102,1
2024-11-27 15:33:23,SLEEPING !!!,0.232,0.537,102,1
2024-11-27 15:33:23,SLEEPING !!!,0.171,0.422,102,1
2024-11-27 15:33:23,SLEEPING !!!,0.236,0.507,102,1
2024-11-27 15:33:23,SLEEPING !!!,0.208,0.425,102,1
2024-11-27 15:33:23,SLEEPING !!!,0.237,0.500,102,1
2024-11-27 15:33:23,SLEEPING !!!,0.187,0.425,102,1
2024-11-27 15:33:24,SLEEPING !!!,0.233,0.531,102,1
2024-11-27 15:33:24,SLEEPING !!!,0.208,0.406,102,1
2024-11-27 15:33:24,SLEEPING !!!,0.233,0.519,102,1
2024-11-27 15:33:24,SLEEPING !!!,0.208,0.467,102,1
2024-11-27 15:33:24,SLEEPING !!!,0.240,0.476,102,1
2024-11-27 15:33:24,SLEEPING !!!,0.183,0.452,102,1
2024-11-27 15:33:24,Active,0.251,0.500,103,1
2024-11-27 15:33:24,Active,0.165,0.452,103,1
2024-11-27 15:33:24,Active,0.236,0.488,103,1
2024-11-27 15:33:24,SLEEPING !!!,0.187,0.451,103,1
2024-11-27 15:33:24,SLEEPING !!!,0.240,0.488,103,1
2024-11-27 15:33:24,SLEEPING !!!,0.208,0.452,103,1
2024-11-27 15:33:24,SLEEPING !!!,0.230,0.519,103,1
2024-11-27 15:33:24,SLEEPING !!!,0.229,0.468,103,1
2024-11-27 15:33:24,SLEEPING !!!,0.230,0.469,103,1
2024-11-27 15:33:24,SLEEPING !!!,0.166,0.468,103,1
2024-11-27 15:33:24,SLEEPING !!!,0.217,0.487,103,1
2024-11-27 15:33:24,SLEEPING !!!,0.187,0.500,103,1
2024-11-27 15:33:24,SLEEPING !!!,0.233,0.487,103,1
2024-11-27 15:33:24,SLEEPING !!!,0.195,0.466,103,1
2024-11-27 15:33:24,SLEEPING !!!,0.236,0.494,103,1
2024-11-27 15:33:24,SLEEPING !!!,0.166,0.484,103,1
2024-11-27 15:33:24,SLEEPING !!!,0.240,0.513,103,1
2024-11-27 15:33:24,SLEEPING !!!,0.224,0.452,103,1
2024-11-27 15:33:24,SLEEPING !!!,0.227,0.500,103,1
2024-11-27 15:33:24,SLEEPING !!!,0.206,0.449,103,1
2024-11-27 15:33:24,SLEEPING !!!,0.230,0.481,103,1
2024-11-27 15:33:24,SLEEPING !!!,0.187,0.467,103,1
2024-11-27 15:33:24,Active,0.261,0.481,104,1
2024-11-27 15:33:24,Active,0.187,0.465,104,1
2024-11-27 15:33:24,Active,0.257,0.474,104,1
2024-11-27 15:33:24,Active,0.208,0.448,104,1
2024-11-27 15:33:24,Active,0.247,0.500,104,1
2024-11-27 15:33:24,SLEEPING !!!,0.194,0.501,104,1
2024-11-27 15:33:24,Active,0.258,0.520,105,1
2024-11-27 15:33:24,Active,0.217,0.501,105,1
2024-11-27 15:33:24,Active,0.257,0.551,105,1
2024-11-27 15:33:24,Active,0.208,0.482,105,1
2024-11-27 15:33:24,Active,0.247,0.550,105,1
2024-11-27 15:33:24,SLEEPING !!!,0.174,0.465,105,1
2024-11-27 15:33:24,SLEEPING !!!,0.241,0.559,105,1
2024-11-27 15:33:24,SLEEPING !!!,0.208,0.500,105,1
2024-11-27 15:33:24,Active,0.258,0.449,106,1
2024-11-27 15:33:24,Active,0.217,0.465,106,1
2024-11-27 15:33:24,Active,0.261,0.436,106,1
2024-11-27 15:33:24,Active,0.216,0.466,106,1
2024-11-27 15:33:24,Active,0.260,0.429,106,1
2024-11-27 15:33:24,Active,0.222,0.482,106,1
2024-11-27 15:33:24,Active,0.260,0.481,106,1
2024-11-27 15:33:24,Active,0.209,0.501,106,1
2024-11-27 15:33:24,Active,0.260,0.443,106,1
2024-11-27 15:33:24,Active,0.248,0.501,106,1
2024-11-27 15:33:24,Active,0.273,0.486,106,1
2024-11-27 15:33:24,Active,0.203,0.466,106,1
2024-11-27 15:33:24,Active,0.270,0.442,106,1
2024-11-27 15:33:24,Active,0.256,0.501,106,1
2024-11-27 15:33:24,Active,0.277,0.448,106,1
2024-11-27 15:33:24,Active,0.248,0.501,106,1
2024-11-27 15:33:25,Active,0.271,0.486,106,1
2024-11-27 15:33:25,Active,0.211,0.501,106,1
2024-11-27 15:33:25,Active,0.264,0.467,106,1
2024-11-27 15:33:25,Active,0.227,0.501,106,1
2024-11-27 15:33:25,Active,0.267,0.480,106,1
2024-11-27 15:33:25,Active,0.221,0.519,106,1
2024-11-27 15:33:25,Active,0.270,0.422,106,1
2024-11-27 15:33:25,Active,0.217,0.483,106,1
2024-11-27 15:33:25,Active,0.267,0.455,106,1
2024-11-27 15:33:25,Active,0.256,0.519,106,1
2024-11-27 15:33:25,Active,0.274,0.442,106,1
2024-11-27 15:33:25,Active,0.208,0.483,106,1
2024-11-27 15:33:25,Active,0.274,0.467,106,1
2024-11-27 15:33:25,Active,0.208,0.501,106,1
2024-11-27 15:33:25,Active,0.274,0.461,106,1
2024-11-27 15:33:25,Active,0.240,0.482,106,1
2024-11-27 15:33:25,Active,0.274,0.456,106,1
2024-11-27 15:33:25,Active,0.229,0.501,106,1
2024-11-27 15:33:25,Active,0.274,0.461,106,1
2024-11-27 15:33:25,Active,0.250,0.465,106,1
2024-11-27 15:33:25,Active,0.270,0.430,106,1
2024-11-27 15:33:25,Active,0.241,0.501,106,1
2024-11-27 15:33:25,Active,0.247,0.406,106,1
2024-11-27 15:33:25,SLEEPING !!!,0.217,0.501,106,1
2024-11-27 15:33:25,Active,0.261,0.367,107,1
2024-11-27 15:33:25,Active,0.226,0.520,107,1
2024-11-27 15:33:25,Active,0.254,0.335,107,1
2024-11-27 15:33:25,Active,0.261,0.519,107,1
2024-11-27 15:33:25,Active,0.260,0.306,107,1
2024-11-27 15:33:25,Active,0.264,0.482,107,1
2024-11-27 15:33:25,Active,0.243,0.313,107,1
2024-11-27 15:33:25,Active,0.225,0.501,107,1
2024-11-27 15:33:25,SLEEPING !!!,0.148,0.317,107,1
2024-11-27 15:33:25,SLEEPING !!!,0.204,0.483,107,1
2024-11-27 15:33:25,SLEEPING !!!,0.140,0.320,107,1
2024-11-27 15:33:25,SLEEPING !!!,0.226,0.480,107,1
2024-11-27 15:33:25,SLEEPING !!!,0.122,0.337,107,1
2024-11-27 15:33:25,SLEEPING !!!,0.216,0.482,107,1
2024-11-27 15:33:25,SLEEPING !!!,0.148,0.348,107,1
2024-11-27 15:33:25,SLEEPING !!!,0.206,0.483,107,1
2024-11-27 15:33:25,SLEEPING !!!,0.178,0.351,107,1
2024-11-27 15:33:25,SLEEPING !!!,0.222,0.519,107,1
2024-11-27 15:33:25,SLEEPING !!!,0.208,0.359,107,1
2024-11-27 15:33:25,SLEEPING !!!,0.222,0.501,107,1
2024-11-27 15:33:25,SLEEPING !!!,0.230,0.364,107,1
2024-11-27 15:33:25,SLEEPING !!!,0.236,0.500,107,1
2024-11-27 15:33:25,SLEEPING !!!,0.236,0.370,107,1
2024-11-27 15:33:25,SLEEPING !!!,0.222,0.501,107,1
2024-11-27 15:33:25,SLEEPING !!!,0.236,0.353,107,1
2024-11-27 15:33:25,Active,0.267,0.521,108,1
2024-11-27 15:33:25,Active,0.260,0.360,108,1
2024-11-27 15:33:25,Active,0.216,0.500,108,1
2024-11-27 15:33:26,Active,0.253,0.362,108,1
2024-11-27 15:33:26,Active,0.228,0.521,108,1
2024-11-27 15:33:26,Active,0.291,0.343,108,1
2024-11-27 15:33:26,Active,0.212,0.482,108,1
2024-11-27 15:33:26,Active,0.297,0.321,108,1
2024-11-27 15:33:26,Active,0.205,0.501,108,1
2024-11-27 15:33:26,Active,0.285,0.314,108,1
2024-11-27 15:33:26,Active,0.238,0.501,108,1
2024-11-27 15:33:26,Active,0.320,0.275,108,1
2024-11-27 15:33:26,Active,0.249,0.483,108,1
2024-11-27 15:33:26,Active,0.318,0.296,108,1
2024-11-27 15:33:26,Active,0.238,0.501,108,1
2024-11-27 15:33:26,Active,0.318,0.299,108,1
2024-11-27 15:33:26,Active,0.222,0.500,108,1
2024-11-27 15:33:26,Active,0.312,0.297,108,1
2024-11-27 15:33:26,Active,0.250,0.521,108,1
2024-11-27 15:33:26,Active,0.314,0.340,108,1
2024-11-27 15:33:26,Active,0.217,0.540,108,1
2024-11-27 15:33:26,Active,0.323,0.350,108,1
2024-11-27 15:33:26,Active,0.197,0.519,108,1
2024-11-27 15:33:26,Active,0.326,0.428,108,1
2024-11-27 15:33:26,Active,0.260,0.539,108,1
2024-11-27 15:33:26,Active,0.328,0.461,108,1
2024-11-27 15:33:26,Active,0.240,0.520,108,1
2024-11-27 15:33:26,Active,0.327,0.474,108,1
2024-11-27 15:33:26,Active,0.253,0.539,108,1
2024-11-27 15:33:26,Active,0.316,0.448,108,1
2024-11-27 15:33:26,Active,0.229,0.501,108,1
2024-11-27 15:33:26,Active,0.308,0.442,108,1
2024-11-27 15:33:26,Active,0.270,0.520,108,1
2024-11-27 15:33:26,Active,0.337,0.455,108,1
2024-11-27 15:33:26,Active,0.238,0.483,108,1
2024-11-27 15:33:26,Active,0.325,0.461,108,1
2024-11-27 15:33:26,Active,0.217,0.539,108,1
2024-11-27 15:33:26,Active,0.350,0.461,108,1
2024-11-27 15:33:26,Active,0.208,0.556,108,1
2024-11-27 15:33:26,Active,0.351,0.429,108,1
2024-11-27 15:33:26,Active,0.264,0.501,108,1
2024-11-27 15:33:26,Active,0.352,0.454,108,1
2024-11-27 15:33:26,Active,0.211,0.500,108,1
2024-11-27 15:33:26,Active,0.334,0.462,108,1
2024-11-27 15:33:26,Active,0.226,0.519,108,1
2024-11-27 15:33:26,Active,0.325,0.448,108,1
2024-11-27 15:33:26,Active,0.229,0.482,108,1
2024-11-27 15:33:26,Active,0.318,0.455,108,1
2024-11-27 15:33:26,Active,0.225,0.519,108,1
2024-11-27 15:33:26,Active,0.179,0.487,108,1
2024-11-27 15:33:26,Active,0.256,0.482,108,1
2024-11-27 15:33:26,Active,0.141,0.430,108,1
2024-11-27 15:33:26,Active,0.243,0.483,108,1
2024-11-27 15:33:26,SLEEPING !!!,0.163,0.424,108,1
2024-11-27 15:33:26,Active,0.264,0.501,109,1
2024-11-27 15:33:26,Active,0.205,0.455,109,1
2024-11-27 15:33:26,Active,0.225,0.520,109,1
2024-11-27 15:33:26,SLEEPING !!!,0.237,0.467,109,1
2024-11-27 15:33:26,Active,0.256,0.501,109,1
2024-11-27 15:33:26,Active,0.274,0.456,109,1
2024-11-27 15:33:26,Active,0.243,0.501,109,1
2024-11-27 15:33:27,Active,0.273,0.449,109,1
2024-11-27 15:33:27,Active,0.264,0.541,109,1
2024-11-27 15:33:27,Active,0.264,0.461,109,1
2024-11-27 15:33:27,Active,0.243,0.501,109,1
2024-11-27 15:33:27,Active,0.279,0.462,109,1
2024-11-27 15:33:27,Active,0.254,0.462,109,1
2024-11-27 15:33:27,Active,0.283,0.449,109,1
2024-11-27 15:33:27,Active,0.205,0.521,109,1
2024-11-27 15:33:27,Active,0.280,0.475,109,1
2024-11-27 15:33:27,Active,0.256,0.522,109,1
2024-11-27 15:33:27,Active,0.280,0.468,109,1
2024-11-27 15:33:27,Active,0.237,0.539,109,1
2024-11-27 15:33:27,Active,0.288,0.461,109,1
2024-11-27 15:33:27,Active,0.243,0.539,109,1
2024-11-27 15:33:27,Active,0.316,0.449,109,1
2024-11-27 15:33:27,Active,0.237,0.539,109,1
2024-11-27 15:33:27,Active,0.312,0.468,109,1
2024-11-27 15:33:27,Active,0.256,0.521,109,1
2024-11-27 15:33:27,Active,0.314,0.474,109,1
2024-11-27 15:33:27,Active,0.254,0.521,109,1
2024-11-27 15:33:27,Active,0.308,0.456,109,1
2024-11-27 15:33:27,Active,0.216,0.539,109,1
2024-11-27 15:33:27,Active,0.318,0.425,109,1
2024-11-27 15:33:27,Active,0.232,0.500,109,1
2024-11-27 15:33:27,Active,0.321,0.418,109,1
2024-11-27 15:33:27,Active,0.264,0.522,109,1
2024-11-27 15:33:27,Active,0.318,0.400,109,1
2024-11-27 15:33:27,Active,0.217,0.482,109,1
2024-11-27 15:33:27,Active,0.318,0.376,109,1
2024-11-27 15:33:27,Active,0.214,0.541,109,1
2024-11-27 15:33:27,Active,0.325,0.381,109,1
2024-11-27 15:33:27,Active,0.264,0.483,109,1
2024-11-27 15:33:27,Active,0.307,0.383,109,1
2024-11-27 15:33:27,Active,0.260,0.540,109,1
2024-11-27 15:33:27,Active,0.321,0.370,109,1
2024-11-27 15:33:27,Active,0.217,0.463,109,1
2024-11-27 15:33:27,Active,0.327,0.346,109,1
2024-11-27 15:33:27,Active,0.225,0.539,109,1
2024-11-27 15:33:27,Active,0.319,0.387,109,1
2024-11-27 15:33:27,Active,0.226,0.501,109,1
2024-11-27 15:33:27,Active,0.327,0.359,109,1
2024-11-27 15:33:27,Active,0.264,0.481,109,1
2024-11-27 15:33:27,Active,0.318,0.315,109,1
2024-11-27 15:33:27,Active,0.247,0.483,109,1
2024-11-27 15:33:27,Active,0.305,0.337,109,1
2024-11-27 15:33:27,Active,0.225,0.482,109,1
2024-11-27 15:33:27,Active,0.295,0.359,109,1
2024-11-27 15:33:27,Active,0.243,0.540,109,1
2024-11-27 15:33:27,Active,0.307,0.383,109,1
2024-11-27 15:33:27,Active,0.216,0.561,109,1
2024-11-27 15:33:27,Active,0.305,0.383,109,1
2024-11-27 15:33:27,Active,0.232,0.501,109,1
2024-11-27 15:33:27,Active,0.279,0.387,109,1
2024-11-27 15:33:27,Active,0.240,0.501,109,1
2024-11-27 15:33:27,Active,0.289,0.389,109,1
2024-11-27 15:33:27,Active,0.243,0.520,109,1
2024-11-27 15:33:27,Active,0.286,0.424,109,1
2024-11-27 15:33:27,Active,0.221,0.482,109,1
2024-11-27 15:33:27,Active,0.273,0.431,109,1
2024-11-27 15:33:27,Active,0.249,0.501,109,1
2024-11-27 15:33:27,Active,0.289,0.408,109,1
2024-11-27 15:33:27,Active,0.240,0.481,109,1
2024-11-27 15:33:28,Active,0.286,0.424,109,1
2024-11-27 15:33:28,Active,0.243,0.520,109,1
2024-11-27 15:33:28,Active,0.293,0.412,109,1
2024-11-27 15:33:28,Active,0.216,0.501,109,1
2024-11-27 15:33:28,Active,0.295,0.419,109,1
2024-11-27 15:33:28,Active,0.240,0.520,109,1
2024-11-27 15:33:28,Active,0.280,0.412,109,1
2024-11-27 15:33:28,Active,0.228,0.483,109,1
2024-11-27 15:33:28,Active,0.276,0.412,109,1
2024-11-27 15:33:28,Active,0.250,0.503,109,1
2024-11-27 15:33:28,Active,0.290,0.424,109,1
2024-11-27 15:33:28,Active,0.260,0.501,109,1
2024-11-27 15:33:28,Active,0.285,0.437,109,1
2024-11-27 15:33:28,Active,0.232,0.538,109,1
2024-11-27 15:33:28,Active,0.296,0.425,109,1
2024-11-27 15:33:28,Active,0.249,0.501,109,1
2024-11-27 15:33:28,Active,0.296,0.430,109,1
2024-11-27 15:33:28,Active,0.238,0.521,109,1
2024-11-27 15:33:28,Active,0.279,0.423,109,1
2024-11-27 15:33:28,Active,0.232,0.501,109,1
2024-11-27 15:33:28,Active,0.295,0.442,109,1
2024-11-27 15:33:28,Active,0.222,0.447,109,1
2024-11-27 15:33:28,Active,0.276,0.443,109,1
2024-11-27 15:33:28,Active,0.249,0.521,109,1
2024-11-27 15:33:28,Active,0.286,0.449,109,1
2024-11-27 15:33:28,Active,0.150,0.521,109,1
2024-11-27 15:33:28,Active,0.299,0.455,109,1
2024-11-27 15:33:28,Active,0.231,0.480,109,1
2024-11-27 15:33:28,Active,0.289,0.500,109,1
2024-11-27 15:33:28,Active,0.228,0.519,109,1
2024-11-27 15:33:28,Active,0.314,0.480,109,1
2024-11-27 15:33:28,Active,0.148,0.520,109,1
2024-11-27 15:33:28,Active,0.325,0.480,109,1
2024-11-27 15:33:28,Active,0.174,0.520,109,1
2024-11-27 15:33:28,Active,0.331,0.571,109,1
2024-11-27 15:33:28,Active,0.198,0.442,109,1
2024-11-27 15:33:28,Active,0.316,0.541,109,1
2024-11-27 15:33:28,Active,0.217,0.521,109,1
2024-11-27 15:33:28,Active,0.345,0.624,109,1
2024-11-27 15:33:28,Active,0.187,0.462,109,1
2024-11-27 15:33:28,Active,0.316,0.660,109,1
2024-11-27 15:33:28,Active,0.208,0.521,109,1
2024-11-27 15:33:28,Active,0.316,0.683,109,1
2024-11-27 15:33:28,Active,0.246,0.501,109,1
2024-11-27 15:33:28,Active,0.333,0.641,109,1
2024-11-27 15:33:28,Active,0.243,0.501,109,1
2024-11-27 15:33:28,Active,0.310,0.593,109,1
2024-11-27 15:33:28,Active,0.221,0.539,109,1
2024-11-27 15:33:28,Active,0.294,0.618,109,1
2024-11-27 15:33:28,Active,0.248,0.540,109,1
2024-11-27 15:33:28,Active,0.287,0.672,109,1
2024-11-27 15:33:28,Active,0.253,0.539,109,1
2024-11-27 15:33:28,Active,0.296,0.679,109,1
2024-11-27 15:33:28,Active,0.225,0.540,109,1
2024-11-27 15:33:28,Active,0.290,0.715,109,1
2024-11-27 15:33:28,Active,0.228,0.521,109,1
2024-11-27 15:33:28,Active,0.293,0.706,109,1
2024-11-27 15:33:28,Active,0.243,0.501,109,1
2024-11-27 15:33:28,Active,0.304,0.709,109,1
2024-11-27 15:33:28,Active,0.229,0.500,109,1
2024-11-27 15:33:28,Active,0.283,0.736,109,1
2024-11-27 15:33:28,Active,0.256,0.501,109,1
2024-11-27 15:33:29,Active,0.273,0.735,109,1
2024-11-27 15:33:29,Active,0.216,0.521,109,1
2024-11-27 15:33:29,Active,0.263,0.739,109,1
2024-11-27 15:33:29,Active,0.256,0.521,109,1
2024-11-27 15:33:29,Active,0.284,0.769,109,1
2024-11-27 15:33:29,Active,0.240,0.501,109,1
2024-11-27 15:33:29,Active,0.257,0.798,109,1
2024-11-27 15:33:29,Active,0.235,0.501,109,1
2024-11-27 15:33:29,Active,0.270,0.753,109,1
2024-11-27 15:33:29,Active,0.208,0.561,109,1
2024-11-27 15:33:29,Active,0.277,0.809,109,1
2024-11-27 15:33:29,Active,0.208,0.561,109,1
2024-11-27 15:33:29,Active,0.285,0.800,109,1
2024-11-27 15:33:29,Active,0.249,0.521,109,1
2024-11-27 15:33:29,Active,0.277,0.783,109,1
2024-11-27 15:33:29,Active,0.228,0.521,109,1
2024-11-27 15:33:29,Active,0.266,0.818,109,1
2024-11-27 15:33:29,Active,0.249,0.521,109,1
2024-11-27 15:33:29,Active,0.250,0.791,109,1
2024-11-27 15:33:29,Active,0.233,0.480,109,1
2024-11-27 15:33:29,Active,0.247,0.834,109,1
2024-11-27 15:33:29,SLEEPING !!!,0.249,0.521,109,1
2024-11-27 15:33:29,Active,0.270,0.743,110,1
2024-11-27 15:33:29,Active,0.250,0.539,110,1
2024-11-27 15:33:29,Active,0.308,0.742,110,1
2024-11-27 15:33:29,Active,0.281,0.521,110,1
2024-11-27 15:33:29,Active,0.333,0.736,110,1
2024-11-27 15:33:29,Active,0.192,0.426,110,1
2024-11-27 15:33:29,Active,0.324,0.806,110,1
2024-11-27 15:33:29,Active,0.240,0.445,110,1
2024-11-27 15:33:29,Active,0.327,0.791,110,1
2024-11-27 15:33:29,Active,0.240,0.520,110,1
2024-11-27 15:33:29,Active,0.344,0.813,110,1
2024-11-27 15:33:29,Active,0.240,0.481,110,1
2024-11-27 15:33:29,Active,0.331,0.779,110,1
2024-11-27 15:33:29,Active,0.259,0.541,110,1
2024-11-27 15:33:29,Active,0.317,0.761,110,1
2024-11-27 15:33:29,Active,0.243,0.539,110,1
2024-11-27 15:33:29,Active,0.319,0.733,110,1
2024-11-27 15:33:29,Active,0.264,0.520,110,1
2024-11-27 15:33:29,Active,0.315,0.716,110,1
2024-11-27 15:33:29,Active,0.225,0.520,110,1
2024-11-27 15:33:29,Active,0.326,0.665,110,1
2024-11-27 15:33:29,Active,0.220,0.560,110,1
2024-11-27 15:33:29,Active,0.323,0.630,110,1
2024-11-27 15:33:29,Active,0.253,0.539,110,1
2024-11-27 15:33:29,Active,0.317,0.589,110,1
2024-11-27 15:33:29,Active,0.230,0.560,110,1
2024-11-27 15:33:29,Active,0.298,0.601,110,1
2024-11-27 15:33:29,Active,0.220,0.539,110,1
2024-11-27 15:33:29,Active,0.330,0.532,110,1
2024-11-27 15:33:29,Active,0.268,0.522,110,1
2024-11-27 15:33:29,Active,0.289,0.551,110,1
2024-11-27 15:33:29,Active,0.250,0.541,110,1
2024-11-27 15:33:29,Active,0.321,0.507,110,1
2024-11-27 15:33:29,Active,0.249,0.520,110,1
2024-11-27 15:33:29,Active,0.280,0.507,110,1
2024-11-27 15:33:29,Active,0.264,0.481,110,1
2024-11-27 15:33:29,Active,0.200,0.470,110,1
2024-11-27 15:33:29,Active,0.249,0.561,110,1
2024-11-27 15:33:29,SLEEPING !!!,0.113,0.465,110,1
2024-11-27 15:33:29,Active,0.253,0.539,111,1
2024-11-27 15:33:30,Active,0.149,0.441,111,1
2024-11-27 15:33:30,Active,0.261,0.561,111,1
2024-11-27 15:33:30,Active,0.139,0.413,111,1
2024-11-27 15:33:30,Active,0.254,0.522,111,1
2024-11-27 15:33:30,Active,0.171,0.400,111,1
2024-11-27 15:33:30,Active,0.228,0.541,111,1
2024-11-27 15:33:30,SLEEPING !!!,0.213,0.373,111,1
2024-11-27 15:33:30,SLEEPING !!!,0.232,0.501,111,1
2024-11-27 15:33:30,SLEEPING !!!,0.220,0.356,111,1
2024-11-27 15:33:30,Active,0.283,0.562,112,1
2024-11-27 15:33:30,Active,0.264,0.366,112,1
2024-11-27 15:33:30,Active,0.209,0.482,112,1
2024-11-27 15:33:30,Active,0.241,0.335,112,1
2024-11-27 15:33:30,Active,0.253,0.540,112,1
2024-11-27 15:33:30,Active,0.256,0.322,112,1
2024-11-27 15:33:30,Active,0.214,0.500,112,1
2024-11-27 15:33:30,Active,0.263,0.313,112,1
2024-11-27 15:33:30,Active,0.205,0.539,112,1
2024-11-27 15:33:30,Active,0.266,0.322,112,1
2024-11-27 15:33:30,Active,0.222,0.539,112,1
2024-11-27 15:33:30,Active,0.257,0.311,112,1
2024-11-27 15:33:30,Active,0.232,0.501,112,1
2024-11-27 15:33:30,Active,0.266,0.297,112,1
2024-11-27 15:33:30,Active,0.216,0.500,112,1
2024-11-27 15:33:30,Active,0.263,0.299,112,1
2024-11-27 15:33:30,Active,0.243,0.520,112,1
2024-11-27 15:33:30,Active,0.260,0.300,112,1
2024-11-27 15:33:30,Active,0.240,0.520,112,1
2024-11-27 15:33:30,Active,0.279,0.310,112,1
2024-11-27 15:33:30,Active,0.253,0.482,112,1
2024-11-27 15:33:30,Active,0.263,0.324,112,1
2024-11-27 15:33:30,Active,0.224,0.520,112,1
2024-11-27 15:33:30,Active,0.286,0.330,112,1
2024-11-27 15:33:30,Active,0.243,0.520,112,1
2024-11-27 15:33:30,Active,0.276,0.341,112,1
2024-11-27 15:33:30,Active,0.216,0.520,112,1
2024-11-27 15:33:30,Active,0.279,0.364,112,1
2024-11-27 15:33:30,Active,0.249,0.501,112,1
2024-11-27 15:33:30,Active,0.289,0.374,112,1
2024-11-27 15:33:30,Active,0.240,0.540,112,1
2024-11-27 15:33:30,Active,0.285,0.385,112,1
2024-11-27 15:33:30,Active,0.249,0.520,112,1
2024-11-27 15:33:30,Active,0.289,0.389,112,1
2024-11-27 15:33:30,Active,0.220,0.539,112,1
2024-11-27 15:33:30,Active,0.285,0.402,112,1
2024-11-27 15:33:30,Active,0.240,0.463,112,1
2024-11-27 15:33:30,Active,0.289,0.402,112,1
2024-11-27 15:33:30,Active,0.270,0.483,112,1
2024-11-27 15:33:30,Active,0.276,0.402,112,1
2024-11-27 15:33:30,Active,0.260,0.502,112,1
2024-11-27 15:33:31,Active,0.273,0.406,112,1
2024-11-27 15:33:31,Active,0.227,0.500,112,1
2024-11-27 15:33:31,Active,0.282,0.412,112,1
2024-11-27 15:33:31,Active,0.249,0.482,112,1
2024-11-27 15:33:31,Active,0.292,0.400,112,1
2024-11-27 15:33:31,Active,0.270,0.480,112,1
2024-11-27 15:33:31,Active,0.289,0.401,112,1
2024-11-27 15:33:31,Active,0.240,0.501,112,1
2024-11-27 15:33:31,Active,0.277,0.406,112,1
2024-11-27 15:33:31,Active,0.219,0.500,112,1
2024-11-27 15:33:31,Active,0.280,0.412,112,1
2024-11-27 15:33:31,Active,0.240,0.519,112,1
2024-11-27 15:33:31,Active,0.283,0.400,112,1
2024-11-27 15:33:31,Active,0.228,0.519,112,1
2024-11-27 15:33:31,Active,0.276,0.412,112,1
2024-11-27 15:33:31,Active,0.237,0.485,112,1
2024-11-27 15:33:31,Active,0.280,0.416,112,1
2024-11-27 15:33:31,Active,0.205,0.483,112,1
2024-11-27 15:33:31,Active,0.274,0.417,112,1
2024-11-27 15:33:31,Active,0.216,0.446,112,1
2024-11-27 15:33:31,Active,0.279,0.423,112,1
2024-11-27 15:33:31,Active,0.261,0.446,112,1
2024-11-27 15:33:31,Active,0.275,0.436,112,1
2024-11-27 15:33:31,Active,0.268,0.463,112,1
2024-11-27 15:33:31,Active,0.295,0.481,112,1
2024-11-27 15:33:31,Active,0.221,0.444,112,1
2024-11-27 15:33:31,Active,0.291,0.526,112,1
2024-11-27 15:33:31,Active,0.260,0.459,112,1
2024-11-27 15:33:31,Active,0.292,0.546,112,1
2024-11-27 15:33:31,Active,0.228,0.446,112,1
2024-11-27 15:33:31,Active,0.321,0.507,112,1
2024-11-27 15:33:31,Active,0.285,0.480,112,1
2024-11-27 15:33:31,Active,0.310,0.527,112,1
2024-11-27 15:33:31,Active,0.187,0.444,112,1
2024-11-27 15:33:31,Active,0.321,0.540,112,1
2024-11-27 15:33:31,Active,0.224,0.482,112,1
2024-11-27 15:33:31,Active,0.325,0.533,112,1
2024-11-27 15:33:31,Active,0.256,0.463,112,1
2024-11-27 15:33:31,Active,0.332,0.520,112,1
2024-11-27 15:33:31,Active,0.237,0.425,112,1
2024-11-27 15:33:31,Active,0.321,0.500,112,1
2024-11-27 15:33:31,Active,0.240,0.444,112,1
2024-11-27 15:33:31,Active,0.336,0.493,112,1
2024-11-27 15:33:31,Active,0.243,0.444,112,1
2024-11-27 15:33:31,Active,0.317,0.473,112,1
2024-11-27 15:33:31,Active,0.257,0.444,112,1
2024-11-27 15:33:31,Active,0.327,0.461,112,1
2024-11-27 15:33:31,Active,0.200,0.501,112,1
2024-11-27 15:33:31,Active,0.326,0.431,112,1
2024-11-27 15:33:31,Active,0.240,0.464,112,1
2024-11-27 15:33:31,Active,0.339,0.442,112,1
2024-11-27 15:33:31,Active,0.243,0.463,112,1
2024-11-27 15:33:31,Active,0.333,0.473,112,1
2024-11-27 15:33:31,Active,0.256,0.463,112,1
2024-11-27 15:33:31,Active,0.327,0.447,112,1
2024-11-27 15:33:31,Active,0.222,0.463,112,1
2024-11-27 15:33:31,Active,0.271,0.447,112,1
2024-11-27 15:33:31,Active,0.232,0.482,112,1
2024-11-27 15:33:31,Active,0.217,0.416,112,1
2024-11-27 15:33:32,SLEEPING !!!,0.208,0.463,112,1
2024-11-27 15:33:32,SLEEPING !!!,0.181,0.445,112,1
2024-11-27 15:33:32,SLEEPING !!!,0.249,0.502,112,1
2024-11-27 15:33:32,SLEEPING !!!,0.216,0.459,112,1
2024-11-27 15:33:32,SLEEPING !!!,0.229,0.483,112,1
2024-11-27 15:33:32,SLEEPING !!!,0.226,0.460,112,1
2024-11-27 15:33:32,SLEEPING !!!,0.216,0.462,112,1
2024-11-27 15:33:32,SLEEPING !!!,0.181,0.467,112,1
2024-11-27 15:33:32,SLEEPING !!!,0.250,0.482,112,1
2024-11-27 15:33:32,SLEEPING !!!,0.136,0.441,112,1
2024-11-27 15:33:32,SLEEPING !!!,0.208,0.465,112,1
2024-11-27 15:33:32,SLEEPING !!!,0.148,0.429,112,1
2024-11-27 15:33:32,SLEEPING !!!,0.225,0.444,112,1
2024-11-27 15:33:32,SLEEPING !!!,0.158,0.450,112,1
2024-11-27 15:33:32,SLEEPING !!!,0.232,0.462,112,1
2024-11-27 15:33:32,SLEEPING !!!,0.176,0.450,112,1
2024-11-27 15:33:32,SLEEPING !!!,0.229,0.463,112,1
2024-11-27 15:33:32,SLEEPING !!!,0.202,0.445,112,1
2024-11-27 15:33:32,SLEEPING !!!,0.217,0.463,112,1
2024-11-27 15:33:32,SLEEPING !!!,0.201,0.444,112,1
2024-11-27 15:33:32,Active,0.253,0.463,113,1
2024-11-27 15:33:32,Active,0.184,0.450,113,1
2024-11-27 15:33:32,Active,0.216,0.462,113,1
2024-11-27 15:33:32,SLEEPING !!!,0.199,0.455,113,1
2024-11-27 15:33:32,SLEEPING !!!,0.228,0.481,113,1
2024-11-27 15:33:32,SLEEPING !!!,0.137,0.454,113,1
2024-11-27 15:33:32,SLEEPING !!!,0.220,0.480,113,1
2024-11-27 15:33:32,SLEEPING !!!,0.125,0.454,113,1
2024-11-27 15:33:32,SLEEPING !!!,0.229,0.442,113,1
2024-11-27 15:33:32,SLEEPING !!!,0.151,0.429,113,1
2024-11-27 15:33:32,SLEEPING !!!,0.249,0.482,113,1
2024-11-27 15:33:32,SLEEPING !!!,0.207,0.427,113,1
2024-11-27 15:33:32,SLEEPING !!!,0.217,0.484,113,1
2024-11-27 15:33:32,SLEEPING !!!,0.229,0.467,113,1
2024-11-27 15:33:32,Active,0.253,0.502,114,1
2024-11-27 15:33:32,Active,0.260,0.440,114,1
2024-11-27 15:33:32,Active,0.241,0.502,114,1
2024-11-27 15:33:32,Active,0.260,0.413,114,1
2024-11-27 15:33:32,Active,0.250,0.481,114,1
2024-11-27 15:33:32,Active,0.281,0.446,114,1
2024-11-27 15:33:32,Active,0.279,0.444,114,1
2024-11-27 15:33:32,Active,0.291,0.410,114,1
2024-11-27 15:33:32,Active,0.240,0.482,114,1
2024-11-27 15:33:32,Active,0.284,0.411,114,1
2024-11-27 15:33:32,Active,0.250,0.482,114,1
2024-11-27 15:33:32,Active,0.296,0.435,114,1
2024-11-27 15:33:32,Active,0.260,0.481,114,1
2024-11-27 15:33:32,Active,0.300,0.487,114,1
2024-11-27 15:33:32,Active,0.250,0.463,114,1
2024-11-27 15:33:32,Active,0.311,0.520,114,1
2024-11-27 15:33:32,Active,0.272,0.481,114,1
2024-11-27 15:33:32,Active,0.280,0.461,114,1
2024-11-27 15:33:32,Active,0.238,0.463,114,1
2024-11-27 15:33:32,Active,0.267,0.442,114,1
2024-11-27 15:33:32,Active,0.187,0.463,114,1
2024-11-27 15:33:32,Active,0.244,0.454,114,1
2024-11-27 15:33:32,SLEEPING !!!,0.228,0.522,114,1
2024-11-27 15:33:32,Active,0.253,0.455,115,1
2024-11-27 15:33:32,Active,0.235,0.501,115,1
2024-11-27 15:33:32,Active,0.244,0.454,115,1
2024-11-27 15:33:32,SLEEPING !!!,0.250,0.481,115,1
2024-11-27 15:33:33,Active,0.250,0.455,115,1
2024-11-27 15:33:33,Active,0.232,0.462,115,1
2024-11-27 15:33:33,Active,0.237,0.448,115,1
2024-11-27 15:33:33,SLEEPING !!!,0.202,0.464,115,1
2024-11-27 15:33:33,Active,0.270,0.443,116,1
2024-11-27 15:33:33,Active,0.256,0.462,116,1
2024-11-27 15:33:33,Active,0.263,0.520,116,1
2024-11-27 15:33:33,Active,0.256,0.482,116,1
2024-11-27 15:33:33,Active,0.264,0.514,116,1
2024-11-27 15:33:33,Active,0.253,0.463,116,1
2024-11-27 15:33:33,Active,0.251,0.513,116,1
2024-11-27 15:33:33,Active,0.240,0.501,116,1
2024-11-27 15:33:33,Active,0.254,0.526,116,1
2024-11-27 15:33:33,Active,0.195,0.481,116,1
2024-11-27 15:33:33,Active,0.247,0.526,116,1
2024-11-27 15:33:33,Active,0.256,0.482,116,1
2024-11-27 15:33:33,Active,0.224,0.533,116,1
2024-11-27 15:33:33,Active,0.228,0.501,116,1
2024-11-27 15:33:33,SLEEPING !!!,0.234,0.526,116,1
2024-11-27 15:33:33,Active,0.284,0.482,117,1
2024-11-27 15:33:33,Active,0.229,0.494,117,1
2024-11-27 15:33:33,Active,0.291,0.462,117,1
2024-11-27 15:33:33,Active,0.231,0.487,117,1
2024-11-27 15:33:33,Active,0.249,0.520,117,1
2024-11-27 15:33:33,SLEEPING !!!,0.245,0.473,117,1
2024-11-27 15:33:33,SLEEPING !!!,0.245,0.500,117,1
2024-11-27 15:33:33,Active,0.257,0.454,118,1
2024-11-27 15:33:33,Active,0.276,0.463,118,1
2024-11-27 15:33:33,Active,0.238,0.461,118,1
2024-11-27 15:33:33,Active,0.256,0.521,118,1
2024-11-27 15:33:33,Active,0.232,0.474,118,1
2024-11-27 15:33:33,Active,0.253,0.481,118,1
2024-11-27 15:33:33,Active,0.226,0.468,118,1
2024-11-27 15:33:33,Active,0.260,0.522,118,1
2024-11-27 15:33:33,Active,0.232,0.500,118,1
2024-11-27 15:33:33,Active,0.249,0.480,118,1
2024-11-27 15:33:33,SLEEPING !!!,0.216,0.500,118,1
2024-11-27 15:33:33,SLEEPING !!!,0.195,0.557,118,1
2024-11-27 15:33:33,SLEEPING !!!,0.222,0.481,118,1
2024-11-27 15:33:33,Active,0.270,0.463,119,1
2024-11-27 15:33:33,Active,0.241,0.455,119,1
2024-11-27 15:33:33,Active,0.253,0.482,119,1
2024-11-27 15:33:33,Active,0.248,0.448,119,1
2024-11-27 15:33:33,Active,0.277,0.502,119,1
2024-11-27 15:33:33,Active,0.235,0.436,119,1
2024-11-27 15:33:33,Active,0.243,0.463,119,1
2024-11-27 15:33:33,SLEEPING !!!,0.248,0.417,119,1
2024-11-27 15:33:33,SLEEPING !!!,0.183,0.522,119,1
2024-11-27 15:33:33,SLEEPING !!!,0.228,0.417,119,1
2024-11-27 15:33:33,Active,0.256,0.501,120,1
2024-11-27 15:33:33,Active,0.238,0.430,120,1
2024-11-27 15:33:33,Active,0.230,0.503,120,1
2024-11-27 15:33:33,SLEEPING !!!,0.228,0.411,120,1
2024-11-27 15:33:33,Active,0.290,0.482,120,1
2024-11-27 15:33:33,Active,0.221,0.409,120,1
2024-11-27 15:33:33,Active,0.259,0.425,120,1
2024-11-27 15:33:33,Active,0.224,0.391,120,1
2024-11-27 15:33:33,Active,0.259,0.541,120,1
2024-11-27 15:33:33,Active,0.233,0.398,120,1
2024-11-27 15:33:33,Active,0.274,0.522,120,1
2024-11-27 15:33:33,Active,0.219,0.390,120,1
2024-11-27 15:33:33,Active,0.232,0.482,120,1
2024-11-27 15:33:34,SLEEPING !!!,0.241,0.396,120,1
2024-11-27 15:33:34,SLEEPING !!!,0.240,0.482,120,1
2024-11-27 15:33:34,SLEEPING !!!,0.222,0.385,120,1
2024-11-27 15:33:34,Active,0.266,0.482,121,1
2024-11-27 15:33:34,Active,0.180,0.370,121,1
2024-11-27 15:33:34,Active,0.256,0.502,121,1
2024-11-27 15:33:34,Active,0.150,0.404,121,1
2024-11-27 15:33:34,Active,0.287,0.522,121,1
2024-11-27 15:33:34,Active,0.154,0.397,121,1
2024-11-27 15:33:34,Active,0.274,0.524,121,1
2024-11-27 15:33:34,Active,0.163,0.396,121,1
2024-11-27 15:33:34,Active,0.267,0.500,121,1
2024-11-27 15:33:34,Active,0.166,0.383,121,1
2024-11-27 15:33:34,Active,0.277,0.466,121,1
2024-11-27 15:33:34,Active,0.158,0.398,121,1
2024-11-27 15:33:34,Active,0.253,0.463,121,1
2024-11-27 15:33:34,Active,0.153,0.379,121,1
2024-11-27 15:33:34,Active,0.273,0.482,121,1
2024-11-27 15:33:34,Active,0.151,0.402,121,1
2024-11-27 15:33:34,Active,0.301,0.501,121,1
2024-11-27 15:33:34,Active,0.157,0.416,121,1
2024-11-27 15:33:34,Active,0.243,0.444,121,1
2024-11-27 15:33:34,SLEEPING !!!,0.147,0.403,121,1
2024-11-27 15:33:34,Active,0.297,0.482,122,1
2024-11-27 15:33:34,Active,0.140,0.396,122,1
